mean_r,mean_g,mean_b,std_r,std_g,std_b,skew_r,skew_g,skew_b,energy,contrast,correlation,homogeneity,dissimilarity,ASM,label
0.3691987991333008,0.26714006066322327,1.0876995971846846,0.3889748156070709,0.2489010989665985,0.9488461885550998,0.3393672704696655,0.24422460794448853,1.2570619678429564,0.017336031850610664,919.6711261794454,0.8889295193911707,0.12747703317656345,16.840091946714022,0.00030212533028624067,sehat
0.4758075475692749,0.21827185153961182,0.5327797699492726,0.4257805049419403,0.1913261115550995,0.8699073442426893,0.27289968729019165,0.23463304340839386,1.4166082424859503,0.0138399095597314,762.31167775598,0.8440543644687325,0.12354591503449502,15.31166227686208,0.00019361303680282961,sehat
0.5196961760520935,0.2071923315525055,-0.34576745578741974,0.515824556350708,0.19804584980010986,-0.4411748348570928,0.49736639857292175,0.19457998871803284,-0.5342327113976778,0.01195746093056878,404.8831236354856,0.917197933367139,0.10703605567407844,12.505938293446434,0.00014458215092730636,sehat
0.4429611563682556,0.28304195404052734,0.14172855088814387,0.4731755256652832,0.27594849467277527,0.013103716134589827,0.3401380479335785,0.2922540605068207,0.8918063347575923,0.012113870758304545,1733.6316977994456,0.8233649495328712,0.11028532493667471,22.912209834939826,0.00014816611465459238,sehat
0.7522082328796387,0.2106887847185135,-0.8683693038489407,0.6826485395431519,0.307926207780838,-0.590947257115985,0.6270652413368225,0.3799436390399933,-0.26452537734651677,0.057145644045572506,438.8431368166689,0.9578725469492074,0.3709616333166945,8.986239308191541,0.0033149002193908644,sehat
0.4079866409301758,0.2142849713563919,0.9857281501471505,0.37298890948295593,0.2050631046295166,1.1795130116319992,0.254203736782074,0.2085500806570053,1.9774541834935253,0.01222760910851326,663.9654324090574,0.8712800465399665,0.09089247962547359,16.686183203759217,0.0001509812013272825,sehat
0.49793606996536255,0.18606433272361755,0.7816263535394847,0.49521729350090027,0.15985645353794098,0.3590715230565547,0.24658463895320892,0.18579263985157013,1.623054792092022,0.011672078968464358,829.3997375203603,0.7534136856501424,0.07211551350922904,19.484894501610608,0.00013755638897847177,sehat
0.7436355352401733,0.26157912611961365,-0.5957052432519138,0.7229747176170349,0.2704496383666992,-0.5746623109297074,0.6459263563156128,0.3394711911678314,-0.35459463165778726,0.1821317811688519,500.56037269845154,0.9485455865982059,0.3782428273439127,10.314734174928377,0.03320950877520761,sehat
0.37524375319480896,0.25308576226234436,0.8514074684822176,0.3702189028263092,0.23194165527820587,0.8371217603589898,0.2674362063407898,0.24008534848690033,1.4441540677056164,0.012175204859629217,691.4545762570602,0.9041173902488038,0.10980358841876948,15.602252718225428,0.00014985097662916478,sehat
0.34798166155815125,0.22546906769275665,1.0057466126676686,0.316932737827301,0.21644450724124908,1.308635838915979,0.2146531641483307,0.22132979333400726,1.9985044991395442,0.013730744482418511,788.1991581363653,0.8647650542884254,0.12135482435970181,15.933075600321693,0.00019040498455994692,sehat
0.33956360816955566,0.281753271818161,1.0638753829956897,0.3278330862522125,0.2560649812221527,1.15117050903355,0.31232312321662903,0.24454157054424286,1.2446928751343753,0.017559544673319535,905.5306526443316,0.8988254191521993,0.12278235640446611,17.91301084069611,0.0003115286933723675,sehat
0.37121766805648804,0.16033679246902466,0.7363306125797159,0.37041759490966797,0.17059625685214996,0.43793171362272765,0.29400259256362915,0.16826550662517548,1.0482550360606866,0.017914285063596512,750.9177955759956,0.7864422402403046,0.12584361884903925,17.516750560663834,0.00032626518276226627,sehat
0.4835001230239868,0.09058021008968353,0.7879591687349532,0.5377978682518005,0.1296451836824417,-0.9962691635237374,0.29195713996887207,0.10051567107439041,2.1107956842218476,0.04302032304189845,128.9800051659771,0.9158336933887702,0.24607914497418462,5.890887405679,0.0018798808705113206,sehat
0.5473083257675171,0.2785549759864807,0.6428487857109497,0.4972289204597473,0.3060935437679291,0.7276774149349985,0.4659445583820343,0.3185761868953705,0.7885124479470567,0.1174422627488187,580.5173069006454,0.949523527498288,0.2595242222270154,12.625077201524675,0.013798634066241837,sehat
0.8696592450141907,0.20737507939338684,-1.5699766520337457,0.8488562703132629,0.2478763908147812,-1.608871637050575,0.8234475255012512,0.2851735055446625,-1.5856532615631993,0.48361173343549707,469.8068181540145,0.937583467514067,0.617408280713171,6.4977111678674975,0.2339083530670687,sehat
0.8820312023162842,0.20723791420459747,-1.5757354989879806,0.8364526629447937,0.2736954092979431,-1.4476932433262744,0.8248354196548462,0.27879878878593445,-1.3315635008928433,0.4999559295852776,464.6279869199838,0.9448813462155724,0.6109651069828053,7.4565527964633205,0.2499933456556285,sehat
0.5603842735290527,0.20204374194145203,-0.1861138691103562,0.5318044424057007,0.2115495651960373,-0.23954249604333683,0.3898907005786896,0.24642615020275116,0.604370752074494,0.010642287261349075,928.4412369724984,0.8360619838176389,0.09736148414474799,18.791485941709166,0.0001145768194937166,sehat
0.4494748115539551,0.34190642833709717,0.4845061412967567,0.38363462686538696,0.3214206397533417,1.041646306410312,0.35402366518974304,0.3177337348461151,1.2627093290310925,0.3610206813916866,974.526946275232,0.926930056943963,0.5587776773729982,10.21679727690817,0.13035773003476905,sehat
0.5271522402763367,0.23035281896591187,0.3682792970454107,0.46887528896331787,0.2644665837287903,0.5752070921723816,0.4316070079803467,0.2818339169025421,0.7769615525801681,0.030356910339893527,932.5149116844055,0.8874168843401109,0.1413421443386088,19.86997162448824,0.0009338766864387597,sehat
0.6315658092498779,0.2466220110654831,-0.11870328245354592,0.6096994876861572,0.260785311460495,-0.1115282052542782,0.5069752335548401,0.32137376070022583,0.2730981336547908,0.10125718253457716,515.891176020321,0.9413894399289232,0.2925117050880303,10.959262438707531,0.01026437802984494,sehat
0.5297218561172485,0.18127456307411194,-0.0003253483178119188,0.5174304246902466,0.1812102049589157,0.061474241550011605,0.36665332317352295,0.23359668254852295,0.9720585861977808,0.011714417500517847,696.1323625004516,0.8376616820988811,0.09989908343713365,17.519354339450178,0.00013922298412915633,sehat
0.5284805297851562,0.21373173594474792,-0.07364283549719533,0.4912205934524536,0.2016531527042389,0.07944516019030616,0.39854055643081665,0.15246690809726715,0.3561739386941032,0.010437093882467273,560.9495957107217,0.8874319890169945,0.09461553806138645,15.643974671331355,0.00011047957330285881,sehat
0.5828219652175903,0.23195436596870422,-0.39475718641687507,0.5251732468605042,0.2324371635913849,-0.04210041732719381,0.48346394300460815,0.25000154972076416,-0.048228044972222626,0.012952527555001439,910.3816302702256,0.8667999756647168,0.12512284949556135,18.63472114594374,0.0001697258490209641,sehat
0.5846788287162781,0.2397124469280243,0.013346209018101112,0.5058735013008118,0.24691958725452423,0.148942781899477,0.3661472797393799,0.25510093569755554,0.3952788370382942,0.021155233315883083,356.10208758920766,0.9539537804269179,0.17864850624979797,10.383918417330712,0.0004543274157132248,sehat
0.5206300616264343,0.2464379519224167,0.2535182658400135,0.5206300616264343,0.2464379519224167,0.2535182658400135,0.5206300616264343,0.2464379519224167,0.2535182658400135,0.026654980518830623,560.1183087566598,0.9279269692525896,0.2528241954623333,11.011104329787273,0.0007227008406034321,sehat
0.5437781810760498,0.28179943561553955,0.30366153065342455,0.558568000793457,0.2894473373889923,0.09430027370438657,0.46764692664146423,0.34295985102653503,0.5377129720462374,0.028255103645061525,647.5805173034788,0.9402850843069972,0.17774400171388946,14.398025792924427,0.0008092048238616868,sehat
0.46176886558532715,0.2412204146385193,0.08597712909644961,0.39911583065986633,0.2549031376838684,0.3271180869464062,0.3567921817302704,0.2604237198829651,0.4824438906967368,0.011011908383536391,907.3403241406482,0.8879552458087012,0.12605845049285797,17.192400833433187,0.00012481637517403843,sehat
0.6454361081123352,0.21093447506427765,-0.548278763911388,0.6157184839248657,0.27064430713653564,-0.8567285996855204,0.6038258671760559,0.321747750043869,-0.7751009486943302,0.09942000386180543,762.0430391792237,0.9090668303116555,0.4355699338182006,12.625439510733367,0.009938778497871023,sehat
0.9130938053131104,0.16494637727737427,-1.9222169283806145,0.8942646980285645,0.21444544196128845,-1.9773539236609925,0.8681922554969788,0.2630078196525574,-1.9530762421806356,0.5741982602980529,336.21434356438346,0.9388230166167224,0.6991906517680366,5.123263441566099,0.329736693893363,sehat
0.5026447176933289,0.2338484227657318,-0.3324284167446639,0.5314226150512695,0.2453518956899643,-0.4662085359158221,0.4104149043560028,0.29217448830604553,0.6353283930046949,0.020323768526406678,514.1276467699237,0.9331406208572997,0.18146824648096627,13.31274182535985,0.00042077795744709714,sehat
0.6723036170005798,0.2123134434223175,-0.5011727901168088,0.6182761788368225,0.23614884912967682,-0.1118529709332032,0.5282899737358093,0.3035303056240082,0.2507622549731776,0.021654436934425574,771.6625435780373,0.8857052909254836,0.17921155941540967,16.450570623373615,0.0004766312558055176,sehat
0.7814048528671265,0.21113185584545135,-1.4376875592920713,0.775357186794281,0.23431222140789032,-1.3273781268457785,0.770203709602356,0.2520790994167328,-1.1838827219890034,0.07755559553647644,372.1001111898053,0.9444661850927706,0.4978418720759426,8.038388290168035,0.006050381690944313,sehat
0.9510143995285034,0.1324346661567688,-2.9962208755497257,0.9411206245422363,0.16731129586696625,-3.0223997176779474,0.9283264875411987,0.2027888149023056,-3.0005039293801308,0.7303907998102285,265.0349067020551,0.9216840608132987,0.7978385420453223,3.767012010585935,0.5334914614059716,sehat
0.8250536322593689,0.16979242861270905,-1.5706414564300304,0.8002486228942871,0.22312138974666595,-1.7247951845441003,0.7693547606468201,0.279700368642807,-1.8334933038841243,0.09715781284224011,344.1249369007274,0.9422062694623771,0.5554557641963412,5.460755368255491,0.009497722339561131,sehat
0.42149582505226135,0.25319594144821167,0.5446653866841158,0.4151967167854309,0.23882944881916046,0.7415731356296659,0.3106686472892761,0.2296999990940094,1.3804390830731763,0.013169447181590604,682.5976150300495,0.9095969716308057,0.12954613310684807,15.462442232892014,0.00017592832562929173,sehat
0.4427089989185333,0.3113604485988617,0.5441059044824696,0.4385124444961548,0.316621333360672,0.5065387625896594,0.36849790811538696,0.3529728353023529,0.7187865482661127,0.03390513377713907,1026.0973361162116,0.921452655548702,0.18439913673248545,17.596462960834483,0.001152184642876706,sehat
0.5422728061676025,0.1837572157382965,-0.4851547634057653,0.546549916267395,0.1930266171693802,-1.1019189826647364,0.319032222032547,0.17773570120334625,1.2775689169143887,0.01775506311651954,432.1730873864978,0.8987791810448513,0.13429857141817894,11.930626114232814,0.00031973115493359776,sehat
0.4522145390510559,0.17486992478370667,0.5413743414202673,0.5357455015182495,0.18910163640975952,0.08779510764114609,0.4826885461807251,0.28471285104751587,0.5053876771119239,0.022344028937453454,611.1860937840332,0.8553867409478849,0.22027754853896606,14.768730890408174,0.0005148477278293474,sehat
0.5998728275299072,0.18473593890666962,-0.3538418336229114,0.5719966888427734,0.20905998349189758,-0.2565236352602,0.5117067098617554,0.2797236740589142,0.2873874878657715,0.01782996251236806,824.6473416270716,0.843492412652656,0.16101017591809347,16.499746239957485,0.00032350276710169877,sehat
0.36733466386795044,0.10019653290510178,0.45754146034328436,0.4150194525718689,0.13351550698280334,-0.959030774401745,0.4049902558326721,0.17663034796714783,-0.9454085265741037,0.036984116971410554,219.72793478250415,0.8843761311470396,0.31912204982807896,7.114277836282373,0.0013927847148553036,sehat
0.5069326162338257,0.1749880462884903,0.05825838817269759,0.5597479939460754,0.20588554441928864,-0.7598492054619488,0.34393593668937683,0.25459742546081543,1.0284402124815573,0.015334840871049983,439.510709645409,0.9030718961695788,0.14209137495069887,12.388939062812966,0.0002430634947118529,sehat
0.5672810077667236,0.23224876821041107,0.17416526907245194,0.5711336135864258,0.22053655982017517,0.1640418869991589,0.48167848587036133,0.3012836277484894,0.19004176663223796,0.0245410841095301,555.7485272667137,0.918045878756886,0.24421287031540742,11.394856011416174,0.0006140673816303611,sehat
0.4389926791191101,0.19116684794425964,0.8334960003109447,0.5061056017875671,0.2521030008792877,-0.349957444017772,0.5865538120269775,0.34362560510635376,-0.42966899583474816,0.05668090862942296,288.0367013770317,0.9568264301575811,0.4611968732216249,7.188582997388285,0.0032579327920502408,sehat
0.8030580878257751,0.31382980942726135,-1.3895622140237822,0.7742787003517151,0.3533792793750763,-1.226681495505257,0.7444869875907898,0.3598691523075104,-1.070379005848278,0.4877366094698921,620.2667097756016,0.9585560325421588,0.7546994407432451,6.345888909301522,0.23791708966794556,sehat
0.4990825653076172,0.16536067426204681,0.24438031923779138,0.44105979800224304,0.17396511137485504,0.36643488081684383,0.33189165592193604,0.22315579652786255,0.3545609672356328,0.02874112778922806,293.2101312066978,0.9262819255627918,0.29545179903535035,7.533879914930201,0.000841029116127606,sehat
0.30134961009025574,0.22025823593139648,0.9687944617813292,0.35712623596191406,0.2122626155614853,0.8493948430965907,0.30061304569244385,0.2546818256378174,1.1222069227459985,0.01363607641690689,745.1155485281288,0.8772220142801604,0.1161327360589109,15.583592498108601,0.00018769141179126445,sehat
0.647261381149292,0.24410532414913177,-1.053801560635183,0.5888256430625916,0.2849753201007843,-0.7265534170183203,0.498466819524765,0.27099746465682983,-0.23028580388855124,0.025045768482160696,289.98321687145835,0.968586142668042,0.2091231720137967,9.249310236418568,0.0006409840988720329,sehat
0.41502049565315247,0.25274452567100525,0.4218616310178533,0.4342999756336212,0.27036893367767334,0.1489131785802192,0.4024011492729187,0.31716063618659973,0.5286547104145429,0.07221279748256794,761.266675776092,0.9143210726597729,0.2516417828049822,14.064533944316018,0.005260966164568996,sehat
0.8307246565818787,0.29626157879829407,-1.9236558408425004,0.7497082352638245,0.3340444266796112,-1.1207634167961495,0.7221657633781433,0.3383825719356537,-0.8874785358256346,0.3805440582437139,641.1226514539804,0.9507804011987077,0.5727051081508284,8.677194673309872,0.14485338368781128,sehat
0.4875697195529938,0.22897127270698547,0.7608838657144554,0.5603697896003723,0.17782267928123474,0.5006387071144757,0.5628779530525208,0.2976209819316864,-0.34387182837941715,0.03251092510883386,439.53545459662854,0.9009271086804845,0.3173180623362329,9.910420999677243,0.0010727257140050802,sehat
0.6118098497390747,0.2566157281398773,-0.4775368661712777,0.5777648091316223,0.29427608847618103,-0.18279203737020022,0.496707558631897,0.33592328429222107,0.40865848929490195,0.017429069152352736,630.6567683049608,0.9385512141636219,0.17935872717290982,14.359370113777837,0.000309165031346406,sehat
0.32596880197525024,0.13379749655723572,0.5410243698637223,0.3155592381954193,0.1271682232618332,0.8333088808074142,0.30156388878822327,0.15917688608169556,1.7683687902722707,0.014237279995734688,424.87365262354837,0.7975613510488015,0.10353088846667036,13.827918406479844,0.00020437420159742764,sehat
0.5438855886459351,0.3042915165424347,0.09521286833322706,0.48016446828842163,0.3399610221385956,0.2938373991101558,0.4231316149234772,0.3746022582054138,0.4738044971757357,0.020324928326513555,928.8767901177106,0.9350362839373226,0.17479748919841775,17.11084949539109,0.0004211640110585895,sehat
0.7202969193458557,0.1375788301229477,-0.7855432029176938,0.6587781310081482,0.13501355051994324,-0.41262722667758905,0.4219270944595337,0.17753289639949799,1.8704794941034133,0.02792584378074088,462.75291170822084,0.8029745182335272,0.12142906454868287,13.569290537733059,0.0007847400013519554,sehat
0.31869080662727356,0.21853406727313995,1.0294536927212137,0.3204104006290436,0.20286253094673157,1.0765704289077564,0.18702925741672516,0.233007550239563,1.793955386435359,0.021769095367537572,341.803493057145,0.9373729580278213,0.24063958881054082,9.248280383645694,0.00048807496960750774,sehat
0.49213021993637085,0.18670302629470825,0.35011725185161113,0.48334163427352905,0.19188550114631653,-0.17164973062837974,0.4079403281211853,0.23470714688301086,0.7043939768399125,0.01658031490905329,597.7174156340476,0.8657449920044952,0.13506641439957823,13.769104976552214,0.00027745977328240786,sehat
0.6295248866081238,0.2437206506729126,-0.17952210499054394,0.602380633354187,0.31291478872299194,-0.257821121392229,0.5453463792800903,0.3858545124530792,0.0025437826554886083,0.03946616010285698,275.44457164502546,0.976080929784691,0.3006759393271268,7.858826416273417,0.0015809356574965194,sehat
0.4815678894519806,0.23144292831420898,0.39769914598252815,0.4546152949333191,0.20838823914527893,0.3015642235608855,0.38987794518470764,0.2119799554347992,0.015145912980887586,0.014131187006568171,484.6797633455694,0.914283594872117,0.12944834497378815,13.09569402447201,0.00020218867546372733,sehat
0.505870521068573,0.17323453724384308,0.15796450799338277,0.4823688566684723,0.2107243835926056,-0.09875260199911946,0.4068920910358429,0.22980692982673645,0.6005618140720401,0.011340532859941565,560.7492981049945,0.8851894215079325,0.11333151365031997,14.569268618343402,0.00013102072661331363,sehat
0.49894776940345764,0.308548241853714,0.31524373403063427,0.4999147057533264,0.28529682755470276,0.17787057217100627,0.39064255356788635,0.28975942730903625,0.5334161275486723,0.045123612348998345,564.6535591309333,0.9479830008500194,0.19459728958998743,13.385284812333628,0.0020490791710011326,sehat
0.4825858473777771,0.13899379968643188,0.8414867712177243,0.4833061397075653,0.1602911800146103,-0.08255133253552972,0.260689377784729,0.14264164865016937,1.9764638605068048,0.014313545469851878,594.703617155123,0.787979208757561,0.09712959418388573,15.255239705393208,0.000205992414556209,sehat
0.4441922903060913,0.17825303971767426,0.5232508518232032,0.4829423725605011,0.165501669049263,-0.11968815619751738,0.35596147179603577,0.20205721259117126,0.9890718980080567,0.016693769101205635,326.22574010387456,0.9119927405949636,0.14863478520729265,10.486883232038805,0.0002818864471933386,sehat
0.3830873370170593,0.27921855449676514,0.4802759885284045,0.3716058135032654,0.24678318202495575,0.6170414859995815,0.259354829788208,0.2655228078365326,1.3120434203481812,0.05665920326657664,500.4242216542122,0.9385908663105772,0.21542593736247098,11.417457859710117,0.0032303602476248146,sehat
0.5045430660247803,0.18143929541110992,0.09151326743321564,0.5316179990768433,0.21423089504241943,-0.19946657002738866,0.45586684346199036,0.31333065032958984,0.5728616035661479,0.04630750092266292,467.75613961280106,0.9190778259551401,0.30802960866944035,9.494734612831829,0.0021693745697017393,sehat
0.5422390699386597,0.30456146597862244,0.07559552433158542,0.5326655507087708,0.292672336101532,0.112843201137662,0.45797017216682434,0.3102538287639618,0.37211768110142257,0.01398083948615201,688.1020503186008,0.9402859423786817,0.1315323673511227,14.923206188713879,0.00019779773772821453,sehat
0.47344186902046204,0.21276377141475677,0.2924137438198863,0.4110245704650879,0.24754680693149567,0.5813594486149568,0.3824419677257538,0.27096813917160034,0.7393365840523523,0.022226921527968364,337.1402627524399,0.954402212598055,0.23451829532610932,9.70090507828454,0.0005013838086297097,sehat
0.560187041759491,0.177994042634964,-0.4830602311870612,0.491148442029953,0.16955417394638062,-0.5484661296231182,0.4848001003265381,0.17159035801887512,-0.2745823402889693,0.015720501486913518,512.3703723717862,0.8628399972283837,0.15066790842673897,12.734503937816084,0.00025090421428154225,sehat
0.6862937211990356,0.1883714497089386,-0.44394546792693146,0.6501065492630005,0.24105840921401978,-0.29038500720001076,0.5595932006835938,0.3180082142353058,0.10089552989966714,0.0275907723589628,805.2435316090928,0.8825892603419919,0.1797153085008867,16.42530598124274,0.0007721619500074965,sehat
0.7021658420562744,0.1960325539112091,-1.2226718001716386,0.6293780207633972,0.24698138236999512,-1.080994499966338,0.5429851412773132,0.2606697976589203,-0.7661668100343444,0.04945364355957441,534.6964693049578,0.9234236515609866,0.2868119718639411,10.215886148524495,0.0024728663824384114,sehat
0.6205182075500488,0.2386406511068344,-0.5872071305298262,0.6740734577178955,0.292851984500885,-0.3824999054788525,0.5856962203979492,0.37900254130363464,-0.0860766579361407,0.0838538550988762,425.5855318304039,0.9594788660104404,0.370140624877954,9.854052347448821,0.007157724107018538,sehat
0.5790960192680359,0.22688232362270355,0.18579761461204583,0.5748274922370911,0.2185972034931183,0.17882442281441818,0.5042017698287964,0.2859768867492676,0.20622522809040503,0.05034823040422695,438.4701530523994,0.9314437857570125,0.23245347151355436,10.472323422054034,0.0025499342028801725,sehat
0.861199140548706,0.11100243031978607,-0.794399603317354,0.8051267862319946,0.20123140513896942,-1.4001279619802027,0.772691011428833,0.2564134895801544,-1.4300794052894341,0.030111321655262188,613.6520429672856,0.8485969066598691,0.1266769015241392,17.01316497491083,0.00094022882716792,sehat
0.4246842563152313,0.18878327310085297,0.8906818694590336,0.5194153189659119,0.177836611866951,0.9240490115326823,0.39900100231170654,0.2607220411300659,0.9781652800703201,0.018478322010470827,206.22589103948383,0.9547336627242006,0.1827247400756599,8.2557531429332,0.00034603767296547614,sehat
0.6428369879722595,0.2171153724193573,-0.5951751680259418,0.613854706287384,0.27597832679748535,-0.7252154042909019,0.5896174907684326,0.305873304605484,-0.6350829798433117,0.021204573856036302,727.4816446587951,0.9168728751991558,0.17832660092963418,13.687243480082172,0.0004537525187230274,sehat
0.6557044982910156,0.21289455890655518,-0.5292257013617787,0.6668245196342468,0.1844092458486557,-1.037351468742963,0.5449637174606323,0.26257532835006714,0.3766850840250109,0.03436016239808938,534.7844923604595,0.8795534244217017,0.20345542935761565,13.249466702923717,0.0012050982893898664,sehat
0.4133477807044983,0.24813653528690338,0.07405452229557602,0.38315892219543457,0.25406697392463684,0.3265522721588108,0.33584630489349365,0.25211042165756226,0.7585059256087234,0.013959311686768465,1108.9147300516945,0.8618451430261097,0.13099611365274788,20.338153440176015,0.00019769622322655828,sehat
0.516797661781311,0.20604771375656128,-0.22189913228877303,0.5149289965629578,0.20615017414093018,-0.29272616028776743,0.35946816205978394,0.189009889960289,0.7511932738786375,0.012307448043651942,1000.7780725746721,0.810369164168086,0.08668079010748601,21.070875327400163,0.00015330095755367281,sehat
0.31349149346351624,0.1276068538427353,1.0518274249516555,0.36060601472854614,0.13631494343280792,-0.06955421056136546,0.1892372965812683,0.10319582372903824,1.9768315992109693,0.019301106675780874,260.86033295359147,0.8720273741415548,0.1420526282307439,9.55802727276424,0.00037625693928390456,sehat
0.6523407697677612,0.19393490254878998,-0.42159539104243765,0.6423473358154297,0.23430605232715607,-0.425119790028577,0.5173099637031555,0.3620958924293518,0.2500672054203144,0.03245646703705575,423.44921989987256,0.9396529610181279,0.22058999671318724,11.259858877168533,0.0010682996397212029,sehat
0.4876790940761566,0.16827231645584106,0.4067426481915156,0.4198382496833801,0.1739107370376587,0.621042890509525,0.2994750440120697,0.21642433106899261,0.6827465738075457,0.026588794169366044,336.1384106215268,0.9159060964544291,0.2630493162651214,8.367765334356541,0.0007182147156381022,sehat
0.5753309726715088,0.31157591938972473,-0.044240549369514146,0.5116987228393555,0.3022089898586273,0.2580575097334035,0.3871559202671051,0.2460855096578598,0.8557108489582678,0.01867322595565914,1286.379535253599,0.8806788829043163,0.14919421413251063,19.943058497392805,0.0003531938300605875,sehat
0.6540097594261169,0.3446611166000366,-0.3793272344030457,0.5858880281448364,0.39854544401168823,-0.21674929021809355,0.5614186525344849,0.4130531847476959,-0.14029030221749678,0.3231773046717381,785.6101131306908,0.9586366286735157,0.4165984968480636,13.089340766708721,0.10447557478886037,sehat
0.5121119022369385,0.2784818708896637,0.7360014112035685,0.4261552691459656,0.28415486216545105,0.9722797758303403,0.35418379306793213,0.2927332818508148,1.2219401894623454,0.03718021173127818,985.4843051515168,0.9037632716433835,0.17627502716991392,16.188112549374008,0.0013956143548476436,sehat
0.6660500764846802,0.23204182088375092,-0.7364896973176547,0.6838203072547913,0.2664993107318878,-0.763488779031148,0.5838028192520142,0.367551326751709,0.026731912728457215,0.043787622363218225,452.3224247341671,0.9490493338608248,0.28260568328714014,11.389468399039368,0.0019373612897107234,sehat
0.5115361213684082,0.14664626121520996,-0.3222211839262484,0.490601509809494,0.13605771958827972,-0.700031019608996,0.38525164127349854,0.14581851661205292,0.41365735157845795,0.017750552341073297,409.0784886408799,0.8329653325741865,0.153689440458581,11.438910489657793,0.0003225488058191214,sehat
0.6376366019248962,0.21367183327674866,-0.20603990830359792,0.6018078327178955,0.24299781024456024,-0.12327309404187752,0.4789693057537079,0.24152804911136627,0.5646114165886497,0.016801215280907177,488.5831083161257,0.9275376328372751,0.1699788472549475,12.086607185886066,0.000287895692684106,sehat
0.4232860803604126,0.31580355763435364,0.2832109745540318,0.3701632022857666,0.2925853729248047,0.29398111446901964,0.311398446559906,0.3060074746608734,0.8387364676478484,0.03923414996905052,441.3693669653935,0.9584091970350136,0.2976605966715243,9.871037479066164,0.0015602750709229082,sehat
0.6484546065330505,0.2074780911207199,0.1389994168856071,0.5872719287872314,0.27458903193473816,-0.1598971744750036,0.5474021434783936,0.3041468560695648,-0.07313471957502805,0.016235831198062194,640.0011305925055,0.919542628357464,0.1332689419557493,15.390597245797155,0.00026592286475064233,sehat
0.6986831426620483,0.3405686616897583,-0.811124835831507,0.7112288475036621,0.33908167481422424,-0.8587929728734977,0.6855248212814331,0.3679009974002838,-0.7227721337353804,0.03664572159582759,419.4168485415667,0.9724023452979261,0.17462163463793068,11.273051785074037,0.0014030416667440984,sehat
0.8625553846359253,0.24609346687793732,-1.613286146329015,0.8289379477500916,0.2989751994609833,-1.447555980253312,0.8173468112945557,0.3157521188259125,-1.3963802992686385,0.606247410540143,408.70409948490925,0.961341559042676,0.6706418805680253,6.984518039192018,0.36756692952755904,sehat
0.47343000769615173,0.2125730812549591,0.10132239845261745,0.32803627848625183,0.20343658328056335,0.4406368809969603,0.13237258791923523,0.15323175489902496,2.282638804349847,0.01596218073232135,337.1180198955861,0.9275888059665305,0.15360687585705488,11.155990712620882,0.0002602556530363832,sehat
0.8986027836799622,0.20953264832496643,-2.057792202514014,0.8812049627304077,0.2503299117088318,-2.0794772370812997,0.8608365058898926,0.2874721884727478,-2.054477834054103,0.6163126914430472,527.3607718905242,0.9314736003764468,0.7233480965465001,5.876907985265277,0.37987223792691066,sehat
0.7009363174438477,0.19653724133968353,-0.13544517808770878,0.7103785872459412,0.19870559871196747,-0.46196638187625294,0.6807159781455994,0.2592860758304596,-0.6782440830947037,0.1050863122341245,464.2202961771274,0.9096702639789793,0.27039101660831827,10.963819478615354,0.011091776700491336,sehat
0.6918015480041504,0.42493346333503723,-0.9158784338058906,0.6887243986129761,0.42480605840682983,-0.8988353730743669,0.6878045201301575,0.42499008774757385,-0.8935573274129616,0.17132848611508103,1241.575877292481,0.9474080004963449,0.41422748478705995,11.636275977162029,0.029446454920371064,sehat
0.5961796641349792,0.2230096459388733,0.2569322419067545,0.5623707175254822,0.2759886682033539,-0.13829781422802964,0.50571209192276,0.3453618586063385,0.048878756213711336,0.026778917101901712,690.4734409103012,0.9128563809330176,0.2181204679630667,14.400397742962733,0.0007293257844490793,sehat
0.442696213722229,0.20336544513702393,0.6807998590978633,0.4661092758178711,0.20214784145355225,0.37585480087225953,0.3410291075706482,0.17109066247940063,1.7062133589122672,0.014819131699764032,393.34239369917714,0.9196850026004544,0.1250268952986574,11.70699361708436,0.00022241682525689984,sehat
0.4768350124359131,0.19801867008209229,0.6153256870634956,0.4815051257610321,0.20384566485881805,0.2122188826026565,0.355927437543869,0.2368718832731247,1.0426668468903197,0.012206167851792822,501.1081849832644,0.9049167524124576,0.11409652162247107,13.779825262929018,0.00015069485967331785,sehat
0.4097203016281128,0.23895925283432007,0.010457530790408953,0.4369618892669678,0.2747834324836731,0.0008616328933583711,0.4136313498020172,0.34613123536109924,0.34662466002003445,0.031121231634706956,715.2938779055812,0.9229336178773343,0.29706414830817235,13.391160832487017,0.0009876053866453907,sehat
0.39803487062454224,0.24904485046863556,0.5449990503310721,0.45058220624923706,0.20765560865402222,0.1713944644787621,0.21076947450637817,0.25745514035224915,1.536001647075713,0.012394761490273782,478.060606227551,0.9167072095084995,0.12363366013699913,13.303808766770606,0.0001551787917385194,sehat
0.5429903864860535,0.3368098735809326,-0.11989384960849166,0.5797593593597412,0.31330713629722595,-0.2109169189101445,0.5207591652870178,0.38167741894721985,-0.10766452094754213,0.1415604854587488,417.81076977081125,0.9696133844860366,0.32893343142541437,8.720558480042408,0.020050524436582593,sehat
0.40121692419052124,0.19211849570274353,0.9586300808815941,0.3687137961387634,0.1722429096698761,1.1161230253840733,0.24693968892097473,0.16641764342784882,2.0401909250138037,0.012391475306568858,568.0648974009778,0.8445345450177187,0.0843271045227098,16.207145021640287,0.00015504024518365957,sehat
0.43576905131340027,0.20563215017318726,0.021193119810947236,0.4488481283187866,0.21088995039463043,-0.06094811027144558,0.2638290822505951,0.16765502095222473,0.9642926323612493,0.012121489923994226,478.16021146782447,0.909177503992372,0.11043754676414791,13.234680951213639,0.00014917078091762558,sehat
0.4002060294151306,0.21778003871440887,1.4330544006931505,0.38682886958122253,0.23156239092350006,1.3198904824871678,0.37033581733703613,0.24390803277492523,1.2512231385488541,0.04376217655312795,441.12803064023365,0.9343483409899194,0.17132526541011506,11.642836590210033,0.0019189401093910854,sehat
0.557479739189148,0.12347554415464401,1.008864126685233,0.5488869547843933,0.1391393542289734,0.8803531767694259,0.5325621366500854,0.15357133746147156,0.8553743918364122,0.027902248405438118,138.62288000642295,0.9407983245193418,0.19737159092991655,7.363382859138454,0.0007809873304936537,sehat
0.47955846786499023,0.2556108832359314,0.30605655862000214,0.4887012839317322,0.2517525553703308,0.43881069851355126,0.47505906224250793,0.25589174032211304,0.5807017042304791,0.021911222503460354,451.0571315543389,0.9454118699419961,0.182778543116894,11.759076784213086,0.00048525466598358047,sehat
0.6375260949134827,0.2098170816898346,-0.084205948364443,0.6457186937332153,0.19969189167022705,0.22399659509223424,0.6453587412834167,0.19589294493198395,0.48327717854762564,0.09779483412051049,280.6838339968635,0.9462715385669237,0.24981757693846762,9.21756805138457,0.009571632690158394,sehat
0.6535475254058838,0.22626043856143951,-0.06393550415772332,0.6554020047187805,0.21120423078536987,0.19827409558618633,0.649579644203186,0.20051829516887665,0.5414407715571256,0.15543289767492002,342.48558670834313,0.9419537809049369,0.2506128296720039,11.365269158884471,0.024165242776710002,sehat
0.41959714889526367,0.2543571889400482,1.0075740682902188,0.4163179099559784,0.26799720525741577,0.9430236835281485,0.41129085421562195,0.27778446674346924,0.8962517426449258,0.06508177161285907,285.9770823502092,0.9682228785995224,0.2448134230728878,8.995291901799947,0.004238263219448097,sehat
0.49233707785606384,0.24301812052726746,1.1104498189604544,0.49812212586402893,0.24436338245868683,1.062118549294066,0.4958929419517517,0.25044095516204834,1.0039819003307564,0.12245061935360711,250.42289955186163,0.9674751383043011,0.2597283186095863,8.68818233063502,0.014998475660110982,sehat
0.46544939279556274,0.15379834175109863,1.0575041963662966,0.46805083751678467,0.15374240279197693,1.2917326511449332,0.4611416757106781,0.15546219050884247,1.418599896949858,0.02641140869197059,195.82780595447846,0.9354331191040931,0.18175874680415635,7.840101361133589,0.0006990204269617072,sehat
0.5120616555213928,0.16075491905212402,0.46726875075926044,0.4983077049255371,0.17343294620513916,0.7493182912951534,0.4856950640678406,0.17654407024383545,0.8493122744215154,0.018202924465339047,274.45171751490665,0.9262870901868018,0.15286871757145434,9.655000392033042,0.0003338685293156778,sehat
0.4866216480731964,0.23315522074699402,0.15842807154268154,0.4172132909297943,0.2156626135110855,0.5224606334234164,0.35309964418411255,0.1933843046426773,1.195943704356415,0.01512402120744693,824.2919850148825,0.8640397665064276,0.11522481009236622,18.4994697213476,0.00023005430142616378,sehat
0.5219972133636475,0.2094244807958603,0.4815989394604161,0.5008965134620667,0.21434874832630157,0.5509252744879938,0.48173677921295166,0.21290767192840576,0.7978114092566607,0.042301235116659945,404.7442318659787,0.9301114743559523,0.15627497392208825,12.577664221972222,0.0017938209501291201,sehat
0.42681437730789185,0.3309013843536377,0.7852893773711674,0.398790568113327,0.3421492278575897,0.9227755139577728,0.36515364050865173,0.3541485071182251,1.0276579282180944,0.12967454266714304,573.8259665412829,0.9614772329361704,0.27730126489233264,13.942500633080654,0.016827480239443453,sehat
0.6198709011077881,0.1741362363100052,-0.06341340761073438,0.581670343875885,0.1862478107213974,-0.05306558021551465,0.559653639793396,0.17907755076885223,0.1044337553005701,0.015921647935980204,360.03089644190874,0.9154658471151141,0.1704261431943155,10.402817183482457,0.00025569631646691596,sehat
0.5103917121887207,0.2031758725643158,0.18991540027534953,0.4957062005996704,0.1930580884218216,0.7553176633018324,0.4713618755340576,0.18647684156894684,1.3617127918667826,0.04798099519943819,456.6877273590708,0.905317539774792,0.13400720949969688,14.38288421273917,0.002308902492572838,sehat
0.511918306350708,0.24768835306167603,0.26497734348239743,0.4829978346824646,0.24473710358142853,0.7310547234436562,0.4629860520362854,0.24407359957695007,1.0470123634572333,0.06381534117699096,541.0105123904306,0.9293927548149091,0.195382786042168,12.655766267946888,0.004078408191664508,sehat
0.4959509074687958,0.2577365040779114,0.9106922727166263,0.45089760422706604,0.2774806022644043,1.113031680104795,0.41895782947540283,0.291402131319046,1.231928206009945,0.1388555292870093,416.5817282855396,0.9565355642166625,0.2432886032520747,11.860979786386002,0.019288804977294894,sehat
0.6348119974136353,0.11124633997678757,-0.888387451368704,0.5869327187538147,0.11594640463590622,0.3078457443951043,0.5516125559806824,0.12503869831562042,0.7331910657615246,0.019992921847977917,330.0340288617819,0.7835841065714274,0.14396752727903764,11.37124696564426,0.0004014344281127973,sehat
0.5152490139007568,0.1765894591808319,0.43331582171736116,0.5047170519828796,0.17505428194999695,0.6164449583697542,0.48517531156539917,0.17612946033477783,0.8311188602875874,0.013925481000610534,555.2133671548705,0.8597787884520695,0.12335268655479226,14.804623924464053,0.0001953476252556515,sehat
0.6288893222808838,0.1535283923149109,-0.2098321867904471,0.6084326505661011,0.16010838747024536,-0.01909576927529803,0.5832805037498474,0.1630757600069046,0.22295211040378943,0.014209115639324704,398.3359734931171,0.8764325930902629,0.1372445050785656,12.093069183751185,0.0002031502094876326,sehat
0.4705439805984497,0.2443392425775528,0.7518611687650394,0.4586271047592163,0.240417018532753,0.8601875268522764,0.4515731632709503,0.23439867794513702,0.8967164790267839,0.041643979242169595,336.2565108002276,0.9545838306056215,0.21657046739533428,9.556201986019088,0.0017470852493918626,sehat
0.3695279061794281,0.25703445076942444,0.8953952736246522,0.34316790103912354,0.2627556622028351,1.0407939771613273,0.32358282804489136,0.2611348628997803,1.099085303952051,0.018323299965999303,705.3270021107732,0.9194087236377176,0.1447162764514785,14.99071908059185,0.0003378714323846004,sehat
0.564812958240509,0.164900004863739,0.1568055462051721,0.5332860946655273,0.16056856513023376,0.5110826981454618,0.5027928352355957,0.1598702222108841,0.6871905021006153,0.013178573105421696,596.833558143645,0.8190510429956471,0.10798938051620598,15.028544718250211,0.00017445272339439358,sehat
0.4120475947856903,0.2931562066078186,0.23930909813485443,0.3781692385673523,0.2886989712715149,0.4161772685632569,0.3224022388458252,0.2771567404270172,0.8642132525590128,0.051142277026867265,1162.3131109622784,0.8901076641186547,0.21894222624035128,17.253961113503536,0.002630072378590859,sehat
0.5548428893089294,0.24225467443466187,-0.2837192891795033,0.4900810420513153,0.24669454991817474,0.3447684721672344,0.41185909509658813,0.2732599377632141,1.0531333795453899,0.012568051583763978,1254.3514748815355,0.8350598735622436,0.13115034755861696,21.56928770447931,0.00016012912419291586,sehat
0.48771780729293823,0.2509019076824188,0.15482033748650012,0.4276089370250702,0.25542402267456055,0.5302064417800625,0.352522075176239,0.264242559671402,1.0120895491523278,0.014691863919727668,2013.5407238415019,0.758250720122391,0.07711808539997916,30.603283825853023,0.00021651977360632603,sehat
0.5633348822593689,0.27035918831825256,-0.028248209860072267,0.4755072593688965,0.27834898233413696,0.21629668507162642,0.37318331003189087,0.2730327248573303,0.4063252652799556,0.03026392468394941,1168.2031036289322,0.8798365958547806,0.12273398680464676,21.31960826510272,0.0009171108313520525,sehat
0.6259698271751404,0.24955452978610992,-0.4445117139061358,0.5498427748680115,0.2694490849971771,0.057527975390347735,0.44880032539367676,0.312249094247818,0.6379164775611891,0.023798888294229385,1650.0684151329203,0.8197268546703059,0.156126482582578,25.49320155067292,0.0005827107168209291,sehat
0.46198686957359314,0.2252732217311859,0.23482262829705505,0.3755412697792053,0.22100086510181427,0.5723649374400124,0.2964567244052887,0.2102387249469757,0.9137867519586359,0.008160791030390527,1603.7860760312717,0.7436142930692591,0.05791900115217207,26.82565743924826,6.679352436610797e-05,sehat
0.3175387382507324,0.24011002480983734,0.9558792319709941,0.3524896800518036,0.21948720514774323,0.5236317929804597,0.31814044713974,0.23218555748462677,0.8422052242005639,0.015126769525138079,697.8651169713031,0.890587644831187,0.1374060688725511,15.871941815028991,0.00023072195536886196,sehat
0.4954051971435547,0.21842892467975616,0.585816316247533,0.4880162477493286,0.1879396289587021,0.6529419718516246,0.36197859048843384,0.25037065148353577,0.8334246833179332,0.012572748145036507,778.0494683527148,0.8498716954939667,0.1116555093248216,15.81704539320211,0.00015975839698650562,sehat
0.6349755525588989,0.16987711191177368,-0.5759385178387539,0.5781481266021729,0.1862608790397644,-0.315746512165774,0.44544339179992676,0.2871399521827698,0.33676520853413117,0.01375464419377966,640.4161632571719,0.8568302558302435,0.13005108018574008,15.77940265015827,0.00019265371687349946,sehat
0.6361756324768066,0.25599727034568787,-0.5384871048114402,0.6501604318618774,0.24619416892528534,-0.4449687169186217,0.5958179235458374,0.309788316488266,-0.2862856746041347,0.058431943675450154,618.8768757457528,0.925903550432999,0.19602868276816546,13.048112985139833,0.0034829021488638795,sehat
0.3660888671875,0.24403958022594452,0.5034012956138775,0.3604140281677246,0.24692757427692413,0.43989540866123034,0.22794249653816223,0.22592055797576904,1.6257343939938222,0.02585067107390022,574.32157275359,0.9185506394791787,0.1639444973470517,14.127690899371105,0.0006777050304530803,sehat
0.5781956911087036,0.2739804983139038,-0.6974954199766624,0.570216953754425,0.28659895062446594,-0.7051173310486071,0.5828521847724915,0.2830965518951416,-0.6376412327907359,0.014794767987865465,681.5198050607005,0.9345476399802726,0.1330503130958633,15.481076392853039,0.00022271566691598865,sehat
0.44123274087905884,0.16383972764015198,-0.1396643328258937,0.49283742904663086,0.14450165629386902,-0.6408581738319903,0.37681448459625244,0.20460745692253113,0.0455079209255346,0.014016419736995538,369.00523796708495,0.8712882316277848,0.1131492976350434,11.900313159041753,0.00019798077091868,sehat
0.5915464162826538,0.2692585289478302,-0.16103190095457867,0.5837563872337341,0.28389209508895874,-0.19872131620665365,0.5616946220397949,0.31626787781715393,-0.13505346999100692,0.016483063188962935,936.4340967803884,0.9077662170754616,0.1418695534472392,17.544736936072315,0.0002761482723878588,sehat
0.7610242366790771,0.2753109335899353,-0.5427153602512615,0.7324811816215515,0.2933974266052246,-0.3472073174064607,0.7255057096481323,0.29533520340919495,-0.28455660154420825,0.3921765137996121,433.16238714345803,0.9597489324401337,0.5166806261302416,7.59856301108625,0.1538426499833717,sehat
0.38250985741615295,0.21401789784431458,0.6458907802790765,0.3737320899963379,0.1871536523103714,0.5215523480478103,0.2990776598453522,0.1628485769033432,0.7249575459069355,0.011972937662345437,652.0695106158236,0.8611613075553849,0.08141314525152783,17.155292335649246,0.00014477316964843178,sehat
0.7079951763153076,0.3564930856227875,-0.9458283357701484,0.7003649473190308,0.35838842391967773,-0.8866920591220768,0.7021975517272949,0.3630225658416748,-0.8993712925545362,0.3317327172231871,913.1530108310898,0.9454754044884424,0.512567899423971,11.918008479979521,0.11006932557970488,sehat
0.5672503113746643,0.1669767051935196,-0.17444117990069952,0.5428420305252075,0.21354077756404877,0.12795485683038946,0.49321702122688293,0.2904711067676544,0.542735521279088,0.022779405874844883,436.4191430135527,0.9178937611659665,0.18565868420411932,12.131695148766697,0.0005269823393827004,sehat
0.44130000472068787,0.16256842017173767,-0.07764164442367882,0.4387042820453644,0.15262050926685333,-0.4884426114852389,0.23834744095802307,0.12651503086090088,1.7251645028561986,0.09231519859409,624.2657851648033,0.7808481673620492,0.14439122988756062,17.7639329803084,0.008535997223860363,sehat
0.5069787502288818,0.15416701138019562,0.509131346923792,0.5209707021713257,0.15284377336502075,-0.12379937944013635,0.4499264061450958,0.23622752726078033,0.19781206079925645,0.025472360051078457,309.0598598044814,0.902363707476817,0.2320872878780672,9.992717389251627,0.0006650611082891929,sehat
0.5254831314086914,0.13514897227287292,-0.44162157274408703,0.4974144697189331,0.1571911871433258,0.0018480479443774818,0.4347473382949829,0.2361937016248703,0.40263549830349843,0.020204554565070875,208.7936546212833,0.925316995142531,0.20779023878039007,8.67276364834882,0.00041486923559632397,sehat
0.6127001643180847,0.17515864968299866,-0.4526786474110342,0.6050959825515747,0.19616815447807312,-0.5972258116794751,0.4463188648223877,0.1572471559047699,0.5679299008641079,0.009921884924202788,739.0823090344229,0.8273639796347472,0.07137365209047859,19.055340996658018,9.905265593617692e-05,sehat
0.5552346110343933,0.2702692449092865,0.03409218046780529,0.5486375093460083,0.2820277214050293,0.03783989822654434,0.4688054323196411,0.3172228932380676,0.31080263226815086,0.03715848302618151,312.82296297207887,0.9695100744064269,0.3089790798933681,8.739248180251371,0.0014030550963647116,sehat
0.8937816619873047,0.17514298856258392,-2.0487420034936834,0.8765265941619873,0.19562318921089172,-1.8165429465240412,0.8429873585700989,0.2301962673664093,-1.4757297084062397,0.36350379050473697,531.9596314670606,0.890375807900618,0.5139632829844992,9.334107823078075,0.1322304668470897,sehat
0.4833051860332489,0.19553662836551666,0.5467178894513721,0.45306074619293213,0.19135621190071106,0.8218948258663041,0.3402180075645447,0.19818991422653198,1.7200961421030683,0.017294666553401967,455.43910255806946,0.9022608237006008,0.14389698764173234,12.2133968265109,0.00030195491388639636,sehat
0.3656506836414337,0.23663729429244995,0.6014876946016517,0.32847729325294495,0.22176720201969147,0.847656081006087,0.291465163230896,0.21410858631134033,1.0289696505914327,0.013057940294547895,655.1080787539222,0.9002730199936225,0.09795042302074086,16.23020208745328,0.0001721680745097127,sehat
0.5105961561203003,0.19009919464588165,0.15349917282289813,0.5567810535430908,0.18744078278541565,0.15868866531433648,0.4808098077774048,0.2349044680595398,0.6596304183766574,0.020622040068815704,353.02309335784565,0.924163754643572,0.16162759113513628,11.73967173831282,0.00043732400163258887,sehat
0.5253274440765381,0.20497900247573853,0.0012991509993622846,0.5146408081054688,0.22352120280265808,0.12435966873176413,0.4613721966743469,0.2421242892742157,0.5012426286492522,0.018060432486084996,306.14827233957527,0.9496337346301745,0.20606918344204106,9.837793555299422,0.00033150551037205945,sehat
0.410489559173584,0.16748446226119995,0.35681343131029264,0.24839651584625244,0.11918670684099197,1.0707482282407148,0.26020348072052,0.1124797835946083,1.252579220912388,0.017799175104068584,298.7100377149672,0.8527501429507129,0.15047264427366147,10.905511684842724,0.00032181117127061924,sehat
0.29623883962631226,0.1729213148355484,0.971271013904338,0.28951603174209595,0.14170335233211517,0.7818870149355571,0.24350084364414215,0.1287785768508911,1.2886878403069173,0.01667554331966729,453.50002481328187,0.8358835026162358,0.1162321733189387,13.16336720813173,0.0002813616267104209,sehat
0.6702275276184082,0.20150138437747955,-1.18354861430509,0.6682673692703247,0.25862693786621094,-0.7742472296132191,0.6719099283218384,0.33320629596710205,-0.48601702830580457,0.13385532037731532,271.3370725174941,0.9645184163057362,0.5110482027754447,7.523061396707692,0.017960814535348816,sehat
0.48934096097946167,0.18773040175437927,0.15775525412808725,0.4872806668281555,0.2013641595840454,0.44013134523116165,0.4825601875782013,0.2013067752122879,0.6892671253020496,0.009702309854535266,964.8154468782797,0.8057122039385248,0.08080628175807937,19.83572569572645,9.512990991260853e-05,sehat
0.5038040280342102,0.2124485820531845,0.5898466425847931,0.4147365689277649,0.21168941259384155,0.8445805564213065,0.30954989790916443,0.2129366546869278,1.3180379367736756,0.015040451090291063,398.1980732763868,0.9294501763865589,0.13430459379178125,12.128503094685337,0.0002290468813507927,sehat
0.5732689499855042,0.2670029103755951,-0.09399252133128679,0.6040886044502258,0.26688116788864136,-0.14085669896720895,0.5031061768531799,0.31756889820098877,0.4714336314968829,0.04427271100207337,718.6285525925832,0.9226974799129489,0.21958797151785706,15.178024899154773,0.0019665029674590614,sehat
0.5762472152709961,0.299022376537323,-0.04864427701736746,0.5454457402229309,0.3023912310600281,0.15905038347121558,0.5238261818885803,0.3074502646923065,0.27091697554423483,0.11786146986669675,1422.3511635788998,0.8779713322205157,0.2715378479326858,17.073796022889383,0.013965012659821691,sehat
0.6199021935462952,0.18349440395832062,-0.9912242057846251,0.6264651417732239,0.17181327939033508,-0.9920795747991713,0.557597279548645,0.21203827857971191,-0.04722510703311791,0.01996436038953372,245.1493888086613,0.9372236161798678,0.19552206366014557,8.726537836533643,0.00040628817099790863,sehat
0.41616302728652954,0.2330043613910675,-0.04454522211250124,0.39924824237823486,0.22677859663963318,-0.005879323514059014,0.3855823278427124,0.22948376834392548,0.06477650564363319,0.03032564686547183,220.42688973997596,0.9672130010083192,0.2376090523837663,8.165804289084095,0.0009263005909626908,sehat
0.4471641778945923,0.28314444422721863,0.26924326590595726,0.4651918113231659,0.2584434449672699,0.3456276126602916,0.38557976484298706,0.30345654487609863,0.566644352608494,0.010427901218816267,1351.9397953540347,0.8546100877207463,0.0946557343865506,23.74069202855387,0.00011010122485821796,sehat
0.3063153028488159,0.16977207362651825,1.0554551168694386,0.3162267804145813,0.14962248504161835,0.5715177385417705,0.20667624473571777,0.14688274264335632,0.800555574218528,0.01614226369623097,230.7122282025607,0.921970742303912,0.14046831504805296,9.592839138192394,0.00026531086985697025,sehat
0.663009524345398,0.2460869401693344,-0.5076905194077027,0.6380224823951721,0.2830007076263428,-0.21508963876984258,0.5751120448112488,0.3389712870121002,0.05202102021745774,0.048207587053025434,537.0008136921866,0.9446373078439222,0.2356124418078961,12.720759497967963,0.0023345387835102117,sehat
0.6229987740516663,0.1948104351758957,-0.7366019376951455,0.6207103133201599,0.2360958307981491,-0.7040499559037924,0.44467389583587646,0.39448654651641846,0.3596531872639786,0.01880054269225257,524.2719634369765,0.9185768252034783,0.1886684702444521,13.105401404267866,0.00036458110760232,sehat
0.34912002086639404,0.2145589292049408,0.18367112544880332,0.31502652168273926,0.21449775993824005,0.44806214955677975,0.2883836328983307,0.22433796525001526,0.6010211558922465,0.02869855998052107,292.88621864921066,0.9509141853613392,0.22758255000378136,9.145916243111525,0.0008415959627915996,sehat
0.5555770993232727,0.25005656480789185,-0.0194695133574112,0.5747032761573792,0.24507075548171997,-0.28948733938940424,0.4037570059299469,0.2689070999622345,0.5285892845929829,0.03621145295676117,669.172271064518,0.9107033466812721,0.13299556863540188,16.014812269884,0.0013187146323593742,sehat
0.44070547819137573,0.24042920768260956,-0.04284505730321474,0.4700477123260498,0.20514817535877228,-0.2698828327020769,0.3271529972553253,0.2171100229024887,0.3985806197207263,0.00956957067205417,848.5433823337074,0.8516726393447877,0.08616316019400894,18.967520478791318,9.340153333509684e-05,sehat
0.49594807624816895,0.17491775751113892,0.10917016321684511,0.4088129997253418,0.15901534259319305,0.31073588000142816,0.289612740278244,0.14613209664821625,0.46477390621889647,0.017284098678199064,234.31523550135032,0.92857186023148,0.19516940134823554,8.49727510749628,0.00030611205652728463,sehat
0.372366338968277,0.16130980849266052,0.8042887728685275,0.3557264506816864,0.1680988073348999,0.8746917025384897,0.33004847168922424,0.1774033010005951,1.0082299146253293,0.018213222167999005,281.2526840974321,0.9205472870603829,0.18109791436223646,9.120652756247251,0.00033659412664508717,sehat
0.5988247394561768,0.17133918404579163,-0.20344171219557666,0.5740158557891846,0.16202005743980408,-0.2525500004113332,0.4872543513774872,0.2417043000459671,0.17611771010626068,0.053522728591648285,248.1659659295799,0.930549193222361,0.2955460429287155,7.926646897782696,0.0029307704719021103,sehat
0.46402302384376526,0.21707698702812195,0.7194379237294928,0.520254373550415,0.2167232632637024,0.12415952013232841,0.2675844132900238,0.23258163034915924,1.9296585939996878,0.02091045203455008,590.8735548258692,0.8988842047734004,0.12883974006522106,15.003811788185423,0.0004414260259646805,sehat
0.34528815746307373,0.18240448832511902,-0.017833054678615824,0.4192599654197693,0.18677949905395508,-0.3966954190102766,0.29646605253219604,0.16133084893226624,0.5625410091156143,0.016965656939342138,369.13090982880834,0.9065491578862804,0.14280062821985043,11.265208678744692,0.0002942792448072393,sehat
0.586839497089386,0.15620343387126923,-0.1944386061412193,0.5623335242271423,0.16059675812721252,-0.43060312953415936,0.45202040672302246,0.1526465266942978,0.5635057033223402,0.02018522438609451,290.9751176411337,0.9068425722969568,0.1747286838690252,10.088961685196546,0.0004202291344629833,sehat
0.31975680589675903,0.22719217836856842,1.0630777992336504,0.3041359484195709,0.2213333547115326,1.088898830360464,0.28615063428878784,0.19979327917099,1.2406836527581757,0.020754027923547448,400.6890563948609,0.9358499655032945,0.18451064878753745,10.697875861986667,0.00043612221478030107,sehat
0.5782883167266846,0.17642691731452942,-0.19165805615252118,0.532208263874054,0.19805963337421417,-0.05781702766930153,0.44678422808647156,0.24793915450572968,0.5003332328662237,0.016056550765760572,387.70474737922626,0.9154545784209245,0.16828022316912164,11.452700699732574,0.0002626906473987999,sehat
0.5144103765487671,0.24633356928825378,0.4039657138517432,0.531136691570282,0.2617141604423523,0.23508166898215918,0.4112548530101776,0.3018612563610077,1.032380757577316,0.020882568672518826,245.70683202940145,0.9712951621201515,0.22241431375342738,8.004409230287946,0.0004434455700597369,sehat
0.6223927736282349,0.18008455634117126,-0.20399105411389884,0.5770378112792969,0.1930355727672577,-0.18240651920691356,0.26619645953178406,0.23293589055538177,1.9795387410247418,0.025472172798185946,401.72001755576616,0.9075704526001472,0.14997998642865076,11.45622473770886,0.0006542755081997498,sehat
0.7890205383300781,0.2567288279533386,-0.5965996322546363,0.7721633911132812,0.27518755197525024,-0.5507546474389211,0.7517091035842896,0.2953166961669922,-0.4834129576323515,0.4817606784854203,343.08492330935957,0.9644056992350825,0.5818260341673595,5.997572853820056,0.23213086015335116,sehat
0.606895923614502,0.21620382368564606,-0.3013779381043985,0.6119781136512756,0.2173471301794052,-0.3263017049342762,0.4403800666332245,0.3017630875110626,0.49412994049748027,0.024855532994053544,668.0684330674115,0.8911408838070806,0.16558888317796208,15.395592469491524,0.0006237025950182184,sehat
0.49780187010765076,0.11225324869155884,-0.42645927524911903,0.4581396281719208,0.09931929409503937,-0.10962916447108341,0.36369335651397705,0.12228526920080185,0.10963027538327218,0.018718822517768647,267.71691259677834,0.808343087507306,0.12664356153359282,10.699706808167804,0.00035342185962368954,sehat
0.4848899841308594,0.2705410420894623,0.24383891083613393,0.5224746465682983,0.2818213701248169,0.1891393556849226,0.41087621450424194,0.27353498339653015,0.8611869317636659,0.018604571640539337,632.2068581393464,0.9351631033044838,0.12683796389050234,15.914002200591888,0.00035113541772470203,sehat
0.8495934009552002,0.1672796905040741,-1.63812796262607,0.8246526122093201,0.18535828590393066,-1.5233122555285772,0.8045111894607544,0.1985318809747696,-1.4160235430901378,0.07162610747795135,414.3756143234382,0.9030666564562804,0.33525309913491347,9.381336287569743,0.005204709571203111,sehat
0.614192545413971,0.25423842668533325,-0.7472666382404984,0.5985673666000366,0.23086389899253845,-0.8507605939410651,0.4818481206893921,0.27700310945510864,0.2294791988561839,0.03145898007169825,742.8481655450274,0.8954174404008156,0.19549486902144256,15.357930051254263,0.0010084274483037237,sehat
0.47855404019355774,0.3006552457809448,0.39789270677180993,0.509497344493866,0.27673518657684326,0.34761062788177516,0.47075334191322327,0.3174116909503937,0.32918043559840804,0.016014111954149333,448.0001553926627,0.9575764385928863,0.16927895694037495,12.22845003848284,0.0002609711784752952,sehat
0.4110483229160309,0.23557120561599731,-0.02922398003913938,0.39221158623695374,0.2002144753932953,0.0018027932922482478,0.28187233209609985,0.18266989290714264,0.3609031597307697,0.010671528597238966,585.0899195903772,0.8955810259783191,0.08761454658271788,15.811729660172468,0.00011470907381932174,sehat
0.5770121216773987,0.17817269265651703,-0.19797329635416283,0.5792244076728821,0.1861441731452942,-0.17315462099950035,0.5273208618164062,0.23071879148483276,0.40775993210420686,0.014933675429852451,399.4139118394448,0.9095886740836575,0.1348204052417362,12.532720423563404,0.0002263621640521607,sehat
0.7137922048568726,0.18696382641792297,-0.7105017984927355,0.637540340423584,0.2112138867378235,-0.5350742787055279,0.5269439220428467,0.28656309843063354,0.2114946207702888,0.01989224236183348,561.3675509477289,0.8970332182957214,0.18280011922913308,13.551217603459564,0.0004033364215114454,sehat
0.4113885164260864,0.19715717434883118,0.47608365244375017,0.4019717276096344,0.2004324495792389,0.5387873885279273,0.37722092866897583,0.2185741662979126,0.5076002558201413,0.014333853449041194,417.4465606913484,0.9206300735805636,0.15655001903724627,11.730458615521004,0.0002103448403218861,sehat
0.6201054453849792,0.1971760094165802,-0.35367724567708714,0.6385139226913452,0.18208397924900055,-0.22795470737660903,0.5279269218444824,0.28172561526298523,0.0738021321153414,0.0655477992118508,252.11428859821186,0.9485139848909573,0.28194452852424084,8.981708838261929,0.004311619390590731,sehat
0.6633225679397583,0.3402072787284851,-0.630750008883681,0.6633225679397583,0.3402072787284851,-0.630750008883681,0.6633225679397583,0.3402072787284851,-0.630750008883681,0.18870110765921286,1059.722780132862,0.9290545608425544,0.37123247639976936,15.717410826921316,0.03565647966319255,sehat
0.4974569082260132,0.23522736132144928,0.30087277565309767,0.4864398241043091,0.23844006657600403,0.26679233674289055,0.35441604256629944,0.306057333946228,0.7890484684601995,0.01475531119276195,511.0325156138383,0.9321291767269116,0.13865704684160204,14.251557846266685,0.00022152469429886218,sehat
0.5734361410140991,0.2036876231431961,0.12713070181672956,0.5777096748352051,0.2073085457086563,0.03282502354833625,0.5356160402297974,0.27743062376976013,0.1468736086992266,0.018851319667028976,621.5843132961635,0.8906873068570937,0.14956230802960954,15.52160452568603,0.00036144685088771323,sehat
0.4688589572906494,0.28838449716567993,0.5261050543360911,0.5400595664978027,0.25764670968055725,0.37274634179894023,0.44821467995643616,0.3775060772895813,0.2710604687018266,0.022220969242556083,562.861873109587,0.9423822892665922,0.14995430080607633,13.473204790604427,0.0004988651444730608,sehat
0.3767912685871124,0.3217417299747467,0.3836712189681645,0.3429849147796631,0.32130303978919983,0.5899209691194855,0.3299131989479065,0.3146548569202423,0.6837929983039683,0.07938558961974494,1001.5015013437423,0.9227699142937505,0.2972385005840453,14.57532159987607,0.006318762701946027,sehat
0.48227658867836,0.276029109954834,0.2270870137004813,0.48227658867836,0.276029109954834,0.2270870137004813,0.48227658867836,0.276029109954834,0.2270870137004813,0.012961134542435386,1116.6307665740912,0.8872598638762396,0.11464110051474452,19.884143516554406,0.000170810876794729,sehat
0.4566917419433594,0.26021552085876465,0.49993678537621444,0.49569740891456604,0.23561125993728638,0.39897689108834034,0.3767242729663849,0.29023709893226624,0.776743417059569,0.020977370799453457,607.3424009744723,0.9220510832007087,0.1552198934066997,14.838748962925346,0.00044541677120591176,sehat
0.5264613032341003,0.16089583933353424,0.38892171295327327,0.48377853631973267,0.15548276901245117,0.39217823541890084,0.42284226417541504,0.16103890538215637,0.7442761152750039,0.013529752608731668,315.06173837386206,0.9001140292793995,0.11909666479357163,11.877319011455592,0.00018491335552958373,sehat
0.3759658634662628,0.2074185460805893,0.6677278715148168,0.4564153552055359,0.20111724734306335,-0.17998198361484405,0.32275646924972534,0.18670248985290527,1.0155681991428391,0.010071480192449715,604.5620087066407,0.8776189909578694,0.07300668945876422,17.1833635089771,0.00010199676984665343,sehat
0.5889380574226379,0.17788517475128174,-0.6154499633725417,0.5547152757644653,0.187819242477417,-0.49234403857586695,0.4667031168937683,0.23581139743328094,0.24885757059477845,0.018017276816584188,343.4783617337639,0.9230495285069882,0.1826417957305594,9.759527063857886,0.000330271286163414,sehat
0.4357464015483856,0.2730594873428345,0.7488872662517703,0.4553641080856323,0.2127307653427124,0.3732310111869328,0.19555673003196716,0.20932579040527344,1.4252315216774123,0.01068114430477876,730.6387678576638,0.8893135210978061,0.08625057460241801,17.236918952061817,0.00011490334395397696,sehat
0.6594989895820618,0.15341898798942566,-0.24856217357230317,0.5212128758430481,0.22787673771381378,0.21467491970312066,0.43660494685173035,0.26956048607826233,0.7618692058514388,0.01853221705477123,556.3973154986162,0.8968263402236087,0.16012471401719455,14.471918824812684,0.0003489001136945315,sehat
0.4270676076412201,0.2920571565628052,0.4438651430955234,0.4270676076412201,0.2920571565628052,0.4438651430955234,0.4270676076412201,0.2920571565628052,0.4438651430955234,0.013186195879362553,455.16320113352276,0.9587907532532731,0.10778126672823524,14.306336339515754,0.00017935517328803767,sehat
0.3779776394367218,0.14787398278713226,0.5390248551512636,0.4188753366470337,0.14143933355808258,0.6028362008444814,0.3952421247959137,0.21888072788715363,1.006738033482449,0.019671569606361825,290.26839515071316,0.89689219800302,0.1698472513507104,10.69124446400894,0.000393534354704529,sehat
0.48328280448913574,0.20939555764198303,0.15276044785871407,0.4966279864311218,0.19003818929195404,-0.07074719500828872,0.3778643012046814,0.25782510638237,0.6030617705475667,0.011184455464473433,657.0306168810775,0.8685463039145133,0.1026322988833764,16.277136436799047,0.00012672147523010133,sehat
0.4410417675971985,0.15530900657176971,0.3903676507049929,0.36188817024230957,0.15724502503871918,0.7187370603546175,0.2940146028995514,0.1662662774324417,1.0230808801220463,0.014911622878574497,563.4550225132294,0.8202414746785559,0.1297048707919151,14.063322182946811,0.00022666362606405804,sehat
0.8025259375572205,0.259972482919693,-1.3751620598477505,0.7766833901405334,0.28293144702911377,-1.179846542423367,0.7409258484840393,0.332110732793808,-1.1008479499345005,0.039102704707460675,419.22024187154574,0.9591984339984917,0.16326235713963352,11.70672085193261,0.0015742597749650179,sehat
0.5454663038253784,0.17763127386569977,0.1084922962094908,0.5638159513473511,0.18976230919361115,-0.07649764021765419,0.46994227170944214,0.30030256509780884,0.1736603302786843,0.014750700417625405,503.8234524211107,0.8950539293084604,0.1707748823401971,13.712712464124346,0.0002214199426416369,sehat
0.5058462023735046,0.2839571535587311,0.20080790227806053,0.47536584734916687,0.2736250162124634,0.35744292005282985,0.4046749472618103,0.2695469856262207,0.7046686231347689,0.017911146010502685,886.6942043396406,0.9076186675756461,0.1455822645187996,16.17632109002822,0.0003270092896652147,sehat
0.4749416410923004,0.20293161273002625,-0.2528523735573652,0.548117995262146,0.2338085025548935,-0.33532376455494584,0.5123510956764221,0.25773534178733826,0.4102874985432755,0.02089319565238028,601.163514676401,0.8964586791859656,0.15911428959272575,14.89306137034673,0.0004503250928210986,sehat
0.7603844404220581,0.14560909569263458,-0.9412856393021417,0.6780970692634583,0.20466940104961395,-0.6812178750509944,0.3234555721282959,0.1498969942331314,0.6938914084631401,0.019944294770925228,258.70783235100095,0.9332975585671998,0.1459927353180036,9.454041828157578,0.0004021872106451836,sehat
0.8575844764709473,0.18991871178150177,-0.9983773690138373,0.838135302066803,0.21512822806835175,-0.9514194182984631,0.8255568742752075,0.2320820689201355,-0.999972908675457,0.46734171068739955,317.852469090794,0.9443639332555388,0.5812106477755334,6.33558013790994,0.21845145099629748,sehat
0.4118807911872864,0.17023900151252747,1.007104601840925,0.3668580651283264,0.16457653045654297,1.0885632072531322,0.3444826006889343,0.16778574883937836,1.1522621435504072,0.016291135948980903,295.9950286884919,0.9149908000554818,0.1343335421087134,10.440842810745814,0.00026894202891671493,sehat
0.44363051652908325,0.16152846813201904,0.4250281750705614,0.45427000522613525,0.17617423832416534,-0.07913170995979846,0.30425527691841125,0.15667547285556793,1.1359811648698233,0.012649252671744904,593.9570284890962,0.824606913477956,0.1022009323822179,15.40994924463915,0.00016630548704523251,sehat
0.46377313137054443,0.2532730996608734,0.1705351829447711,0.43607252836227417,0.20745082199573517,-0.11846864186935684,0.19966204464435577,0.19399946928024292,1.6607198615969097,0.010630428171956058,895.5771055590485,0.8440195775204941,0.09141836931445568,18.684055495391647,0.00011421043613015083,sehat
0.5750532746315002,0.18147671222686768,-1.0663909610589541,0.54789137840271,0.1862936168909073,-0.9235874975099378,0.2069743424654007,0.11202975362539291,1.4114730318348172,0.020277533200542472,303.3832969171527,0.9182984333900387,0.12156865764749904,11.040669085508126,0.00041367280989570033,sehat
0.6466490030288696,0.22102171182632446,-0.5213559346960063,0.6584542989730835,0.25283464789390564,-0.611874004191236,0.46599477529525757,0.39318782091140747,0.43964355336479904,0.027204168221476765,766.065606909567,0.9050188852704312,0.1692649854605834,16.38881541672482,0.0007501428737027027,sehat
0.5566904544830322,0.23576593399047852,0.6629002864163367,0.5108581185340881,0.22391310334205627,0.9697623136078927,0.42855873703956604,0.23678740859031677,1.3576046941025415,0.06227722868213311,231.01797756878764,0.9645249982531481,0.2622277629419467,8.22258445238347,0.003886035352543916,sehat
0.6110064387321472,0.2263229340314865,-0.5294060631668922,0.6135313510894775,0.24054764211177826,-0.5883807251093326,0.47474098205566406,0.296856164932251,0.42103954313470104,0.019254839618529,717.4604875325193,0.9019778120332193,0.16762829236694032,16.625152119751117,0.00037758595050961237,sehat
0.7950435876846313,0.2953709363937378,-1.4837571421636282,0.7284692525863647,0.33285650610923767,-0.7946420936645212,0.6888540387153625,0.36200928688049316,-0.5434147987800871,0.4389708232911272,532.0647689150037,0.9600073995124028,0.5956668954970633,7.522148732508331,0.1927307218410125,sehat
0.41050606966018677,0.1614670604467392,0.18662155933075386,0.43237945437431335,0.1552313268184662,0.12188002005074645,0.3504258394241333,0.24796313047409058,0.7512254986549911,0.020125239010482604,267.49900501385395,0.9213103868733107,0.21343205610003435,8.370400073771135,0.0004101759547098732,sehat
0.6620903015136719,0.3099985420703888,-0.06752607536460423,0.6612008810043335,0.31633374094963074,-0.13538969445959764,0.5784227848052979,0.3828056752681732,0.03885873059051267,0.33699262504919764,472.8762616882537,0.9646074210594765,0.441595777004927,9.920110799503574,0.11357279910517971,sehat
0.5370278358459473,0.1796853095293045,0.17294597616357846,0.5184007287025452,0.18786272406578064,0.1673335482575452,0.3806852102279663,0.18487127125263214,0.39290533575736214,0.009740601895559675,678.5789289347703,0.827943004422183,0.07024729017555571,18.430678823074015,9.613341507313161e-05,sehat
0.50107342004776,0.3140433728694916,-0.03895848737206789,0.39919447898864746,0.29113197326660156,0.17869646412093437,0.33338290452957153,0.28257784247398376,0.42872588943642037,0.05586367700652309,392.1460527912573,0.964149399173035,0.2553411656207742,9.227769108704718,0.0031397693513942845,sehat
0.49861305952072144,0.31165868043899536,-0.016024488790668635,0.3962099552154541,0.28746166825294495,0.18745480632979913,0.33086350560188293,0.27974310517311096,0.43642066930761686,0.05262057467500109,365.127212005549,0.9657756671379606,0.25299877747770877,9.126815941485853,0.0027895086090458637,sehat
0.5086462497711182,0.3072710931301117,-0.034768794692391726,0.4065347909927368,0.2862284183502197,0.1559642645202937,0.3420383930206299,0.2815921902656555,0.3977641940936127,0.03982653028584698,392.7267844517697,0.9627189941832786,0.24865979424790619,9.125156736721177,0.0016270295770042908,sehat
0.4495813846588135,0.29409801959991455,-0.47873636386665425,0.31191250681877136,0.21343521773815155,-0.3101857067732104,0.2429191619157791,0.1730967015028,-0.15490548902210682,0.1520895234603367,361.25929526036424,0.9476072596753379,0.2761053975323134,10.20055062426861,0.023160203518308897,sehat
0.4617137908935547,0.28991585969924927,-0.548943842020886,0.3201432526111603,0.21075862646102905,-0.3714254805112996,0.24906675517559052,0.17098350822925568,-0.20649776918692675,0.13714212591202832,354.3063710211225,0.9471899762874676,0.26938351420102385,10.141995462562264,0.01886747117500385,sehat
0.5697506070137024,0.23423025012016296,-0.5779517496607164,0.4835837185382843,0.24152162671089172,-0.022175121117203628,0.41632047295570374,0.2443930208683014,0.3066603755258206,0.02032222021821822,305.4611285508924,0.9576705721434909,0.16705721602679544,9.475181597197242,0.0004200203312778508,sehat
0.5509709119796753,0.2553080916404724,-0.6257875082082849,0.4684396982192993,0.25574055314064026,-0.07669813066826775,0.40418702363967896,0.2544333338737488,0.26644853676102176,0.04884068437877187,289.89608762946335,0.9648490715915646,0.19266372072902313,9.248832614755027,0.0023940866363082445,sehat
0.5780021548271179,0.22303497791290283,-0.49995115267898077,0.48958730697631836,0.23413139581680298,0.038601903153213914,0.42103105783462524,0.23957796394824982,0.34562332674141527,0.014200365418493626,312.74969460808967,0.9532450180941155,0.15544099531691724,9.640848392912677,0.00020692369275713304,sehat
0.37544387578964233,0.3148748278617859,0.2618173985854489,0.3463401794433594,0.29541295766830444,0.39482659450047003,0.31362801790237427,0.2729913890361786,0.5001250715297626,0.16935535197828802,500.6490577996249,0.9563009420059604,0.2976132523672698,11.509078913812274,0.02870416388996289,sehat
0.38712409138679504,0.31496307253837585,0.22066371697293422,0.3570273220539093,0.2950602173805237,0.3588076362654473,0.3225734233856201,0.2719545066356659,0.46229285774966866,0.14765432265077594,480.1423257151825,0.9580122934955196,0.2798590634682955,11.544227148275374,0.021859428485086027,sehat
0.37897682189941406,0.31674838066101074,0.25936814144426684,0.3492780327796936,0.29700255393981934,0.3932188320511755,0.3164669871330261,0.27411481738090515,0.4867855143903896,0.16760089653718033,499.989252772508,0.9568219314269545,0.2939572102502845,11.460628671627324,0.02811388098220495,sehat
0.5525124073028564,0.3496330678462982,-0.35632705917083235,0.5005813837051392,0.32865646481513977,-0.1676293194597582,0.40179944038391113,0.3101631999015808,0.306818232221471,0.13103561505673125,418.34202497237703,0.9699064384173514,0.33279002356247683,7.7910833434788715,0.01718500116198814,sehat
0.5659624338150024,0.3410678207874298,-0.41220230476383407,0.5154157280921936,0.3211493194103241,-0.23561769003960217,0.4112083613872528,0.3045985996723175,0.2628103792120035,0.11021018437588652,455.5964319939069,0.9654976597777395,0.3160870942134404,8.117504861186616,0.012164328648026678,sehat
0.571111798286438,0.3384207487106323,-0.4229391874607755,0.520960807800293,0.3191862404346466,-0.24465781336062037,0.41584154963493347,0.30430471897125244,0.2591843806203021,0.09535169897540983,466.51800380193436,0.9641379569060587,0.3068382993581929,8.234353504786458,0.009121580534788539,sehat
0.5879445672035217,0.299706369638443,-0.2850215861301853,0.5318941473960876,0.303148478269577,0.005062268286509323,0.4919908344745636,0.3042606711387634,0.20553603144613705,0.05697682746133922,379.12158883223566,0.9671961349008047,0.2592214242624932,8.217403273703932,0.003260777719861867,sehat
0.6229264140129089,0.28239351511001587,-0.264140438264756,0.5660699605941772,0.29330095648765564,0.01128335982548683,0.5261198282241821,0.2985844612121582,0.18958342370827838,0.037792051318038956,465.71840141103877,0.9563164330355641,0.2460618414629894,8.585733365896065,0.0014492697334686367,sehat
0.576006293296814,0.31278669834136963,-0.7922824844065338,0.5117301940917969,0.32316461205482483,-0.20361756599003564,0.5100883841514587,0.35108205676078796,0.011266305651743042,0.12037050166515006,505.44610346472797,0.9605823194229558,0.33145585113136217,8.857150245536163,0.014526539848984402,sehat
0.5656516551971436,0.32254552841186523,-0.7305252756619598,0.49884748458862305,0.32908281683921814,-0.15454662189283241,0.4961656332015991,0.354581743478775,0.04915470040659984,0.12940177004462514,614.1309009180347,0.9543443328763512,0.3322292841415211,9.347599984602263,0.016766229825059795,sehat
0.4563920497894287,0.3123954236507416,-0.37532305371719743,0.4052552878856659,0.30195143818855286,-0.04395542328204906,0.36002978682518005,0.2929542362689972,0.255152085645546,0.20434979002746786,334.51619303617014,0.97171828151848,0.3525407622866675,7.288220597326248,0.04179610850126219,sehat
0.45284077525138855,0.31498461961746216,-0.3538847033675418,0.40134310722351074,0.30351290106773376,-0.028236282323536067,0.35699135065078735,0.29427510499954224,0.26604986011826315,0.21008466775494605,339.1625631958897,0.971683238825828,0.3547909992406195,7.358490259652086,0.044160667056400045,sehat
0.44861578941345215,0.31480059027671814,-0.3260336641366088,0.3976845443248749,0.3028726577758789,-0.004609219177450872,0.35422560572624207,0.2935445308685303,0.2825506948691677,0.21039524284338643,311.8337008343454,0.973879400151755,0.35612772723628466,7.161969558982911,0.04429332872691167,sehat
0.5121572017669678,0.2832331657409668,-0.32245250408264414,0.4392739534378052,0.2776511609554291,0.08583095110376768,0.381476491689682,0.2687839865684509,0.39376149594974336,0.06081649805682437,313.20364726988186,0.9682159604037274,0.21089805635817896,9.67240794353004,0.003717369351099224,sehat
0.5099477171897888,0.2863255441188812,-0.33066640171901346,0.4378466010093689,0.28013429045677185,0.08163960347045573,0.3806113302707672,0.27119189500808716,0.3929817993181983,0.07331850635969867,324.17064407934396,0.9677889506857169,0.2208425506227678,9.660680185993227,0.005391558948729729,sehat
0.46815603971481323,0.28052881360054016,-0.5848371934077513,0.4132542312145233,0.2755920886993408,-0.20846102752272774,0.37772658467292786,0.2751864194869995,0.019126410779636917,0.11239046181849088,361.20916439111625,0.9628031515125679,0.28739808355229357,9.13399637723755,0.012665859703082415,sehat
0.47123366594314575,0.2781829833984375,-0.6113631128780709,0.4160348176956177,0.273802787065506,-0.22742279393778092,0.3799438178539276,0.27355843782424927,0.0037377724500128437,0.11612549814440944,354.4780202279285,0.9629375829656963,0.2880542814503852,9.118001355709904,0.013521464374500138,sehat
0.5638642907142639,0.3393954038619995,-0.37414735734981314,0.48567432165145874,0.3332388997077942,-0.07246835497000355,0.40281304717063904,0.3428124189376831,0.3202788376000149,0.09448980079816093,443.5427986447344,0.9690243419322152,0.3221624539595661,8.063646437455308,0.008946250410213642,sehat
0.5787320733070374,0.3262173533439636,-0.41931819518461627,0.5008606910705566,0.32413217425346375,-0.11933431618273647,0.4149036109447479,0.33601707220077515,0.2741121396832562,0.07752194783266403,443.66017035044564,0.9669673493602177,0.2992547472299955,8.432689313416201,0.006027200900851913,sehat
0.6059157848358154,0.3158557415008545,-0.49162711320888947,0.5276787877082825,0.3193734288215637,-0.196783359765418,0.44092077016830444,0.33835914731025696,0.18333291432502297,0.06974711928152826,586.5053259379542,0.9546460206904109,0.2838183282555666,9.155768380952273,0.004882467676787767,sehat
0.5612080097198486,0.31790170073509216,-0.5160341787523617,0.47737857699394226,0.2909761071205139,-0.14112194928993313,0.4346151649951935,0.28238996863365173,0.15124859105495503,0.09316628327778433,347.7214200358832,0.9689267067133048,0.31211087336327853,7.527410035280021,0.008695329468116781,sehat
0.5601927638053894,0.3161433935165405,-0.5284560854878443,0.47439825534820557,0.2896561622619629,-0.1322624998082309,0.4317498207092285,0.281314879655838,0.1667557861623418,0.09009826474981986,328.6368153680826,0.9703027932092919,0.3109659251113321,7.4666604520801,0.008134760864001401,sehat
0.24075070023536682,0.269141286611557,1.023148614762068,0.19547928869724274,0.22346259653568268,1.2073872556405196,0.20375241339206696,0.2319163978099823,1.160632869088117,0.07410766802022699,341.67318785957553,0.9533739400136741,0.28860525536044346,9.55226271342309,0.005556228620368977,sehat
0.23477089405059814,0.27205970883369446,1.0317668965835651,0.18956713378429413,0.22540423274040222,1.224701823405927,0.19730259478092194,0.23381122946739197,1.179479183527645,0.11636602859056845,333.39217528726266,0.9554022044357465,0.3274361138164859,9.166756530299368,0.013599841610026987,sehat
0.39676201343536377,0.280596524477005,0.06784223219058484,0.3098825514316559,0.2416170835494995,0.31197603580499755,0.26039910316467285,0.22852905094623566,0.5540675735195122,0.07244110087531697,192.9697238798149,0.9762727277387878,0.2512042637416992,7.647659279352638,0.0052682148073324745,sehat
0.40323805809020996,0.27581843733787537,0.05725545171433417,0.314656525850296,0.23883341252803802,0.29897489642333563,0.2640650272369385,0.22676850855350494,0.5401235138413573,0.0524728873391126,197.47449031666636,0.9750866294548691,0.2395137095805643,7.779563698962115,0.002774124506934856,sehat
0.49419552087783813,0.27488604187965393,-0.3015935692422051,0.5467893481254578,0.2801149785518646,-0.5337786422416428,0.46079227328300476,0.30851560831069946,0.293486711353099,0.04041083182732377,713.5533083708916,0.9283730706171106,0.2667546198818793,11.75283573438984,0.0016535486051963766,sehat
0.564408540725708,0.24923425912857056,-0.7997279172964735,0.6578007936477661,0.28842729330062866,-1.205207480825834,0.7296038866043091,0.3307071328163147,-1.0884799450563976,0.04897607459947731,431.74540866305557,0.9567547311367491,0.4124817754227086,7.5866781026252035,0.0024447499568700775,sehat
0.7610697150230408,0.2986239492893219,-1.4592210049188938,0.7549950480461121,0.29971402883529663,-1.408630935349967,0.751982569694519,0.29859718680381775,-1.3766927988163042,0.03214492860422525,842.4767159280191,0.9280915239785629,0.17569806638274066,14.174811198633096,0.0010503867796031673,sehat
0.5103281140327454,0.260576456785202,0.2567103623267753,0.6015152335166931,0.24595586955547333,-0.2607230203038683,0.5335026383399963,0.3667394816875458,-0.06447298476920657,0.01813498558096724,568.2727584805328,0.9283836780263167,0.20824941883559098,12.295433903676928,0.0003364268352806827,sehat
0.857894241809845,0.27800530195236206,-2.0940500870102414,0.8416951298713684,0.284294992685318,-1.90064236455231,0.8312556743621826,0.2900451719760895,-1.7806535620218453,0.5257334333466671,745.2567308170896,0.9287823304282342,0.6295305216098579,8.537040428452274,0.2764431516293779,sehat
0.7060582637786865,0.33127379417419434,-0.7693295421637643,0.7595521211624146,0.2602170407772064,-0.5705161984140941,0.7633928060531616,0.25403788685798645,-0.6003934762425248,0.3091133011198531,355.7831229338282,0.9650522755745262,0.44252382484768993,8.636433802607229,0.09558328281868955,sehat
0.38767609000205994,0.23318901658058167,-0.07186098887105963,0.4557076394557953,0.2645956873893738,-0.27611085546901937,0.3092133104801178,0.1925373673439026,0.6040402315117096,0.015117292331391996,551.4948529727022,0.9290025467629196,0.12560370000753732,13.259687257661888,0.00023065300155825108,sehat
0.5622060298919678,0.19040945172309875,-0.5500490320484287,0.7258280515670776,0.19092170894145966,-1.8799500441533945,0.43323805928230286,0.3244751989841461,0.5543498538110647,0.020018136611367112,307.822672983504,0.9246219352418654,0.19225571454112564,8.51692270763302,0.0004117115425208114,sehat
0.3844107985496521,0.2287161946296692,0.383939956004956,0.4379749000072479,0.2298249751329422,-0.21359394016117547,0.28395578265190125,0.22905831038951874,1.1463142629968226,0.023624284780279083,806.0100312411073,0.8767876124621883,0.12582384434977448,15.914459157117347,0.000564488450795801,sehat
0.4099138081073761,0.21466350555419922,0.29928743041145955,0.4568122625350952,0.21885733306407928,-0.37037293000766686,0.3121972680091858,0.1888800710439682,1.0758125207262677,0.013243160691742624,749.0832790153733,0.8697441435393197,0.13511832116169675,14.642111604597337,0.00017681415217828646,sehat
0.5097241401672363,0.26468607783317566,0.02531572456721814,0.5437189340591431,0.2678890824317932,-0.32737392368133933,0.4759589731693268,0.2885565459728241,0.38860474033613623,0.017350943315045882,547.5970082624658,0.9394529391558365,0.21625606790206908,10.466226552465189,0.0003066576053614481,sehat
0.44429177045822144,0.17920230329036713,-0.12957144319072897,0.4980722665786743,0.1980811357498169,-0.6477457923297273,0.2981228828430176,0.15818646550178528,1.1366236928058409,0.015846104123375927,323.5428075263329,0.9231829304960454,0.14612859347076615,10.062692454790815,0.000254207434117035,sehat
0.43488651514053345,0.28071871399879456,0.20809090371388705,0.48902881145477295,0.2918040156364441,-0.2694108059803827,0.36560574173927307,0.259566992521286,0.8517446681451094,0.029954608224862494,408.64302496888257,0.9602048597685852,0.28394314707949975,7.973398372528273,0.0009128918662785489,sehat
0.454953134059906,0.25296175479888916,0.23738831455128626,0.48098087310791016,0.25271618366241455,0.03602588059064279,0.4143667221069336,0.3174074590206146,0.13458091964023194,0.012675642035153414,940.4756587779681,0.8886341968978501,0.17118616609998208,15.817714299609664,0.0001638974309967015,sehat
0.4826616942882538,0.23182642459869385,0.3822407350406173,0.4873007535934448,0.21170485019683838,0.21290736470780003,0.3361905813217163,0.2858497202396393,0.7600583630985194,0.015889909486046936,461.99671245753785,0.9288870718362608,0.1491250852648149,11.59124964281767,0.0002551801936296414,sehat
0.5865869522094727,0.29253286123275757,-0.2829163268078677,0.6248602867126465,0.3018410801887512,-0.4014724012333942,0.5221497416496277,0.34948840737342834,0.27772165190113834,0.03263746963409125,985.4490380602347,0.9163591910888357,0.19764845281573348,16.378944935119385,0.0010799175326342665,sehat
0.7722069621086121,0.3310442864894867,-1.5047216886732206,0.7617318630218506,0.3318181335926056,-1.43345455733493,0.750693678855896,0.3355870842933655,-1.3620209311692295,0.05773866495028846,844.4159483780087,0.9413838358585639,0.25862303138263626,11.557982513301829,0.0034472546186932,sehat
0.5453625321388245,0.23297393321990967,-0.35283066432662435,0.5597642660140991,0.22509920597076416,-0.6050256624667508,0.48498550057411194,0.2572989761829376,0.09477846625043185,0.11106561085891059,356.4734267613391,0.9474227537684983,0.45665430929781886,6.096433382276817,0.012356123758615107,sehat
0.5620076060295105,0.20520170032978058,-0.21298810964308285,0.62541264295578,0.1767810881137848,-0.9406111209210434,0.5589359402656555,0.3213158845901489,-0.007420352404480832,0.038260770575297115,529.7894549605502,0.8922016298963246,0.27136661374074916,11.396834582097968,0.0015008105441316189,sehat
0.8252706527709961,0.24673670530319214,-1.747569974168188,0.806064248085022,0.27069178223609924,-1.4217306719376042,0.7913540005683899,0.2918122112751007,-1.3281461282305054,0.05845573207863758,732.9883278277049,0.919923692203758,0.22126562724474677,11.70458390687764,0.0035362323633197222,sehat
0.7919520139694214,0.277427613735199,-1.4193677658365111,0.7922348380088806,0.2764139175415039,-1.4031048393055763,0.79854416847229,0.2675442099571228,-1.3915298234505682,0.35844094377862584,390.6028552411101,0.9606880231228744,0.5552415455567777,6.409852663002923,0.12850751852690598,sehat
0.9328303337097168,0.1713632196187973,-3.3589133047772872,0.9283066391944885,0.17475202679634094,-3.171243206470213,0.9367859959602356,0.164311483502388,-3.26450181363327,0.5692999210815043,391.15876066592205,0.899230468633227,0.6961823855969009,5.876484497344143,0.32412552659285415,sehat
0.7516711950302124,0.2954655885696411,-1.2810749029194641,0.7336542010307312,0.3018694519996643,-1.1644521064232074,0.7130125164985657,0.3072293698787689,-1.0170281175857094,0.025039386235040845,881.2190868876736,0.925211430209095,0.13720439356375055,15.141146105004262,0.0006430666540218023,sehat
0.440992146730423,0.232505202293396,0.3604877285433693,0.49017879366874695,0.20563343167304993,-0.17645720993344868,0.37039947509765625,0.2736130952835083,0.4578752488805178,0.01312734040739536,676.0803658805154,0.8890876658740154,0.14862356509777774,12.986117144335816,0.00017459164353178386,sehat
0.6238898038864136,0.3772352933883667,-0.3319861860209981,0.6142107844352722,0.38443806767463684,-0.3095563776419255,0.6168646812438965,0.38511916995048523,-0.33493255289766194,0.3858480794914028,600.436763874398,0.968418891831529,0.5083605710196281,8.771194193413079,0.14892732992680321,sehat
0.38279712200164795,0.23348036408424377,0.6105857031272612,0.44732990860939026,0.23932227492332458,0.06373865690776799,0.42956873774528503,0.337431937456131,0.4643483997975496,0.01789133512899084,491.30745704663013,0.9338668505941428,0.25163775440108227,9.683733909953727,0.00032639881314531095,sehat
0.5430905818939209,0.2154649943113327,-0.8214728836780905,0.5636765956878662,0.23078946769237518,-0.6444813892714372,0.4973118305206299,0.3187110722064972,0.2073490998882112,0.041163400419109424,615.7801914223888,0.9122194602412468,0.2892550569030291,12.221977180642037,0.00172048753226105,sehat
0.7484113574028015,0.2358250916004181,-0.9113209448508913,0.7250322103500366,0.2611995041370392,-0.590926823748095,0.6409858465194702,0.3201605975627899,-0.14458434783585483,0.16237028126725764,731.9150760791554,0.9154340268900244,0.3356026215898577,14.53511313554012,0.026414582039066884,sehat
0.7059447169303894,0.3270561695098877,-1.0701565269469897,0.7003358602523804,0.3284253776073456,-1.057451583614535,0.6945677399635315,0.3264981508255005,-1.0206457508977005,0.020475129552340873,891.4472190490761,0.9365399678466969,0.11370976942889725,18.2175737851119,0.0004305632378503455,sehat
0.4983237683773041,0.23446251451969147,0.2880561274350996,0.529339611530304,0.21891172230243683,0.011947366564070834,0.38246825337409973,0.3079524636268616,0.4757176471235558,0.03147265543542855,444.343026400308,0.9357185703871705,0.24809225632505205,10.781123723362953,0.0010071181617555213,sehat
0.6251862049102783,0.20699310302734375,-0.22886176216422435,0.6733237504959106,0.20355133712291718,-0.9272131777461053,0.6206411719322205,0.32783767580986023,-0.5324328690236568,0.019387814877956013,597.182976341537,0.8962091181291852,0.2169325803074148,12.235967832595628,0.0003840375247894489,sehat
0.38046762347221375,0.25498199462890625,0.8034784856807061,0.36697912216186523,0.2531128525733948,0.9496335749558709,0.34538814425468445,0.25498971343040466,1.2084119070382144,0.013179202987121094,662.5705118662316,0.9205279156585254,0.13623265509069762,13.793882347914847,0.0001772406691634881,sehat
0.7260572910308838,0.3187577724456787,-0.9934633590083368,0.7245253324508667,0.3199504017829895,-0.9820066475488827,0.7267457842826843,0.31700700521469116,-0.9884774714363744,0.2592205106576721,819.3034267584827,0.9385817393755046,0.4462812304779275,11.420142791650386,0.06724136526749265,sehat
0.4728585183620453,0.2100093811750412,0.3045518966935293,0.5430750250816345,0.19777683913707733,-0.49959873478206207,0.4037035405635834,0.21981938183307648,0.8637680560373308,0.015704311084268476,774.5128589685456,0.8488313103982393,0.14877996609229777,14.271666347188264,0.00024986901169751216,sehat
0.4508666396141052,0.29034194350242615,0.4928228786442172,0.4246271550655365,0.27255165576934814,0.6981176694410793,0.4353959858417511,0.27567437291145325,0.7250493505089737,0.017143014867260695,677.1545757606242,0.9327624233267017,0.16822997805851447,12.698114198987748,0.00029717699172329785,sehat
0.4719955027103424,0.2546953558921814,0.4352165773938003,0.5209710597991943,0.23677712678909302,-0.006141696675933817,0.37962791323661804,0.3037952184677124,0.7247642251509837,0.038348485871052496,727.0909081521469,0.9082283181447139,0.20117000445695798,13.660492715995792,0.0015088597857837204,sehat
0.44628244638442993,0.2796044945716858,0.24533063931504956,0.46493715047836304,0.28358542919158936,0.07862036297765417,0.38045334815979004,0.2814083695411682,0.7802773553192017,0.018971994530547927,804.3834444134432,0.920847946820441,0.2011187354775866,13.459876290109,0.00036734232277392726,sehat
0.40753456950187683,0.27877774834632874,0.26138255806761374,0.4424768388271332,0.28755542635917664,0.031176411528357484,0.3030169606208801,0.2578452229499817,1.241833276794907,0.022369543518193535,947.9045604009399,0.9045801794852729,0.13919230790450646,17.711092269857563,0.0005033348282397417,sehat
0.5763281583786011,0.21753734350204468,0.10834473857407602,0.6682298183441162,0.21480952203273773,-0.4707490932092482,0.49684369564056396,0.2698574364185333,0.7864999226051789,0.039230347223563514,526.3920175224374,0.9146758188622627,0.20112594875263864,12.860138375358398,0.0015545656592031315,sehat
0.5083423852920532,0.2732992172241211,0.24211926608991086,0.5267709493637085,0.24809759855270386,-0.45833597027089595,0.4448431134223938,0.30691105127334595,0.4474637782529755,0.01552225979830787,554.7786540876092,0.9255758183582428,0.18305042223891962,11.710530860541452,0.00024485133109217666,sehat
0.5335226655006409,0.2708882987499237,0.0043265136234590905,0.44506746530532837,0.2607026994228363,0.5620526538820824,0.35420674085617065,0.25563016533851624,1.3335465793583279,0.026809105087503254,691.6962604801753,0.9208112952387308,0.20041531637880414,13.866511236268279,0.0007271904687235218,sehat
0.5625888109207153,0.21476812660694122,-0.9292631482921307,0.6110930442810059,0.2239782065153122,-1.20236441236379,0.5553233027458191,0.30221644043922424,-0.2259708913704779,0.04603681386364473,532.8841836603026,0.9184643888930651,0.344162055373955,10.432570786724325,0.00215636828606985,sehat
0.7806680798530579,0.36951759457588196,-1.3946900431289342,0.7734915614128113,0.3702664375305176,-1.344888492355078,0.766869843006134,0.37219423055648804,-1.2989943866955134,0.5344729847189916,855.4147840731807,0.9516873328566477,0.6825798451296508,8.461533801548944,0.28569482274795277,sehat
0.4320474863052368,0.23323459923267365,0.3337652307230345,0.5308969616889954,0.23526731133460999,-0.2494888272273432,0.2559139132499695,0.2018759399652481,1.8537976886264904,0.014002923593468006,646.3906190139779,0.8995981735560994,0.13514868267836136,13.30548592607807,0.00019995254637319383,sehat
0.7411371469497681,0.285972535610199,-0.9597033749704348,0.7706859111785889,0.287349671125412,-1.194287170294627,0.6355377435684204,0.3196161687374115,-0.06683283777301463,0.2996880273425796,572.7710009065432,0.9459280837106679,0.4155829977859278,10.27041513532742,0.08985189021420288,sehat
0.6171500086784363,0.2218838334083557,-0.36159477081542607,0.6389520168304443,0.23125357925891876,-0.49638012540486176,0.5344680547714233,0.3385404944419861,-0.14642623014893918,0.026027705909380933,629.5095325478261,0.9138876610081118,0.23388688653969922,12.516515361656948,0.0006919644257072599,sehat
0.5264780521392822,0.33700039982795715,0.061607216508002875,0.558032751083374,0.3204531669616699,0.028421583220161833,0.4761040508747101,0.3878897726535797,0.15802317521415982,0.04155807133481915,797.465925986861,0.9441320434209907,0.25934580094686904,11.69075347573551,0.0017425543829403358,sehat
0.6907175183296204,0.40945684909820557,-0.7152364873110787,0.6630276441574097,0.4166625738143921,-0.6446032600832781,0.64007568359375,0.4137633740901947,-0.5452303216809823,0.355924017334661,1124.45507403036,0.9495673386035532,0.5175397405026919,11.271700891977831,0.12670579958193662,sehat
0.5503982901573181,0.2028791755437851,-0.4323559900367941,0.5383549332618713,0.20353755354881287,-0.5481067087904047,0.2732274532318115,0.1824338436126709,2.0463646841172216,0.012764955079567826,822.3360939634825,0.8359037229554632,0.0875628081178109,19.005108572689746,0.00016370156753113093,sehat
0.47225770354270935,0.292771577835083,0.28666760847354894,0.48119547963142395,0.2868029475212097,0.2123234272432223,0.44347232580184937,0.2995414137840271,0.4722393830467322,0.015035290965988088,685.1483944557534,0.9365529424332301,0.1794704232357477,12.548528592873128,0.00022941432579548623,sehat
0.6657602190971375,0.2650936543941498,-0.6395819899726466,0.6780120134353638,0.26488348841667175,-0.7601244274653532,0.5686520338058472,0.30092695355415344,0.07584742686252258,0.10729749560014172,867.4057346513968,0.905908074550084,0.2542394727045494,15.287855563122323,0.01152020788833101,sehat
0.6484827399253845,0.26189568638801575,-0.4676716400744884,0.6476308107376099,0.24696382880210876,-0.5499166441844827,0.6155365109443665,0.3090987205505371,-0.2781818504316527,0.02377339888402551,682.9862484563105,0.9190114799219075,0.24150666119241396,11.33092578635072,0.0005745295077667049,sehat
0.38989776372909546,0.20965199172496796,0.645211225911759,0.44047749042510986,0.20921455323696136,0.44328723027322803,0.38400334119796753,0.27284297347068787,0.6590967615493208,0.02018437614583569,498.0329273812675,0.9163605461874362,0.17743537851390678,12.878701689051269,0.00041836678646160053,sehat
0.41534873843193054,0.24021248519420624,-0.028445153686993397,0.4907107949256897,0.26721295714378357,-0.3698872678074361,0.3533707559108734,0.2124788910150528,0.7045997657032138,0.013186145944195904,680.1017623469323,0.915836833536635,0.13000220677666957,14.709423804019801,0.00017594989714221228,sehat
0.4989182651042938,0.30551254749298096,0.33665784066926796,0.49754542112350464,0.30697551369667053,0.3183659978688771,0.43496060371398926,0.3043553829193115,0.8952781071904962,0.08555150609112537,675.1712580789429,0.9439974476414162,0.23606927717431211,11.992068348561597,0.007330052742221138,sehat
0.5756327509880066,0.29884210228919983,-0.24083775286101097,0.6196866631507874,0.30062347650527954,-0.5494991602017654,0.5251190066337585,0.3504612445831299,0.21461231285214924,0.06010901007272959,953.8724046837092,0.9190523506344941,0.2308728063448778,15.361121056331354,0.003627698356149203,sehat
0.47759467363357544,0.245634526014328,0.19064907359419533,0.47335830330848694,0.24228909611701965,0.11030815661732375,0.36123770475387573,0.23522810637950897,1.252635243317655,0.02147632991319057,560.8840977739839,0.9250191511801075,0.1939298792205857,11.872027872128179,0.0004651104599451339,sehat
0.667037308216095,0.2758670449256897,-0.6628497849208832,0.6733106374740601,0.26899805665016174,-0.8055337223200355,0.6385263204574585,0.3354315459728241,-0.5913726192576744,0.030973618845154538,461.9116535620217,0.9534272111089804,0.3232700237066833,8.255929549041747,0.0009866880130227436,sehat
0.8374468088150024,0.27020812034606934,-1.5772192738203281,0.8299777507781982,0.27418965101242065,-1.4605784131196504,0.8240082859992981,0.276924192905426,-1.3659248207783756,0.5524406877720669,467.7066194012013,0.9520968676520948,0.6493696057641453,6.730663286552307,0.3052262063444508,sehat
0.516509473323822,0.24742154777050018,0.5009571589384487,0.5138195157051086,0.247213676571846,0.42643741025132015,0.3992697298526764,0.2901807129383087,0.9302811888719589,0.05781510859653155,415.256670582608,0.9487795484448646,0.2794731095780641,9.942899975060334,0.003366347253052716,sehat
0.3784750699996948,0.25645098090171814,0.7387448383060262,0.4197011888027191,0.26668328046798706,0.2976509263868463,0.2761177122592926,0.25231221318244934,1.764152903707202,0.02959604287281727,625.0448441233647,0.926846606261205,0.17545899876054968,13.566102504580138,0.0008838568407657656,sehat
0.39397045969963074,0.27780309319496155,0.3313523218856608,0.5068422555923462,0.3206610679626465,0.03180004845966236,0.43776562809944153,0.3298013508319855,0.28643779188400664,0.035586616246167185,701.0022466113055,0.9420270718160572,0.255981907098987,13.258095505536778,0.0012756134774017105,sehat
0.7608653903007507,0.3505370616912842,-1.23636813161699,0.75953608751297,0.3460521697998047,-1.1774569910490222,0.7551020979881287,0.3474194407463074,-1.1256666327460645,0.4493865837732836,619.4310428671884,0.9606779425440748,0.6023352106202268,7.244379394136268,0.20198705916342652,sehat
0.7745673656463623,0.3709932565689087,-1.2367001638328365,0.7725054621696472,0.3705143332481384,-1.2211269372236806,0.7712364196777344,0.35037654638290405,-1.1388113677796672,0.5559401637359017,699.4006375160674,0.9601616519320215,0.78519813661533,6.0088148803667565,0.30909378984140695,sehat
0.4248785972595215,0.18197165429592133,1.682804180300773,0.4682222604751587,0.17734333872795105,0.8244048146170772,0.25769418478012085,0.21417398750782013,2.017500193629883,0.013411662227666293,840.4438995197861,0.800414100443806,0.06483268347393022,19.309325731099495,0.00018040906304872504,sehat
0.422651469707489,0.24263054132461548,0.15912496245697144,0.4462142884731293,0.23730966448783875,-0.12782854064340468,0.4232092797756195,0.25172585248947144,0.2918990538904489,0.02996112269502085,771.9505158694251,0.8913682772705819,0.24084608590543022,13.601573606117542,0.0009081275877041295,sehat
0.6277215480804443,0.26136845350265503,-0.7774671991556203,0.6363089084625244,0.2782365381717682,-0.6956985741180666,0.5062156915664673,0.29079362750053406,0.36793459269062445,0.017449153449040123,556.4759921337925,0.9410198179602385,0.19765087524652566,11.618051136942045,0.00031013245468422285,sehat
0.4850754737854004,0.29431959986686707,0.08111474526316273,0.43995147943496704,0.2707463800907135,0.283889453617735,0.3489273488521576,0.23110486567020416,0.8489567473156879,0.012911324707494736,980.238139695973,0.8972496546021596,0.14154933745878487,16.465767499444635,0.00016912693242801134,sehat
0.2733572721481323,0.15502144396305084,1.7441205321597193,0.35526415705680847,0.15533088147640228,0.4473259837339964,0.20097436010837555,0.14405104517936707,2.655083289438324,0.01732612446145325,400.4410350368101,0.8611712456209752,0.13638750598934285,10.66134012673792,0.00030239074857921715,sehat
0.7201250791549683,0.3145991265773773,-1.0097552894597273,0.7262247204780579,0.3069475591182709,-1.0186392758885432,0.7234939336776733,0.3064878582954407,-0.9658506918175458,0.3471916395801607,1058.472575251394,0.9151267025212974,0.4452991862630391,13.144020248757057,0.120583660552807,sehat
0.5351596474647522,0.2049942910671234,-0.4078964212253724,0.5802017450332642,0.24110335111618042,-0.8430967180001073,0.27896788716316223,0.19041259586811066,1.8069447266462784,0.01383792997905861,730.1593546685868,0.8744941953878668,0.10643283442069675,15.748226347370354,0.0001933770530537824,sehat
0.32565492391586304,0.17886580526828766,1.2173793902719916,0.38360467553138733,0.18492068350315094,0.4851763851001464,0.2240058034658432,0.15741845965385437,2.4792784823880365,0.01302640762750377,754.4284394799321,0.810740557874786,0.09930919419404266,15.78227043320434,0.0001709597743665536,sehat
0.8286699056625366,0.2808530926704407,-1.997294383189136,0.8202381134033203,0.2863990068435669,-1.9112362713465822,0.808433473110199,0.2947733998298645,-1.7947676279502842,0.04481389835046675,614.3996651114497,0.9424522487013207,0.21458811005974843,9.9799673659051,0.0020458315250711594,sehat
0.4780946373939514,0.2326250970363617,-0.27871592683250707,0.5536864399909973,0.2570193111896515,-0.6357827015020006,0.3287513852119446,0.19519849121570587,1.1383921102771724,0.014071720420447131,594.416559833763,0.917565670616506,0.13125715968540905,13.137051649622675,0.00020015718629888484,sehat
0.5448693037033081,0.22651004791259766,-0.5982448754217793,0.6290993094444275,0.22946268320083618,-1.4039278674631759,0.6999145150184631,0.26201510429382324,-1.469079481712901,0.04110260930114543,430.964720148287,0.9355936176984535,0.39834471558490514,7.572487286137441,0.001730482063728293,sehat
0.6657443642616272,0.2308337539434433,-0.41124998860089396,0.6935597658157349,0.23745378851890564,-0.5632841543363021,0.5838092565536499,0.32224708795547485,0.044316249460999234,0.03079324990608552,704.9595554996735,0.9063826761363328,0.190657053474907,13.666045252601018,0.0009581063538014645,sehat
0.3858349919319153,0.24770213663578033,1.0885000642086333,0.47859296202659607,0.22571860253810883,0.35341951461665894,0.30965185165405273,0.29611504077911377,1.0214614030605669,0.027569725664258873,940.6151946608848,0.8696624929325775,0.15270322547388843,15.944778485799874,0.0007659739061375582,sehat
0.5395324230194092,0.33016642928123474,0.1709631366791724,0.5220153331756592,0.33196499943733215,0.2575761452699058,0.4851817488670349,0.34053874015808105,0.4355493793540482,0.2098520068183999,580.8951746380613,0.9590538381215912,0.3836828899825988,10.190908579140766,0.04407227050096258,sehat
0.6152212619781494,0.22792017459869385,-0.4466197832398303,0.61910080909729,0.22758275270462036,-0.5194589843962294,0.5509395599365234,0.2854170501232147,0.04686285171360392,0.024289178520028765,518.1212493458495,0.9264078110100303,0.2388313642128286,10.36859288455044,0.0006006127685078492,sehat
0.31847867369651794,0.11555562168359756,0.36544934707285154,0.27229800820350647,0.11305917054414749,0.9309574455659293,0.17068836092948914,0.1137927770614624,2.0529802154718997,0.0225405954548025,377.4031152178042,0.7702006911213752,0.16128705442588892,10.544329718556964,0.0005153349631736157,sehat
0.37286826968193054,0.21276897192001343,0.09282147924485144,0.43459439277648926,0.24212497472763062,-0.2970228389460807,0.24258741736412048,0.1721949428319931,1.5571676831354915,0.014512712719000358,741.3141755250917,0.8822081860986013,0.13380969868888618,15.292643939647192,0.00021367360989233105,sehat
0.4166519045829773,0.25528088212013245,-0.010974496834598762,0.5400935411453247,0.2921079993247986,-0.665161434366559,0.3420563042163849,0.2440863698720932,0.7378217068434231,0.016122725871046326,924.322829866147,0.9020154459680456,0.150001301088568,15.772597982474805,0.00026285847555822906,sehat
0.24138393998146057,0.2972707748413086,0.9842164178292936,0.2264113426208496,0.28061074018478394,1.0943353595957874,0.19511975347995758,0.24972078204154968,1.3267586913759697,0.3624587484403397,552.4587406484115,0.9465859563008259,0.5023568359665127,8.61974651066667,0.1314061901331173,sehat
0.469035267829895,0.2656508982181549,0.30707232406786056,0.49696794152259827,0.28401196002960205,0.07405260491035551,0.3498378098011017,0.2778203785419464,1.1008184201354816,0.012936878185482377,955.2247567295504,0.9023297270154855,0.1271271706495667,18.064127182100023,0.00016952369473936755,sehat
0.5244778394699097,0.2546921372413635,-0.7006808980194401,0.49782752990722656,0.25594452023506165,-0.44103983764860255,0.40123218297958374,0.2607271671295166,0.4251271966940765,0.047391584924071826,602.3289577627148,0.9255329605028368,0.19928306288027323,12.982928075387443,0.0022949352357829306,sehat
0.5154070854187012,0.28730133175849915,0.1458959560736403,0.5956161022186279,0.26952433586120605,-0.3012259495700313,0.42185619473457336,0.342390239238739,0.5577533347977378,0.02341437369776597,835.1990020113266,0.917640562643547,0.1814213912309501,14.571047353472556,0.0005564032373872058,sehat
0.5006977319717407,0.35668498277664185,0.15633671014788017,0.5401040315628052,0.34300753474235535,0.16650805056278836,0.4685249328613281,0.3697240650653839,0.5033209349524671,0.05533452435099103,536.2132406070627,0.9659426271991861,0.2483957983325806,12.874115886849204,0.003101446804362564,sehat
0.3805609941482544,0.3041090667247772,0.6899643719061569,0.399798721075058,0.29921627044677734,0.5264527745201746,0.35813242197036743,0.2955065369606018,0.8556945324166266,0.015619581817198266,985.8779334226332,0.9153476046485922,0.16827502651860007,15.27844502192112,0.00024866689195507965,sehat
0.43239521980285645,0.18985973298549652,-0.26245972338663615,0.5205377340316772,0.22568859159946442,-0.7450281496785611,0.3057301938533783,0.16293467581272125,0.8094946851987568,0.015167409962355162,730.0551782230772,0.8636675866282593,0.12609653476639607,15.630452790442199,0.00023185541336558525,sehat
0.8197729587554932,0.2833825945854187,-1.8889987071166134,0.7946509122848511,0.28921934962272644,-1.6883295175998692,0.7776590585708618,0.2968628406524658,-1.5405206433457437,0.46569367186665994,822.6287679092729,0.9240797097143134,0.5654118858895184,9.862166352344273,0.2169051597610133,sehat
0.43691879510879517,0.25743579864501953,0.5883965704425442,0.49121469259262085,0.24437090754508972,-0.08189094158394357,0.5559827089309692,0.251371294260025,-0.7682630970781029,0.043659172624667286,430.5491221187859,0.9450770934522597,0.4459203613166041,7.053990977099065,0.0019345793786681997,sehat
0.4671236276626587,0.2548193037509918,-0.09884479857823918,0.4263947010040283,0.23517602682113647,0.11559878856986243,0.378094345331192,0.20697836577892303,0.4488245023099621,0.015510974822206541,635.4860140177251,0.9126611454125588,0.13685345124857282,14.091740671055403,0.00024290720354603918,sehat
0.3690558671951294,0.1466030478477478,-0.13490864593138782,0.5062085390090942,0.19150187075138092,-0.6220466249244098,0.38574397563934326,0.1310502290725708,0.08360348962643252,0.01710204385457004,264.2925611950074,0.9268078485818821,0.14006011824014256,9.604706998261411,0.00029556679090457884,sehat
0.514715313911438,0.17415261268615723,0.11707786465535597,0.5640400052070618,0.16930529475212097,-0.39643680809729587,0.27666184306144714,0.3094280958175659,0.8361235683920816,0.06844658423691778,433.68201018511394,0.8951148446465261,0.2580368327730274,10.715653683522875,0.004701803358695927,sehat
0.5685009956359863,0.19450397789478302,0.5215830855154023,0.5708534121513367,0.20541973412036896,0.007755058294230374,0.4858377277851105,0.30220600962638855,0.15096638938572235,0.02061846635881953,430.7022469808491,0.9200894515514388,0.21978275404567846,10.786497601021312,0.00043357319331743067,sehat
0.5040897130966187,0.2415209412574768,0.43195847592817493,0.5377522110939026,0.23257793486118317,-0.20999363604839077,0.4811927080154419,0.29337963461875916,0.12019416180050228,0.019963268099889016,468.279255129736,0.936545862068963,0.22677853335217216,10.039611896446475,0.0004043785849227779,sehat
0.7502000331878662,0.23420046269893646,-0.8258616049608067,0.7098942995071411,0.2466796636581421,-0.5136541905819438,0.6709170341491699,0.2665497362613678,-0.20847659595408383,0.17843397244851658,595.2325521747239,0.9233020706089433,0.33511483285572335,11.587057209113768,0.03190308361998052,sehat
0.4479113519191742,0.28829121589660645,0.24614998944321417,0.43074727058410645,0.2852054238319397,0.3997913626966066,0.387496680021286,0.2891625165939331,0.6867713770326644,0.024969940777029968,761.894629803406,0.927484858020399,0.1812042489639554,14.063216360946333,0.0006261071590772067,sehat
0.39116930961608887,0.2516622841358185,1.0748990157051328,0.45247262716293335,0.22534768283367157,0.5274272001148204,0.28911638259887695,0.22653047740459442,1.4532768195372483,0.018801469749923222,568.1351113260305,0.9185015055287699,0.15150697089772905,12.110532403819297,0.0003571685067802636,sehat
0.5420162677764893,0.27517208456993103,-0.09260839318921439,0.5045843720436096,0.260156512260437,-0.04197353241768678,0.4678913950920105,0.22702911496162415,0.12795753823392456,0.01449056520259151,428.54548326681544,0.9513845410560521,0.15936935110525371,11.216583551747433,0.0002139006137897514,sehat
0.39311307668685913,0.24635663628578186,1.0626735028676886,0.39615678787231445,0.25214654207229614,1.0902212518932335,0.395713746547699,0.25358444452285767,1.1633471886178954,0.016387454700089187,782.9881158551246,0.9041901850136743,0.1512184533306857,14.2679387190815,0.00027400503747620575,sehat
0.5001879334449768,0.1799362301826477,0.19967181073512394,0.47353288531303406,0.19762493669986725,0.43673469065047865,0.3295455873012543,0.28454485535621643,0.94890725682608,0.012238266242560539,548.4981786823718,0.8918993867919238,0.10852326138826823,14.601920828171346,0.0001514241249835661,sehat
0.5219363570213318,0.24394044280052185,0.233390961552562,0.5227503180503845,0.226388618350029,-0.03550936883975714,0.32347729802131653,0.22378098964691162,1.318966141977896,0.009824658957736024,855.3690964534784,0.8624709746929016,0.08268545196818841,18.722071359705513,9.778041238406764e-05,sehat
0.5291213393211365,0.2730202078819275,-0.3051852056005531,0.5411577224731445,0.2835102677345276,-0.38595389680509395,0.37312784790992737,0.3426591753959656,0.7745141659847026,0.041652918782092145,836.26416550231,0.9176297888938597,0.2328247946043027,15.239794788331011,0.0017542925565406356,sehat
0.5033664703369141,0.2595483362674713,0.0698760590184283,0.5205516815185547,0.258867084980011,0.04217409896491521,0.5332366228103638,0.25380492210388184,0.04707574648427564,0.013218702364131354,689.6191909926902,0.920611788862881,0.1689558348917425,13.350225189882977,0.0001783681087084245,sehat
0.47145819664001465,0.3080560863018036,0.2542240504081822,0.47931647300720215,0.30064794421195984,0.35454516574573525,0.49129441380500793,0.28702181577682495,0.4210384295018724,0.017659840719079434,708.225264001504,0.9396942011660675,0.18354084829097358,13.181649529250068,0.0003173496764946468,sehat
0.3933623433113098,0.2807857394218445,0.6583926922187123,0.37941882014274597,0.2666564881801605,0.6119501479822234,0.388331800699234,0.2523905634880066,0.9184846025899963,0.013001764850525238,1056.2921607521973,0.8874851912711422,0.1349023438257824,17.27664308499498,0.0001716786259936507,sehat
0.4721405506134033,0.19548793137073517,0.3125956959923836,0.4381375312805176,0.2080680876970291,0.5152754233841875,0.4006982743740082,0.2194763422012329,0.6414570237108622,0.015560098547945524,668.595158037498,0.8780857017803031,0.14480228646051016,14.26856149505448,0.00024590092476266826,sehat
0.6190871000289917,0.15132763981819153,-0.4425705256615051,0.49506548047065735,0.162148579955101,-0.04742141320538949,0.40901854634284973,0.16849392652511597,0.06304747900635424,0.012396664051605605,564.9408193365241,0.8208857271319525,0.10171724206842143,15.58462910446129,0.00015462553038222222,sehat
0.6099503040313721,0.157948300242424,-0.946460515670565,0.5695244669914246,0.16200943291187286,-0.4267510162361849,0.5765654444694519,0.16714799404144287,-0.30353203552026553,0.015951995104306897,314.3550120976601,0.9047729031607296,0.13981331240321088,10.71952730662538,0.00025611542477998653,sehat
0.506607174873352,0.23758798837661743,0.17680281765094985,0.45558416843414307,0.21226714551448822,0.2716654659927144,0.37268874049186707,0.18352913856506348,0.5271565112858152,0.009351447347624641,1163.084475263444,0.803808051316324,0.08347530255341597,21.910118163206278,8.797586777101628e-05,sehat
0.656617283821106,0.1710236817598343,-0.3082726701606138,0.6276572942733765,0.20496748387813568,-0.04195167691052451,0.6144089698791504,0.21225111186504364,-0.015471568754933567,0.018556111421336126,410.0278780826034,0.9157575466054357,0.16655008569645835,11.73157376815628,0.00034776681424351203,sehat
0.3633149266242981,0.19285167753696442,1.607057432854113,0.37809306383132935,0.19667239487171173,1.500146529808887,0.36627626419067383,0.1956784427165985,1.2640783214161975,0.026205413928181903,247.5749191481177,0.9490404540081085,0.20311256257862345,8.400651107468512,0.0006901440891460849,sehat
0.5773729085922241,0.18962973356246948,-0.3959554667496376,0.5203650593757629,0.1777937412261963,-0.32964403486093663,0.4098164439201355,0.16418662667274475,0.3522593617230739,0.010823396460632293,735.5985476463193,0.8142379043090334,0.08235454363326808,18.992962414859182,0.00011752831891069985,sehat
0.3635845184326172,0.1771867275238037,1.006132314445529,0.35758650302886963,0.1639436036348343,1.3883653389305073,0.32703399658203125,0.15073497593402863,1.7420616971939473,0.016507330054972475,418.6063859564745,0.8786799530187898,0.17029204177434323,12.342277991989306,0.0002743606778474584,sehat
0.35058242082595825,0.1778327077627182,1.2333653809299763,0.31463971734046936,0.1844029426574707,1.5136961388211758,0.3054655194282532,0.1798280030488968,1.5738276271063223,0.01246543694093352,691.2304973098194,0.8341707702615399,0.08548040721607846,17.5309828016848,0.00015613260993026178,sehat
0.6594932079315186,0.23359079658985138,-0.7184267633944613,0.5953119397163391,0.22794827818870544,-0.494114737491947,0.5529122352600098,0.2351772040128708,-0.09063908050352268,0.016130786905621974,586.2993564721454,0.9144142186977486,0.18861104494614814,11.923852893954523,0.00026481438662089815,sehat
0.5179864168167114,0.18478652834892273,0.33825175521501044,0.49414926767349243,0.17842090129852295,0.351899594583205,0.4615437388420105,0.17573975026607513,0.39797277472511455,0.011046031897494979,540.9557516586201,0.8667920486855413,0.09184370373145795,15.564283051472065,0.00012284688298004094,sehat
0.47425156831741333,0.2097654491662979,-0.10460619561848812,0.46799135208129883,0.21026965975761414,0.12292404569912051,0.44822484254837036,0.20282070338726044,0.5176904367554512,0.011137913076042174,880.7342532772083,0.8428262949136344,0.10533698541152052,17.317131454627127,0.00012474362877511858,sehat
0.468270480632782,0.186197429895401,0.4179040390130581,0.437692791223526,0.1891845166683197,0.5485221651096617,0.39395904541015625,0.1894291490316391,0.6064828924561902,0.011644055179623474,662.5955318894274,0.8542236441350047,0.10416845266688389,15.520031320728465,0.00013691040110321582,sehat
0.6195457577705383,0.2756772041320801,-0.7967557925569503,0.6413916349411011,0.2781931459903717,-0.8300991003711371,0.5466809272766113,0.32896187901496887,0.03498999550160337,0.035965573430454215,1099.89738444123,0.8890514112311411,0.22726943745896575,18.03371783794145,0.0013042169758205628,sehat
0.780460774898529,0.2223198562860489,-1.6675764865478653,0.7491617798805237,0.2389567792415619,-1.3642299775318,0.733845591545105,0.2525266408920288,-1.053802484012686,0.03770902383446913,522.8905067241457,0.9262375397567463,0.26285397959368656,10.536967045637168,0.0014486935226976185,sehat
0.40055108070373535,0.22692371904850006,-0.19167473816466085,0.3757885694503784,0.20815296471118927,-0.01573760461876864,0.3446200489997864,0.19469326734542847,0.3298714190140469,0.011729866455082663,961.0482075926711,0.8327281147306919,0.1198109043529796,17.884882714215816,0.00014207309216707838,sehat
0.452428936958313,0.26013731956481934,0.04440254037673062,0.4490697681903839,0.2630842924118042,-0.07152419843464093,0.3139667809009552,0.2114606350660324,0.48847134844872886,0.060969625533284666,635.6718556825844,0.9186133668096885,0.16333691978374418,15.110376712454217,0.0037230276303515247,sehat
0.47580352425575256,0.1882956176996231,-0.28277055120429834,0.397621214389801,0.1910732388496399,0.1057316345983768,0.30084118247032166,0.1803223192691803,1.1512409680015112,0.015140192918509529,731.6675714984973,0.82335573738996,0.13094095439163755,16.575580976147545,0.00023153771488469664,sehat
0.3588545024394989,0.14494206011295319,0.6974013478815067,0.30010849237442017,0.15760140120983124,0.5259919960861997,0.1830987185239792,0.17399142682552338,1.4776263222413961,0.020123719164235523,320.3229898081476,0.892275112964999,0.20288436484187802,9.082283696391547,0.00041230757734466486,sehat
0.44028744101524353,0.23793776333332062,0.10347852776967605,0.48584821820259094,0.25613632798194885,-0.09663983527027523,0.32231390476226807,0.29510697722435,0.942297399029826,0.012308151591959452,747.8263824350333,0.9066982056571987,0.12621828710692704,16.311521265121893,0.00015409947612989876,sehat
0.43424466252326965,0.2533428370952606,-0.06195751896444627,0.3683636486530304,0.22513213753700256,0.2094022444287334,0.3043411374092102,0.20129258930683136,0.7605626280139375,0.013680441694003032,526.6260488739323,0.9229127032045338,0.14672962291951971,13.686908760296804,0.00019294879672756974,sehat
0.42430663108825684,0.24620580673217773,0.44400527069736295,0.4043732285499573,0.2648528218269348,0.6855416566609593,0.3267214298248291,0.24748611450195312,1.2054901466094168,0.017952163249030227,514.6016983051436,0.9379611175216215,0.1718702025729856,12.685556608278953,0.00033135686317891446,sehat
0.41946905851364136,0.19747337698936462,-0.11962373604427551,0.505459189414978,0.20546402037143707,-0.3612771985266455,0.5174451470375061,0.300527960062027,-0.16840668413308454,0.0195741979783472,389.8860319004039,0.9270043293895925,0.24317745351040565,10.359135042295962,0.00039568302997065955,sehat
0.5929913520812988,0.16516713798046112,0.3813124292225383,0.6266882419586182,0.17384536564350128,-0.6649827403537573,0.5986567735671997,0.3371693193912506,0.011443707441214522,0.07638110937359746,515.9682011224069,0.8513500256138986,0.32791568849587227,11.594806594242442,0.005864484895652619,sehat
0.5284329652786255,0.20747697353363037,-0.11697398952034647,0.6339516639709473,0.24887686967849731,-0.8997408259346279,0.6302549839019775,0.3530673384666443,-0.4258691324733811,0.0315517650472854,829.0407469510291,0.8851007376272699,0.3291145474813639,12.026978708035534,0.0010124856624459087,sehat
0.6740137338638306,0.26933935284614563,-0.5809468710874122,0.6335933804512024,0.278174489736557,-0.44518019205283194,0.44520488381385803,0.23618510365486145,0.29935983002019584,0.040423116990125484,554.4975266802487,0.9404942012091245,0.3444936187993848,9.416419025222448,0.0016573607008962838,sehat
0.6609532833099365,0.22231784462928772,-0.5037021780902659,0.6608755588531494,0.2553268074989319,-0.3390380389550998,0.5102683901786804,0.3261696696281433,0.6182270058041548,0.09805985599753991,383.36244888683933,0.9513789440312013,0.28634593296434807,10.684357168725553,0.009672345148006955,sehat
0.5734579563140869,0.26261869072914124,-0.07609791748139334,0.5584366917610168,0.25137633085250854,-0.1495460678710116,0.4032254219055176,0.2759789824485779,0.7747375915922105,0.05258918209435678,676.2693975783692,0.9168662178582127,0.16565592628152728,15.803962027041202,0.002770315889097936,sehat
0.46303313970565796,0.2548101842403412,0.7433461853581882,0.5474638938903809,0.2748638689517975,-0.01249283900691311,0.413430780172348,0.2503395080566406,1.258014284406785,0.0764802246918856,550.1777449769016,0.9378130041652882,0.18897026746976278,13.857162220397939,0.005853898450621737,sehat
0.4207513928413391,0.22756265103816986,0.28053788512725575,0.4108818769454956,0.2255915254354477,0.36814715418457905,0.3899342119693756,0.21720010042190552,0.5167799864921406,0.012586879879685361,439.11115131626167,0.9328280558972676,0.15227534794510314,11.874518113034618,0.00016442823521720833,sehat
0.3808645009994507,0.1961272954940796,0.14815661366613234,0.4439510107040405,0.22496414184570312,0.13118657294433722,0.4155668020248413,0.2915476858615875,0.2787269000875125,0.037430527236992216,208.63101651795068,0.9676038376902342,0.3884594462402626,6.277440871680315,0.0014275412164079383,sehat
0.5307722687721252,0.299938440322876,-0.06207299284191967,0.5767092704772949,0.28997373580932617,-0.18935739160594783,0.47104111313819885,0.30995145440101624,0.4300919398153506,0.039642133020657735,1008.8895513363028,0.9092944580863943,0.14892189635779968,17.534917505550116,0.0015732909449284566,sehat
0.5733553171157837,0.2699398994445801,-0.6240136583500442,0.5663731098175049,0.29899558424949646,-0.3879196435515387,0.5601656436920166,0.334748238325119,-0.10025546342598926,0.03874439306399553,780.2322895058757,0.9295197590674195,0.28488912415508694,14.365757014058403,0.0015565525524183898,sehat
0.5339627265930176,0.17600682377815247,-0.7137969843671165,0.4818856716156006,0.17942628264427185,-0.12073987008707135,0.45135992765426636,0.21230632066726685,0.39534927401627296,0.02268665841932351,520.6903053789559,0.872072845638764,0.19577476117834822,13.437846018555414,0.0005226084454099616,sehat
0.4640641212463379,0.20796647667884827,-0.7849590421989052,0.47496721148490906,0.21077336370944977,-0.8402272839131213,0.3504742383956909,0.17291277647018433,0.40523437118887695,0.021190466638548403,691.0445343049532,0.8711337594546641,0.16128344615199675,14.171503937226213,0.00045707192801981776,sehat
0.498771071434021,0.20399966835975647,0.3174041534210441,0.5160071849822998,0.20713211596012115,0.26962390107547235,0.48352208733558655,0.2190290242433548,0.4522075769088704,0.01415504062881773,603.5249336293449,0.8883397953378872,0.1457343357693006,14.941462826478665,0.00020668569328631143,sehat
0.6615705490112305,0.24452215433120728,-0.5494423947600325,0.5411605834960938,0.2673202455043793,-0.023328228107679372,0.4228130877017975,0.28088149428367615,0.667267270642109,0.048277631810582644,666.6692401790009,0.9220697483201804,0.17160317955307455,15.89235876189725,0.0023375049524762027,sehat
0.5339072346687317,0.23138107359409332,-0.06402503155532206,0.5095399618148804,0.20803877711296082,0.041835165234048434,0.5069449543952942,0.21219013631343842,0.32509661629437087,0.021043236710553217,455.7249759874132,0.9237412019577418,0.21418004131854654,11.416836766870196,0.00045039230692678063,sehat
0.5346459150314331,0.21491265296936035,-0.4257430445491296,0.5986142754554749,0.2572556138038635,-0.2646414436646154,0.5017210841178894,0.32431191205978394,0.5944018475558751,0.03892390448289341,676.247197793081,0.9149231895459219,0.23466058724700853,15.409316024719542,0.0015511047687149573,sehat
0.39124608039855957,0.2291584610939026,0.3548718187511704,0.5141178965568542,0.2222488522529602,-0.7817228477779707,0.5765801072120667,0.2892995774745941,-0.7060018202834654,0.02920028740543029,612.5319040977623,0.9027010910005399,0.2715715016491748,10.403069849368041,0.0008646009575576263,sehat
0.46352052688598633,0.2795904278755188,0.0054554604377808884,0.44983771443367004,0.24183039367198944,-0.012633662913962845,0.32145369052886963,0.21062876284122467,1.225753663575782,0.06723586624844642,546.8676213259652,0.9272390300376513,0.1986677230268761,14.113244631108016,0.004526328021233871,sehat
0.5053133964538574,0.3045126497745514,0.07885277973190084,0.47512444853782654,0.29000774025917053,0.19894101972112793,0.41697126626968384,0.2653988003730774,0.5007935476453206,0.01819637589699526,1294.6282545250647,0.881935612137533,0.10654884813852478,20.706850731319268,0.0003378225762770586,sehat
0.5825400948524475,0.2925764322280884,-0.4789795712394533,0.6462114453315735,0.2536756694316864,-0.8256653552560334,0.5555058717727661,0.3144511878490448,-0.006604862435594354,0.0415641025181302,1051.8488619553739,0.8759132072346333,0.19032445890230631,17.95700683273898,0.001737791547223439,sehat
0.4045717418193817,0.24788692593574524,0.12856580119461591,0.4188528060913086,0.26960283517837524,0.019865590936479716,0.4526461362838745,0.2953968942165375,-0.029992687689554917,0.021082027134816207,582.5536280144946,0.9367489036915068,0.3113463205623705,9.608305189418482,0.0004544243394544033,sehat
0.5508911609649658,0.22194914519786835,0.002943648459182937,0.4761534035205841,0.2140974998474121,0.19603081260211475,0.3767302930355072,0.22550486028194427,0.4329316136004197,0.011886050139684327,430.69162670580687,0.9290553821235581,0.1279337611786436,12.631804863724403,0.00014445590937979698,sehat
0.5097888708114624,0.12794817984104156,-0.7295751780083738,0.5355484485626221,0.1392563432455063,-0.9409118201328777,0.5377214550971985,0.22924785315990448,0.20888101789898336,0.05186489096101466,264.89526451425326,0.8815092416046882,0.30083096422177164,9.486987002725625,0.0027449655570684194,sehat
0.5560863018035889,0.32431286573410034,-0.5292649486768327,0.4388647973537445,0.2675214409828186,-0.35905216912506915,0.2956058084964752,0.20241928100585938,-0.059633364683878205,0.043853290196314405,906.5711175585026,0.907026715067266,0.13814768418691362,18.398957951528946,0.0019348608042367417,sehat
0.6234490871429443,0.20842701196670532,-0.5701662303581403,0.6747600436210632,0.1971358209848404,-1.1011208692425327,0.33590441942214966,0.32473140954971313,0.9006379423352034,0.024795556598308222,449.4667283322829,0.9145676167031264,0.19518460174056615,11.65472036783762,0.0006266691110201986,sehat
0.5083513259887695,0.24932435154914856,0.13676212568850996,0.5598536133766174,0.254488468170166,-0.12807511422417017,0.40110552310943604,0.274688720703125,1.0329724475116127,0.023189602659498182,442.2657565999173,0.9459251958373888,0.15842762410497782,12.575666546672702,0.0005474825577529123,sehat
0.46840792894363403,0.2956430912017822,0.15249027886627559,0.38451671600341797,0.259473979473114,0.4625731619931875,0.3577241897583008,0.25045305490493774,0.6151865633588731,0.02474617762352055,301.850052101829,0.9673138956653808,0.23615093540522955,8.877154653825096,0.0006274969867669069,sehat
0.904485821723938,0.22482307255268097,-2.5591036042188837,0.9045679569244385,0.22311469912528992,-2.537173702495122,0.9013187885284424,0.22780708968639374,-2.501373764142525,0.5670319770273701,1217.6279831183792,0.8151463931210451,0.6367100823075839,12.282616898962052,0.32162680922752324,sehat
0.7184388041496277,0.3182491362094879,-0.5761588360754377,0.7032698392868042,0.31419384479522705,-0.5969769598524561,0.6290902495384216,0.37118950486183167,-0.3314104314666248,0.48595056640222783,384.81837243210197,0.9711989505374125,0.5687468370836131,7.010901330015796,0.23615196442788436,sehat
0.5494462251663208,0.2550397515296936,-0.4485042718024178,0.5528382062911987,0.24646277725696564,-0.6281977924862654,0.44792822003364563,0.2536454498767853,0.2121145453835419,0.08163760607622066,384.58443156233716,0.9509725666775047,0.41352305282136,7.2005237370734,0.006682552573685216,sehat
0.3099823594093323,0.302796334028244,0.8175135240507234,0.29520857334136963,0.30723679065704346,0.8739101562299877,0.27409493923187256,0.3085726499557495,1.02110161195423,0.06595618020254636,1040.3535773345704,0.9143019500478737,0.2143932129320257,16.691836679394324,0.004361244012697281,sehat
0.5161309242248535,0.2701883018016815,-0.080150362501458,0.42547932267189026,0.235270693898201,0.22549489588103044,0.28789570927619934,0.19137760996818542,1.033089587613945,0.01143531254777694,1340.566188004939,0.8158893156214114,0.09611143703067891,23.981225517758855,0.00013377853215400918,sehat
0.5411668419837952,0.22484144568443298,0.33876346507007227,0.46049195528030396,0.22122889757156372,0.42308961010727264,0.32784977555274963,0.24998034536838531,0.9876491320355106,0.009204403477722842,939.4463463973954,0.851636539881718,0.07372631703901882,20.83032025114517,8.555645138280393e-05,sehat
0.5075806975364685,0.26386669278144836,0.15370041237430698,0.5377180576324463,0.2776021957397461,0.004582027275838238,0.5304407477378845,0.2890735864639282,0.2660831948569221,0.019332193517120896,317.78050805554784,0.9673048236826957,0.23931754193255425,8.471507521898065,0.00038167107234938206,sehat
0.6312870979309082,0.2188657969236374,-0.3987270030432678,0.7084949612617493,0.20405994355678558,-0.8947224703011097,0.5991180539131165,0.24064227938652039,0.24706510101218784,0.0248632798740373,627.0982868023826,0.8842576691496514,0.23343773787058927,13.184336196561185,0.0006285513877120999,sehat
0.4030531048774719,0.28005340695381165,0.4636948556806847,0.38776037096977234,0.2921287715435028,0.3579542291192443,0.28349316120147705,0.2729260325431824,1.2018665407721847,0.030688282522167324,550.2348375286405,0.9468696075385581,0.2507177832508406,11.754647869264574,0.0009669001991932134,sehat
0.23907232284545898,0.1813257783651352,0.7951440820902751,0.2504204213619232,0.19790838658809662,0.6879398380842827,0.27254730463027954,0.2257940024137497,0.664594667677031,0.033858241853767505,108.4195272001554,0.9782638085550368,0.40074053714157026,4.496171534674343,0.001171362814110879,sehat
0.36282506585121155,0.31130534410476685,0.8888559032928733,0.4074253737926483,0.35539162158966064,0.6431128237676107,0.35394254326820374,0.38289377093315125,0.8201413917493796,0.04308915862262721,521.9812225717565,0.9633343097830352,0.25550385435662293,11.469808219747582,0.0018636734406462278,sehat
0.5373227000236511,0.25055742263793945,-0.28042680977625356,0.5764722228050232,0.26265618205070496,-0.39225302952099583,0.5292615294456482,0.3430011570453644,0.0710054609203567,0.015563562948180976,1094.2365582139473,0.8752795264487236,0.17395359813183223,19.074806195549186,0.00024780937874480574,sehat
0.3372167646884918,0.21171768009662628,1.0888185443377103,0.2653239667415619,0.21587145328521729,1.3219968025258964,0.21592563390731812,0.21074910461902618,1.6674410854908934,0.016509974515884224,794.5165044484365,0.8654691066018468,0.1519688977373317,15.418924113927943,0.00027910280697902076,sehat
0.5489985942840576,0.25345081090927124,-0.04271519404368843,0.4763880968093872,0.2617994248867035,0.26539529295941244,0.3997219502925873,0.2517288327217102,0.6776438631001199,0.05332064684627639,682.117487208744,0.9192708371376993,0.16597305136474513,15.207085672043162,0.0028474426804428973,sehat
0.7095062136650085,0.21135079860687256,-2.20081503103872,0.6948128938674927,0.12276487052440643,-2.5568092973241203,0.47994139790534973,0.21656344830989838,0.8234504741071785,0.029924772486052006,305.8538193249244,0.8672756056084542,0.19696475005714878,9.740670360513427,0.0009035812418828312,sehat
0.47321659326553345,0.1632804572582245,1.4351643278571866,0.4882303476333618,0.18603341281414032,0.6443145795185066,0.5124769806861877,0.24239614605903625,0.27812235203791874,0.025773591146462646,668.6853120496341,0.8364401855611413,0.21656395211788593,14.67769014730716,0.0006880848331693631,sehat
0.44886499643325806,0.2571137249469757,-0.10840767236922502,0.405517041683197,0.2463262677192688,0.12223345339311938,0.36859792470932007,0.23520857095718384,0.4089267456391396,0.012088813072935807,748.761310889201,0.9054931688071504,0.11465552946116271,17.20421555550627,0.0001489281807138063,sehat
0.6219773292541504,0.20090951025485992,-0.471698484323456,0.5280601978302002,0.2245905101299286,-0.05436654745856726,0.4701482951641083,0.2502199113368988,0.24950211189298746,0.014516584496862257,361.4745688772175,0.9408336588200773,0.14581258394797106,11.63885862094038,0.00021493490479334836,sehat
0.4955083131790161,0.2297070473432541,0.4490711671369731,0.4934432804584503,0.1860848367214203,0.15921555028643836,0.39668020606040955,0.21284210681915283,0.46144244777079824,0.01293005639457243,644.2659681570259,0.863655196979062,0.14258893180436963,14.025259718273311,0.00017152179879263786,sehat
0.4219878017902374,0.18163667619228363,0.2938910693649747,0.3746030628681183,0.15256868302822113,0.48235941984385294,0.20627336204051971,0.14715632796287537,2.170794635549272,0.019642628167604367,397.3767219866343,0.8715059822578688,0.12124541277925621,13.391041669974582,0.0003898393700703122,sehat
0.3715561628341675,0.20541974902153015,1.1403084716657301,0.2770543098449707,0.21666790544986725,1.6591107733003767,0.22015608847141266,0.2265041023492813,1.9156154714617977,0.013760705988651973,951.3491692717877,0.8377986994429786,0.10241607999250296,18.14510299246549,0.00019248927361810352,sehat
0.47375792264938354,0.22981786727905273,-0.7013489552917287,0.47564664483070374,0.21842746436595917,-0.8851879798876062,0.19724243879318237,0.14711877703666687,1.1191100992781946,0.07323986293812591,490.5737735519654,0.9096852311039502,0.16805284214773222,13.472565768749805,0.005371501536213311,sehat
0.44278356432914734,0.28400054574012756,0.42444317956662325,0.49293088912963867,0.2330009937286377,0.2111067236069773,0.3695431351661682,0.26308485865592957,0.6838141707222841,0.019478150371383497,722.1324027159907,0.9099789791755973,0.19002745799503104,13.8766517145053,0.00038457974496510335,sehat
0.4872995615005493,0.17901326715946198,-0.11391096852925874,0.583200991153717,0.1759997457265854,-0.8280216416319133,0.6627207398414612,0.27674561738967896,-0.7903866460684549,0.04037058086060053,590.2151500480803,0.8350277142664123,0.43274500617091666,9.348214345624983,0.0017183056410330657,sehat
0.26532062888145447,0.21462711691856384,1.3326955217342356,0.23943643271923065,0.20743681490421295,1.7362839052913523,0.21803906559944153,0.20571225881576538,2.0061487399744307,0.020601693566896107,542.1788576561584,0.9031856288937287,0.2183394019368635,11.283160315853989,0.00043886075099245714,sehat
0.5528373718261719,0.22937904298305511,-0.5093202574096832,0.49718672037124634,0.2513652443885803,-0.10957005970945294,0.3580482006072998,0.27516862750053406,0.6199244801728133,0.02576542146096637,656.6928509913089,0.9132104918710756,0.16305526741767393,16.14207264355085,0.0006692110108424398,sehat
0.24197903275489807,0.20053386688232422,1.365495385124204,0.22317397594451904,0.20105496048927307,1.495638588012369,0.1929352581501007,0.2032424360513687,1.7174911555269348,0.01786082693085349,1629.1177485535409,0.6886304556338229,0.13016345644057914,22.052712624614074,0.00032528280554005174,sehat
0.5716509819030762,0.1319700926542282,-0.4181802267853501,0.5277447700500488,0.14730070531368256,-1.1140512524223607,0.38282260298728943,0.2519468367099762,0.16423816990836643,0.042797670939361765,317.1223417494294,0.8711276954120052,0.3480159375044718,9.927699412776832,0.0018716425449984786,sehat
0.49873316287994385,0.22497592866420746,-0.3474423188581727,0.5204786062240601,0.18945717811584473,-0.04210954444077492,0.5263943076133728,0.21022583544254303,-0.1598278661988931,0.038647686161817504,619.8998078939006,0.8702510387826612,0.1597216091071316,13.817914683824812,0.0014957805228714253,sehat
0.5410062670707703,0.3237141966819763,-0.16145435009020592,0.5499104857444763,0.30945974588394165,-0.15926212363383457,0.5394340753555298,0.2958482801914215,-0.07828788367512247,0.02659668470614814,769.4120894813659,0.9389694282026081,0.16569208848228575,16.288910953015527,0.0007289205880936485,sehat
0.4016284644603729,0.20014837384223938,1.1935537816720938,0.608824610710144,0.18725788593292236,-0.46267108541668506,0.3454866409301758,0.24307438731193542,1.5578920413760122,0.01740883388695019,457.21077061644127,0.900495809369131,0.17099530884091177,10.758108493718625,0.0003109832019357761,sehat
0.40372031927108765,0.207824245095253,-0.34925334422021986,0.42494356632232666,0.2085578888654709,-0.48415414483395347,0.2895406186580658,0.15287448465824127,-0.0659714120703597,0.021289095904243483,408.24226172262183,0.9222698074342595,0.1255323966103116,12.126040237016895,0.00045630656978256387,sehat
0.45517951250076294,0.2588050067424774,0.5175232591093909,0.4235086143016815,0.27571818232536316,0.599178755379456,0.3626897633075714,0.29562243819236755,0.7789070490679811,0.023217930184810266,787.8542366307521,0.9172985437324619,0.13798713646901287,16.853409698103068,0.0005509261049216622,sehat
0.49860092997550964,0.3228831887245178,0.3085164370911375,0.4405701756477356,0.32321158051490784,0.5513006204877018,0.4019303321838379,0.33486369252204895,0.6630408158293367,0.16046238997427376,489.95889287531185,0.9635272992128892,0.38109950890104033,10.663134791746483,0.02575502082046495,sehat
0.5260284543037415,0.19880473613739014,0.10930469804240447,0.5641530156135559,0.195720374584198,-0.5697121956657797,0.23226779699325562,0.30276694893836975,1.286146235627388,0.016422310152514965,350.3556902289096,0.9253618026916072,0.15882623659817227,11.203633251679484,0.0002744908519716641,sehat
0.591474711894989,0.29321423172950745,-0.09253323823505118,0.5852890014648438,0.29393327236175537,-0.10094744466977641,0.5906775593757629,0.29727819561958313,-0.13488472437717694,0.013703976581299298,1381.4194699016653,0.8767393849354218,0.09855844709817911,23.557458622616995,0.0001908062931538237,sehat
0.5834389328956604,0.25829893350601196,-0.45965629506465316,0.6243644952774048,0.26887959241867065,-0.47718522869401875,0.5632128715515137,0.3255389928817749,0.07781189829883431,0.02494932979937751,588.9067492892565,0.9370062236607354,0.24505956773545914,12.520815141627233,0.0006375709625293737,sehat
0.43991658091545105,0.14741259813308716,0.5811154334137563,0.4789297580718994,0.15090948343276978,-0.42243460892623375,0.2550426423549652,0.24121950566768646,1.0308868279955836,0.014526999924339758,311.666971177931,0.8821852490830765,0.11509656520666327,11.512687869284742,0.0002138402323412509,sehat
0.4866844713687897,0.2676657736301422,-0.28794188954097394,0.4796435534954071,0.26629847288131714,-0.18910757783463708,0.45633557438850403,0.24937929213047028,0.01797070994459669,0.012791970112321345,985.074107678195,0.8905403797567134,0.14006773272277648,17.664797214554337,0.00016654774693130678,sehat
0.5249191522598267,0.22273795306682587,-0.544593282363081,0.5701615810394287,0.24316099286079407,-0.6342845512737431,0.5548775792121887,0.36863285303115845,-0.013711493219500047,0.03838366601935988,631.5739303611318,0.91975648589653,0.3047889897016244,13.532217032644537,0.0014974777948075326,sehat
0.3748600482940674,0.2890550494194031,0.451133997329234,0.34639593958854675,0.28230077028274536,0.6000066487593649,0.34500652551651,0.2753686308860779,0.6023524032035432,0.026136562484486106,780.5134912323527,0.9237291281342097,0.24306838306508224,13.454720086430228,0.0007023163191834012,sehat
0.5725079774856567,0.22705094516277313,0.07757855884190415,0.4931512475013733,0.23843510448932648,0.32413576214532575,0.482807993888855,0.24695433676242828,0.24172200614807313,0.012407410419598018,976.475118830536,0.8589539086353598,0.1398015632675517,18.042515847685838,0.00015743883101367192,sehat
0.4692300260066986,0.22936294972896576,0.6390028774991336,0.5594905614852905,0.2258394956588745,-0.04978030099773866,0.40884241461753845,0.23916970193386078,1.2814214472339762,0.0452392107325793,502.4514854984366,0.9224528820185651,0.15645109695436685,13.136038111111604,0.002052064979643466,sehat
0.5204869508743286,0.265333890914917,0.28822557215957734,0.6271519064903259,0.2219616323709488,-0.09807543220267353,0.595632791519165,0.3271048665046692,-0.3688127414356944,0.024175823298320184,388.3270171615506,0.9482196384198117,0.27003715521583116,9.180749988093446,0.0006108312539278046,sehat
0.4993547201156616,0.19993357360363007,0.03905810431564284,0.5279707908630371,0.19619308412075043,-0.32484685582463324,0.3143076002597809,0.217943474650383,1.8371586935784063,0.014758280703550562,691.0536870560908,0.8577679999236328,0.11567522677485327,15.867003942756407,0.00022076073101121873,sehat
0.6875009536743164,0.23814831674098969,-1.2117538654988798,0.6644919514656067,0.2464207410812378,-0.9767418729642721,0.5731032490730286,0.24622352421283722,-0.3308236582647026,0.014697239109692036,742.0406588211557,0.903623566568494,0.1254190046296155,16.48174144479882,0.00021839800560046984,sehat
0.44728344678878784,0.3166310787200928,0.01974520609433904,0.4556339681148529,0.284760445356369,-0.234818331580188,0.45737218856811523,0.2788594663143158,0.2417260575389833,0.02148607276414145,632.9323235921613,0.9335632553392278,0.17215005859440338,14.703666058743385,0.000467587324214821,sehat
0.5269926190376282,0.19536033272743225,-0.0484952948554129,0.49776482582092285,0.19455039501190186,-0.21912639545807994,0.38783514499664307,0.3034583032131195,0.7299485038534743,0.015053083694010152,553.8990038469914,0.8792568049122602,0.17032038538067695,14.066332395398083,0.00023015300862187866,sehat
0.45343366265296936,0.19914330542087555,-0.1455822937524924,0.4795842170715332,0.2179701030254364,-0.40978536371983526,0.35120370984077454,0.1581609696149826,0.9712371644793819,0.052962228737721405,543.229078055836,0.8979674652216988,0.16989807480606386,13.09212120969859,0.0028097106424613493,sehat
0.384594202041626,0.2654212415218353,0.6545209703423311,0.36722853779792786,0.2645132541656494,0.6880914299941547,0.3133465051651001,0.2803346812725067,0.9904646157007498,0.062483898436804554,628.7196473094832,0.9309819977007843,0.1634303273392134,15.171082951396334,0.003909746306489042,sehat
0.31104162335395813,0.20394395291805267,1.0954527099905556,0.32218337059020996,0.20102688670158386,0.9094731824246508,0.1985253095626831,0.2142958641052246,1.7980673832287697,0.013443293694691464,577.0457089363341,0.8899133664209974,0.11539968784362725,14.428373068180013,0.00018332845497163132,sehat
0.5455710291862488,0.3404925763607025,-0.13192953148665887,0.4720308780670166,0.32617607712745667,-0.05154224452894716,0.4079609811306,0.31279823184013367,0.26123184129158467,0.02263061649953364,383.77994444181985,0.9723283845423708,0.23382049893560772,9.736120331695934,0.0005230599316366024,sehat
0.5297001004219055,0.3394516110420227,0.07905449468775044,0.5073347687721252,0.335092693567276,0.20731921899336933,0.5062123537063599,0.32416263222694397,0.27753748435340564,0.04721559128870545,820.8908821831247,0.9430674651097709,0.20865954494506922,14.802188528545221,0.0022495558486658337,sehat
0.646255612373352,0.3017929196357727,-0.7708592431482412,0.6260075569152832,0.31593820452690125,-0.5451476495093119,0.5945029258728027,0.3327570855617523,-0.09850399354332016,0.19845781071792182,399.72074748458687,0.9684960347725794,0.3905654533647536,9.37445859956517,0.039395138403256924,sehat
0.5672302842140198,0.320223331451416,-0.3866357461097842,0.5600467920303345,0.33971887826919556,-0.38865741973356027,0.5505955815315247,0.3518642485141754,-0.3284679881601311,0.031842927883833645,1415.8341555381858,0.9017408812652431,0.26382300936498226,18.68739924989259,0.0010234634629711652,sehat
0.5356234312057495,0.15416161715984344,-0.01887014052986955,0.6153469085693359,0.18375885486602783,-0.2598324694513031,0.5338980555534363,0.3189583420753479,0.20370071814737853,0.09506614425541826,204.75976755743616,0.9548812177469616,0.48874575153746447,5.6428057424673375,0.009072071877085744,sehat
0.48267990350723267,0.19257648289203644,0.41009079890260197,0.4990813434123993,0.1954958289861679,-0.09902535813191016,0.47969526052474976,0.2785986065864563,-0.17065187943993823,0.020480205210994883,416.224513443851,0.9153869903395294,0.23905073931627396,11.506406497494856,0.0004290962380104784,sehat
0.5445761680603027,0.3160676956176758,-0.3637806447440376,0.5224840641021729,0.3089762330055237,-0.30491250388242896,0.48848047852516174,0.3027209937572479,-0.16207325117774543,0.02710853956786587,1306.5568790646,0.8954467788919467,0.12395069484078867,21.328520327343764,0.0007395821383690192,sehat
0.7179853320121765,0.2944302260875702,-0.7839519464126481,0.6377449035644531,0.3488846719264984,-0.36070331384512444,0.5940511226654053,0.38336417078971863,-0.19108242003464318,0.18844071836456697,404.7437223740347,0.9720664038233675,0.4552413814471443,9.233925732566169,0.03553277910686592,sehat
0.5182588696479797,0.24437183141708374,0.12232822439606561,0.43417733907699585,0.24692735075950623,0.530611869841295,0.358571857213974,0.24503764510154724,0.96904021248689,0.015797205235377965,1140.7689293484837,0.8507399914940058,0.10729543616952242,21.850842012828902,0.0002527040292807547,sehat
0.607221782207489,0.2756192684173584,-0.8510019389692024,0.6272706389427185,0.2899182438850403,-0.9233442839684978,0.481505423784256,0.32615938782691956,0.21974257552889756,0.022342000454952105,683.884691370451,0.9343539177216794,0.18915479577682479,14.508302786391923,0.0005067256562793685,sehat
0.35312342643737793,0.18687692284584045,0.22670112730698241,0.4764496982097626,0.22102954983711243,-0.4679805693433692,0.2859901785850525,0.13856664299964905,0.3131338798296284,0.012155419140939053,426.59373282512905,0.9152804126683295,0.113163679116753,13.142772677275474,0.00015093623905630837,sehat
0.5031400918960571,0.24722090363502502,0.34428548097463607,0.5264506340026855,0.24463413655757904,0.21748382753244114,0.476140558719635,0.25149258971214294,0.6691945433410993,0.020807688529786077,765.7042203909951,0.9008270142495619,0.16842148430787726,15.483161876316037,0.00044210615719822676,sehat
0.6222460269927979,0.2455712854862213,-1.2486900112999306,0.4990203082561493,0.20576025545597076,-1.0763337537456212,0.2799554765224457,0.1638036072254181,0.534156772360702,0.06336541734868452,458.8227989424228,0.9160452474166659,0.1759822101074102,12.577409396656135,0.004021742644128401,sehat
0.6783490777015686,0.2570624351501465,-0.9963001800731403,0.6583035588264465,0.26798152923583984,-0.7390066245319402,0.6496943831443787,0.29386666417121887,-0.68448443579573,0.0885248374422458,613.7964564687451,0.9331732769569587,0.4199447794348095,10.104650560273793,0.007902104614430345,sehat
0.4792226254940033,0.22386480867862701,0.070960788275578,0.5583258867263794,0.23545750975608826,-0.524477513683619,0.5744439959526062,0.3292796015739441,-0.3026507834744498,0.023248460159694225,776.160394389481,0.8926679055815673,0.2699456498439841,13.070068599738756,0.0005594446760814093,sehat
0.6253173351287842,0.3113044798374176,-0.30702089476970873,0.6038378477096558,0.3202917277812958,-0.20300668877857939,0.5830402374267578,0.32723039388656616,-0.10453869739391322,0.15449716578711356,1003.1541360731509,0.9236394931187263,0.2787374204779494,16.78454257250549,0.02389969845094826,sehat
0.46816951036453247,0.1599399596452713,0.31542669094565357,0.4305630326271057,0.16987723112106323,0.6936929040752694,0.38549715280532837,0.18401087820529938,0.7455679718513603,0.011660398546960665,1141.3923623693265,0.6827708800661701,0.08621549574070568,21.329307260998732,0.00013773498521381562,sehat
0.6085916757583618,0.23223650455474854,-0.8747944706555516,0.5191705226898193,0.2070104330778122,-0.7469442175815227,0.4015187919139862,0.17377692461013794,-0.3854910692957038,0.011592019135660025,766.9506229594832,0.8665293265599434,0.09454901156693231,17.155638831979957,0.00013587849022140148,sehat
0.42892587184906006,0.23465265333652496,0.11908528887008575,0.4631521701812744,0.21796658635139465,-0.07966476010439383,0.2928895354270935,0.3053727149963379,0.6373669593460934,0.017592840803607342,255.7592635611426,0.9587635332884874,0.21901372356781748,8.93523583587046,0.00031804202021762606,sehat
0.7423291802406311,0.23106609284877777,-0.7615323579688983,0.6293652653694153,0.272413045167923,-0.11878584689100168,0.554110586643219,0.29696574807167053,0.26610145275650515,0.16810493996758644,472.1611493688877,0.9460692059527619,0.3054140749174475,10.673674257466025,0.028314711257052025,sehat
0.41349902749061584,0.17321856319904327,1.012541116168949,0.4566448926925659,0.17337916791439056,0.6383480760540179,0.32135385274887085,0.18025802075862885,1.9366148761295714,0.014845753195501637,504.9382104108394,0.8683626422804006,0.11832525265095385,13.536205224361929,0.00022401858443938012,sehat
0.5292368531227112,0.22718504071235657,0.2224971997487823,0.5297421813011169,0.2325446605682373,0.13355151396161138,0.3739085793495178,0.27544116973876953,0.8806199252676226,0.016308170420578565,528.5149088040804,0.9244645258265153,0.1603724453279962,12.997841839582156,0.00026994576886902726,sehat
0.4168964624404907,0.20915073156356812,0.6360871323423731,0.49851083755493164,0.2272922247648239,0.16122897747443315,0.4170434772968292,0.3289087414741516,0.7822580561728512,0.01720186814577491,244.03346256290902,0.9646136835258693,0.1692039829611303,9.790761126618255,0.000299515859768896,sehat
0.6717936992645264,0.2021433264017105,-0.6450628250959463,0.7095910310745239,0.17377080023288727,-1.112160050380168,0.6231279969215393,0.25475049018859863,-0.44464136013354727,0.05894963255921346,332.7635790119712,0.9277386574845233,0.37655750015081374,7.881352371225195,0.003545616050355444,sehat
0.6455334424972534,0.21753354370594025,-0.45137780090904384,0.612626314163208,0.21715028584003448,-0.3983228892331658,0.5850650072097778,0.21667154133319855,-0.30913827316601455,0.00937538207829729,1004.2187439606059,0.832257198611218,0.08034678010658816,21.163415432705424,8.927971189207438e-05,sehat
0.637763500213623,0.190518319606781,-1.0470993714580088,0.5302821397781372,0.1867619901895523,-0.28371550642162274,0.4369547367095947,0.19297155737876892,0.601673148873482,0.015182186392754584,588.0425102160555,0.864669342228224,0.11742122955934071,15.00921979931004,0.00023349281387597984,sehat
0.3257293105125427,0.2206534892320633,1.0639463768447939,0.32774874567985535,0.2085760235786438,1.2445913087315026,0.27140387892723083,0.1909964680671692,1.3762575017787573,0.019844546556629546,664.9738503669491,0.8812114440160803,0.20063437065114284,12.83834989958011,0.0004054345871219968,sehat
0.2601732015609741,0.20533950626850128,1.2045113969453136,0.17249853909015656,0.19516271352767944,1.7791543229113391,0.1311861127614975,0.19083638489246368,2.014627972611383,0.06652237231755388,709.648264437933,0.856710987029239,0.2622414928081727,13.029240342762115,0.004434728660168541,sehat
0.6428587436676025,0.30029237270355225,-1.0268440518542246,0.550973653793335,0.2865927815437317,-0.8682458249123819,0.25947868824005127,0.13697752356529236,-0.8370421970755229,0.05529852201353211,659.4006614833239,0.9318336259112162,0.3934706034916034,11.653653699149968,0.0031061681824728032,sehat
0.34851402044296265,0.23329435288906097,0.4260940053741169,0.3815285563468933,0.2785443365573883,0.6443350746933546,0.39019057154655457,0.31411921977996826,0.8465342141909731,0.018146147936618753,567.056640733426,0.9383072158307698,0.21882405903461222,12.831369115655074,0.00033535540756357806,sehat
0.44136571884155273,0.17252224683761597,1.9412660887426898,0.5152024626731873,0.1546715348958969,1.4335673765318317,0.3064213991165161,0.1994282603263855,2.4546636208312913,0.03342136251082765,215.54607010672873,0.9334181040841326,0.23809331264988107,7.546591673151501,0.0011351535032532003,sehat
0.5183938145637512,0.21885991096496582,-0.19442395026222464,0.5321570038795471,0.2568254768848419,-0.21906092171027788,0.4363345801830292,0.4047141671180725,0.28721518502427185,0.03023607413679495,537.6084970215496,0.9367836165940918,0.29452026037830775,11.977975479718282,0.0009279529258666718,sehat
0.5566785335540771,0.22909344732761383,-0.170762429452975,0.4583064317703247,0.20641781389713287,0.31420752932470114,0.41359901428222656,0.245463028550148,0.9340275304458154,0.0197606578344928,337.23507146191633,0.9390580634647288,0.20252546604969635,9.99597867311299,0.0003978459282615271,sehat
0.46986886858940125,0.30909010767936707,0.10246961994039422,0.4332318902015686,0.29228246212005615,0.3187382364120294,0.3733670711517334,0.2801002860069275,0.729787217200458,0.013553644447838345,1406.2224273199326,0.8751476733046931,0.11883758336418564,21.882304628121418,0.00018735359924656136,sehat
0.6444286108016968,0.22685280442237854,-0.5692820285389916,0.5205665230751038,0.24882030487060547,-0.06200866674002468,0.46130749583244324,0.26701492071151733,0.14484351457636563,0.010298251690271005,802.6815018481976,0.8906521558005052,0.11105728448471443,17.272771921021153,0.00010735694894931616,sehat
0.4687368869781494,0.3121386468410492,0.28455938752534243,0.3967882990837097,0.28418898582458496,0.22549776694466667,0.2595455050468445,0.2609843909740448,0.9830584961458873,0.018474303614253566,568.7748368081935,0.9414235137905536,0.1840131138468364,12.791063644527467,0.00034958013806932973,sehat
0.5457149744033813,0.2785525321960449,0.1855220273948026,0.5023073554039001,0.30352556705474854,0.3138638335294436,0.4323134422302246,0.3163307011127472,0.6892450902078481,0.1254348825304214,1209.0389732446429,0.8915623863263876,0.2392816711984834,19.27705153375321,0.01577364161753236,sehat
0.49849486351013184,0.24511225521564484,0.542550415637941,0.6289242506027222,0.1940605193376541,-0.579453101842063,0.5669102668762207,0.2971579432487488,0.2927484625025269,0.0412305119452377,450.23796192265723,0.9135265929054835,0.2196407045469884,11.265139714388987,0.0017149199724927533,sehat
0.5536637902259827,0.2059476375579834,-0.4459823596047816,0.5696744918823242,0.21991553902626038,-0.5709613144549798,0.4393872916698456,0.2683037221431732,0.5542243948612467,0.01933009462831725,419.9257467318709,0.9304167862164606,0.20088414242140554,11.525539402114388,0.00038301196104202883,sehat
0.4865425229072571,0.2493700236082077,-0.2607206225635176,0.4571768641471863,0.2604145407676697,0.24809547042815266,0.4144882559776306,0.27302008867263794,0.8380054335373023,0.039067585962891914,365.40843149200435,0.9564484681628166,0.31471941633347794,9.805163843779324,0.0015432731896965713,sehat
0.327796995639801,0.2339998185634613,1.270445494252188,0.3003559112548828,0.23579461872577667,1.3376393884267466,0.28310543298721313,0.23595964908599854,1.3141009971542692,0.019383639945007393,324.6812707008684,0.9545609527886368,0.21623231166311932,8.930944339629301,0.0003846771494536638,sehat
0.5434103608131409,0.27240532636642456,-0.08337429072721177,0.5224959850311279,0.27434054017066956,0.018578350815700303,0.4963133931159973,0.2707535922527313,0.20884855789851786,0.02139437227446907,1282.0752368307324,0.8651111308192383,0.1504050879381513,20.236798613935083,0.0004685275525932119,sehat
0.6256784200668335,0.3149092495441437,-0.7485709427000877,0.44611817598342896,0.23383548855781555,-0.4430627687430147,0.26862722635269165,0.17774629592895508,0.2706905678549309,0.06467758639894615,467.1066816863731,0.9404709627758095,0.18572392795749063,12.455382191721164,0.004190338207385995,sehat
0.5127893090248108,0.23806296288967133,-0.27111680588029563,0.5272533893585205,0.2661483883857727,-0.16656050440253142,0.4963812232017517,0.28965842723846436,0.11393455263317934,0.020031068930024685,793.439532280756,0.9091713467528341,0.1874939504855833,16.498372882078826,0.00041015730162950585,sehat
0.38985830545425415,0.28298619389533997,0.6156193421558196,0.3600497245788574,0.28215762972831726,0.704144266857298,0.33357739448547363,0.2776402533054352,0.7586406766076524,0.013102994848593848,1231.5235068160155,0.8803866384084239,0.11803227197028839,21.049622033835643,0.0001745954784882712,sehat
0.6486439108848572,0.1919180452823639,-0.9211561912532743,0.5701109170913696,0.19178402423858643,-0.25103893123190957,0.4544791579246521,0.24589277803897858,0.6258876965039857,0.01496176263149718,404.9699336983295,0.9090261213066806,0.15610370822488712,12.164909676731293,0.00022681582769520665,sehat
0.49527955055236816,0.25176337361335754,0.307209184797975,0.439642995595932,0.2384060025215149,0.3543265497085112,0.3814069628715515,0.22557689249515533,0.43402789254148283,0.009912907128879959,1391.1869034389254,0.8132394406859172,0.10295055689791566,22.467007766228136,0.00010106949708904177,sehat
0.6460584998130798,0.2356787472963333,-0.4853636642873069,0.6184828281402588,0.2733270525932312,-0.13619634669947892,0.5525408983230591,0.33009660243988037,0.175141179746282,0.02884534358525752,429.7696008523817,0.9522690204052738,0.20444424753327486,12.27680780141052,0.0008361491213445129,sehat
0.4425305128097534,0.2700960040092468,0.3894606537802534,0.3402179777622223,0.23519955575466156,0.7983389623403402,0.30100852251052856,0.20210817456245422,1.1830873782302997,0.011064989056676881,1030.3526830071005,0.8595429542856995,0.09539315811423739,19.974790887735292,0.0001248442499704052,sehat
0.6286768317222595,0.11918696016073227,-0.26441524903697056,0.6925585269927979,0.15609732270240784,-1.2101113652311664,0.4436679780483246,0.15747331082820892,0.9173655411035752,0.018543612466403837,241.54525199997875,0.8914437234539277,0.12713226045245482,10.265518698549924,0.00034941831218705664,sehat
0.3855780065059662,0.21228516101837158,0.643459851635573,0.34586670994758606,0.2088322937488556,0.8472168449764341,0.28118473291397095,0.20647017657756805,1.2269490723804841,0.011369700186410472,917.2485333403733,0.835988694391935,0.10586204778463128,18.529348322126822,0.00013164571435128006,sehat
0.7629287242889404,0.13357245922088623,-1.9518362599886234,0.8008530139923096,0.1567281186580658,-2.0115843927289663,0.7404944896697998,0.3069705665111542,-0.73849493694157,0.13989892473082696,338.35295613455065,0.8971588414282445,0.5242252876841343,7.440706569001335,0.019669096750745504,sehat
0.5535235404968262,0.21754419803619385,0.39493084424040853,0.48152294754981995,0.225767120718956,0.674801164043146,0.34303906559944153,0.2651449739933014,1.1288102686126278,0.02807209344474387,219.64867391579844,0.9661437059287349,0.22997191521341398,7.640306356931567,0.0007940838165987691,sehat
0.4930271804332733,0.3497859835624695,-0.017469034728506073,0.4921231269836426,0.3220710754394531,-0.04854093255891424,0.4071098566055298,0.2946805953979492,0.385067010077708,0.017080277238299205,1383.7266279015575,0.8949852059069929,0.13343860475928507,22.311149630689897,0.0002968039151140796,sehat
0.47977694869041443,0.3045029640197754,-0.18291379166824473,0.5172690749168396,0.32437536120414734,-0.3430370492044125,0.273058146238327,0.30157169699668884,1.6310062497715063,0.21553292726832407,372.41517390705184,0.9690912123792158,0.38566273224434666,8.357812671400767,0.046489809493092775,sehat
0.5156493186950684,0.24617628753185272,-0.21678975160050906,0.5137921571731567,0.2822980284690857,-0.00238273468827652,0.4683453440666199,0.3835891783237457,0.364839435889793,0.03967905493864272,606.3491764777073,0.9388721481490171,0.31566829481260517,11.507969688317289,0.0015962549720621442,sehat
0.5127231478691101,0.2160467505455017,0.24304186131005492,0.5610229969024658,0.21515478193759918,-0.05863479891991545,0.4212777614593506,0.20879468321800232,0.9511600234986586,0.012838238675411645,719.3077409130725,0.8746853835847314,0.11942653288047385,16.530673149616153,0.00016703465694881028,sehat
0.5059729814529419,0.24723884463310242,0.1584479531476718,0.5000112056732178,0.2414591759443283,0.11452514899707406,0.3895575702190399,0.2626124620437622,0.752250855211907,0.01148516547236185,643.2942808539193,0.9163616491034999,0.12178471097228959,15.143356818179754,0.00013437516498505782,sehat
0.4595663249492645,0.2201267033815384,-0.6619597032238679,0.5391485095024109,0.24113257229328156,-1.0140364567807256,0.6026846766471863,0.35487884283065796,-0.543450673848536,0.05931359389321617,756.1779776725048,0.9014325155228121,0.4656825845737409,11.664750852336104,0.0035729067252578874,sehat
0.4418555796146393,0.18847820162773132,0.28803424423842955,0.36175692081451416,0.18158820271492004,0.5226894763641742,0.2712551951408386,0.16917981207370758,0.8765660039296524,0.012423698274046435,530.8303217017441,0.8738581336103445,0.12304189036397502,14.424100896857547,0.00016477622477135804,sehat
0.4836979806423187,0.27484506368637085,-0.19377903226865265,0.46416404843330383,0.2905881404876709,-0.14958329675895954,0.36225488781929016,0.31182733178138733,0.6627211371290662,0.06276224402948712,561.7051768482949,0.9456050285730137,0.23403352901208782,13.077956876832163,0.003945627133837316,sehat
0.4347798824310303,0.11594073474407196,-0.07294447396025203,0.5146552324295044,0.12653806805610657,-0.9464308117030351,0.22110681235790253,0.10599107295274734,3.27745653476887,0.01874933285131834,472.0739686704655,0.7304584282670853,0.09425898289156408,13.747913919416588,0.000353863203056495,sehat
0.4698868989944458,0.2987193167209625,0.27982600246927797,0.40219804644584656,0.28670403361320496,0.4850152961942236,0.2812940776348114,0.2537066340446472,1.091459801493903,0.01825369215516962,377.2258423707094,0.9642753458578031,0.24512273925948438,9.472448500920375,0.00034154843687691865,sehat
0.7134113907814026,0.2691783905029297,-0.6783495878498098,0.694486141204834,0.3066510558128357,-0.5582965757056477,0.6755663156509399,0.3522680997848511,-0.4693937856215933,0.07413145296027694,351.0842784306939,0.9696563694687,0.32597389146615047,9.099541856306962,0.005536421455775624,sehat
0.7683979272842407,0.3208354115486145,-1.3027128604417009,0.754995584487915,0.33077898621559143,-1.201346012954342,0.7469684481620789,0.3363547921180725,-1.114079845941188,0.5459982779155812,724.925767813853,0.9480749642571435,0.6372527395228998,8.689319488691439,0.2981485969603014,sehat
0.4270058274269104,0.21042676270008087,0.15220773581577382,0.4376751184463501,0.19223931431770325,0.08251212104026721,0.36302492022514343,0.22787794470787048,0.3281024835201038,0.021133821361155856,209.1753676434963,0.9591477853443574,0.23177746915637928,7.751116293462387,0.0004562359116775487,sehat
0.43565240502357483,0.20551002025604248,-0.20586000653665984,0.4013577103614807,0.20494455099105835,0.09248417429083772,0.36165013909339905,0.2238612323999405,0.35148983855760385,0.009696238929656662,855.7896747497139,0.8438307735979528,0.0902650465906697,18.62761981080419,9.544991792915669e-05,sehat
0.3946225643157959,0.18802997469902039,0.8105064956974131,0.4258688986301422,0.14057591557502747,-0.8194886250536866,0.21528375148773193,0.09378726780414581,0.12906189975308438,0.012793991419700798,529.798202824658,0.7897685376454442,0.0818310673180097,16.53501690453425,0.00016674712779487835,sehat
0.34814944863319397,0.2881126403808594,0.9351887109974405,0.4030044376850128,0.30932584404945374,0.6889474005159103,0.3991497755050659,0.3621790111064911,0.7773221501848393,0.01968120824791329,499.04133214283,0.9592448455591156,0.21184742144440638,10.962007837151937,0.0003947990061047501,sehat
0.36578670144081116,0.20126795768737793,0.34185648322233314,0.3415759205818176,0.20878198742866516,0.49843578981465525,0.3218039274215698,0.2239004522562027,0.9675580022253748,0.014313589964563255,734.9752085240835,0.8668597469209378,0.16388434979281705,15.04564497291399,0.00021761567087424317,sehat
0.4130896329879761,0.2583691477775574,0.07820346929154386,0.5632448196411133,0.20040936768054962,-0.07861745844683626,0.4044208228588104,0.3224530816078186,0.19132882345128724,0.014455798880827847,513.2359182447027,0.8942625880301995,0.1602489172761595,13.81967061741537,0.0002123220342113201,sehat
0.4138525724411011,0.24439965188503265,0.21423782190896934,0.4100097715854645,0.23904575407505035,0.21499621929871587,0.40145301818847656,0.2319151610136032,0.2755483405118222,0.02043520518225891,807.4908078183017,0.8908506001350367,0.17720887995799647,16.107624724827783,0.0004288948488999592,sehat
0.4180868864059448,0.24136480689048767,-0.2665520464045737,0.4559309184551239,0.2737833559513092,0.0803970886834251,0.4550766348838806,0.3432791829109192,0.5536398407028548,0.022025147914901972,429.72617353120046,0.9535021409079903,0.2506287304529408,10.95112360948491,0.00050142962378054,sehat
0.4563915729522705,0.2843936085700989,0.19241335284118133,0.45639467239379883,0.31496986746788025,0.10292371843685773,0.37516701221466064,0.37713876366615295,0.5197553860358266,0.020590556458737762,332.2218870334971,0.9730762874828978,0.2500267445345241,9.511422399405877,0.0004315806158121734,sehat
0.44846832752227783,0.3617643117904663,0.11412529214280515,0.43844711780548096,0.36152487993240356,0.148145377246742,0.40991708636283875,0.3551482856273651,0.23076238894875217,0.027071868031408184,775.2987661325161,0.954079351372203,0.21375747879631646,13.178953181792187,0.0007567156877828991,sehat
0.3792352080345154,0.25999367237091064,0.474176897959709,0.3762478232383728,0.26160532236099243,0.5063944694790428,0.36965563893318176,0.30731070041656494,0.8245202720530272,0.01559574233342135,563.5765449678112,0.937679727483273,0.1618549340360419,12.363982432667216,0.0002478362943131684,sehat
0.5628271698951721,0.22482171654701233,-0.4803143290605072,0.5183266401290894,0.22732211649417877,-0.28019025802507425,0.4853692948818207,0.2431817352771759,-0.0409493671237734,0.011787644915154,708.762083930118,0.8936277562703837,0.1380358179049199,15.367877980122548,0.00014255622415666386,sehat
0.4355098605155945,0.23602940142154694,0.3079100213452495,0.41060683131217957,0.24124905467033386,0.5108859429409023,0.3836424648761749,0.25791680812835693,0.8078671418573337,0.011855929375372486,1080.9870675583936,0.8543696252855358,0.11669630861229002,19.596195041923767,0.00014245017705050365,sehat
0.5155853629112244,0.28442078828811646,0.5171419089097997,0.4460590183734894,0.29893675446510315,0.8399473339343623,0.37372782826423645,0.3243091106414795,1.0396118410582431,0.11984536464126366,739.1236599919262,0.9337884681634597,0.2449103801041602,14.668732390581724,0.014377541203464341,sehat
0.6317467093467712,0.23844540119171143,-0.2862226593083737,0.5585277676582336,0.27032142877578735,0.09803032235708925,0.50260329246521,0.29983872175216675,0.29372192596845237,0.01999418089679623,656.5845044862033,0.9252527336072746,0.18813912212414438,14.395203520691148,0.00040819476099181504,sehat
0.43677160143852234,0.33569639921188354,0.3173894390505416,0.36073774099349976,0.32975512742996216,0.5536295612693642,0.2992601990699768,0.3177271783351898,0.8066978863321987,0.02014003048503946,1490.7170282185414,0.8935436765753019,0.16850674774515287,19.705223729945086,0.0004153702077972368,sehat
0.45156124234199524,0.22353748977184296,0.16720172219789484,0.452298104763031,0.23752188682556152,0.16006459509201984,0.311910480260849,0.22593536972999573,0.8283564626638588,0.01060509396621294,758.0270001200444,0.8851015286586016,0.10516674852908765,16.775043697821555,0.00011395465185251894,sehat
0.48334503173828125,0.27016595005989075,-0.3999013124786064,0.520828127861023,0.28811976313591003,-0.5130795141170504,0.3030090928077698,0.21174359321594238,1.177409043834079,0.023293202388608342,587.2917821161743,0.9378786048257116,0.17767942513029855,12.521523933544806,0.0005509698723475512,sehat
0.40768319368362427,0.18570026755332947,0.04236437366618304,0.4180613160133362,0.1852780431509018,0.05759791054116188,0.2734592854976654,0.13126274943351746,2.033555415093997,0.01771590718913422,322.32596919754184,0.9186860334609553,0.14552238878231996,11.736844278260449,0.0003193777286808527,sehat
0.25866222381591797,0.17852690815925598,1.2424035044672783,0.27848318219184875,0.17225795984268188,1.2764425609398875,0.24096201360225677,0.19525842368602753,1.544253946037933,0.013832036377963501,598.8407193122158,0.8475996621558904,0.09143176467285209,15.864347089325008,0.0001928634155566642,sehat
0.4648345112800598,0.25590983033180237,0.12438385654678077,0.41693294048309326,0.25242874026298523,0.31447632950168414,0.37196213006973267,0.2550371289253235,0.579609276781113,0.011605781008034215,894.5972710636233,0.8911467943995612,0.12422337342372963,17.33375802522496,0.00013794664771640664,sehat
0.6223345994949341,0.3239280581474304,-0.35829704151117486,0.6137415766716003,0.3273255228996277,-0.35463196211263975,0.5168983936309814,0.3921150863170624,-0.013092072617646352,0.15285085690657463,762.615749434678,0.9464120036885354,0.32402731969830734,13.383659679176041,0.023381771139401816,sehat
0.4947480261325836,0.27705585956573486,-0.1369064688417519,0.5015422701835632,0.300554096698761,-0.0982391256529555,0.4079623818397522,0.22818109393119812,-0.05131699867626488,0.014830692721813506,743.2612896592123,0.9286085423981424,0.13790377458188227,15.621232060629863,0.00022553672489049486,sehat
0.5631803870201111,0.27317360043525696,-0.4716616866531544,0.6023435592651367,0.27948683500289917,-0.7400960000615628,0.4524805545806885,0.3559434115886688,0.3619861857938458,0.06322654830645412,443.62624845946357,0.9564899000716812,0.19657552230549136,11.853678746032095,0.004004891182974286,sehat
0.4541381299495697,0.1965295672416687,0.1667095611995879,0.6417409777641296,0.17557808756828308,-0.7020663254505172,0.6906958222389221,0.31554967164993286,-1.0920163578329656,0.02908454144365209,336.5471560971185,0.9227360182175107,0.37367353257453334,6.971412439718345,0.0008684266694515969,sehat
0.5163869857788086,0.18243442475795746,-0.6747107420454118,0.59243243932724,0.22944612801074982,-0.6620184741889391,0.44595757126808167,0.32779645919799805,0.8178277220221806,0.034875221726941213,430.12415522121177,0.9298621901464195,0.2545547685318082,11.53930594477012,0.0012612151685304411,sehat
0.6648702621459961,0.23874759674072266,-0.7485481695206564,0.5788575410842896,0.2571403682231903,-0.6459411971319032,0.5469677448272705,0.26171398162841797,-0.4563282644109433,0.013548834078584232,430.52185193967716,0.9475130238384833,0.12910378460168523,13.085959205934385,0.00018722898634472498,sehat
0.7150856256484985,0.25325849652290344,-0.2536673664921152,0.6874588131904602,0.2687104642391205,-0.07896717731507849,0.651250958442688,0.2983120083808899,-0.04308214723812565,0.1937045378623209,244.6821865552374,0.9734919820038761,0.3924111819005715,7.508559441578314,0.03756956796954091,sehat
0.5119845867156982,0.20262715220451355,0.318272331046835,0.5497182011604309,0.17346487939357758,-0.20225289078517278,0.407953679561615,0.17215441167354584,0.5854885664490576,0.01300121382247306,392.44659866239107,0.9031319420145102,0.11768890730343602,12.880409670639963,0.0001716927521126611,sehat
0.47175341844558716,0.350330650806427,-0.12697657617465932,0.639611542224884,0.19828253984451294,0.04603396739303742,0.6084912419319153,0.3101699948310852,-0.43861956425416043,0.023765162983705873,701.0395253928282,0.8855306867764375,0.23498395989431117,13.63896429497648,0.0005732554279134883,sehat
0.35009217262268066,0.21975229680538177,0.5619392038603205,0.33074063062667847,0.21241867542266846,0.8015073761886874,0.3185245394706726,0.21097376942634583,1.0393041580041147,0.013336791268485276,775.5336558447649,0.8687591478602458,0.13728718260140588,15.190677407364534,0.00018150807921967884,sehat
0.6553590297698975,0.25806042551994324,-0.487486357239199,0.5399150252342224,0.295902281999588,-0.11812549118784599,0.4325640797615051,0.26575198769569397,0.5178227948884441,0.01392529814452293,624.1799659757213,0.9382214061860581,0.15751295254675662,14.220861812505712,0.00019814478494003068,sehat
0.4345415532588959,0.23455001413822174,0.17864126941092645,0.4706905484199524,0.24326516687870026,-0.18201762512060615,0.32177621126174927,0.2240990847349167,0.8647102608344307,0.009917155690173552,930.15185418596,0.8696218568487172,0.08547388474544619,19.070615935634557,9.943107585702295e-05,sehat
0.43948280811309814,0.28391098976135254,-0.13042361886159065,0.4897177219390869,0.2800026834011078,-0.07360554383121201,0.32604387402534485,0.1582353264093399,0.411730353809011,0.014346004079816434,361.2033843208955,0.9603301667591921,0.11538293536290199,11.969703396514776,0.00020842214520913702,sehat
0.6336196064949036,0.18687821924686432,0.03867882568749541,0.6831088066101074,0.19784241914749146,-0.3517144790926067,0.5116145014762878,0.30779990553855896,0.5798854625284063,0.03434876767695885,322.81960294879417,0.9374215962655309,0.2517569072574131,10.64719088649083,0.0012035140458635165,sehat
0.4635602831840515,0.25450122356414795,0.212910211040159,0.4825570583343506,0.2545252740383148,0.08244062599546177,0.3627539575099945,0.24836884438991547,1.0972836299244748,0.022460464629842757,822.5372099137552,0.8991685675231137,0.16075231517607666,15.297626128780657,0.0005101115830773785,sehat
0.4679131805896759,0.22238875925540924,0.29173492691589314,0.41445019841194153,0.22283345460891724,0.599580670680191,0.3520897626876831,0.21285587549209595,1.0350600469296216,0.012035262242169463,723.858264590936,0.8835856064956662,0.12352078427022196,15.49984504854018,0.0001471079587108816,sehat
0.6782079339027405,0.1822194904088974,-1.0211473089163177,0.5639062523841858,0.2146046757698059,-0.12503153315492269,0.46811264753341675,0.22762379050254822,0.2886873368135338,0.038946938769436376,215.23160248393148,0.9581720689890084,0.3158723207913238,7.239760094368505,0.0015534060938346115,sehat
0.19835200905799866,0.24938972294330597,1.4599397167327455,0.4266135096549988,0.16388961672782898,0.3037941068768784,0.4704195261001587,0.2978430688381195,-0.3481716294531432,0.08231225334854857,391.62893842729653,0.8778310013369296,0.45742906182589976,7.950518005577394,0.006835010415259875,sehat
0.6833139061927795,0.24599608778953552,-0.4407405981305716,0.6261157989501953,0.26343223452568054,-0.30188189987233804,0.5823962688446045,0.29927554726600647,-0.1669938807031379,0.028693396782137334,327.30273466465434,0.9624194731985413,0.264601093568775,8.854597863079212,0.0008443810937848012,sehat
0.5151028633117676,0.1849920153617859,-0.7940664395572954,0.5128059387207031,0.22468671202659607,-0.6556227361304271,0.49010321497917175,0.3005281686782837,-0.2610485939908898,0.06312181102885984,210.43871031847598,0.9634534397786038,0.4581285308173511,6.378015566768749,0.00403127384419216,sehat
0.4218457043170929,0.2547928988933563,-0.0753121839782846,0.4568706452846527,0.25568386912345886,-0.30025478929593047,0.28222399950027466,0.3106994032859802,1.0317185059143636,0.11476231296134028,478.3772544447577,0.940787098822535,0.19147911798421313,13.389848189370783,0.013177381707099875,sehat
0.5380454063415527,0.28517037630081177,-0.30462589813464896,0.5533450841903687,0.295585960149765,-0.4347351953835416,0.5336031913757324,0.28765618801116943,-0.16550533348988486,0.020944212345640856,569.3215623535388,0.9471040654446182,0.2004605694334737,11.961290273790324,0.00044739008906697513,sehat
0.42024558782577515,0.18700717389583588,0.44502148531373126,0.5515395402908325,0.21210499107837677,-0.3805503675718985,0.46141403913497925,0.1933101862668991,0.07382389006827074,0.009201672656167932,943.7307704539836,0.8064773754325967,0.06711540938796369,21.35852573203785,8.548892468392842e-05,sehat
0.5031149983406067,0.1636837273836136,-0.411449645800335,0.5672847032546997,0.19215984642505646,-0.46610164693337813,0.5622859597206116,0.30965766310691833,-0.12332388917228458,0.017933657650261645,393.2122382624406,0.9184581063876879,0.18485832063949914,11.75434979445935,0.0003300330917300859,sehat
0.5173301696777344,0.30068737268447876,-0.021939185735019493,0.5739317536354065,0.3031039237976074,-0.30164877189631195,0.45321938395500183,0.2878059446811676,0.5555525990512514,0.034602403385745835,889.3861705650564,0.9230360085437502,0.17413178746829838,15.984219187862296,0.0012037698487670269,sehat
0.6847014427185059,0.24250774085521698,-1.207535787327307,0.7016751766204834,0.23448751866817474,-1.238297874759143,0.5019362568855286,0.2372758984565735,-0.038760806528346126,0.014514599857364864,1118.2590519650098,0.8419469134359369,0.1246514995837229,18.763525013508453,0.00021341894032443775,sehat
0.41381144523620605,0.28366121649742126,-0.12711383980650273,0.4600706696510315,0.28229987621307373,-0.2082370607893627,0.3721134066581726,0.21498462557792664,0.062291007069844556,0.01627999727320469,898.8630575776501,0.9077927242354784,0.1267183757553312,19.0334650853133,0.0002688126186993493,sehat
0.6560028791427612,0.2926918864250183,-0.6013246762726209,0.6828604936599731,0.2878110706806183,-0.7607027199030933,0.5533197522163391,0.3639049828052521,-0.03319998759949957,0.037863500188232875,897.4244768741473,0.9168987564483051,0.2268713524902907,15.668883250643388,0.0014448784432699992,sehat
0.7505929470062256,0.22504712641239166,-0.42305811666723037,0.5925276279449463,0.3019030690193176,-0.10100179931772549,0.5895246863365173,0.2369954138994217,0.2591681969199018,0.027524920335813035,1102.71776901081,0.8822074721726773,0.24029838588858224,15.340877686298589,0.0007732269821708855,sehat
0.5606343746185303,0.23644988238811493,-0.5843473395416187,0.5576218366622925,0.2359151989221573,-0.7002239173684061,0.522037148475647,0.28402531147003174,-0.28605115186892127,0.016188235914666577,1022.0115191603294,0.8465663724902069,0.1803327347550835,16.991920476834892,0.0002691286136151794,sehat
0.661009669303894,0.2782494127750397,-0.4958358322369635,0.5707641839981079,0.28264978528022766,-0.18718109895360568,0.5016801357269287,0.2749921381473541,0.05466326690274971,0.011830680885049655,935.2997100869749,0.9058720654639426,0.11875405009965771,17.276692427882868,0.0001423137681279309,sehat
0.4177619218826294,0.2539457380771637,0.1818573036726004,0.502772867679596,0.25792214274406433,-0.05257571792874682,0.4444783329963684,0.23662225902080536,0.23699517359394318,0.03408172470301162,887.6576135561272,0.8837867091250412,0.14826905407025046,17.10309902255278,0.001164601402844559,sehat
0.4228033423423767,0.24423760175704956,0.27119133036157667,0.41318637132644653,0.2343498170375824,0.34458668490548344,0.4310245215892792,0.22537408769130707,0.40645440217540024,0.011519868932360768,736.3747457058827,0.8977509739048785,0.11144090441086545,17.215345243013612,0.00013531670180910594,sehat
0.49508339166641235,0.24457089602947235,0.8033007146320256,0.39215049147605896,0.2945476472377777,0.8393961894873051,0.3482818603515625,0.3222772479057312,0.7667964028791423,0.02286176230259188,490.05880073671284,0.9514691224655545,0.21525033988471776,11.127556460882188,0.0005357585937881767,sehat
0.6306451559066772,0.11828968673944473,0.21165656130188612,0.7690448760986328,0.13888221979141235,-1.5873426772103416,0.3240288197994232,0.12484893202781677,0.8454442953607375,0.021807703632162223,251.32098899030564,0.8060211421241118,0.13929153710033534,9.885717076682935,0.00048186369512396486,sehat
0.33593302965164185,0.28182363510131836,0.8911138236899977,0.3388536274433136,0.2756563127040863,1.1008105871620062,0.34921973943710327,0.2697475254535675,1.1861699534168755,0.022446648341319205,752.8685331221999,0.9231918576751529,0.19109147195419562,14.469679987515264,0.0005117694282476543,sehat
0.3645409345626831,0.279436856508255,0.3528668617151311,0.3359338343143463,0.2682940363883972,0.45874821579508906,0.2843511700630188,0.24656942486763,0.9221728126952619,0.039810676009713504,1270.397179157894,0.8633576325000926,0.15166930855888838,20.90403370030001,0.001609799057605339,sehat
0.5046185851097107,0.2272031307220459,0.013020908625327588,0.5310938358306885,0.25322285294532776,-0.09455265692652715,0.37716129422187805,0.16289420425891876,0.9529557328099842,0.013094673670571544,541.7209842367375,0.9219276300460555,0.13601575188253467,14.63862069541941,0.00017398487394728904,sehat
0.5565456748008728,0.2688145041465759,-0.11821084018750945,0.4800562262535095,0.26550954580307007,0.06170113776338453,0.3814334571361542,0.2576972246170044,0.43091268944221855,0.020552135036433397,912.3809102047616,0.8979960819159145,0.13706053151862985,18.722054453006535,0.0004251720125098742,sehat
0.3682267665863037,0.2543531358242035,0.5671754903188233,0.3634646534919739,0.2327568084001541,0.43723484619143255,0.34497177600860596,0.2004024237394333,0.9091401514535679,0.016952455301701363,438.9208733074075,0.9320001207498745,0.19376304801139935,10.00574773054772,0.0002949664491293982,sehat
0.32746195793151855,0.16576053202152252,-0.11006847791312048,0.3812471032142639,0.20371869206428528,-0.1076473627545597,0.21353864669799805,0.10929363965988159,0.28094904938330506,0.012295281971754802,359.47609611394836,0.9098588608665353,0.1119402117941496,12.620447766052223,0.00015399177230599893,sehat
0.3711604177951813,0.2525944411754608,0.5622434109278905,0.28382810950279236,0.20867204666137695,0.765631912593197,0.21394234895706177,0.17638424038887024,1.2692983522344747,0.013717419637290085,643.7182095978014,0.8937064761705824,0.12122500342162489,15.56612425795687,0.00019193354335714834,sehat
0.714952826499939,0.21647924184799194,-1.0525687022922552,0.7093544006347656,0.20205800235271454,-1.154200144231289,0.5356419086456299,0.2825741767883301,0.34492177473110974,0.08972776986872939,703.8898140516004,0.8722858204501686,0.34031304057154976,12.97084441755942,0.008073023015823544,sehat
0.3831360638141632,0.2228277623653412,0.5110982542691227,0.3981807827949524,0.205466628074646,0.20130095960402836,0.37018370628356934,0.2299036979675293,0.47611578737573435,0.009890148096165974,843.5587713396421,0.8439100126187613,0.09141397033433285,18.856252999696025,9.970092272405394e-05,sehat
0.633329451084137,0.18332579731941223,-0.07203564576997543,0.6686285734176636,0.16932739317417145,-0.5627513040692217,0.45025432109832764,0.21578676998615265,0.969243643033518,0.01658202882638062,510.55526062675926,0.8730813836807979,0.10831380422358362,14.997987285529854,0.0002789142591197577,sehat
0.619598388671875,0.23487108945846558,-0.6050916202090171,0.5934884548187256,0.23786835372447968,-0.4958169001375133,0.5645204782485962,0.2586386203765869,-0.2309399740370713,0.03771101434760154,759.3668794876185,0.8956192179154002,0.2106058459834408,16.055360477612734,0.0014320192248912335,sehat
0.42277246713638306,0.33474281430244446,0.0688937076281456,0.3781883418560028,0.31810906529426575,0.08695660216743184,0.2824946641921997,0.2551090717315674,0.3202754548258722,0.08437394511994734,715.3277049136337,0.9444300653747999,0.26976910116201436,14.562395555104231,0.007188596482508261,sehat
0.5269191861152649,0.24450677633285522,-0.6404526045525878,0.5727354884147644,0.2453603595495224,-0.9556103421513056,0.1930425465106964,0.19852958619594574,2.342761911226074,0.016153167605549027,719.1233319883173,0.8949167707126463,0.13232621931288208,15.368172433405178,0.000265000733099237,sehat
0.501517653465271,0.2089952975511551,-0.24922535981385083,0.4260888993740082,0.18899905681610107,-0.27079252972280016,0.36579036712646484,0.24145464599132538,1.106477402610801,0.012186409985724069,971.7218606733196,0.7855035589159755,0.12843837376585956,20.977158525572474,0.00015073943864809126,sehat
0.4323181211948395,0.22769904136657715,0.5628329544805514,0.38255825638771057,0.23145385086536407,0.7742301867921932,0.3520488142967224,0.22857530415058136,0.9753189871146907,0.016889620125062878,446.94830815872064,0.9346511085295454,0.18938180831855636,11.734754439951965,0.0002935987703837924,sehat
0.6210429072380066,0.22804273664951324,-0.08758495665442025,0.5952969193458557,0.21773353219032288,-0.166878823667142,0.41465985774993896,0.25174203515052795,0.6465278481034405,0.011756069905845613,701.8622974348228,0.8902878933183832,0.10320053355006238,16.97065576758351,0.0001401092762588718,sehat
0.7774558663368225,0.27911752462387085,-1.210468974815916,0.7928817272186279,0.27185773849487305,-1.405673513060679,0.7446241974830627,0.29979079961776733,-0.8156061410869223,0.37043827539575475,468.9182076286004,0.9527846622207402,0.49756897179423415,7.888443107588102,0.13725987752899524,sehat
0.4946577548980713,0.30632850527763367,0.12305364557004579,0.39602357149124146,0.2792431116104126,0.3885367868608012,0.34734907746315,0.26933538913726807,0.4604349790509634,0.026163314802599796,497.56178616956845,0.952681823900372,0.2589144166733401,10.602654429694693,0.0007054937660411689,sehat
0.6449247598648071,0.16980081796646118,-1.248148492722524,0.6092277765274048,0.2519116699695587,-0.6763563837565625,0.5874717235565186,0.3216419517993927,-0.3827746675968451,0.018260539869519678,455.051889674165,0.932622586511576,0.15833339183208825,13.069405145904321,0.00033971693145856875,sehat
0.43782901763916016,0.18845508992671967,0.4150791985763127,0.4538067579269409,0.17358233034610748,-0.3806381937817402,0.2404182106256485,0.13926826417446136,1.2277417308041358,0.01185993480524084,508.56451744757396,0.8205321383994058,0.08538984551483834,15.758659126294459,0.00014282656958756364,sehat
0.40760207176208496,0.24536284804344177,0.4791042457327551,0.3526291847229004,0.20330356061458588,0.5862976850542659,0.21235041320323944,0.2056615650653839,1.066115269875457,0.013784964145385067,515.6300127522782,0.9128591211009282,0.1400957696998739,12.605893790556253,0.00019361604450407696,sehat
0.37003418803215027,0.2213837057352066,0.8143415298841332,0.41235166788101196,0.23057591915130615,0.5131069472342003,0.271470844745636,0.2099735289812088,1.532142761520637,0.0129767016358383,646.7513741574081,0.8984511232072364,0.13728495365540946,14.511107771853398,0.0001712060991419256,sehat
0.36649444699287415,0.2825079560279846,0.30199268174143684,0.40017178654670715,0.28365081548690796,0.14429260176178155,0.330208420753479,0.29569706320762634,0.6994125861209396,0.06228766248548023,477.22903927592284,0.9532684537638665,0.26001732020602236,10.861675809824744,0.0038918202707420037,sehat
0.5938218235969543,0.342898428440094,-0.2097764761813001,0.5265797972679138,0.33694925904273987,0.05083088784689239,0.41102033853530884,0.34474682807922363,0.5040346748625768,0.07846244461346502,818.0604826547172,0.9444507266357345,0.270702823546954,14.619810137292353,0.00616353741290503,sehat
0.4167086184024811,0.32517632842063904,0.6119903816803772,0.39291834831237793,0.31525304913520813,0.7263040193214941,0.41616949439048767,0.31501346826553345,0.6164658459541587,0.040323290706340914,345.72931692671426,0.9737134983714452,0.3225634425771701,8.90469432102581,0.0016535768020527013,sehat
0.569620668888092,0.21308943629264832,-0.6943149576707771,0.5558529496192932,0.22692331671714783,-0.6485155688776604,0.4529183506965637,0.25394758582115173,0.4263088261873118,0.03759567582528595,423.8273140994559,0.9339418316264086,0.24982204160379648,11.210215392062034,0.0014272751511619764,sehat
0.4796566963195801,0.23341713845729828,0.531513603651173,0.4142032861709595,0.21044662594795227,0.7224993380223513,0.41656213998794556,0.16827981173992157,0.8369965305549301,0.016802108280915162,762.881873757283,0.8661599628876623,0.1551467010172485,15.733927604074083,0.0002887475256578873,sehat
0.8975996971130371,0.21208663284778595,-2.320574537720059,0.8988842368125916,0.21014899015426636,-2.3397733060948207,0.890283465385437,0.22351323068141937,-2.254768467464141,0.4465673993682666,2155.6587872090386,0.6334257700861248,0.5340724070787889,20.341512888821978,0.19959362286025936,sehat
0.4951109290122986,0.25974297523498535,-0.04165012677046152,0.4907240867614746,0.26144683361053467,-0.11145478625274892,0.26144877076148987,0.1389482319355011,0.7985094846285279,0.022936513125799057,483.4498144323183,0.9369439396396771,0.21801251416200507,11.879110298345239,0.0005389334514047285,sehat
0.4675906002521515,0.2368776649236679,0.2712570110096603,0.436051607131958,0.23387891054153442,0.4236410407559912,0.4088205397129059,0.2321549952030182,0.5374795732647686,0.015510536197908195,332.12681073720506,0.9533510982299611,0.18728080252944826,9.823036727257337,0.00024575605628764715,sehat
0.13500738143920898,0.14941562712192535,3.6356942549872975,0.15116572380065918,0.14677613973617554,3.3326745879936515,0.1738218069076538,0.1425403654575348,2.812484835164448,0.043114405156599735,140.38458710820694,0.9502093607609144,0.3809169127641887,4.376188484700777,0.0019105612910395343,sehat
0.4338825047016144,0.2716135084629059,0.5927878927050667,0.4175146222114563,0.28327104449272156,0.6950227260237759,0.4038684070110321,0.29064637422561646,0.7731896538300699,0.013532820468146295,1109.230319990014,0.8908897742944646,0.12677685810620656,19.32530702726753,0.0001877741366239404,sehat
0.4849987030029297,0.11817983537912369,-1.231624338893747,0.6485934853553772,0.1677984893321991,-1.5445589161861362,0.633209764957428,0.2954263687133789,-0.5826681035938462,0.1132391589447615,272.4290277911209,0.9159878771820648,0.519663639118161,6.133002845077242,0.012960106278693375,sehat
0.4638030529022217,0.23958714306354523,0.21553259064820252,0.4632945954799652,0.2402055710554123,-0.0007190080111990075,0.4285496175289154,0.258007675409317,0.37907704254922137,0.027215789731325477,424.62960105321014,0.9425639920812913,0.28180295787214654,9.133667761948486,0.0007514494127054124,sehat
0.519314169883728,0.2735743820667267,0.14824840326040525,0.5034363269805908,0.279161274433136,0.21999555545761984,0.4977053999900818,0.2843899428844452,0.21256588656855088,0.01270036159057271,982.7571251659116,0.901839764613129,0.1248233390874635,18.326787886826217,0.00016589542044577357,sehat
0.49556154012680054,0.12268967181444168,0.032923748292786284,0.5823224782943726,0.12461850792169571,-0.7172023565069834,0.44982218742370605,0.14789660274982452,0.5848697641725467,0.014062877054144421,450.6352034812764,0.7699762188153539,0.0789642578813141,14.944871876772185,0.00019953890437287872,sehat
0.39044642448425293,0.18283773958683014,0.20943163746042912,0.3646630048751831,0.17959043383598328,0.36106536581326976,0.2953796088695526,0.18554405868053436,1.0574969063175153,0.01655766093745886,247.38515290607083,0.9401501799182833,0.18979721777539052,9.22730689949278,0.00027975238519111113,sehat
0.4993719458580017,0.1545179933309555,0.0586455143772153,0.5918537378311157,0.1854264885187149,-0.4227250388501966,0.548418402671814,0.35672369599342346,0.2718557266481926,0.027820487380347713,314.7254611057123,0.9319159542981686,0.2648956888582566,9.792518341686682,0.0008000771168111322,sehat
0.32667285203933716,0.10926885157823563,0.05626035118403442,0.44891518354415894,0.1338050812482834,-0.4974235420819517,0.3990531861782074,0.09306015074253082,-0.12211524745877468,0.019836580164043275,197.8573452690165,0.8872541385726791,0.16561609611000547,8.906387469792193,0.00040060846985764693,sehat
0.5039735436439514,0.32825881242752075,0.2979126891824204,0.4606438875198364,0.3240276575088501,0.3406334510163002,0.31823647022247314,0.3521212935447693,0.9017647146124316,0.051796594389478534,372.0256690358597,0.9726513501786959,0.308415829804903,8.5658790997912,0.0026909592679939583,sehat
0.31048351526260376,0.2038693130016327,1.0243513738273249,0.25318482518196106,0.19186392426490784,1.2602272944143698,0.21081101894378662,0.18830060958862305,1.5002422210981468,0.013460240751532812,853.2430274452981,0.8242819495043722,0.10229544341572444,18.12963475075317,0.00018444414167217266,sehat
0.46801239252090454,0.2771144509315491,0.77629128854274,0.47263893485069275,0.28088778257369995,0.6233655349103123,0.45824113488197327,0.2828943431377411,0.8450830850704911,0.03015886782123146,682.0369720767688,0.9321356636656347,0.21375323427104662,14.264363609675089,0.000926927863862413,sehat
0.40176957845687866,0.27674034237861633,0.5832236786950941,0.4593679904937744,0.2247650921344757,0.2510217914943707,0.3634788990020752,0.2248000204563141,0.6922168022039641,0.011511350740594638,658.4857367572828,0.9103004596688867,0.1117179715811909,14.802783946332028,0.00013410463957357305,sehat
0.5212652087211609,0.3085339367389679,-0.1508298347003151,0.4731277525424957,0.31577885150909424,0.025657708255938667,0.4281631410121918,0.3063887059688568,0.25374718900208254,0.015130353618629864,991.3954672201081,0.9209830925422303,0.15555890851539866,18.079271044192875,0.00023385783166003434,sehat
0.46789905428886414,0.24577274918556213,-0.39979454974907885,0.5210884809494019,0.2789331376552582,-0.4428789572029788,0.3556138277053833,0.17651760578155518,0.27596933844167343,0.01731985968943615,280.5856796128668,0.9669136843242084,0.17885695591461834,9.08225993447228,0.0003070634645845876,sehat
0.6678311228752136,0.2524169683456421,-1.3465865669859551,0.5564870238304138,0.2486731857061386,-0.6407747786026227,0.4121251702308655,0.2297300398349762,-0.02639187330199554,0.06093361598435521,994.0038038624666,0.8664785532777733,0.1179190775287784,21.383183201402726,0.003718381924927429,sehat
0.795744776725769,0.1417856365442276,-0.6610532000406931,0.7386597394943237,0.17960882186889648,-0.8661146676238356,0.6967543363571167,0.20680557191371918,-0.8713248239179188,0.0271273010127266,125.62047560227745,0.9662007053606186,0.2877221868115058,5.749351114832251,0.0007550202961928679,sehat
0.5387675762176514,0.2337101846933365,-0.07543456226614423,0.45844995975494385,0.2147081345319748,0.5096767576332699,0.3465343415737152,0.23902790248394012,1.1708653890432787,0.011817745172519207,624.1000340621275,0.8941905305496668,0.12266918502609399,15.715628850523212,0.00014150411373111289,sehat
0.5457279086112976,0.3377220630645752,-0.3551698695146794,0.5359999537467957,0.3375336825847626,-0.32607603404665253,0.516398549079895,0.3452569842338562,-0.19937506963674376,0.03748755301759562,621.5444504197454,0.9581484712426728,0.29085224309354135,11.682573649384901,0.0014217226702475875,sehat
0.494449257850647,0.2877504825592041,0.46704339074273965,0.49455079436302185,0.29912668466567993,0.4101444118656862,0.37984469532966614,0.338287889957428,0.941912036195634,0.08964520108053504,267.1799944722429,0.9766042496715898,0.2916371770359585,8.6911055899375,0.008041567126980438,sehat
0.35529014468193054,0.2964600920677185,0.8209253008861899,0.44010108709335327,0.2935887575149536,0.11048926315529899,0.28205472230911255,0.292805552482605,1.329626238975426,0.025217874573754986,1001.1119740714744,0.9064685837313707,0.16538761629377763,18.910597926711038,0.0006478644924273082,sehat
0.5799164772033691,0.2585145831108093,-0.5886716960412266,0.5304268598556519,0.2518535852432251,-0.3710717376722745,0.47002583742141724,0.2405812293291092,-0.06372449515832708,0.018916916938645344,342.1232701930633,0.9582804486322553,0.2111882540284397,9.893696207872358,0.00036677967979359595,sehat
0.5054910778999329,0.19367600977420807,0.04992495251805729,0.4670444130897522,0.16227276623249054,0.012136109877500616,0.3725244104862213,0.1490105390548706,0.6187729809350067,0.018424176101125404,196.02358752818205,0.9457241601156481,0.18729072644438208,8.37657276728069,0.0003503498689380346,sehat
0.4201628267765045,0.27530637383461,0.5254382126197404,0.4423113465309143,0.2793049216270447,0.290987036238798,0.3763570189476013,0.2774054706096649,0.9905860742857643,0.047305783551174395,266.7666173558293,0.9732184725327132,0.2806173304704978,8.45468554476743,0.0022567966390111553,sehat
0.7566747069358826,0.2796449065208435,-0.8109034399454852,0.735467791557312,0.2833828628063202,-0.47464644850927146,0.6834354996681213,0.3290271759033203,-0.35040593451606267,0.36361659468516905,601.587863942732,0.9431553742039168,0.4757929836733709,11.172600920632377,0.13226412909940097,sehat
0.5893701314926147,0.2691502273082733,-0.5860764642566042,0.5881718397140503,0.24495671689510345,-0.6992397899865122,0.579860270023346,0.2286023646593094,-0.567165618326401,0.013107158642253638,937.8570742685437,0.8832899853228215,0.1159948385738205,18.59133652226945,0.00017406283437251555,sehat
0.46800532937049866,0.24132004380226135,-0.6407778967660176,0.5795650482177734,0.2213081419467926,-0.6638671506616703,0.6084334850311279,0.3026473820209503,-0.43562644902406505,0.02869051216564791,333.4565969572501,0.9491755128619473,0.30750074678737344,8.901296940680979,0.0008554522225297716,sehat
0.4573146104812622,0.25172892212867737,-0.19430108472373162,0.4156351685523987,0.25358036160469055,-0.07064709702629256,0.3776789605617523,0.2481074035167694,0.3667687844582502,0.016099042923109323,551.6595089897563,0.9327415928289748,0.17470607944748887,12.746923317072955,0.00026437064647615456,sehat
0.5056275725364685,0.18979977071285248,-0.2501933591055255,0.4513885974884033,0.202338308095932,-0.07403190564912059,0.4262303113937378,0.1944417953491211,0.03745236224763089,0.013631313720453467,284.32489057286006,0.9434962870503109,0.14623473482315516,9.838059506863088,0.0001893871569186913,sehat
0.7340075373649597,0.27726030349731445,-0.7510555231692486,0.7154868245124817,0.2996678054332733,-0.6216753820981193,0.7087386250495911,0.3457337021827698,-0.6964981582239598,0.11950644076933664,560.545606349729,0.9492045339614227,0.34102866282329414,11.862704382130637,0.014321434630591164,sehat
0.37958505749702454,0.1988561600446701,0.450933042179666,0.43565958738327026,0.2513527274131775,0.019517484034287783,0.514787495136261,0.3593895733356476,0.11676032057739492,0.037157538646319474,562.7270028057104,0.9261715556315534,0.2991090650752433,11.90160554066452,0.001410574367922855,sehat
0.4581526219844818,0.22539561986923218,0.5771988862692664,0.46973472833633423,0.21931171417236328,0.358880441400904,0.4718964397907257,0.2738293409347534,-0.028755426735444956,0.016790191536742164,668.7072136889415,0.8936494886997101,0.17456503495838596,15.609355643726571,0.00028719066196143385,sehat
0.48827245831489563,0.2742886245250702,-0.02131748974186642,0.43411731719970703,0.26089322566986084,0.2400343112419801,0.383441686630249,0.2584861218929291,0.5009233073982992,0.008977198151508672,1401.7193801665962,0.8442974401168278,0.09516315896223641,23.299461852796465,8.313621610583941e-05,sehat
0.49527105689048767,0.24389302730560303,0.11078398038122549,0.38559967279434204,0.2659832835197449,0.7560218141014237,0.33462169766426086,0.29916608333587646,1.2147126724327417,0.018896988128213738,474.46015830123775,0.9442966158626388,0.19955801987194477,12.26885952241633,0.0003648426775890311,sehat
0.4380935728549957,0.2203485667705536,0.16814840939185322,0.46248355507850647,0.25104859471321106,-0.12720487914692333,0.40910694003105164,0.31900545954704285,0.3193806713523198,0.07293425324990538,628.2680233637387,0.9199240265068247,0.33537371397028476,11.659071635972523,0.005338396282556811,sehat
0.608677089214325,0.1420275866985321,-0.6008438732747347,0.6191922426223755,0.17621426284313202,-0.9551233998344228,0.529722273349762,0.31144577264785767,0.036204331328881,0.02667739343179346,269.5262837923378,0.9308575287459308,0.3023341572966317,7.34591476074899,0.0007285198593408818,sehat
0.41383856534957886,0.27059227228164673,0.05367593979692865,0.40159884095191956,0.26638510823249817,0.09373105305301233,0.38242167234420776,0.2361830323934555,0.31237278093569265,0.015560743083693816,706.4203297717377,0.9175794136089371,0.14222987979064486,15.988040667197183,0.0002489595632887948,sehat
0.523585319519043,0.15974263846874237,-0.3733141960907013,0.5529860854148865,0.1883317530155182,-0.5792456794425589,0.4001238942146301,0.15208770334720612,0.1106812368092363,0.01603474080655666,586.854422473335,0.8311094330021441,0.10429234150186682,14.92776343458412,0.0002592227988172331,sehat
0.43338602781295776,0.292100727558136,0.33966310198214034,0.3839729130268097,0.26012104749679565,0.395505670161808,0.36917638778686523,0.2571871280670166,0.3406942245234171,0.01712154817546016,567.2883636206524,0.9379517167849903,0.22087747583510456,12.489043764358087,0.00029917763287006703,sehat
0.38539472222328186,0.3139123022556305,-0.028622900961045333,0.44333624839782715,0.36815762519836426,0.08802078449306305,0.3662555515766144,0.3772188723087311,0.8639476314845183,0.07114768205909387,633.6880044134175,0.9595467569509525,0.34916155989891046,10.405648404566,0.005080588126701227,sehat
0.4634805917739868,0.20265187323093414,0.33889717861063345,0.4330920875072479,0.22322633862495422,0.3708476538086619,0.37129175662994385,0.2327428162097931,0.8607111682902194,0.009318635307453785,673.9785745130072,0.8887196719056861,0.07150742015139376,18.14472694014355,8.767690526673209e-05,sehat
0.466592937707901,0.21371082961559296,0.3612881933414629,0.4623569846153259,0.2204374372959137,0.5086896502244298,0.43283069133758545,0.24904264509677887,0.7868854426867755,0.011385415254218698,508.5150986509274,0.9192729125247219,0.1085620185586889,14.473259295575138,0.00013164503589940574,sehat
0.29566076397895813,0.14631734788417816,1.4822274620391505,0.40443846583366394,0.16307133436203003,0.1331004422884528,0.6183502674102783,0.2284185290336609,-1.0994952382985184,0.0696268221987116,248.82655906318087,0.9256405421349969,0.4600275250229138,5.281715898543291,0.004905833839717131,sehat
0.5195499658584595,0.18847422301769257,0.07291940662141418,0.6025999784469604,0.18858453631401062,-0.5496879193054197,0.39087340235710144,0.30461516976356506,0.7678588373145232,0.016800145647524026,667.7674678864919,0.8662442085641305,0.1453898691053003,16.885209362644673,0.00028802260403246557,sehat
0.5510104298591614,0.24318647384643555,-0.794057548550505,0.43410077691078186,0.2295769304037094,-0.13829352312005455,0.31851619482040405,0.22205033898353577,0.450816623490944,0.06491769403408593,584.7820690983979,0.9135873777400997,0.19513524829691972,13.59435494857228,0.004222185867144099,sehat
0.4552367031574249,0.2135508805513382,0.5341276526422638,0.48735547065734863,0.23288889229297638,0.12197791348892836,0.3744125962257385,0.32368916273117065,0.6320557528685781,0.01144701511397525,534.3866243392871,0.9224276893872596,0.12341919936836195,14.600213552409551,0.00013290985819227745,sehat
0.2791757583618164,0.19246850907802582,0.6974926723778092,0.28539952635765076,0.19891983270645142,0.6557602541573491,0.30050599575042725,0.19526009261608124,0.6226449556511792,0.030060720562076315,224.12629370845195,0.9545413941515499,0.23235489384460906,8.466497484403801,0.0009241720568070479,sehat
0.6199898719787598,0.3196224868297577,-0.10333109033188881,0.5576821565628052,0.35168322920799255,0.12883584621639235,0.48470133543014526,0.3955564796924591,0.3236724560454599,0.2282640256451592,591.1869847031161,0.9616112524025543,0.34918063297147683,12.152398752728972,0.05212451934555773,sehat
0.47871994972229004,0.18095962703227997,0.4152069413935316,0.2878630459308624,0.21842388808727264,1.198746281245173,0.25227421522140503,0.22088077664375305,1.2921425743322232,0.08039842425964384,679.3743402244686,0.8662571520134081,0.2980505111267741,12.193142193382146,0.006490309163202879,sehat
0.8512687087059021,0.28500896692276,-1.6040898690632122,0.8644332885742188,0.2614325284957886,-1.558497783213519,0.8622714877128601,0.26523882150650024,-1.5641883433742036,0.6976402109547739,285.05202629687665,0.9697769033442157,0.7490550559917963,4.747665741673796,0.48672132249464967,sehat
0.6047071218490601,0.32845184206962585,-0.26162516754015636,0.5718929767608643,0.3401951491832733,-0.12588921584115037,0.5321635007858276,0.3570909798145294,0.011445178481699663,0.1566732118978809,1027.5448973322564,0.9301319517834302,0.30198894946943844,16.595864785474273,0.024561195424475723,sehat
0.37513312697410583,0.21062615513801575,1.1126073821693592,0.42056459188461304,0.1974053531885147,0.7844648592794276,0.28080666065216064,0.26310351490974426,1.2196928540164385,0.0162915128109148,788.6446691993874,0.856694163669164,0.1276351733097881,16.656570859308797,0.00026802783185270423,sehat
0.5130535364151001,0.22584812343120575,0.282824542877046,0.45698487758636475,0.2390754073858261,0.4496052433939876,0.384783536195755,0.255338579416275,0.646772900634495,0.010529350103800341,645.2879194953965,0.9100407532722509,0.10440933666542764,15.989108955444008,0.00011232951150752528,sehat
0.5190941095352173,0.1451382040977478,-0.028048882496380538,0.47861582040786743,0.17152993381023407,-0.35930129683144135,0.23997193574905396,0.11540935188531876,0.8217001239597492,0.01643357122190495,261.1196568439649,0.9001259265120513,0.1395812431911795,10.105200987006684,0.00027613210072110215,sehat
0.4295606315135956,0.3233049213886261,0.07020182360468023,0.4088456332683563,0.32314959168434143,0.2127014942762284,0.40476348996162415,0.32384148240089417,0.2708293278091423,0.18596713617226548,716.8551302307404,0.9468628265672777,0.3541215536661009,12.298526518323717,0.034622187685007265,sehat
0.5710843205451965,0.3022032678127289,0.2014101014363536,0.5601251125335693,0.30909496545791626,0.26945534058893583,0.536859393119812,0.3180965185165405,0.49825311511027043,0.13971506435090403,330.39405951343696,0.9731768660509855,0.32788320793359094,8.325241557167315,0.019530755431458748,sehat
0.6784666180610657,0.3036263883113861,-0.6498922812396798,0.6687279343605042,0.3117351233959198,-0.6348556718235395,0.6264640092849731,0.3171449601650238,-0.32271392216879397,0.14560195139303875,383.27997287948665,0.9691519078346068,0.38095915418969833,8.156695610072285,0.02120655145794498,sehat
0.4541563391685486,0.203722283244133,-0.011478064343660251,0.4486619830131531,0.20428681373596191,-0.06294586678751973,0.26271334290504456,0.17969436943531036,1.3783129785157624,0.010651367698224017,618.04099775191,0.8758830183947298,0.09979754819853508,16.13724311393418,0.00011512171081980183,sehat
0.4310956299304962,0.2799777686595917,-0.15932961850241778,0.4032914936542511,0.2710762023925781,0.06848678872332387,0.3838559091091156,0.2631206512451172,0.3492677486989115,0.030539208341871366,548.2132318484857,0.9431177443812909,0.20665562565268528,12.613043381288032,0.0009448124710789898,sehat
0.6182959675788879,0.1711180955171585,-0.3252082409506956,0.5411070585250854,0.1963539868593216,-0.01854420455151882,0.5052971839904785,0.21592821180820465,0.18231790040193116,0.015744441468052473,477.75881991749196,0.8955264762019323,0.17919136883161868,12.104717529149214,0.00025261151281414626,sehat
0.4869937300682068,0.1458657681941986,0.06450761978388526,0.47624194622039795,0.17012406885623932,-0.5666041429512868,0.23119431734085083,0.13119307160377502,1.0243458973643116,0.014424957450478565,436.11040387158147,0.8452865473453812,0.10736532561461794,13.368917398114968,0.00021089088963251613,sehat
0.5205066204071045,0.2507057189941406,0.1419735492829983,0.48830610513687134,0.25752750039100647,0.04840832606357403,0.509390115737915,0.2450745552778244,-0.0815385088929073,0.008140480989135555,1559.5571022247993,0.8107972382873632,0.06814374257535756,27.622595063412287,6.724889092645497e-05,sehat
0.3741125464439392,0.2672427296638489,0.01983763927205591,0.3811889588832855,0.2138826549053192,0.505844802417574,0.3434806764125824,0.20573191344738007,0.0607983172322887,0.12572000627264285,1004.8868776963224,0.8287844215710813,0.24712100680895954,17.43440769777835,0.01581705343056233,sehat
0.4284076392650604,0.11078750342130661,0.2748411629280021,0.3637566566467285,0.10676111280918121,0.02271791822945255,0.21890056133270264,0.07814717292785645,0.5109226749053752,0.016037499793127713,315.3575221899179,0.766140358076092,0.10697574741882886,12.37349653603683,0.0002605737269768546,sehat
0.43785566091537476,0.2572149932384491,-0.09435349618318957,0.44959697127342224,0.24524791538715363,-0.05397735531635868,0.43139970302581787,0.25313857197761536,-0.0021279154635122015,0.01109056775555827,1041.8571784871433,0.8712142450067747,0.12068301743439365,19.308364816160285,0.0001270001564724628,sehat
0.5810945630073547,0.38808107376098633,-0.2601580833111709,0.6202064156532288,0.3505042791366577,-0.4090600816781514,0.5963547229766846,0.30753424763679504,-0.16511683972522084,0.09009257886250209,1126.7440844608832,0.9302047867229337,0.33405764003073,15.45982694574399,0.008129429282851831,sehat
0.8099028468132019,0.20802249014377594,-0.6935988764423392,0.7242730259895325,0.29134759306907654,-0.5766618630542628,0.6481709480285645,0.3461039364337921,-0.3596480458360185,0.3235978700654414,237.79247721177987,0.975293698433204,0.4955728428102158,6.131514131265537,0.10479159852771651,sehat
0.8886000514030457,0.26595768332481384,-2.2670328262996944,0.8877278566360474,0.26819029450416565,-2.2690321584762114,0.888159990310669,0.2670423686504364,-2.2673679475114157,0.7573890347515785,1665.1137118861643,0.8223684724338997,0.7998379565494981,13.282074802538434,0.5737385514029083,sehat
0.5589912533760071,0.3125931918621063,-0.32871428409733017,0.5425189733505249,0.3053041696548462,-0.32542299142451275,0.5188387632369995,0.2911628186702728,-0.3003389599563579,0.014095355473914828,1105.4289756311048,0.908235731683627,0.14015868642518245,18.248776647655273,0.0002031680627747961,sehat
0.5872401595115662,0.2251168191432953,-0.6712106148065932,0.4930879473686218,0.17867843806743622,-0.76929136754008,0.38182294368743896,0.14248532056808472,-0.03862440437754303,0.3411693554149415,707.2824060734525,0.8389757036224271,0.43004635492921883,12.015600376725807,0.11641992816475287,sehat
0.43721628189086914,0.2398459017276764,0.3224362250214549,0.47309741377830505,0.2171517163515091,0.07320641777325024,0.43992549180984497,0.19322200119495392,0.047414228552422236,0.010458497170793779,581.8885843110489,0.9026847954590319,0.10638413205711199,15.406871497008197,0.00011134412823679465,sehat
0.4722334146499634,0.27467086911201477,-0.29340210607814143,0.4430209994316101,0.26565369963645935,-0.13563180505419806,0.35357069969177246,0.2542180120944977,0.8542791686864444,0.01651212639257562,531.3594009121508,0.9416143165228162,0.1747232394541831,11.58770878356002,0.0002770570010557581,sehat
0.6401132345199585,0.32112953066825867,-0.16590478858117128,0.6523083448410034,0.31141114234924316,-0.23997631266444538,0.4827371835708618,0.40628325939178467,0.3503874145272136,0.2580034836854537,434.9157037573445,0.9672915401615781,0.4069251535226855,10.622253078035724,0.0665881769584185,sehat
0.4364291727542877,0.2661575675010681,-0.05464393461673292,0.4416801333427429,0.2791725993156433,-0.11672859253306825,0.38015854358673096,0.3127451539039612,0.35446130179722646,0.02264181954744081,499.03221345070125,0.9495560271302338,0.22151782199909628,10.492450126553928,0.0005228206205863484,sehat
0.4608992338180542,0.20602621138095856,0.5947870129184913,0.3963785469532013,0.19554267823696136,0.8625388659731004,0.38251057267189026,0.1968536376953125,0.6673819573217625,0.01427993770973295,760.0027137793572,0.8413912195076524,0.1259331707087126,16.306472852901546,0.00020568779635369815,sehat
0.5625883340835571,0.24616877734661102,-0.2969358964342791,0.5345338582992554,0.2208147794008255,-0.23402212253443322,0.534462034702301,0.20098620653152466,-0.2291462779893577,0.060950573831701466,511.3031653031548,0.9231097969664356,0.16048719197963204,14.401459299080523,0.0037201809658811455,sehat
0.5122090578079224,0.22776290774345398,-0.16988744354783297,0.45251113176345825,0.21524867415428162,-0.1710534954659066,0.3639337122440338,0.19856852293014526,-0.09320843181136718,0.01342212359539769,373.79131618189086,0.938280787650492,0.15896177538743786,11.147723595810936,0.00018617655547517953,sehat
0.4143638610839844,0.26391130685806274,0.0048534943567017244,0.37108635902404785,0.24351158738136292,0.12110686751992604,0.3265952467918396,0.2315463274717331,0.5415492291374818,0.017076888763188653,813.206015290742,0.894575191523273,0.15643162010871564,17.115955732579067,0.0003016879335411375,sehat
0.4344418942928314,0.2857787609100342,0.7373963266534873,0.3934992551803589,0.2937835156917572,0.8801731343520265,0.3677242398262024,0.29369062185287476,1.0017664912683277,0.3983993237731105,757.3688590986894,0.9295216745192914,0.510869063145808,10.793898128420443,0.15873107762755387,sehat
0.4925293028354645,0.14692403376102448,0.26037113075941765,0.5154582858085632,0.14194859564304352,-0.06482318581109298,0.32928672432899475,0.17175200581550598,1.562138108727317,0.014095804888188507,587.685646362795,0.7768685756155391,0.12177282778586779,15.683111619756042,0.0002007783992773511,sehat
0.2633396089076996,0.19711458683013916,0.981258580371377,0.2098485827445984,0.17042763531208038,1.2689394807040726,0.1507149040699005,0.1359170526266098,1.9830098337898427,0.021147977700863182,519.541510338471,0.8661067260509095,0.17264289267456212,13.134875050058954,0.0004621073081083355,sehat
0.6777516007423401,0.23115073144435883,-0.6272887218206691,0.691246747970581,0.22641931474208832,-0.7224779127941037,0.5670204758644104,0.25389552116394043,0.1131985633157346,0.040944974162259486,779.9148001610511,0.8855452356323464,0.19092532158795408,17.54268803204174,0.0016800874719611117,sehat
0.531449556350708,0.24903815984725952,-0.514584621256614,0.5552948713302612,0.25862187147140503,-0.5989557755978824,0.3821902573108673,0.20097492635250092,0.22664963264510762,0.012014850265935054,728.279981302405,0.908435638099322,0.11395540604243187,16.135585899388175,0.00014598173380064478,sehat
0.6642635464668274,0.17806939780712128,-0.6511622953738323,0.6242446899414062,0.21956409513950348,-0.28209473996211504,0.562898576259613,0.29729950428009033,0.10765156551869597,0.014422713414324417,1023.5995059632278,0.8150847168452217,0.165669931769614,18.973499725053095,0.00021254752352896456,sehat
0.35943183302879333,0.25002458691596985,0.8534240207445034,0.2806178331375122,0.18096427619457245,1.2309795635245298,0.20554248988628387,0.14860297739505768,2.230900213291212,0.024775138976050617,303.54392765590893,0.9375217324005153,0.22035812986350348,8.95831970858163,0.0006358898945539823,sehat
0.33792656660079956,0.2727990448474884,0.779153692026464,0.3382980227470398,0.26171329617500305,0.8609000246114105,0.31216973066329956,0.2515827715396881,1.0998371230896584,0.0157265878048691,1083.5402743988652,0.8725718298991626,0.1405309212527314,17.9509624900327,0.0002525201977243629,sehat
0.4294314980506897,0.20869776606559753,0.5175959355996643,0.4041595757007599,0.22070014476776123,0.38370543981127603,0.377571702003479,0.19320450723171234,1.003327392871501,0.033897867328992644,306.2686960307138,0.9471645174994411,0.2269311383466277,10.198585800068981,0.001165583758179111,sehat
0.39619550108909607,0.2696005403995514,-0.11265610448457963,0.3343510329723358,0.24139666557312012,0.32376492521583533,0.25257712602615356,0.22223560512065887,1.117106100243726,0.04289452478383934,427.70173645895665,0.9452410435783687,0.23856516155960475,11.093594828366337,0.001863601333620904,sehat
0.43643829226493835,0.32334867119789124,0.3198025512768863,0.4207373261451721,0.3029223680496216,0.2967789864689767,0.40667176246643066,0.28296801447868347,0.3376687507087773,0.013931775152997457,940.8452547152859,0.9222865765401876,0.14270216553186585,17.096396952301852,0.00020075425460535604,sehat
0.5097858309745789,0.19614724814891815,-0.4374198594395049,0.5988072752952576,0.2064543217420578,-0.980701412699634,0.4098101854324341,0.3043403625488281,0.7699999589767985,0.015108761930593418,471.48498049675953,0.9144035639950165,0.13376445059161615,12.983142981337416,0.0002310228911455189,sehat
0.60459303855896,0.375432550907135,-0.32132659026287724,0.6045732498168945,0.3761923909187317,-0.31458628742404837,0.5999403595924377,0.38114380836486816,-0.3119104429444999,0.256062856860742,995.7493514367071,0.9461985876799877,0.4115964017870739,13.928002010335875,0.06560860482302773,sehat
0.4595390558242798,0.32115963101387024,0.20132287435732668,0.4408954977989197,0.32201051712036133,0.2888072587760735,0.42263174057006836,0.30578622221946716,0.3110805528660661,0.023845378636884188,1063.1178739633629,0.9197233620391905,0.15005292551116475,20.611364770722588,0.0005763678124045937,sehat
0.4424739480018616,0.19670262932777405,0.04650396088197794,0.531326413154602,0.22205595672130585,-0.6425488135131384,0.5602048635482788,0.3493226170539856,0.03805756430766539,0.03359796751239931,454.7134876622579,0.9241466334696825,0.28751931520552904,11.566128427155917,0.0011560042237209768,sehat
0.3883802890777588,0.206574946641922,0.7143854264910846,0.43196868896484375,0.2382841259241104,0.16781849154802586,0.29254451394081116,0.20471563935279846,1.3178082676116714,0.012518736062381242,624.2856478901382,0.8989325807383985,0.14317310106784345,13.319718603133511,0.00016010344286845172,sehat
0.3087576627731323,0.2445143610239029,1.1103874266946756,0.4199429750442505,0.20451679825782776,0.9097234108908867,0.3275916576385498,0.2165282666683197,1.2348115473032744,0.04328734715078398,1027.684406968514,0.8185915518778236,0.2668262148705882,16.131286725174235,0.0019714733805620685,sehat
0.7827752828598022,0.32059597969055176,-1.0626834526717797,0.7821755409240723,0.3238147497177124,-1.0800950179908113,0.7794686555862427,0.32491782307624817,-1.0732314128168485,0.4451551779218513,819.939161727721,0.9390040386788799,0.5554162794952918,11.096391430413272,0.1981962351762703,sehat
0.590890645980835,0.2844648063182831,-0.3754692793093188,0.5330076217651367,0.2890334129333496,-0.1401527839910093,0.4806200861930847,0.2824517488479614,0.05448002620175108,0.010602204638367392,1209.6413634876853,0.8856104470586573,0.11312368373606296,19.700651554427825,0.00011452551479671451,sehat
0.5755320191383362,0.3157024383544922,-0.5474190487776069,0.5159645676612854,0.28929388523101807,-0.4342699782158933,0.4123314619064331,0.25981464982032776,0.4759763706169018,0.023033186488081347,453.9151408833664,0.9587342286551022,0.2056338059623984,11.356952636688817,0.0005413890684303038,sehat
0.6650225520133972,0.3061344027519226,-1.156356694709848,0.5993613004684448,0.30834347009658813,-0.6375482673846987,0.4955434203147888,0.32319796085357666,0.10613156326550048,0.06795955773619139,1130.7742715303573,0.9067561808109205,0.22147058560318691,18.880855221620994,0.0046390951840740435,sehat
0.564887285232544,0.22731082141399384,-0.7698675981935256,0.5300890207290649,0.21380408108234406,-0.5840173707730342,0.4740349054336548,0.20595745742321014,-0.05605067766417195,0.01344836795747579,1137.1734510757785,0.8085090124819555,0.10795336178850444,21.097721386020666,0.0001838831609804742,sehat
0.566536009311676,0.26091355085372925,-0.6548894636255992,0.6681910157203674,0.2973124086856842,-0.8937864389614879,0.6519919037818909,0.35935351252555847,-0.5273723647159919,0.052948690257747094,270.4922205874862,0.9749598602082026,0.45955571577944526,6.005507772583477,0.002830914709173299,sehat
0.3389799892902374,0.30963143706321716,0.6769465132299154,0.32476866245269775,0.30010366439819336,0.7261106255605481,0.2876439690589905,0.28303268551826477,0.8586764584397087,0.05982969687874601,716.4912853089454,0.9393409863594496,0.2609974033360173,12.464425903642853,0.0036070051539769574,sehat
0.6364616751670837,0.25148406624794006,-0.010260623727106675,0.5122471451759338,0.267683207988739,0.3443955414870186,0.3235470950603485,0.3081512451171875,0.8871176491368734,0.024861700210617826,340.6599581978095,0.9617319219123998,0.22251600361955082,9.805197850031815,0.0006275153777736668,sehat
0.505908191204071,0.24392662942409515,0.13984696822210024,0.5165495276451111,0.2148037552833557,0.21086398306799947,0.4445967674255371,0.21884846687316895,0.6864140092472233,0.030278255146062378,473.91210943717607,0.9260244271380085,0.20213927102003537,13.946424809226189,0.0009224498278548697,sehat
0.5510361194610596,0.1700095236301422,-0.6638596209977911,0.49616891145706177,0.1451854407787323,-0.1121329211048131,0.4127674400806427,0.14309674501419067,0.2765808746424596,0.013851867500345373,377.0326212860128,0.8718374022162535,0.09439789010928468,13.395070803232437,0.00019450195384408588,sehat
0.6790774464607239,0.23760943114757538,-0.26109147599814375,0.5913721323013306,0.25141650438308716,-0.046873179044467264,0.5518513321876526,0.2559038996696472,0.10394831091472179,0.019446557481506817,887.7226420466259,0.8861989032634147,0.1375548356598703,17.80705585160175,0.00038195316568777056,sehat
0.6935180425643921,0.31828248500823975,-0.9025264775913308,0.4919772446155548,0.2482845038175583,-0.5424393640369901,0.30202674865722656,0.19600903987884521,0.18268398115388246,0.06417786129378668,457.11888879939346,0.9467075263838747,0.20713908877923567,11.408952408227224,0.004126843774300056,sehat
0.5057101249694824,0.31868231296539307,0.14916500448932504,0.5044518709182739,0.3147701323032379,0.14137599545782772,0.5146622061729431,0.31273314356803894,0.10847364923092116,0.015713974596192233,409.52891546944494,0.9684748143231876,0.18787538915594584,10.833768153404996,0.00025335158891885934,sehat
0.344853013753891,0.14634758234024048,0.2434397520034024,0.4102625846862793,0.1616392582654953,-0.1763779024029855,0.2897784411907196,0.1178165003657341,1.040783716670405,0.017720838300953525,248.94175298525303,0.9094334711816244,0.14289518203918533,9.568250900309598,0.0003192892407411335,sehat
0.7455910444259644,0.20433136820793152,-1.3069344349886904,0.7488420009613037,0.19562716782093048,-1.497657706002853,0.6604958772659302,0.3480376899242401,-0.6800349356570174,0.06722990046384188,316.5773337616926,0.9439590527682359,0.4750310109765814,7.445173964038481,0.004565505633092959,sehat
0.5821316838264465,0.21342147886753082,-0.08504148106344653,0.610535204410553,0.20161758363246918,-0.128833005434304,0.46601736545562744,0.17087139189243317,0.6806116401176054,0.011383602642111685,518.8011193273229,0.8967420128408775,0.0958162037468303,15.832952715966494,0.00013084423911133224,sehat
0.6115564107894897,0.28007635474205017,-0.583970108996904,0.585279643535614,0.28959760069847107,-0.5661291575366328,0.3793928623199463,0.30224502086639404,0.7113446886472974,0.010689437095589784,1196.5960140630762,0.8836902805357948,0.10691079073034426,20.509996337698016,0.00011663881089928475,sehat
0.4771020710468292,0.22370287775993347,0.40614228746296793,0.4551064670085907,0.22167493402957916,0.33569622381413966,0.4198398292064667,0.222835972905159,0.44692181097788153,0.009388480367909296,1028.77150357479,0.8364016101607371,0.07972213040344416,20.752305755102594,8.908668659858195e-05,sehat
0.6635175943374634,0.32226288318634033,-0.5340300479759507,0.6652462482452393,0.3214264214038849,-0.5182418322237841,0.661817193031311,0.3086077868938446,-0.3615251921334463,0.07740256028190871,321.5136308912235,0.9758095366565213,0.38749077002628957,7.907420486161295,0.006019691832484415,sehat
0.5409200191497803,0.22414566576480865,-0.47692731025457635,0.5183054804801941,0.21357369422912598,-0.15982109158550104,0.48419755697250366,0.20350709557533264,0.2496431473543929,0.011086903963944785,646.8421255366411,0.887830056829411,0.11857114022959213,15.783079062855194,0.0001247238266974601,sehat
0.3448679447174072,0.3828066885471344,0.9436669927394074,0.41219910979270935,0.3413369357585907,0.9448911927028839,0.41499289870262146,0.3370281755924225,0.9551193369063412,0.13769982541024706,1071.779253124789,0.9321451204693006,0.4727553265830002,12.601061538050951,0.018999286589817716,sehat
0.4399627447128296,0.23765376210212708,0.08725492092986496,0.3868829011917114,0.21842314302921295,0.3905787996166673,0.32620447874069214,0.21260052919387817,0.8815036905544712,0.01659028015300754,509.5810247709339,0.9190963907973112,0.17079739601851887,13.2531703254665,0.000279548136776844,sehat
0.45927390456199646,0.1890724003314972,-0.19312454864212103,0.4222985804080963,0.19017775356769562,-0.2665061503690659,0.3330324590206146,0.1350332647562027,0.5394060050588725,0.01110314380709129,760.1603521507471,0.8150772269622597,0.0876802057272373,19.333885566550965,0.0001245787073154436,sehat
0.7202205657958984,0.17511382699012756,-0.9812718914868653,0.6144335269927979,0.18940488994121552,-0.8179594389575165,0.47832226753234863,0.1686958223581314,-0.5128424887274359,0.010612293059777289,699.512528738214,0.8383231402767383,0.06847890644923951,19.017457333325634,0.00011325733807980057,sehat
0.5345627665519714,0.23389537632465363,0.23655926441720734,0.5011123418807983,0.249930277466774,0.488965612428571,0.44898754358291626,0.26770055294036865,0.7612788728197557,0.025910047502032962,272.11438859795356,0.9651254541638417,0.23089151679638775,8.575081781843192,0.0006789054012578564,sehat
0.37332791090011597,0.2491104006767273,0.5076683909277049,0.3455708920955658,0.2363376021385193,0.7054459423900632,0.32660046219825745,0.2136492133140564,0.6986099855565068,0.01290005509189395,755.8383422574602,0.8941698736930926,0.11061939098448607,17.303171551190456,0.00016996122062994424,sehat
0.5659185647964478,0.2843039333820343,-0.1382962514528593,0.5356346368789673,0.28036487102508545,-0.1769077777348604,0.42939960956573486,0.2317163199186325,-0.08406802666348394,0.011148427839637966,803.0459478333019,0.9178795220342986,0.09965303326896226,16.64220306032391,0.00012648659474850588,sehat
0.43619558215141296,0.2111559808254242,-0.18785967740746448,0.41095414757728577,0.20195351541042328,-0.040611492986098126,0.3591115176677704,0.17735150456428528,0.7079513264479131,0.06933460345233888,445.09565869979383,0.9135888360256104,0.2858840166066165,10.756736005933279,0.004818775443057016,sehat
0.49784183502197266,0.20183062553405762,0.03172244532728024,0.4422091543674469,0.21946439146995544,0.17089697837217654,0.379726380109787,0.24672165513038635,0.5079314057050843,0.016646079161892757,242.95011343192144,0.9591454836443151,0.20334611297489946,8.737106419763215,0.00028331429585052117,sehat
0.4741233289241791,0.20661777257919312,0.40163110213448433,0.5142287015914917,0.19923105835914612,0.22941436277833477,0.39166536927223206,0.26123031973838806,1.066433014711904,0.020955053083815164,549.5217320962581,0.8971696349769025,0.14647459753923073,14.469621580681734,0.0004507332175157229,sehat
0.6601599454879761,0.21869207918643951,-0.7599638669581305,0.6053448915481567,0.21304230391979218,-0.555764512336402,0.5545604825019836,0.21763241291046143,-0.11063084200491992,0.012970156081392237,891.3360026582955,0.851036399809353,0.12296678582388977,16.5916122513347,0.0001702843574078982,sehat
0.7174769043922424,0.30227231979370117,-0.7812943467179411,0.7571173310279846,0.28216803073883057,-1.2832881498765802,0.6456313133239746,0.351313054561615,-0.44637364579829514,0.07942395534700296,1126.9410437547494,0.8936039718408663,0.27758964874673814,17.813734853059596,0.006367565126705819,sehat
0.40523791313171387,0.20065495371818542,0.2610901523475439,0.3984474837779999,0.20690780878067017,0.4407898935066022,0.38838300108909607,0.1962791532278061,0.7882981747444909,0.012595602869135664,440.53024516648503,0.9183376855657146,0.12559615375085834,13.02021516572403,0.00016099991147633621,sehat
0.7152053713798523,0.21089914441108704,-0.9552177660180544,0.5234131813049316,0.23349107801914215,0.011705251255407625,0.2700452506542206,0.1635322868824005,1.4725607189171324,0.02639774955160978,289.6937946416907,0.9507462094497452,0.31326130809526825,8.29882529664964,0.0007121919219023404,sehat
0.497040718793869,0.1885197013616562,-0.3766062809336001,0.4915740489959717,0.2004377394914627,-0.35188835632227045,0.3801530599594116,0.24366770684719086,0.6327487067431389,0.027530191983948547,382.46524467746326,0.9239419241093767,0.22940467335818493,10.755342951425794,0.0007691584599412347,sehat
0.31730735301971436,0.2234799712896347,0.8153493390990075,0.3118945360183716,0.2116280198097229,0.6692335922733965,0.2940393388271332,0.21422766149044037,0.7963036084102507,0.015234762441912242,782.1817288242615,0.8657775111128713,0.13946672403372226,16.402287010029127,0.0002419482880589324,sehat
0.5822263360023499,0.15646609663963318,-0.5558009895711841,0.674416184425354,0.1470170021057129,-1.4048330454428186,0.34666556119918823,0.26389816403388977,0.9833709685108125,0.015682039062841283,344.7756495297736,0.8834925171789249,0.13714735647851942,11.278486255730897,0.00024961213066559984,sehat
0.3647892475128174,0.31418728828430176,0.8088386385932148,0.36355364322662354,0.31388744711875916,0.8268505815324945,0.3533446788787842,0.31558528542518616,0.8711844892928058,0.0356334266294599,842.5002491613337,0.9343825802813366,0.1700445253417965,16.452459306410507,0.0012782182104080452,sehat
0.4549257755279541,0.21544605493545532,0.008884730262798927,0.43106839060783386,0.2125515341758728,0.2649199864511868,0.37440234422683716,0.22317932546138763,0.7891265248116528,0.010103257761228758,796.1744202571007,0.8630855538579768,0.10568160993147202,17.42648947521623,0.00010517613223082107,sehat
0.37802109122276306,0.19527049362659454,0.3712624936889348,0.3553265631198883,0.18923930823802948,0.4474149114175898,0.29663512110710144,0.1870880424976349,0.9998825542522626,0.018994405366041106,259.294629367848,0.9433780635002004,0.20682572119349127,9.269547165073115,0.0003675610687917576,sehat
0.40918177366256714,0.1945689469575882,0.4068498926393206,0.43254196643829346,0.214652419090271,0.23169780432525242,0.4506628215312958,0.27318650484085083,0.6544683345987148,0.02197634431520888,696.6573253368375,0.8747717510034864,0.18251561801913063,15.35553159670046,0.0004915207887239877,sehat
0.48837825655937195,0.22287780046463013,-0.3854026779213402,0.5431987643241882,0.2218581736087799,-0.3924694561589696,0.41088467836380005,0.25717970728874207,0.8514811849821238,0.015124768374208876,441.1333399256539,0.9316852451082386,0.13328768312448167,13.347944789140433,0.00023092821573029366,sehat
0.8195933699607849,0.2540273666381836,-1.2312930018752908,0.821154773235321,0.2277841418981552,-1.1717553158920337,0.7097891569137573,0.31979769468307495,-0.4949851026391045,0.4091747381004494,372.0477216991615,0.9507243617945148,0.5095143366792728,8.9410817280855,0.16744791367470432,sehat
0.3858043849468231,0.23169364035129547,0.5403938947402841,0.35137584805488586,0.2363799810409546,0.8365828578996086,0.3244284987449646,0.24985729157924652,1.0259777631545606,0.012006048030051073,1021.8574436994132,0.8575421682119004,0.11973022938973127,18.689329471022095,0.00014851343758591498,sehat
0.5657504200935364,0.32351744174957275,0.18177617779173555,0.5061073303222656,0.3232068419456482,0.37018060622445575,0.4715200662612915,0.3073275089263916,0.5040737976269523,0.1226732675128262,416.5438224523759,0.9686981527231328,0.4505177361433943,8.45561116747607,0.015081503398994051,sehat
0.483798086643219,0.31733188033103943,-0.3092399548418102,0.3941444754600525,0.2585015296936035,-0.2261229623398128,0.2795785069465637,0.20391452312469482,0.033545405277140034,0.06571204936566478,907.2483301902236,0.9021969979724859,0.1546352579733594,18.316025204134423,0.004326415260970951,sehat
0.4164365530014038,0.2598517835140228,-0.4603190726944728,0.41210782527923584,0.2575642764568329,-0.5013466498633927,0.3051140010356903,0.22354626655578613,0.28199148396327245,0.04058351628299155,185.86427256637546,0.9774700949278401,0.3773134415041906,5.108444326558736,0.0016823781705912581,sehat
0.38657617568969727,0.24150574207305908,0.5641701144301129,0.3704181909561157,0.2423512190580368,0.6095538400024919,0.35233575105667114,0.2495909184217453,0.6655581029647429,0.02374350736836664,489.761517485552,0.9359797760486734,0.18960632298758642,11.21271827070928,0.0005730731726597116,sehat
0.43503832817077637,0.26078516244888306,0.2954208801547216,0.4703587591648102,0.25482743978500366,0.23144406928330183,0.38129353523254395,0.2913323640823364,0.7361170069669157,0.016784438408856957,650.6816354671533,0.9236499627802038,0.15052245875303014,15.07501950066846,0.0002857538750226656,sehat
0.36968323588371277,0.31147363781929016,0.3157980291859066,0.3591146469116211,0.29616421461105347,0.2890286690151508,0.37775614857673645,0.3160558342933655,0.36804439895063995,0.19090642500881125,1061.1745032942254,0.9071172791390637,0.31048583990020606,17.206940558612704,0.036481802887465824,sehat
0.6664271950721741,0.278108149766922,-0.5247774287355133,0.5335609316825867,0.23641543090343475,-0.24092418603681598,0.39187073707580566,0.18884901702404022,0.07733739737196425,0.029391100432895164,1042.6307974550894,0.8580295077789201,0.23059796414904432,14.214200110085315,0.0008726415323209263,sehat
0.7009225487709045,0.22424553334712982,-0.6369768928918131,0.7044939398765564,0.22278040647506714,-0.9990747951983584,0.652551531791687,0.32554876804351807,-0.918595522696546,0.017298240083349976,819.4140017397431,0.8582687530538663,0.17208985206385677,15.058905765830211,0.00030454244998042124,sehat
0.5103597044944763,0.12755469977855682,-0.5399849733191395,0.5515813827514648,0.14047838747501373,-1.5707196463832542,0.34415462613105774,0.12152199447154999,0.5265849827720999,0.02055469435274109,489.70052332482265,0.7737559334499298,0.14419329175287557,12.759669725360489,0.00042729766967393185,sehat
0.2719339430332184,0.28158408403396606,1.1760663854333258,0.19157350063323975,0.2140057384967804,1.5627218222085286,0.12237334996461868,0.1783938854932785,2.5559616721033844,0.03776246594390659,191.2727925556151,0.9709708839790143,0.2803539869318847,6.6684075882171365,0.0014601874609982456,sehat
0.7395520806312561,0.29232361912727356,-1.334900170050937,0.7295739650726318,0.29927530884742737,-1.2176578679868866,0.7196958065032959,0.30846014618873596,-1.0671226062004195,0.1650294465496742,1059.4975429023027,0.9081765918665222,0.3366798266846323,14.772541949692496,0.02725026999697115,sehat
0.44790488481521606,0.2301958203315735,-0.3392316463119966,0.4114760458469391,0.2400369644165039,-0.1707520534513434,0.37581875920295715,0.2404199242591858,0.24959078707547788,0.015304765367933135,486.154234544341,0.9330011901165308,0.1575446106370655,12.929443959724173,0.00023907903351082512,sehat
0.9270812273025513,0.10578136891126633,-1.786249633925867,0.9211615324020386,0.14296816289424896,-2.6288444608294546,0.9190934300422668,0.1510995626449585,-3.053050462747072,0.3394359780433996,265.78398452100095,0.8787558839078792,0.5302046627710172,7.342644387385335,0.11536732439303632,sehat
0.6024289727210999,0.16578441858291626,-1.9574557616429782,0.5888190865516663,0.17054370045661926,-1.6385824958410207,0.5410675406455994,0.1835610717535019,-1.1099943184698369,0.027724335386243627,150.98248367886217,0.9599836451182836,0.26879782960518567,6.129354828076944,0.000787231114668809,sehat
0.3885044455528259,0.23487542569637299,0.19666538500968517,0.49933433532714844,0.245897576212883,-0.30921003528664764,0.44406214356422424,0.3200438320636749,0.26286281146922047,0.014345847542840351,1142.7710321590423,0.8470256178196415,0.15240503088115775,20.771819461710507,0.00020943333618797844,sehat
0.4177679419517517,0.2543293833732605,0.5256835842254748,0.33529168367385864,0.21070998907089233,0.712693339060544,0.28501805663108826,0.17120100557804108,0.8996013415199307,0.01479983247453896,434.22592996726354,0.928835872705549,0.14914923109075398,12.808757274101616,0.00022512673286651725,sehat
0.48160120844841003,0.21129049360752106,0.25584905540933034,0.5054720640182495,0.22047963738441467,-0.09196641759673532,0.4155954420566559,0.24752813577651978,0.49037001731078156,0.015709965650511287,440.68985146111135,0.9285651359184164,0.1792487772141618,11.55233735302424,0.00025315258825227835,sehat
0.32616129517555237,0.20264634490013123,1.2368852120714333,0.30310922861099243,0.19642634689807892,1.497385693560986,0.2781727612018585,0.1996714323759079,1.5483595342802163,0.01470962136672164,758.2494253929,0.8497532106624134,0.13067631667382765,16.184880976503027,0.00021897818400089586,sehat
0.48902884125709534,0.1907900869846344,0.0466378042947541,0.5890322923660278,0.18704260885715485,-0.5887775852814938,0.3983914852142334,0.2495468109846115,0.40353386548648623,0.010044293672585447,696.8655240312902,0.8433257424258381,0.0701571483084417,18.45987217780303,0.00010225542168651832,sehat
0.5610288381576538,0.32434582710266113,-0.2109741412496206,0.4419099688529968,0.2684359550476074,0.26092952803975605,0.3567904531955719,0.24567589163780212,0.8591415632194729,0.0766223278125715,1263.9009521263654,0.8668523012875041,0.2068339856347063,19.099001104216068,0.005879562215515773,sehat
0.652266800403595,0.17405158281326294,-1.103502440060393,0.6031522154808044,0.1820966750383377,-0.715382188580171,0.5064603090286255,0.22685253620147705,0.20982660112510812,0.038634386648605155,480.60898104875383,0.8873043193325078,0.24453564851549284,12.5228414557153,0.001501167462912125,sehat
0.49390923976898193,0.19930921494960785,0.1971892539161035,0.5118730068206787,0.211199089884758,0.09156722083209483,0.424003928899765,0.25732091069221497,0.7256747908234429,0.013370224289893132,433.24734792627555,0.9237690941406944,0.1312212636750118,13.732158285204482,0.00018311986660486692,sehat
0.5602858066558838,0.2757730782032013,-0.29586319494152324,0.5001229643821716,0.2655116617679596,-0.07344022404723628,0.4150554835796356,0.24205070734024048,0.260404221954979,0.013591101347755303,525.9668946866899,0.9422518720403769,0.15754437597630613,12.475560430733042,0.00018986368487095798,sehat
0.44684338569641113,0.28167223930358887,0.6421603947035429,0.4568788707256317,0.2718835771083832,0.6172226652396318,0.352699339389801,0.300855815410614,1.1004767417339625,0.05210586187448995,627.0113053445546,0.9356088339788197,0.19193522229401186,12.891982639598664,0.0027511530046460363,sehat
0.3360891044139862,0.26790541410446167,0.6506769159456044,0.39699870347976685,0.2808021605014801,0.2539148710713401,0.31572121381759644,0.23316098749637604,0.6258275230838566,0.07403024263643919,908.4855732878856,0.9025114308123325,0.18267864157247274,17.30207937331117,0.005488139770070711,sehat
0.5852412581443787,0.25467535853385925,-0.635716283700509,0.4886525869369507,0.23959413170814514,-0.14630202697872907,0.3799982964992523,0.22846584022045135,0.2933703196030891,0.010054926615299706,741.9729503829718,0.8995337142108387,0.0992290934023466,16.665001555593502,0.00010331863510321685,sehat
0.5200273394584656,0.3558487594127655,-0.12508500910851617,0.493994802236557,0.33249908685684204,-0.08234925785561803,0.46407970786094666,0.31576094031333923,0.09371055830925522,0.05368539462267167,916.4789346440034,0.9373530546068429,0.22091427825494261,15.693333694743103,0.002890907668702897,sehat
0.5640759468078613,0.23317542672157288,-0.19859175570806523,0.5314407348632812,0.22856968641281128,-0.017998667059546936,0.45671337842941284,0.26418963074684143,0.5017645526853962,0.019665484528590713,502.71262808723236,0.9255486911144041,0.21443402093961428,11.8847755716112,0.00039363049430708947,sehat
0.5383576154708862,0.2437596321105957,-0.23442810029604663,0.4907148778438568,0.24906563758850098,-0.13889616759520615,0.4417448043823242,0.25268182158470154,0.12805917422240504,0.016048208123490792,264.75824120791617,0.9664688735790242,0.1664713919155559,10.052728084768642,0.0002631848275921655,sehat
0.2623662054538727,0.2732640206813812,1.111540929804028,0.23470374941825867,0.23220878839492798,1.7955659725517823,0.21550145745277405,0.22378018498420715,1.9790567887963955,0.03405153786766501,431.08778542663623,0.9393280984287956,0.26717650842533897,9.79302311796477,0.001174123172451844,sehat
0.516257107257843,0.14804737269878387,-0.24710709515199125,0.5718337893486023,0.1690235137939453,-0.2856754096752589,0.39906585216522217,0.26269373297691345,0.7336852625770272,0.019947595380958003,297.61700120926724,0.9143601073562403,0.18914709365624185,10.23227794117833,0.00040725145522981914,sehat
0.5058915019035339,0.25231459736824036,-0.1881880516574844,0.5049514174461365,0.23602519929409027,-0.026992131362181135,0.4875985383987427,0.218572735786438,0.17760144192975044,0.010439696255779585,893.1647854556412,0.8757196786117389,0.10712630445846767,19.567181549559198,0.0001196297726242733,sehat
0.6398299336433411,0.28974923491477966,-0.5245109945596605,0.6296234726905823,0.2519563138484955,-0.19671915235703194,0.5048226118087769,0.30880260467529297,0.18284717524419916,0.046470585402534355,293.022376486785,0.9648672691965894,0.24177689674953137,9.321026754203361,0.002176933423821105,sehat
0.23556983470916748,0.2659744322299957,1.1165363058467817,0.2344256341457367,0.2651195824146271,1.1177323604753548,0.24494600296020508,0.2753923535346985,1.109893552560964,0.4590813321598158,1003.2731452946041,0.8919030060176656,0.5807353468717579,10.032398284548412,0.210790151110167,sehat
0.8861116766929626,0.17187416553497314,-2.2523810318441124,0.8618935346603394,0.18968601524829865,-2.0118840311223263,0.8526395559310913,0.19643233716487885,-1.8781854396769826,0.12799144486526803,948.8001358003057,0.7836130215093413,0.30900956140800845,16.43545862049049,0.016450511083992477,sehat
0.6390731930732727,0.3042530119419098,-0.2095452273323833,0.6305816769599915,0.30089882016181946,-0.18448507551334176,0.5616417527198792,0.32549163699150085,0.10878539013889102,0.1729987053106852,699.7312048446793,0.9412470462650734,0.27751303941606775,14.785835121990816,0.029950116660437297,sehat
0.5256607532501221,0.26971307396888733,-0.1289004211422138,0.5431417226791382,0.27818727493286133,-0.3339252421426726,0.4676871597766876,0.3317042589187622,0.3039434359990325,0.022558972295776747,426.34691542229785,0.9578836570475261,0.3120558326398923,8.798558313687963,0.0005157368751817573,sehat
0.5490356683731079,0.20503543317317963,0.2840022391994127,0.5422266721725464,0.19758719205856323,0.08583649649927522,0.37561869621276855,0.2710799276828766,1.0928531829807753,0.020463495546432797,560.9143525692629,0.8957881632432305,0.13522786193198197,15.788329473221951,0.00042143059012653405,sehat
0.44036802649497986,0.22748547792434692,-0.33291542750900904,0.4242761433124542,0.22336263954639435,-0.20441218651299253,0.32014501094818115,0.1931772381067276,1.2608212555001934,0.015594016053040992,370.2809130338524,0.9402019424559617,0.16321792470565621,10.671399111530441,0.00024658845325197247,sehat
0.3602919578552246,0.19856347143650055,0.5553282827996999,0.3593212962150574,0.19713348150253296,0.649850568899151,0.338956743478775,0.19703805446624756,0.8079490153757625,0.014435766071396385,614.6433405287771,0.8769297910470754,0.1408233844959096,15.093182521980347,0.00021438257678301292,sehat
0.7681456208229065,0.29942286014556885,-1.185569313399402,0.7346155047416687,0.29789015650749207,-1.176076631321514,0.6260539889335632,0.2999586760997772,-0.8939656544064606,0.09607117478667032,1039.818799467666,0.9074779933417779,0.3392477190442775,14.937972897293585,0.009262428757610967,sehat
0.5778241157531738,0.2731275260448456,0.2208573504489557,0.5087980628013611,0.2779920995235443,0.4978090916773467,0.39630672335624695,0.3157487213611603,0.674059758048735,0.03731425665190439,236.0983452474992,0.9766115432769258,0.2721922984476714,8.797862460518564,0.0014227734616610848,sehat
0.5929844975471497,0.1216011643409729,-1.0724076663618667,0.6358475089073181,0.14625416696071625,-1.682813581101932,0.3029303550720215,0.11188481003046036,1.027035146820813,0.015373052009192555,579.9211331736783,0.7393993868945451,0.06952160259078294,16.826169361062497,0.0002375939733981686,sehat
0.49068528413772583,0.2681467533111572,0.1077352827388196,0.47768735885620117,0.2505250573158264,0.1174362574636031,0.5017571449279785,0.27295801043510437,0.21148025153308317,0.011531509596631462,1192.6528381460973,0.8511998851590928,0.1331699969622755,20.378400043827195,0.0001376621424401218,sehat
0.45732197165489197,0.15604625642299652,0.5296216655244221,0.5012619495391846,0.18687866628170013,-0.31469419234782897,0.3034113049507141,0.18252472579479218,1.8705305479529883,0.016155402030121672,619.4534976243189,0.8392881535153126,0.09659391877855021,16.84586691063955,0.00026306639979851526,sehat
0.44253483414649963,0.2199774533510208,-0.14357749603719439,0.41836076974868774,0.21562936902046204,0.04017803050643017,0.3820441961288452,0.20968031883239746,0.38749332722399804,0.0098415878891878,1153.537759241078,0.808637079665377,0.08996955294986159,21.02622659934591,9.849988052821235e-05,sehat
0.30840349197387695,0.2223851978778839,0.6039889997449919,0.3075098395347595,0.22585579752922058,0.6155428434499995,0.3154343068599701,0.2290092557668686,0.6050237287812753,0.016879449438352265,392.305386147648,0.9398923131873925,0.185832099092844,10.728395343621948,0.0002935690441461256,sehat
0.41354599595069885,0.18246930837631226,0.8325198198865683,0.47848430275917053,0.183057501912117,-0.20767490823638352,0.3203037679195404,0.1833387315273285,1.5657167226038258,0.020732175082057647,500.1184479471671,0.878330451320566,0.1571073753483705,11.58977332112312,0.0004357026674432596,sehat
0.6604981422424316,0.3163928985595703,-0.4358875121661358,0.638813853263855,0.33111006021499634,-0.3499934368609047,0.608271598815918,0.3634244501590729,-0.2286263381878763,0.1683887853005364,968.5510405221944,0.9311309143158542,0.30406363641317724,15.484492129526659,0.028371226996880928,sehat
0.6050633788108826,0.13094936311244965,-0.2477248200817836,0.5514426231384277,0.11749806255102158,-0.41683457875167407,0.509583055973053,0.11307907849550247,-0.5523770821981874,0.0141895863014451,404.4693058211249,0.7771847447342636,0.08532730352416928,14.085071981641057,0.00020277024687805786,sehat
0.417460560798645,0.24746054410934448,-0.07653428923078462,0.45473533868789673,0.257303923368454,-0.17996684320930484,0.3609980344772339,0.2154364138841629,1.074640783615385,0.020502760407026102,287.76684367961394,0.961599831303519,0.22716560683747852,7.98060010929587,0.00043128999063977,sehat
0.5806488990783691,0.3199986219406128,-0.7228228060755102,0.47635117173194885,0.2577765882015228,-0.6076264620828921,0.32457125186920166,0.20589423179626465,-0.20184738428407886,0.06466150597676056,842.5123881789503,0.9080789164084604,0.1410356654971093,17.815467353142648,0.004188116066671319,sehat
0.5553745627403259,0.2488349825143814,-0.2638323116422938,0.6220520734786987,0.2568323612213135,-0.49941093216719595,0.4812464416027069,0.3246505856513977,0.7048123593753108,0.0230661594304834,595.2254518918513,0.9296186303643917,0.17982537439781734,13.542875225520097,0.0005464940435082846,sehat
0.3756474554538727,0.19974839687347412,1.9045272934494302,0.5309740304946899,0.18443706631660461,0.010554835151621813,0.6884332895278931,0.2645069658756256,-1.4284110668752872,0.43188301528005973,495.9158414477213,0.8802859598988105,0.5217656972153898,9.533667446791263,0.18656288891489725,sehat
0.5933316946029663,0.1586816906929016,-0.7223216521417783,0.5533043146133423,0.20784759521484375,-0.6332434467237329,0.5179694890975952,0.1953365057706833,-0.5716017081746357,0.012375838675454205,368.2474934247563,0.920542639108698,0.10343248964847805,12.92256564278568,0.000155098734926146,sehat
0.48559609055519104,0.19393572211265564,0.37974354745434175,0.46816158294677734,0.20026440918445587,0.328518531011907,0.4518029987812042,0.22133506834506989,0.4403469286231983,0.010741122387473866,556.3853190515323,0.8911581620304553,0.09278025901304131,15.439240891108454,0.00011689726993229208,sehat
0.7910527586936951,0.26524317264556885,-1.014638155490367,0.7919643521308899,0.27031227946281433,-1.097871233575704,0.7688801288604736,0.2767527103424072,-0.8384394873337512,0.3521601120613433,976.2116805665972,0.8959885888246754,0.44156009112974565,14.584664558322125,0.1240685029914918,sehat
0.598250150680542,0.22075369954109192,-0.1986687734905816,0.6620263457298279,0.21196162700653076,-0.9525192333426339,0.7640608549118042,0.2239048331975937,-1.7921198701829892,0.02914414684124562,558.6266603385276,0.9032855175171051,0.319468744370691,11.083935311520685,0.000888221975268783,sehat
0.49207496643066406,0.22156651318073273,-0.278875515433468,0.45982080698013306,0.1910008192062378,-0.15630243595142793,0.37732768058776855,0.21724168956279755,0.19739186110682097,0.0470662729797239,390.7695605229326,0.9255565002076547,0.2486017696510664,10.70641646766368,0.0022574973827415375,sehat
0.6311260461807251,0.2197425365447998,-1.0398843298552805,0.6338448524475098,0.2717832624912262,-0.7648662514115984,0.5793301463127136,0.3536031246185303,-0.3588413236437874,0.07223154448704762,410.4633256185911,0.9538880083775433,0.4482737684890057,9.398769602911472,0.005266497492602898,sehat
0.3656184673309326,0.2657974362373352,0.7411112125473724,0.38374924659729004,0.2657884955406189,0.5143409781888941,0.37625187635421753,0.22876104712486267,0.6084423527262084,0.04628274330462453,315.47051844990796,0.9644653716127943,0.2991062646542059,8.983919283272392,0.0021722010702614016,sehat
0.7242271900177002,0.2420252561569214,-0.5173005346064922,0.7105515599250793,0.24211955070495605,-0.49251906530046574,0.5947765707969666,0.3174305558204651,-0.07338725700103882,0.1057527438384716,973.840726199362,0.8785464309401524,0.21880555929395085,17.571125576239826,0.01120057926218016,sehat
0.43697071075439453,0.24328339099884033,1.2297662752771819,0.43098506331443787,0.24872329831123352,1.1121571567442792,0.32657963037490845,0.2755991220474243,1.5851356088300803,0.07632122284378573,133.83424333933766,0.9831310904927557,0.24555539118535993,6.915483430125655,0.005832736564189824,sehat
0.3996845781803131,0.20633600652217865,0.07948934515239378,0.3632667660713196,0.20140400528907776,0.24578880719520807,0.3173738420009613,0.18333755433559418,0.47895656134774484,0.011768731006791815,487.4907239191239,0.9056645991358342,0.11767118884491727,14.030037424861787,0.00014081404374829024,sehat
0.600687563419342,0.20422062277793884,-0.1978436409638854,0.6454802751541138,0.20055025815963745,-0.899765783537075,0.41693320870399475,0.30633434653282166,0.4191274371831267,0.02675974756380682,675.8692911922944,0.8788229329533084,0.22015146834402932,15.76246852418879,0.0007453803171827167,sehat
0.27751249074935913,0.22780926525592804,1.0341958929046353,0.28526538610458374,0.22590647637844086,1.0729900830730303,0.27789098024368286,0.2290406972169876,1.0922204982038577,0.0286878296017323,901.9425883681689,0.8640275772897797,0.21611108888650474,16.181112961891802,0.0008396210963421106,sehat
0.4493613839149475,0.2938627600669861,-0.10837391677063471,0.4743485450744629,0.3205580711364746,-0.12984414917982187,0.47124552726745605,0.31990766525268555,-0.12993623437577795,0.015140230481216292,2089.353868043769,0.8342548817958892,0.08715029024524483,29.015565592031493,0.00023415361888091504,sehat
0.8733329176902771,0.27341312170028687,-1.9904915225752393,0.8770469427108765,0.2659040689468384,-2.0551605467779672,0.8760414719581604,0.2638980746269226,-2.0734219505155282,0.6416045295426254,815.2835298583892,0.913082050914725,0.7114200203791343,8.809499566239303,0.4116894772708645,sehat
0.27000492811203003,0.23463919758796692,1.1818179155312334,0.2819128930568695,0.23311470448970795,1.074911514792863,0.291566401720047,0.2230055332183838,1.1407530231740513,0.014279730193861036,1710.1853067533123,0.7524316736164645,0.12092770006649833,23.20528034513391,0.00020852313776715666,sehat
0.9179279804229736,0.17889316380023956,-2.7160071912896933,0.9436347484588623,0.11593762040138245,-2.460192152137999,0.9124187231063843,0.18775536119937897,-2.4292970158829283,0.4769945873256875,509.92385447296357,0.786330790947324,0.608652560349565,8.43978833277429,0.2276685210243772,sehat
0.5122674703598022,0.31511178612709045,-0.0610320958195812,0.49806350469589233,0.3196720480918884,-0.0014832733173932937,0.4907545745372772,0.32215192914009094,0.052145364009034426,0.02970914274879379,1566.5994945601517,0.8807636150695543,0.2027324911662838,20.596508762118997,0.0008893930984833132,sehat
0.3537018299102783,0.2972886264324188,0.557498163950179,0.24477577209472656,0.22388875484466553,0.7854477463436459,0.1649676263332367,0.17325252294540405,1.2778643140908705,0.061307868268548976,498.8220014159031,0.9307364010421487,0.25041592395811857,12.529997255307528,0.0037775537620504986,sehat
0.5305605530738831,0.2963750660419464,-0.23037945255226971,0.4239310026168823,0.273933470249176,0.13627329439295108,0.32800817489624023,0.24201738834381104,0.5112550824397298,0.043738074594022285,380.34597262243415,0.961334964856361,0.20814203369093787,11.079914242577166,0.0019237157967385277,sehat
0.4029310345649719,0.2822602689266205,0.0550305842068093,0.4680140018463135,0.3088590204715729,-0.14242662114966054,0.3226783871650696,0.218377023935318,0.7183097923678199,0.0359145608161933,645.4685724952374,0.9399352973324321,0.2142604630015792,13.609574182561119,0.0013164669969362407,sehat
0.5106275081634521,0.25280267000198364,-0.11761210884679395,0.4503217935562134,0.23672927916049957,0.1410118226170079,0.3951560854911804,0.22103732824325562,0.41091305938872225,0.019600319593383802,429.81378774187897,0.941926350478168,0.23587561354002662,10.364843813997062,0.00039031168740720273,sehat
0.5214332342147827,0.24701650440692902,0.03213364627964086,0.46327993273735046,0.2512844204902649,-0.05666475086958972,0.4316122531890869,0.24563387036323547,-0.03273214886025193,0.014425394103238046,417.791248202733,0.9473201872793587,0.1633140961415945,11.936451882831973,0.00021267493720761115,sehat
0.460398405790329,0.22636504471302032,0.19827369898802397,0.40157410502433777,0.21966128051280975,0.6240860574286666,0.36558982729911804,0.22848081588745117,0.7901388912827908,0.013130271853990655,455.66831235261617,0.9263068289008184,0.13584219299260406,12.549503460957043,0.00017553752587378614,sehat
0.500634491443634,0.173373281955719,0.7196969222869845,0.5361400246620178,0.16228365898132324,0.4193252544685456,0.307904988527298,0.2138090878725052,1.3698121400189904,0.016451776577200247,262.99904500220475,0.9264348945406047,0.1391752001641132,10.16788107287171,0.0002752791587377165,sehat
0.47809162735939026,0.31294646859169006,0.07495625550959437,0.43374940752983093,0.3347940444946289,0.3835332357783867,0.3524802029132843,0.33136099576950073,0.8901509472133394,0.05014665080835722,357.89770793360486,0.9735509123536703,0.2717509108620564,9.692679114073968,0.0025217906994673797,sehat
0.4599093794822693,0.1781456619501114,-0.2683831476013304,0.41333648562431335,0.14657752215862274,-0.6153348519817691,0.3640262186527252,0.14255686104297638,0.29949754442125065,0.019932389156826803,449.9128537245088,0.8334525059433863,0.17262081746335803,12.787807442244224,0.0004103842133255624,sehat
0.5756772756576538,0.24561768770217896,-0.3338318198127733,0.403674453496933,0.2137123942375183,-0.051954413179702404,0.2757966220378876,0.18854792416095734,0.5801884004065325,0.01944505120508295,838.9978094641243,0.8595431784265447,0.12862962618770496,17.147496592614253,0.0003814262602948924,sehat
0.497449666261673,0.28372204303741455,-0.14688110442820165,0.4867974817752838,0.3096299469470978,0.11707144439591527,0.4583480954170227,0.33942711353302,0.442734138286268,0.01733266287716814,919.6102839379183,0.9210014105812924,0.17071884112689706,17.693270649895663,0.00030681693474873063,sehat
0.30970045924186707,0.20678386092185974,0.712746654671173,0.21124210953712463,0.18748055398464203,1.650300752821216,0.14432667195796967,0.1790577620267868,2.524513749261938,0.06250871952928778,701.9929278861897,0.8496459819804759,0.17320220035278722,15.381900225847787,0.003914438551958369,sehat
0.9785893559455872,0.09194070100784302,-5.505353681341735,0.979905903339386,0.08904613554477692,-5.616214378633411,0.9796468019485474,0.08974478393793106,-5.597673124989967,0.840510455781454,396.0141222566899,0.627841798484746,0.8648515532328366,4.614330847400237,0.7064720378325721,sehat
0.4185970425605774,0.20146973431110382,0.15831221605409154,0.5448766350746155,0.2307777851819992,-0.625538794674165,0.3491341173648834,0.18067720532417297,1.1481900437405685,0.016374984880888597,484.72076247199584,0.9177717750735624,0.12262517166584806,13.85017341370026,0.0002699133128998486,sehat
0.4950987696647644,0.2709192931652069,-0.2691301017563784,0.4497449994087219,0.26067599654197693,-0.18612789220922843,0.3529644012451172,0.18677634000778198,-0.04913620975113197,0.011645712911336167,812.377112215272,0.9032096945531393,0.10620799340361668,17.302914297222287,0.00013755248577281495,sehat
0.2042909562587738,0.16919709742069244,2.5408904628559736,0.22698974609375,0.18015499413013458,2.032361987817842,0.17575864493846893,0.14650759100914001,2.7258196176993685,0.2912825175248081,471.38183979765387,0.8742685832602216,0.4158487093485375,10.40112761825557,0.08492903507570154,sehat
0.3727029860019684,0.33892184495925903,0.6411533362736268,0.3656955659389496,0.3375875651836395,0.6914714351295468,0.3617933988571167,0.3336926996707916,0.7207286471133036,0.14262720277764693,712.950319071162,0.951713199955233,0.3177352403939825,13.070961897224011,0.020372399338974796,sehat
0.4062640070915222,0.29634809494018555,0.4221649995254638,0.38478320837020874,0.29998940229415894,0.4603212986911682,0.3732641637325287,0.3280637562274933,0.6752232486212865,0.014850274009591408,985.0062394797187,0.915881087551668,0.15706649789771354,16.565752047682043,0.00022648137372364562,sehat
0.5564120411872864,0.3130227327346802,-0.005189475324345878,0.4848284125328064,0.21766987442970276,0.23401898110875427,0.43308860063552856,0.19649243354797363,0.5780765837508707,0.02741505237855306,848.997641934744,0.8706875798773187,0.14889630175812812,17.59528934412423,0.0007555720375827256,sehat
0.4965417981147766,0.2756092846393585,-0.12908390084736202,0.37002015113830566,0.22118999063968658,0.12280866884255186,0.23683813214302063,0.16922201216220856,0.6504805051807799,0.011741403213795201,906.5613929985205,0.8661363498378875,0.11199082779268216,17.945096122226662,0.00014277073291891595,sehat
0.38742926716804504,0.2248997688293457,0.12903937331403992,0.3894861042499542,0.23620951175689697,0.04274953683601557,0.26569145917892456,0.2569267153739929,0.9060177305025234,0.062456245244479264,544.2249199620398,0.9186353282695813,0.14972134692893943,15.006737051805104,0.0039056858378588356,sehat
0.4415592849254608,0.30192503333091736,0.01592098760295126,0.42425328493118286,0.31206822395324707,0.11905536996872927,0.404032826423645,0.33054256439208984,0.27897740213571554,0.059774443420116063,425.61500946824566,0.965902050562963,0.25622400951427293,9.937118471842886,0.0035858989533826425,sehat
0.3120361566543579,0.2937077581882477,0.7947472042760582,0.31415441632270813,0.28473901748657227,0.8403288764728274,0.29427826404571533,0.2762224078178406,0.9468853265482613,0.03589820532470862,637.3169027378616,0.940100871194395,0.23288538304134754,11.926500530588676,0.0013299798173666908,sehat
0.4683038592338562,0.24393415451049805,0.32403883489074736,0.3756857216358185,0.2478611022233963,0.6037536618197641,0.3235650956630707,0.23577657341957092,0.7557589199119844,0.016943028465683085,548.582686589478,0.9297113088203021,0.16395199016510378,13.203643531334125,0.00029272397443609306,sehat
0.5540217757225037,0.1437893658876419,-0.16115631402517544,0.6922895312309265,0.15595458447933197,-1.0801472218791732,0.3417320251464844,0.13588276505470276,0.6071726259938002,0.015081206613394385,495.47280825056396,0.7836675967620006,0.09363658275282309,14.398950854198722,0.00023054522866409552,sehat
0.4190395772457123,0.17178097367286682,0.7091496997197139,0.45526552200317383,0.14518003165721893,-0.5201033355474138,0.28551480174064636,0.15237919986248016,0.9092634143050291,0.016329093067143165,272.9493769571737,0.8947515698880012,0.12398689846902437,10.758075021713646,0.00027022782696497236,sehat
0.493053138256073,0.24908144772052765,-0.11949066511294858,0.5795034766197205,0.2801995575428009,-0.24071515184997835,0.4630952775478363,0.36064597964286804,0.5680488993998476,0.063067112332234,273.0016867165004,0.972426682290546,0.3487147177343737,8.02339599133412,0.004019493398574149,sehat
0.42427974939346313,0.2015434205532074,0.3081923512661428,0.39889341592788696,0.2062755525112152,0.43325750880965713,0.3783852159976959,0.21437188982963562,0.5105334918329163,0.010648707120209613,743.2238119236316,0.8633853446280185,0.08953899776497154,16.930124308977913,0.000114695956879765,sehat
0.5168938636779785,0.22608411312103271,0.42527096225180727,0.5114705562591553,0.2214314043521881,0.3479008239329616,0.2941621243953705,0.26250579953193665,1.356463458287932,0.0114231061307749,762.6047723912733,0.8773135372814119,0.1119867301037233,17.892215494124724,0.00013201452096841211,sehat
0.4720962643623352,0.18886134028434753,0.17610320959231848,0.4261629581451416,0.19623827934265137,0.3537272540312087,0.38124021887779236,0.19977691769599915,0.43507979270904273,0.011392631994482936,468.46723697150605,0.901498790491185,0.10573369136973522,14.101217123157161,0.00013182594072502128,sehat
0.5539370775222778,0.1441458761692047,-0.4349142508944949,0.5513266324996948,0.16785617172718048,0.03214360413020221,0.45777010917663574,0.2602095603942871,1.001672932089315,0.019199193472699255,254.66421470250202,0.92883808653372,0.18010375109687404,9.57722325185188,0.0003750113886477738,sehat
0.8911463022232056,0.1996898353099823,-2.7164351746718656,0.8881548643112183,0.2040695697069168,-2.6899622450007423,0.8884923458099365,0.20337146520614624,-2.692306491074721,0.5258151614023351,701.838830828421,0.8697516857876019,0.6932725393117035,7.190239051217436,0.27661295215379217,sehat
0.8582175970077515,0.17633092403411865,-1.285553572363763,0.8567466735839844,0.17774780094623566,-1.2819779010909271,0.8328316807746887,0.1671072095632553,-1.3697799654473852,0.1976672147670655,1161.803669394906,0.713298270238034,0.3114235625788628,18.456504543556353,0.03920804670156282,sehat
0.4267888367176056,0.1914149671792984,0.12389834299562401,0.41637349128723145,0.1966181993484497,0.047450187833386955,0.4118748903274536,0.21104250848293304,0.11364422853975563,0.010400255675051713,837.0669421062511,0.8281660595468034,0.10121236284439906,19.124778325318832,0.00011514976446589699,sehat
0.5447701811790466,0.19289402663707733,-0.9454244948608501,0.640509843826294,0.21210582554340363,-1.115551037107133,0.6201881170272827,0.27163222432136536,-0.2939695420980039,0.03942332872538735,189.07388796143414,0.9671823771577489,0.3301515157381346,6.620472340754507,0.0015918306480290749,sehat
0.5711426138877869,0.2607037127017975,-1.0503033163065667,0.5564895868301392,0.2536305785179138,-1.0285214390689945,0.49837690591812134,0.230573371052742,-0.7624594670627372,0.014333648861164387,736.1971408200994,0.9115340861229574,0.10753427614368262,15.841589063186495,0.00020747818889741204,sehat
0.45499950647354126,0.17826053500175476,0.4259617697333247,0.4803833067417145,0.15859252214431763,0.5937727080238605,0.3921237885951996,0.1871267557144165,0.8263111044196627,0.019305009241880427,178.0028775741487,0.9492683109802664,0.21480814219886757,7.3630105016223375,0.0003851192828241987,sehat
0.7362785339355469,0.17207039892673492,-1.8861414211232286,0.7503606677055359,0.21410734951496124,-1.6708834785968043,0.6633975505828857,0.351184219121933,-0.4638836644397662,0.07345892414280238,401.6188770862778,0.9289264348555518,0.4097930245764765,8.536287771695791,0.00552233974531948,sehat
0.30591440200805664,0.22998785972595215,0.9803170855261913,0.3638054132461548,0.22709260880947113,0.6241647073156767,0.27870699763298035,0.21153266727924347,1.4071484257539966,0.04174955615135941,653.2146045208143,0.8974154539942117,0.15194869622408944,14.439247362589354,0.0017459060437456872,sehat
0.5895941257476807,0.24669532477855682,-0.45879376258293664,0.6236404776573181,0.2611817419528961,-0.6147228291523495,0.37917038798332214,0.36680588126182556,0.45766903785613444,0.07847377478087791,532.2561399780624,0.9404135351428212,0.3213543574738414,10.969699886371359,0.006177000573012135,sehat
0.39152640104293823,0.25885915756225586,0.4704676105304648,0.36635828018188477,0.24346032738685608,0.4104709300186926,0.34153884649276733,0.22533954679965973,0.9420018829806188,0.01925155692198341,356.36722702151457,0.9530827862120232,0.16749326646324045,11.414535624808458,0.0003780022891729425,sehat
0.4292764365673065,0.3114176094532013,0.059468696002654975,0.46585190296173096,0.2794930934906006,0.19023089107798333,0.5081504583358765,0.2973085045814514,0.0004303900692187995,0.015564506844150424,1277.6254230591774,0.8726428143189185,0.1431524183854543,20.111737979313144,0.0002451975499593176,sehat
0.721673846244812,0.20356732606887817,-0.8049551970292617,0.6512892842292786,0.23014166951179504,-0.17583244170336326,0.514052152633667,0.33979660272598267,0.13810411995976216,0.07712083327218515,488.96277711853764,0.9249369629448143,0.22974681011547715,12.234699347491032,0.005960492432944526,sehat
0.3586900532245636,0.2956567704677582,0.4751225517900732,0.4348587393760681,0.29894545674324036,0.2691312071925533,0.26088032126426697,0.26129138469696045,1.1189432634962233,0.01706277692068868,1201.0778677486285,0.8898636299804986,0.12784662279468606,21.104657625740078,0.0002959575157277463,sehat
0.5801411271095276,0.25940361618995667,-0.02707469317527406,0.4996769428253174,0.28382277488708496,0.20539871531571052,0.4338882267475128,0.28677839040756226,0.28559849135304377,0.009582217754485275,872.5361419162122,0.9114840633676052,0.08675642461235272,18.98620896420665,9.400327561873698e-05,sehat
0.5007232427597046,0.28721123933792114,0.04715591606511369,0.43284618854522705,0.29179203510284424,0.4861655465523282,0.36249828338623047,0.2894117832183838,0.9027675359973367,0.023814167814514887,749.2526035216164,0.9296499670559563,0.1817254355745843,14.79313985503992,0.0005731484540213618,sehat
0.5355189442634583,0.20818184316158295,-0.20361993668860756,0.4594147205352783,0.2283078283071518,-0.14876255262799523,0.29436346888542175,0.20369982719421387,0.4350990596863603,0.012693035364827202,337.26675538887156,0.9447165591103414,0.14079150080093686,11.516494974380855,0.00016423410211002332,sehat
0.6493523716926575,0.2682376503944397,-0.642219914517414,0.7056052684783936,0.24954737722873688,-0.8429579469442193,0.6632708311080933,0.3172217905521393,-0.45837581444219416,0.05572849267446603,782.9621598508611,0.9115799319413703,0.3613840663608872,14.473217599936747,0.003146050257227501,sehat
0.5363020896911621,0.2881384789943695,-0.19246120016289966,0.543207049369812,0.24735738337039948,0.004098792796278431,0.5321406126022339,0.2584516406059265,-0.13798169941697822,0.026597535155865704,1090.1964985275429,0.8659027920613022,0.14212609252603217,19.172327035327086,0.0007098221783943237,sehat
0.453271746635437,0.24899818003177643,0.26045550843575566,0.4150323271751404,0.2480831742286682,0.4880762435197819,0.3578585088253021,0.2642962336540222,0.9363911707392673,0.011910183696511383,571.9863743510216,0.9283357567797208,0.13705562620885312,13.503583197688487,0.00014419276143059017,sehat
0.3243558406829834,0.18993490934371948,1.3795371232621225,0.304010272026062,0.17882192134857178,1.2806035515029583,0.25830939412117004,0.15844695270061493,1.0649849855936584,0.018153315212137963,302.6672000571648,0.927212092853278,0.16992971027450535,10.859313603930906,0.0003316754282881955,sehat
0.4034559428691864,0.22124215960502625,1.4950661748251293,0.4018612205982208,0.21903853118419647,1.4954674041355738,0.32693612575531006,0.18009154498577118,1.2407443558387687,0.016916978738014815,434.228872592021,0.9270025313881556,0.15030860013727787,12.923254712467909,0.00028787807384058305,sehat
0.5052405595779419,0.21948553621768951,0.5372577629379519,0.45599985122680664,0.24090833961963654,0.7139239259315225,0.3943091928958893,0.25906726717948914,0.9585681246185285,0.020567645215470564,453.4386696430526,0.9366706909308772,0.16605936655157835,12.693168487033459,0.0004299719217729777,sehat
0.4476236402988434,0.2309732884168625,1.0943305827120733,0.3854767084121704,0.24517497420310974,1.3184151309956973,0.3486751616001129,0.25283539295196533,1.4479217955232178,0.05459582893935214,982.1940300459723,0.8666423334138805,0.13447475282432778,20.13840228957499,0.002988981190605981,sehat
0.600574791431427,0.16572308540344238,0.4597027431670412,0.5424298048019409,0.18641579151153564,0.669624996191128,0.4919869303703308,0.20109668374061584,0.7954840355474833,0.01637912979187624,611.9725973312826,0.8519183882297883,0.13351177450072824,16.287441510380216,0.00027110609635820897,sehat
0.39273861050605774,0.2150973230600357,0.5954877571188468,0.3128874897956848,0.23141729831695557,1.055374474252821,0.3000958561897278,0.2281561642885208,1.1336516315544478,0.05252271036970852,637.3600776456037,0.9010255919010675,0.1871423628362785,14.834063052313807,0.00276617484778149,sehat
0.4404083490371704,0.20149467885494232,0.9639343561182652,0.35608968138694763,0.23072244226932526,1.130929170064517,0.3418259918689728,0.2288096696138382,1.1888669665772458,0.01680787948579596,587.1063640360345,0.9054976532790969,0.1506725487497093,15.542783871103557,0.0002851928591866667,sehat
0.5947074294090271,0.1724601835012436,0.5804914532480593,0.4520323574542999,0.21089057624340057,0.9812369607404815,0.42468997836112976,0.20807412266731262,1.1398552971816485,0.01660991123215533,584.5377503435858,0.8764432183103877,0.13642968355257218,15.882627157722503,0.000278484558164065,sehat
0.4217032790184021,0.20451930165290833,0.8364922975479915,0.33858126401901245,0.23011301457881927,1.1166024838062034,0.32509127259254456,0.2279336005449295,1.1814117173857208,0.0170953964560689,620.0411997547812,0.9000891698899746,0.1542706864745331,15.10014390061074,0.00029582132864980354,sehat
0.19151508808135986,0.18514491617679596,1.3261778595134623,0.14745444059371948,0.19908340275287628,1.5197399777402305,0.1389962136745453,0.19700811803340912,1.5590647246895546,0.04235599107975765,255.21451402431308,0.946859892630989,0.27828048491980656,8.506142275102198,0.0018096930829282958,sehat
0.6653828620910645,0.1627664715051651,-0.19247698923317716,0.6212561726570129,0.1626185029745102,-0.03750950006999527,0.5366650819778442,0.15305308997631073,0.27789831080682265,0.012049623940888751,507.5964592923339,0.8463314523127177,0.10905373394468987,14.736862437661237,0.00014683887854020507,sehat
0.2725261449813843,0.27470505237579346,1.1604861521337315,0.2743675708770752,0.2175043523311615,0.43139508110796704,0.20718853175640106,0.1624240130186081,0.752406690903555,0.1149525470130172,438.73323136606047,0.9324234850237437,0.23623169459927448,11.103560177892563,0.013230770787212276,sehat
0.5147014856338501,0.17314258217811584,-0.24468221524165729,0.5636773109436035,0.1588948518037796,-1.1049667963222947,0.4833779036998749,0.24971015751361847,0.7276622693000658,0.023334510471227674,356.31919317779915,0.8819137890767332,0.1783817582276228,11.596138274355651,0.00055583740706962,sehat
0.5507907867431641,0.15933066606521606,0.0642426918114929,0.5670703053474426,0.16786009073257446,-0.5035346785371803,0.41609764099121094,0.14079095423221588,-0.26058419776243197,0.013075388641706273,371.6194931123018,0.8759628765608819,0.10528531205547309,12.590067688706384,0.00017263527277845852,sehat
0.5043524503707886,0.21977607905864716,-0.015086577327624499,0.46979618072509766,0.21737876534461975,0.11994519407278795,0.3621847927570343,0.21058179438114166,0.9928652586582954,0.011665264204449119,805.9590922011788,0.8634091730786024,0.1051973303685214,18.655430890636396,0.00013857292529531427,sehat
0.3785669803619385,0.2441457062959671,0.4038316806430899,0.2726972699165344,0.17453818023204803,0.6554830717224058,0.17640207707881927,0.11789669841527939,1.4547791843624889,0.016490153836976326,259.0100806822896,0.941895145305068,0.15203266832730536,9.927695417334037,0.00028719593286821916,sehat
0.4889480173587799,0.2119167149066925,-0.2829560203496666,0.5469059944152832,0.21347162127494812,-0.6167127738871184,0.48029616475105286,0.27091163396835327,0.4150183089263163,0.03113729021411972,592.3256536561186,0.8909955848762814,0.2265587780302942,13.15805856021938,0.0009898865680160723,sehat
0.5025796294212341,0.21023957431316376,-0.3610544055745485,0.3975904583930969,0.15707655251026154,-0.07622968528616836,0.33895230293273926,0.16239264607429504,0.47186118574099495,0.016490741086625276,225.3443016587703,0.9390382368538449,0.16178173701409446,8.763159865379672,0.000277322538307333,sehat
0.46736326813697815,0.2667814791202545,0.25664979862465975,0.45330923795700073,0.24603231251239777,0.5075677290532942,0.34841275215148926,0.25207415223121643,1.2149436805989555,0.04457747381889129,656.7924800514417,0.9183651603473569,0.1522978769908774,15.052801087637208,0.0019887506911100087,sehat
0.644173800945282,0.16221775114536285,-1.1303233730936821,0.581291913986206,0.14397889375686646,-1.1366258542076446,0.37843644618988037,0.11393199115991592,-0.33808935451722766,0.015655972599451586,358.99447620943005,0.865343649310776,0.10854656250816604,12.307422893946793,0.00024724435926534613,sehat
0.5495443344116211,0.17560148239135742,-0.18117477367513216,0.5186905264854431,0.16567496955394745,-0.3097707646823711,0.4711201786994934,0.2285100668668747,0.7543842741537345,0.01602585285783337,454.37756714631115,0.8699136972264632,0.15542170470409267,12.871197440971534,0.00026144079994337726,sehat
0.6838035583496094,0.2083958089351654,-0.6487607402862975,0.6497408747673035,0.23673661053180695,-0.6890426462889873,0.6381175518035889,0.3025607168674469,-0.7955917014563401,0.028675272495591167,387.89610346945227,0.9446605194033945,0.3020141361441382,8.885098332704791,0.000843476434776917,sehat
0.40300217270851135,0.2831629514694214,-0.02388877803211809,0.3832457661628723,0.25025320053100586,-0.41985712523638463,0.20274122059345245,0.16783538460731506,0.6325233009780753,0.1972747367823675,291.38299453456887,0.9628054669251512,0.301659071992064,9.511124046899157,0.038955029804393485,sehat
0.5194911956787109,0.17396384477615356,0.015190880032805823,0.5764303803443909,0.17349933087825775,-0.6760603642482361,0.6058880686759949,0.33918777108192444,-0.09432524968690142,0.028542657868129453,570.7345762054118,0.8324478066654873,0.29907889633627266,12.452270198506676,0.0008451244763973566,sehat
0.7019749283790588,0.3280186057090759,-0.7140019414149686,0.6890143752098083,0.30059805512428284,-0.5948173588333859,0.6050271987915039,0.3430502414703369,-0.1894740813614181,0.18138752383763526,719.6741070248373,0.9428799721064421,0.3315886881050095,12.856159422936003,0.03292783900064044,sehat
0.5297003984451294,0.16542163491249084,0.8016015310457278,0.48486053943634033,0.14385603368282318,1.1060772456448433,0.4041603207588196,0.13457487523555756,1.8379634088282562,0.02202669023397584,202.76431461989526,0.9272985023518195,0.18638094986179735,8.238241081744755,0.0004936191106175591,sehat
0.7257273197174072,0.25408124923706055,-0.8447223642037924,0.6206758618354797,0.28080102801322937,-0.0538979183979478,0.5269397497177124,0.31536686420440674,0.46138396423351963,0.1544092324075134,627.8492396102903,0.9344518355758726,0.2800281163444816,12.80771990702896,0.023872223797673366,sehat
0.49150222539901733,0.2508019804954529,0.2461952661790233,0.47564154863357544,0.2398861050605774,0.2507491314732382,0.42516380548477173,0.20858778059482574,0.4963108591192928,0.015036377291952894,586.1874452860421,0.920361742973066,0.15213777425552025,13.367735330214385,0.00022995884756911154,sehat
0.5657299160957336,0.13891279697418213,-0.23751327298604993,0.4720642566680908,0.14464306831359863,-0.1489390144234055,0.2964531481266022,0.12940970063209534,0.4497725980574721,0.013781154986808125,630.261499904397,0.7411659900476679,0.11311117315115483,15.764836438382396,0.00019410956647903385,sehat
0.7169945240020752,0.19688092172145844,-0.759598391037564,0.5852574110031128,0.1945694535970688,-0.6536190356790922,0.37906283140182495,0.15542519092559814,-0.19963453542081905,0.02877118798292669,242.44089307356694,0.9461274001078607,0.24500467170147266,8.464752330126371,0.0008453406527336645,sehat
0.4048757553100586,0.21868856251239777,1.0884742824628257,0.40791887044906616,0.21095998585224152,0.8333505954392859,0.27487918734550476,0.22792738676071167,1.4112832050121802,0.0184752404832846,276.5611295986847,0.9526168585912845,0.17020544654883585,9.278967982153652,0.00034517592026437087,sehat
0.5476421117782593,0.12735190987586975,0.1945804212180639,0.5865819454193115,0.13102391362190247,-0.519458704574957,0.4013984203338623,0.11157512664794922,0.10807928398357566,0.015119491436661775,320.7713246024271,0.8291223334961194,0.11477003914453134,11.996181973847074,0.00023087558051593747,sehat
0.6485979557037354,0.15620547533035278,-0.21569415010956478,0.7018753886222839,0.15648220479488373,-1.2874614956748462,0.5926034450531006,0.284112811088562,-0.04224666536408045,0.03766254290412701,300.13888985273104,0.9008811922791916,0.2864082097859437,9.363854179897903,0.0014422918523879086,sehat
0.7860961556434631,0.2690112888813019,-0.807085326741576,0.7374680638313293,0.31376054883003235,-0.5432974155788093,0.6972996592521667,0.3515467345714569,-0.4137384859314507,0.434207256415896,554.1514168340792,0.9538653457881011,0.5461670192942158,8.448197883460494,0.18857213449456064,sehat
0.6314253807067871,0.1481500118970871,-0.016873503861057515,0.6290966272354126,0.16855821013450623,-0.45723980810523346,0.38257506489753723,0.16903667151927948,1.076232547623528,0.014000125828483118,359.0961297989206,0.8719234151539842,0.11472235834253891,12.231748882646146,0.00019831459610387863,sehat
0.6973325610160828,0.282080739736557,-1.015279490234337,0.5919632911682129,0.26400622725486755,-0.7431088283405889,0.4221068322658539,0.23566284775733948,0.07807465807148721,0.01623124522363279,505.365117493646,0.9434193852353356,0.17442979527846944,12.367082399916592,0.00027008766468007115,sehat
0.6468445658683777,0.2787761092185974,0.07026269027050439,0.657974123954773,0.247529074549675,0.17230271351373774,0.6179342269897461,0.3117600679397583,-0.1274416951272304,0.21665257175337235,270.26684104771175,0.968333861577391,0.44251696610311386,6.473013976365151,0.04703796423044751,sehat
0.5294981002807617,0.2522117495536804,0.11988027857339034,0.5770050287246704,0.26004743576049805,-0.025966735917505767,0.47431111335754395,0.23533906042575836,0.48498429025609185,0.02260486710986978,863.3936503476367,0.8955198567690733,0.11892976166397741,17.85831194546533,0.0005135485425127239,sehat
0.7471851706504822,0.13057564198970795,-1.4555674455442715,0.5793589353561401,0.15864381194114685,-0.8393183748540112,0.3843975365161896,0.1383833885192871,-0.31951201528831275,0.021782243884406593,228.95638990715062,0.9161767126881069,0.1416385238251296,9.654282844970558,0.0004783094455791041,sehat
0.4362216889858246,0.26512110233306885,0.10726184708160223,0.4097508490085602,0.24061737954616547,0.2530145050085667,0.37130412459373474,0.2259918749332428,0.5217352756531876,0.02207905647657037,307.27005077360974,0.9608147191591015,0.22774930232036117,9.041379775244822,0.0004956362870332023,sehat
0.6301353573799133,0.22450992465019226,-0.7818590009673897,0.4954831600189209,0.21887366473674774,0.021005513398813073,0.43387457728385925,0.24147388339042664,0.31720538495011763,0.028018733103607623,322.5259796111396,0.9476184152397408,0.19104331077755385,10.138543388476624,0.0007896659482633242,sehat
0.5575582981109619,0.3814827799797058,-0.22128008709954408,0.5210090279579163,0.3459222912788391,0.08000024279480593,0.47228243947029114,0.3497706949710846,0.39527425104639263,0.16256170009443585,917.9274387068353,0.9436706047063835,0.3169501022329913,14.386800783012108,0.02647467885178149,sehat
0.7363792657852173,0.16861900687217712,-1.1170883330817978,0.6571364402770996,0.1766655296087265,-1.3770900058955269,0.5743712186813354,0.2580435276031494,0.1438613278515952,0.05011023518289095,520.7400001225468,0.8472602989633904,0.2680282099147454,11.87575412012736,0.002536957107655106,sehat
0.5435521006584167,0.16920624673366547,0.05556819304927231,0.5276616215705872,0.16769945621490479,-0.3804742960644578,0.3699193596839905,0.14809994399547577,0.3225504265362665,0.012638064747124804,494.1642628803591,0.8574431495290001,0.1008611574691789,14.654870653078683,0.0001614254262810239,sehat
0.6411415338516235,0.21937648952007294,-0.3824954445566997,0.5846425294876099,0.2672930955886841,-0.12256438902572984,0.5468458533287048,0.312272846698761,0.02675413852277183,0.046839061868383235,147.11557066328893,0.9828391078787423,0.4265097759874163,4.858571779114501,0.0022327249443522073,sehat
0.6238738298416138,0.2942090928554535,0.10044198689892612,0.5847376585006714,0.27177363634109497,0.11460796435942412,0.45977964997291565,0.33815905451774597,0.3650235798691149,0.0411900117921157,489.78932374009815,0.9524686681504534,0.28883338647336526,10.976898460119775,0.0017143556975146863,sehat
0.5290664434432983,0.22806042432785034,0.02621227125091712,0.5373089909553528,0.16892854869365692,-0.46110653230725557,0.41222482919692993,0.1921728253364563,0.054124077942183414,0.012264321682246613,325.3857467603678,0.9259034853924654,0.11399064976486313,11.976155926199715,0.00015288961525535338,sehat
0.6802972555160522,0.26673462986946106,-0.488842355070314,0.5665428042411804,0.2780071198940277,0.01050629368864693,0.48780637979507446,0.30090662837028503,0.18362724200208688,0.13349941616962638,459.94229799083365,0.9523393623208172,0.2352903657437194,12.42769105647213,0.017827030802836975,sehat
0.6992239356040955,0.20112192630767822,-0.28031693588970397,0.7079466581344604,0.22226284444332123,-0.1817328260848616,0.5153471231460571,0.33009427785873413,0.49805519554567756,0.08788490691709061,431.57774900824194,0.930215846281948,0.2942214072918911,11.70144009867648,0.007747708406425764,sehat
0.5153483748435974,0.24399155378341675,-0.4214193833402624,0.4174576699733734,0.21814364194869995,-0.15843557310082784,0.3013865053653717,0.17222540080547333,0.2523653448845356,0.013841393938793287,305.07989287189145,0.9501310339389143,0.13019870849930765,10.777394021043365,0.00019519201145045043,sehat
0.5665238499641418,0.21799200773239136,0.26081550486372296,0.5225955247879028,0.1455891728401184,-0.08038048355671411,0.26969918608665466,0.13565967977046967,1.3992915258544734,0.013274830636491347,405.185891356899,0.8764102282933289,0.1113731092123469,12.906455782076184,0.00017798816451472616,sehat
0.5028590559959412,0.1810445338487625,0.19891112836619054,0.42352184653282166,0.18810206651687622,0.7029518478848045,0.36165139079093933,0.22000828385353088,0.987310107685367,0.015158327070314004,353.27965993524913,0.9221073340737874,0.163459520701763,10.775830851197462,0.00023455973014044608,sehat
0.39179563522338867,0.23756170272827148,0.34040640274060574,0.3799400329589844,0.18655765056610107,1.0988306242355268,0.2157878279685974,0.2138683795928955,1.785664547930178,0.012788718250662466,685.3624115004008,0.8599371552281113,0.11046727760028424,15.15024728635546,0.00016590399219958843,sehat
0.5453566312789917,0.17584829032421112,-0.03257075520552407,0.48062750697135925,0.24867770075798035,0.22831084641643215,0.4066717028617859,0.3044346272945404,0.7247109717691709,0.014980722187604505,462.19086683762816,0.9261640698893809,0.15286491240638997,12.887505047611137,0.00022906692983564865,sehat
0.43015697598457336,0.2630898654460907,-0.014908596527889022,0.4312068521976471,0.2397451549768448,-0.3053045631349834,0.308687686920166,0.2133106291294098,0.6270625878861991,0.06509724366869639,675.3063844536982,0.9083206535046736,0.19371769661802374,14.103322806335271,0.004283885335250804,sehat
0.3257288932800293,0.24710357189178467,0.67358753691541,0.24810171127319336,0.13731901347637177,0.9575697993873379,0.16615065932273865,0.1051655039191246,1.8909492896059312,0.018069454829691085,518.9374623344313,0.8423351310203793,0.11672111136770331,14.243853949589885,0.0003318833062048111,sehat
0.5808268785476685,0.13360987603664398,-0.10326842020166065,0.518317699432373,0.1635366529226303,-0.22853542947478003,0.34441810846328735,0.12554748356342316,0.21817409594468418,0.015912095841766574,246.000841108446,0.9053252488110726,0.14130727569246468,9.852071795639537,0.00026017646859407276,sehat
0.5401195287704468,0.19835959374904633,-0.2894034361156509,0.4583355188369751,0.1866854727268219,-0.14351120417160293,0.34943297505378723,0.18384091556072235,0.3806418016780058,0.013520798985230884,297.9729931426911,0.9343211604419978,0.14497112720110397,10.392600897086227,0.00018567274244842805,sehat
0.5815208554267883,0.1631256341934204,0.08451823337883753,0.4455108642578125,0.19830599427223206,0.27017950273218727,0.3227524757385254,0.19494174420833588,0.48536129628592856,0.01653736789022111,265.0956127410205,0.9388301955385336,0.16082288337469344,9.790437814194645,0.00027822304269227986,sehat
0.583295464515686,0.24782030284404755,-0.36228072207216283,0.49889278411865234,0.23734579980373383,-0.0010504834577458005,0.44940027594566345,0.2234184890985489,0.34201922940188995,0.01315157274886355,582.3062653649775,0.919343123054997,0.15978875000050585,13.59736990652078,0.00017763767090160987,sehat
0.49304714798927307,0.18328599631786346,1.0449193549337912,0.5003073811531067,0.15366311371326447,-0.15719654666850374,0.27299636602401733,0.10010336339473724,1.8012751411723584,0.014727564628209573,404.3084988745665,0.8438384610621963,0.11780942615387195,12.831798673593964,0.00021983342698170665,sehat
0.5003488659858704,0.20848220586776733,0.19347206715358622,0.47664502263069153,0.18621475994586945,-0.12090113663855968,0.36078527569770813,0.2077060341835022,0.647414073463203,0.0192531831808755,664.6057454097938,0.8569067128266384,0.18520097408889094,14.135331782990546,0.00037651326619840146,sehat
0.5368225574493408,0.264400839805603,0.2379191701833971,0.5270357131958008,0.26544514298439026,0.33809790885449,0.44808638095855713,0.2932136356830597,0.6515532982349668,0.039903569609731994,684.4790944243068,0.9225303472223908,0.1759779364602131,14.579274601579913,0.00162358144587109,sehat
0.4916302263736725,0.1528908610343933,0.32243732194589697,0.443269819021225,0.1661096066236496,-0.3953805049021844,0.3578794002532959,0.15275949239730835,0.4763643687293367,0.020107190572791773,345.46096010382786,0.8894575200694828,0.14600725599490433,11.541439048062722,0.00040866070550315566,sehat
0.5124214887619019,0.21644805371761322,-0.3566126878877976,0.525904655456543,0.2017175406217575,0.06560767402066973,0.43457093834877014,0.28192847967147827,0.8432508933967449,0.020136179324306253,265.45393043735055,0.9503167124114293,0.19898168825918383,9.372622280128242,0.00041234403754992094,sehat
0.6937456130981445,0.1954544633626938,-0.8589609996296164,0.5876845121383667,0.1787058562040329,-0.7470329958844683,0.44110941886901855,0.14267180860042572,-0.5517691817058833,0.017007064536600947,276.7942486389339,0.9340102934277263,0.1479994460543422,10.046593339202056,0.0002929407637327483,sehat
0.4994094967842102,0.18174892663955688,0.37560194441702216,0.43365272879600525,0.1535363346338272,-0.0855716170933322,0.19117774069309235,0.11718916893005371,2.396724422343615,0.035435578790314,235.88280934107436,0.9121816055866687,0.27093609081915454,8.291960446928082,0.001281878607431161,sehat
0.5791520476341248,0.18663690984249115,-0.3928760065919,0.527096688747406,0.17676927149295807,-1.0054393435226683,0.3355376124382019,0.13202862441539764,-0.2927652663368686,0.017330564114149564,364.45834332915547,0.8998828901457142,0.14851698501251753,12.016834439185786,0.00030554862097013864,sehat
0.38553470373153687,0.23490941524505615,1.0329273804969075,0.3743669390678406,0.2273242473602295,1.067466375798561,0.365383118391037,0.21885445713996887,1.2446397935497806,0.022503213425813393,251.14061872207347,0.9624160809079658,0.22068714392158295,8.221933925700528,0.0005150082291512911,sehat
0.5633698105812073,0.2856476604938507,-0.2512347187345244,0.5282325744628906,0.24362997710704803,-0.1520097634752256,0.3543708026409149,0.20988363027572632,0.4926858416495782,0.01606496481137146,511.8781733794579,0.9347154107789866,0.16389328430150468,12.49038050176611,0.00026212775578667605,sehat
0.6148742437362671,0.19666548073291779,-0.8033287920793091,0.5177966952323914,0.18153376877307892,-0.05290613394944877,0.4016381502151489,0.20044797658920288,0.7977393914695052,0.028379058766106,510.9062687064223,0.8771766298541593,0.1613668445204138,14.016903850280379,0.0008138489418988626,sehat
0.6977682113647461,0.26707977056503296,-0.21842256553178943,0.6669139266014099,0.24874310195446014,0.16066293224250552,0.4925004839897156,0.34913069009780884,0.592175222284017,0.2555740063334539,389.1514167838521,0.9554810523391627,0.3499015465780136,10.16582628556988,0.0653533711178832,sehat
0.4952467381954193,0.2345588654279709,-0.19594780375025556,0.44455787539482117,0.23685118556022644,0.08583377425576588,0.38928472995758057,0.23249340057373047,0.4014415734347309,0.010264707894671859,643.1437420533279,0.9084882671150804,0.0964039116454276,16.105664783920375,0.00010660805056066303,sehat
0.5895296931266785,0.23552517592906952,-0.08937678765717916,0.5219107270240784,0.22501251101493835,-0.14399337133722098,0.3515262007713318,0.20748984813690186,0.42790279615661975,0.013498045472327531,534.6059142690243,0.916194291508813,0.16049434416572697,12.94416249814553,0.00018720826272075098,sehat
0.52436763048172,0.2375732660293579,-0.20424428516746101,0.49931132793426514,0.24696938693523407,-0.2616476749671297,0.3474838435649872,0.31689125299453735,0.5918921403786535,0.015053030680170115,858.5426279567431,0.8900747155169008,0.1475806427314867,16.46636677703786,0.00023139640738411096,sehat
0.6573595404624939,0.25114208459854126,0.022501852038942362,0.5732821822166443,0.2674820125102997,0.45906013389899397,0.40183067321777344,0.3603985011577606,0.6130672698784165,0.14540577881958774,442.75959602403856,0.9526444457329241,0.25507453564160726,11.40930277991464,0.02115071784064332,sehat
0.5990402698516846,0.20536549389362335,-0.6960136868870911,0.45964518189430237,0.20178088545799255,-0.022053104660808218,0.3326140344142914,0.21707987785339355,0.9193468053926761,0.019674147915431647,329.3524027854043,0.9302199306660599,0.18834526550685574,10.470738338260036,0.00039274498363454246,sehat
0.5562455654144287,0.3187825679779053,-0.10017220046985302,0.49634143710136414,0.240998774766922,-0.1786918216059297,0.3492589592933655,0.21759718656539917,0.7356843669071809,0.012002016350755524,733.4000212198754,0.9124675325715838,0.12116828116311056,15.337384813895602,0.00014643977889556775,sehat
0.6284893751144409,0.168084979057312,-0.6496849903974186,0.5780291557312012,0.1735316812992096,-0.25277710008077076,0.5394763946533203,0.19082294404506683,0.17736532457501936,0.015976441418560708,305.6227423595245,0.9204694677797557,0.16314845814039333,10.10715019398639,0.0002597377922971162,sehat
0.48416998982429504,0.2136254906654358,0.410635725086533,0.4938807189464569,0.1645069718360901,-0.21434444522738447,0.25049468874931335,0.1791977435350418,0.9951766143586644,0.015332987836726169,294.581158938937,0.9257164001194388,0.14019078712326397,10.162482738758436,0.00023792200642398556,sehat
0.581520140171051,0.19128577411174774,0.08273094647461726,0.5992287993431091,0.15574896335601807,-0.6400274782189622,0.37336641550064087,0.14624398946762085,0.38774935182661463,0.01387994479239249,373.6798506150132,0.8716738669575673,0.11764000457627943,12.316254424816764,0.00019531065886355855,sehat
0.606744647026062,0.23371006548404694,-0.26255656102121067,0.6000808477401733,0.284030944108963,-0.21003839294922616,0.4769146144390106,0.3373847007751465,0.45241545599802235,0.019384907492961838,739.2154698663325,0.9195231558071252,0.2124205014850595,14.16671539780495,0.0003833640566828992,sehat
0.5916845798492432,0.1412988007068634,-0.3181086408256741,0.5849195122718811,0.16266962885856628,-0.17633498204933082,0.47461938858032227,0.13634133338928223,-0.2923050892562836,0.018874877932908218,188.61404009005852,0.9341609868054475,0.2077802933269602,7.487484494993153,0.00036540331550077854,sehat
0.5791483521461487,0.23051811754703522,-0.35919259029401757,0.6110343337059021,0.29054391384124756,-0.4128136916727845,0.6324485540390015,0.3689379394054413,-0.35097757529065043,0.04615886236699388,534.41587039016,0.9454453226492916,0.4027048804380519,9.950275166528282,0.0021473258100180143,sehat
0.2738201916217804,0.28185003995895386,0.7630008975017529,0.27323681116104126,0.2801027297973633,0.7551035715058048,0.26655131578445435,0.2804291546344757,0.8902491966618281,0.17591937962042783,315.54088682004436,0.9689566834352829,0.44334463239161304,7.6839743717485725,0.030976505014682954,sehat
0.3084453046321869,0.2688016891479492,0.5671040811118783,0.3100261092185974,0.2671835124492645,0.5379979178594858,0.29960983991622925,0.2689394950866699,0.7173285875561533,0.15128093316348634,239.0340645419141,0.9742098329301521,0.3982964894020073,7.447631626563322,0.022906669635493593,sehat
0.5762047171592712,0.18340086936950684,-0.31512419077720344,0.6258916854858398,0.2207041233778,-0.590918082831636,0.5309864282608032,0.3497005105018616,0.1846164606060871,0.029849411719755522,277.2802686524241,0.9520197399413655,0.3372260056618501,8.311628798063046,0.0009062719844598723,sehat
0.5442032814025879,0.25319206714630127,-0.478808899476867,0.5394984483718872,0.25133180618286133,-0.5255069680281547,0.5007508993148804,0.34091877937316895,0.05448442892667436,0.01926722125500178,446.12340348632694,0.9480111058165274,0.21297158747863854,11.336488272547818,0.0003779281703304288,sehat
0.5234009623527527,0.2779090702533722,-0.40653583470298554,0.5386831760406494,0.3247627913951874,-0.22607070432729962,0.5446910858154297,0.387452632188797,-0.03691091217606023,0.07457052402689972,734.8482759096099,0.9410401505388615,0.39845729345755004,11.301526049665698,0.005575017462180286,sehat
0.5704871416091919,0.24035309255123138,-0.4147824402671906,0.5942901968955994,0.2967890501022339,-0.3664297275550497,0.6089036464691162,0.3711867928504944,-0.25457789112838053,0.04318895775668161,661.4807047496537,0.9347698465708182,0.3872885897334462,10.94374625628604,0.001881158613822533,sehat
0.4363255500793457,0.29132509231567383,0.13651261815014984,0.41172051429748535,0.2856202721595764,0.21070012023204926,0.3409862518310547,0.29933568835258484,0.7270313701091135,0.08362698709632022,578.8273062533088,0.9451494115792869,0.23416254982858029,12.032513660859854,0.0070045777564381245,sehat
0.49267667531967163,0.27206847071647644,-0.006000818676626793,0.47477155923843384,0.27285104990005493,0.026962841102977853,0.407166063785553,0.3111979067325592,0.42725388637414097,0.016489495300168827,491.4033196295413,0.9489805020662674,0.1873920681005662,11.829689451309982,0.00027975390715277156,sehat
0.5430341958999634,0.2933143973350525,-0.44963330625558934,0.6004804372787476,0.32241836190223694,-0.722766104924184,0.5315883755683899,0.43903404474258423,-0.0765699298882611,0.08281249443270754,828.9616221045653,0.9349069738461079,0.3378472345100692,12.869748899647886,0.0068727163759942115,sehat
0.5290973782539368,0.30192476511001587,-0.40114417928914775,0.5806726217269897,0.33255696296691895,-0.6275851495388309,0.5182275176048279,0.4366024434566498,-0.02397347294775187,0.10067156513988774,814.8946486565237,0.9394064627595964,0.3489630978921136,12.725806737079386,0.010149849104218659,sehat
0.5931184887886047,0.23144736886024475,-0.150034578674922,0.6804330945014954,0.2397344559431076,-0.9457848220792493,0.5980784296989441,0.43035459518432617,-0.3488464617622015,0.025061991522726267,633.6516413505148,0.9174502426923273,0.28544230965569356,12.47625876785203,0.000643989384207166,sehat
0.676691472530365,0.16728700697422028,-0.6521060157116451,0.6087853312492371,0.19215495884418488,-0.19800417715803678,0.5514333248138428,0.225160613656044,0.28149781529700085,0.025266525745615793,246.9115302046423,0.9443897877810373,0.18578021707966472,9.48339538825748,0.0006428608773324246,sehat
0.6486412882804871,0.2142251580953598,-1.2567087312781842,0.5778183341026306,0.22460225224494934,-0.5693749927313444,0.5234458446502686,0.24644872546195984,0.030515404011614695,0.036877018608439054,464.89530531232367,0.9241820486286486,0.2111807797458143,10.282066787857495,0.0013688627004291235,sehat
0.587933361530304,0.27711430191993713,-1.0607892760402085,0.5266479849815369,0.27105003595352173,-0.6244222927678235,0.47666239738464355,0.27732986211776733,-0.09721031341670362,0.10782036009547359,508.4389957765522,0.9455478017499735,0.2672896979770924,10.048814832396028,0.011638943644671905,sehat
0.4712657332420349,0.30594682693481445,-0.23005401221109578,0.46337318420410156,0.3014373481273651,-0.2547333063200869,0.4442768096923828,0.3507293164730072,0.20155037363404976,0.07900539699803838,600.5742521414725,0.949648332043465,0.2895828713617676,10.845011627818986,0.006256448260913161,sehat
0.5047363042831421,0.28119614720344543,-0.40997157530067974,0.49894487857818604,0.27839064598083496,-0.44100101187096036,0.4644777178764343,0.34724974632263184,0.16144943022411867,0.04008860811137769,624.0744693441962,0.9388446785576378,0.2472138661958138,11.696138318565685,0.0016189003240204445,sehat
0.5649382472038269,0.21954862773418427,-0.6841834121779724,0.5831781029701233,0.2712688148021698,-0.43104122910751075,0.5886693596839905,0.3742798864841461,-0.15806562168179242,0.04368149546033868,297.1755814590036,0.9655555747766481,0.3738329575824566,7.950343616218258,0.0019448630135010271,sehat
0.4540550708770752,0.243111252784729,-0.20848284489842628,0.45491182804107666,0.2581233084201813,-0.12959742325744344,0.3829836845397949,0.29828107357025146,0.709622091377956,0.02776085485204452,419.94439276027873,0.9449032745097646,0.24046151903239318,10.080317061478059,0.0007787692951213096,sehat
0.4493510127067566,0.2510964274406433,-0.14824328146523236,0.4477267563343048,0.2622266113758087,-0.06895005833980791,0.40469133853912354,0.30380886793136597,0.5522878290144545,0.03687867155477533,335.84372045194317,0.9580490293512635,0.26363342549986113,8.935328414854505,0.0013684626484538219,sehat
0.4650447368621826,0.2316395789384842,-0.16787860093986665,0.48178330063819885,0.2409176230430603,-0.15279999156699076,0.4133880138397217,0.29837241768836975,0.603839843587411,0.016478454582361492,330.91113079101734,0.9500220776239064,0.2226384053069241,9.610792077501186,0.000275732716853679,sehat
0.5134716033935547,0.28187209367752075,-0.43615638814518526,0.5553805828094482,0.29128414392471313,-0.4490104380376933,0.4295172691345215,0.31201574206352234,0.4143217373086273,0.09322446586877821,745.1972996786675,0.9220789296627879,0.28500797854677434,14.101909857890275,0.008701915322114399,sehat
0.5897210240364075,0.23190563917160034,-0.5658620930743379,0.6384423971176147,0.23901811242103577,-0.4357259486872812,0.5152555108070374,0.30066850781440735,0.29948269720369763,0.15856102311172957,535.5235473261463,0.9177845737939653,0.3367246960067467,12.393079953694055,0.025150809902235966,sehat
0.5338636636734009,0.266274094581604,-0.5312858839519966,0.576551616191864,0.2767903208732605,-0.49646997605124693,0.44995588064193726,0.300117164850235,0.3742624057837363,0.14525208555837837,673.039666913697,0.9209612765568508,0.3318597328542346,13.141430357686522,0.021107179577680893,sehat
0.5046688318252563,0.2683451473712921,-0.20799868022737883,0.42886075377464294,0.2577136158943176,-0.0555165021585306,0.3688841462135315,0.2827053964138031,0.07545026614838016,0.04683928094919453,304.5199276729051,0.9655776563573387,0.24273782360957838,7.876921111328332,0.0022023877575004774,sehat
0.4808395802974701,0.2867586016654968,-0.16709292878527626,0.4089715778827667,0.2723228931427002,0.00023894787659489266,0.35354429483413696,0.2904692590236664,0.14085516364120662,0.08209837561099527,295.582095141235,0.9701415114881865,0.27538739135378765,7.578610455355036,0.006751952543868757,sehat
0.5295429229736328,0.247549369931221,-0.06937829951890369,0.4529803395271301,0.251668244600296,-0.007462537584400829,0.3839332163333893,0.2858903408050537,0.03553030338617818,0.01696302858935632,189.08848046515436,0.9772445358004124,0.20805600351428233,7.344017359235328,0.00029159460437333355,sehat
0.5420562624931335,0.21820585429668427,0.16261028241851355,0.45715463161468506,0.26841822266578674,0.19335682527538875,0.318278431892395,0.3338475823402405,1.1164675228186098,0.01272274425470421,827.2059250220551,0.8828620072244936,0.143686267673071,17.44095487549473,0.00016599740108483017,sehat
0.49310070276260376,0.27238142490386963,-0.2209814998482016,0.36334624886512756,0.28349569439888,0.52906295803367,0.22334368526935577,0.26741763949394226,1.738366150812257,0.08575739138794887,786.990763274534,0.9096465740488755,0.2027278740926349,15.859490481715463,0.00736311036578266,sehat
0.4982975721359253,0.27409282326698303,-0.21879991423811646,0.3836073875427246,0.2887931764125824,0.4050481049963288,0.2379264384508133,0.28215426206588745,1.6105045276699954,0.076457088333357,924.7947310205121,0.8971398538801708,0.19487249684416563,16.963996814599856,0.005855787699219648,sehat
0.5152674913406372,0.2030361443758011,0.09992249864609941,0.4363200068473816,0.2064094990491867,0.3202000171394083,0.32775449752807617,0.23254957795143127,0.9836342612182306,0.012386632797734257,379.55622258631297,0.9258527384874401,0.12288128267339422,12.540445523226525,0.0001560274725868681,sehat
0.4896036684513092,0.2559012770652771,-0.27927244296185,0.4028501510620117,0.24534183740615845,0.2026989022802953,0.3162381649017334,0.2596593499183655,0.827049508824672,0.06460726738116905,383.3526339596527,0.9488845319538585,0.19991042988114274,10.888120202307826,0.004183676017146475,sehat
0.4619764983654022,0.24849240481853485,-0.19476471989688007,0.3951617479324341,0.23976914584636688,0.1237832356379404,0.30452853441238403,0.24815058708190918,0.8555061295341156,0.07454953789482156,398.70299966071343,0.9440501330109227,0.2023583040488366,11.393676675567924,0.005568314498480558,sehat
0.5124427080154419,0.2626376152038574,-0.2765259553029986,0.46817782521247864,0.27048423886299133,0.0132063969509793,0.39698395133018494,0.2655995786190033,0.3217785103054502,0.02846933125135968,418.4627266329979,0.954562645688136,0.23134741393030853,10.919921460181037,0.0008173390789944754,sehat
0.4209398627281189,0.29866090416908264,0.23387801592284402,0.40341079235076904,0.2789306640625,0.7177747430579523,0.39405566453933716,0.3647940158843994,0.4998752399034303,0.03768776300428862,545.0832231405562,0.9436334137375489,0.2159193379302298,12.65381230386717,0.0014328724151728416,sehat
0.4077983498573303,0.31042203307151794,0.2298441881704767,0.3800687789916992,0.2908177971839905,0.7120773209121243,0.373039573431015,0.3642088770866394,0.6038042653183835,0.08569783083958993,547.6487476698127,0.948254318461134,0.25968162006857975,12.148777028835836,0.007355327263032539,sehat
0.41700536012649536,0.297107458114624,0.2926420795269858,0.4173015058040619,0.2656421363353729,0.8357719577858832,0.41676580905914307,0.361375629901886,0.3787278263418155,0.01760260576074512,513.410255040389,0.9424404225144057,0.18918104811321854,12.969073531974088,0.00031595402226047793,sehat
0.4414162039756775,0.25960221886634827,-0.10027726698346685,0.38046950101852417,0.23999817669391632,0.013454958630933404,0.31132006645202637,0.23364059627056122,0.3505030042751991,0.04487408328960418,302.92923086034574,0.9600824797343103,0.23368714731130447,9.599867111794417,0.002024601106354704,sehat
0.43481940031051636,0.24059316515922546,0.1290309941097125,0.380266934633255,0.2250278890132904,0.1040967739197974,0.29321974515914917,0.22887173295021057,0.5182567870611752,0.02334442271008035,258.08789173848567,0.9615156338420389,0.22688777350898603,9.159557934386452,0.0005583072256334613,sehat
0.42432940006256104,0.27694693207740784,-0.08419903749389385,0.3596726357936859,0.2542707324028015,0.09055603524597045,0.3027274012565613,0.24076062440872192,0.34920964010946476,0.0791940477399365,292.70053712338705,0.9659436733606702,0.2497241024421856,9.31922370592437,0.006287949294749996,sehat
0.2632468044757843,0.25650259852409363,0.8355924873700782,0.369833767414093,0.29092156887054443,0.46890519552711146,0.18034566938877106,0.19060012698173523,1.4863477867614339,0.09512494454936576,536.022118120084,0.938979386755869,0.30177132946925056,10.461476242153564,0.009062839455083016,sehat
0.2954545021057129,0.2565097510814667,0.685592321124578,0.41781890392303467,0.2808283567428589,0.37657945032495577,0.20050133764743805,0.1898137331008911,1.463705227345413,0.02944239041996893,525.97036711132,0.9369674495875834,0.23591700689865283,11.165253352122486,0.0008813588253451784,sehat
0.2529509663581848,0.2546899914741516,0.9376146307959633,0.35692456364631653,0.28440552949905396,0.5974405882520218,0.1800534874200821,0.1862815022468567,1.5724380044683048,0.07574971756754109,437.87003483088444,0.9481901675429109,0.29331538364637794,9.770537329152559,0.005752201629800585,sehat
0.5830869674682617,0.22218917310237885,-0.20819731278323966,0.5254116654396057,0.21900682151317596,-0.1340693292780694,0.37384214997291565,0.2275117188692093,0.4150908615349424,0.011003983645699785,474.59691889343895,0.9217271472036467,0.11178411759285552,13.87150459253396,0.00012416567729458245,sehat
0.5167716145515442,0.2844402492046356,-0.39778659471502725,0.466120183467865,0.2712900638580322,-0.25975592858882407,0.338052362203598,0.2505044937133789,0.38493392357113504,0.09113605429014306,549.9007393209187,0.9407264494667756,0.20380047555600347,12.92353732159664,0.008316419965118756,sehat
0.5292240977287292,0.27762463688850403,-0.4519636995408427,0.47348904609680176,0.2658461928367615,-0.2766005214690312,0.3390013575553894,0.24600866436958313,0.42170962378856963,0.07311697013871114,564.9255826379407,0.9361140344428982,0.18539762872517315,13.47788514847742,0.005355398742925729,sehat
0.7493557929992676,0.28710776567459106,-0.6179817948140665,0.6845133900642395,0.3463926911354065,-0.3630914682739776,0.6318007707595825,0.3940941393375397,-0.22752408283034695,0.48078379454672276,374.32613956671815,0.9740719496526317,0.544515113531021,8.032973163286796,0.23116091155468357,sehat
0.5487443208694458,0.2707574665546417,-0.4327501518196903,0.5168561339378357,0.30021849274635315,-0.24132172717420128,0.3679087162017822,0.287813663482666,0.9064528826681238,0.06528441521142685,723.4397274920448,0.9296458167806533,0.24254440637450295,12.076025455445787,0.004278040518656019,sehat
0.5987538695335388,0.22092482447624207,-0.16461390345507002,0.5722218751907349,0.2649863362312317,-0.3030576802949483,0.40247824788093567,0.27928000688552856,0.9865245178049312,0.02543511240563157,463.18275519879415,0.9407464379560483,0.19068222979267188,11.602270920997077,0.0006577464447614149,sehat
0.49518704414367676,0.27748799324035645,-0.3219742558936038,0.44258004426956177,0.2934494912624359,-0.020220766194151498,0.30914443731307983,0.25721266865730286,0.9758819889082546,0.09669352134460808,628.1202498508795,0.9365114242502375,0.2488214564176824,11.972558937058254,0.009359660342818083,sehat
0.41227987408638,0.25204896926879883,0.20709522974394917,0.4769946336746216,0.255331426858902,-0.10090850708045405,0.23479771614074707,0.23642568290233612,1.502610694063243,0.01051000792295722,767.3196260997411,0.9004738265594598,0.09180850353834964,17.196561957312962,0.00011143765611064697,sehat
0.4981009364128113,0.27269256114959717,0.06325345443895906,0.4184738099575043,0.2907760739326477,0.4602812065993346,0.3818042278289795,0.30677905678749084,0.6338861847633331,0.02559744689109521,433.3737355954188,0.958283575181567,0.17833564538356095,12.170413586445818,0.0006592318382964217,sehat
0.42252129316329956,0.2837027907371521,0.12046449773472684,0.34674957394599915,0.27705851197242737,0.525316065820446,0.31313028931617737,0.27883243560791016,0.7448555483817705,0.07024801206027118,510.8348275660237,0.9475079469722858,0.21129497058904465,12.274958616230533,0.004945050455034606,sehat
0.42659249901771545,0.2923242747783661,0.11251218925772986,0.35448628664016724,0.28793561458587646,0.5285391615977129,0.321819543838501,0.2920437753200531,0.7483100368624317,0.09105660425130335,624.1049986669475,0.94094017204369,0.23212969281193982,12.613937515288846,0.008302453910512058,sehat
0.36192288994789124,0.25159209966659546,-0.1499388564949409,0.42645007371902466,0.2709219753742218,-0.2973075384068565,0.4125388264656067,0.3169527053833008,0.6143722782144401,0.06520338197449194,626.705095704637,0.9266988969391954,0.20351188243313245,13.180503925288535,0.0042685301637693015,sehat
0.33332574367523193,0.2601061463356018,-0.005229010527760045,0.3932988941669464,0.28375595808029175,-0.1476989157357314,0.3835667073726654,0.32457512617111206,0.6609245799422433,0.12724478144504944,610.481681330982,0.9350002366867826,0.25539028823704024,12.575424318768794,0.01621329521512393,sehat
0.3969190716743469,0.2306365966796875,-0.36839829798230384,0.4762189984321594,0.24720606207847595,-0.5665144916089805,0.46286025643348694,0.31051450967788696,0.47516682958265377,0.0265517855631951,565.0472082803389,0.9213797870489514,0.1626464871220341,13.43703054603075,0.0007086998272990041,sehat
0.3392240107059479,0.3119085431098938,0.7789554872833492,0.39730802178382874,0.3184911608695984,0.48901174977900375,0.37396901845932007,0.322326123714447,0.7010685980082668,0.09511410947775857,614.5560714542903,0.9518826274201335,0.2748364561416053,12.306402218481013,0.009059535855605948,sehat
0.36413663625717163,0.3026781380176544,0.7497631980822794,0.437576562166214,0.30122464895248413,0.4475950779166885,0.4070965647697449,0.3133658468723297,0.6765219552198126,0.043838967973928646,651.4802232507326,0.9443190025145506,0.19949685644277346,13.315135943620042,0.001925836049175615,sehat
0.34321826696395874,0.32282763719558716,0.7453130946993366,0.3881435692310333,0.32797300815582275,0.5512800318690723,0.3761882781982422,0.3287118077278137,0.6727945532232917,0.10814515845432564,610.300180027245,0.9553090256927733,0.29862784394545994,11.852139660397045,0.011709650407431563,sehat
0.47329631447792053,0.21820470690727234,0.2576444355667164,0.5382844805717468,0.21255138516426086,0.07263585637002341,0.3808380663394928,0.3266838490962982,0.6430838918459375,0.015294268273215561,558.6398626276367,0.9114799860166384,0.1389253603004463,15.348165917430078,0.00023707012437545346,sehat
0.41646528244018555,0.23860423266887665,0.1036817425670511,0.46670499444007874,0.2418263703584671,-0.25063217973170415,0.31190741062164307,0.29287707805633545,0.8612495531691223,0.07022733244767176,611.624375176419,0.9166658693459464,0.17823249305104194,14.219228497619284,0.00494330729499087,sehat
0.45358648896217346,0.23985588550567627,-0.02176765783590943,0.5066739916801453,0.24397724866867065,-0.318482371364115,0.36296385526657104,0.32013243436813354,0.6454438562249047,0.0520281517584636,514.501999960624,0.932520956856175,0.1820898813644545,13.8662368217852,0.0027154546478112447,sehat
0.5131901502609253,0.26732712984085083,-0.30592465448182865,0.4752108156681061,0.26281365752220154,-0.03975512954390538,0.4684537649154663,0.27397286891937256,0.026811571647283945,0.021592099356967945,1084.8032036172656,0.8772433736798989,0.16950809801159125,18.109747995154684,0.0004742495225986254,sehat
0.5101990103721619,0.2593120336532593,-0.1796086893705837,0.4799994230270386,0.2586618661880493,0.04594940746573395,0.4698908030986786,0.2763555943965912,0.12762544203128112,0.0122833211388429,1040.646861465362,0.8789790919046826,0.147396114678699,18.894315328188686,0.00015330978469522307,sehat
0.5109933614730835,0.2625272870063782,-0.25573521471059246,0.475139856338501,0.25913602113723755,-0.008742344862470535,0.46792611479759216,0.2721756100654602,0.05837694275850396,0.014592129680747622,958.1424380635718,0.8884316978761669,0.1565214665875128,17.934479519494772,0.00021683401775044353,sehat
0.5941351056098938,0.25349465012550354,-0.05118509605186592,0.5335323214530945,0.28072497248649597,0.19100276098492316,0.4710053503513336,0.31008806824684143,0.39613122949277907,0.038391283230016865,710.2101529023989,0.9267307678809202,0.17323883294757067,14.491810575227396,0.0014788407750504775,sehat
0.43752536177635193,0.2650618553161621,0.1134143895627532,0.39454665780067444,0.2450249195098877,0.3124743861359472,0.3146609663963318,0.24899296462535858,0.9335973804887999,0.08756079401858813,521.0863148410018,0.9327316784459926,0.22233389695275327,11.634585477592347,0.007680012496489277,sehat
0.4274078607559204,0.28131943941116333,0.15963250535009013,0.3889823257923126,0.26334601640701294,0.3662615532796196,0.310992956161499,0.2661353051662445,0.966466132605066,0.11529293576878308,576.3109007460412,0.9357383068320848,0.2550653499225673,11.503771263943479,0.013307237575244211,sehat
0.48385679721832275,0.25012534856796265,0.4143540333413931,0.44342711567878723,0.2423173040151596,0.6966604387410572,0.35979294776916504,0.2678844928741455,1.0423898303899577,0.015213040832398446,357.92727552515163,0.9522290773838318,0.16460247568298578,11.417291906948135,0.00023595299985757368,sehat
0.5199474096298218,0.24884532392024994,0.020097824044488188,0.3906325101852417,0.24881818890571594,0.7447481506778167,0.26861268281936646,0.24593786895275116,1.2227471312108775,0.014171640484500495,328.28996899265013,0.9576369163756681,0.16111096806782696,11.055975077217395,0.0002041771407675138,sehat
0.4998742640018463,0.2864491939544678,-0.13777687810421418,0.37121474742889404,0.26868322491645813,0.6478297997771768,0.2512090504169464,0.2497788667678833,1.219118067166799,0.07707748549559697,416.8362908339779,0.955007623061687,0.22417854031985227,10.45329735680109,0.005950972190667893,sehat
0.49726513028144836,0.28418415784835815,-0.11855735541802091,0.3673669099807739,0.2660888731479645,0.6713401517722649,0.24656859040260315,0.2468787431716919,1.2537307237563144,0.07052713560489814,434.98718604229254,0.9521020454026576,0.2188147898975568,10.638189314376312,0.0049848353521485195,sehat
0.5032806992530823,0.3392455279827118,-0.1733742539390705,0.5377929210662842,0.3007166385650635,-0.3369526473294333,0.4833829402923584,0.34438660740852356,0.09694975314764491,0.09706884893367346,958.4370885388926,0.9140010645245225,0.2600711607927176,16.24705375079424,0.009432673956545306,sehat
0.48834413290023804,0.340025395154953,-0.10396366401012871,0.5153465270996094,0.3122476041316986,-0.24013374249307068,0.4657938480377197,0.35156387090682983,0.1608971232399261,0.1211612876094529,784.4499832546982,0.9345024358288314,0.283383003570645,14.804401536891028,0.0146915114247012,sehat
0.5527161359786987,0.3214828372001648,-0.2799341537526113,0.601122260093689,0.25433382391929626,-0.18338110726432583,0.5450794696807861,0.32458919286727905,-0.024930973252388168,0.069254243132458,867.7657606386944,0.8962873978996894,0.21084634869951904,17.318620491854304,0.004798006976636402,sehat
0.49870526790618896,0.24084223806858063,-0.5664189595387537,0.5510027408599854,0.27782782912254333,-0.6117210926258414,0.6567302942276001,0.37654706835746765,-0.5464721787121588,0.031964331919008264,417.01360179781153,0.9541710928697568,0.39239760000256135,8.843485145474975,0.001036441451653538,sehat
0.6540048122406006,0.41067081689834595,-0.5346051902884572,0.6581725478172302,0.4021580219268799,-0.5370082210626853,0.6642608642578125,0.3951248526573181,-0.5658416484808493,0.4281952192564391,1164.5689572819927,0.944411836399606,0.5889739142260715,10.668061583639906,0.18336724330724363,sehat
0.7535521984100342,0.3541324734687805,-0.941267116363812,0.7531856298446655,0.34947362542152405,-0.9026800132637683,0.758264422416687,0.34077632427215576,-0.9153068778708058,0.5416482498539259,720.2940759136724,0.954686867835505,0.6164051135032551,8.57807560014335,0.2933949065591112,sehat
0.710875928401947,0.38419046998023987,-0.7807330936155318,0.7130536437034607,0.37674763798713684,-0.767078839365624,0.7183850407600403,0.36896494030952454,-0.789785136700171,0.4846354508205984,1112.776364504598,0.9391669975945449,0.6044741618836542,10.305059818157511,0.23488450851214324,sehat
0.5140975713729858,0.30331072211265564,-0.19055845568593732,0.4647683799266815,0.2814619243144989,-0.01629262117234008,0.4110419452190399,0.27397462725639343,0.46974491284439834,0.0632427611127282,1094.9035385701702,0.8935450077016939,0.19084891608554513,19.160396838095423,0.004009012023148965,sehat
0.5336089730262756,0.29811733961105347,-0.21286221441791317,0.4885192811489105,0.282378226518631,-0.026691514935904975,0.4417407214641571,0.2810669541358948,0.401715906915454,0.041276726743276544,1101.6197957780544,0.8926247262822004,0.1796714468259315,19.288534179866414,0.0017124507204056485,sehat
0.6104834079742432,0.26841074228286743,-0.3870003488335243,0.5607652068138123,0.2627212703227997,-0.10349789118043828,0.5066313147544861,0.27946797013282776,0.3789761186736269,0.019668386553646652,1048.8360165462184,0.8818773439168798,0.16372693945137087,20.00123989688652,0.00039586009433710616,sehat
0.4739304482936859,0.2904949486255646,0.27557879158918674,0.42596885561943054,0.25985631346702576,0.23530388494738488,0.2913377583026886,0.2554202973842621,1.1711526185323948,0.05184385682268125,248.32170700564234,0.972288619505942,0.2774430055735879,7.758916447394203,0.002704650503380583,sehat
0.4844082295894623,0.2738966643810272,0.32780629832287533,0.44004812836647034,0.2445371448993683,0.23082510768081455,0.29092976450920105,0.24600064754486084,1.25873470359222,0.03192552129489224,229.3384633065243,0.9712361811494697,0.25722400117486727,7.651359139731941,0.0010322205121173075,sehat
0.4975576102733612,0.2433563470840454,0.576974774153892,0.46152105927467346,0.21502870321273804,0.35758167095604176,0.2899579405784607,0.22953703999519348,1.4604394737648696,0.020266926206989267,156.26370844989586,0.9752669779233312,0.23984621828548056,7.047874917414339,0.0004242045573893827,sehat
0.42025598883628845,0.28731080889701843,0.38201564185254827,0.4130421578884125,0.2957989275455475,0.45885863462003645,0.37959447503089905,0.3058740496635437,0.5985454417476761,0.027039724053695133,1652.3483755809686,0.8505373024864925,0.16429335689453944,21.527514192659524,0.0007386126136268944,sehat
0.3828716576099396,0.29475051164627075,0.45610545930060326,0.3754100501537323,0.30080148577690125,0.5498998339587382,0.34205323457717896,0.3050050437450409,0.7234738095817586,0.09126052601723145,1668.2284566171995,0.8547409728007181,0.2185356602054612,21.014068950000183,0.008341340774356762,sehat
0.43915078043937683,0.28562131524086,0.4054768267517665,0.4347965121269226,0.29515576362609863,0.46333440879640525,0.4012601673603058,0.30916088819503784,0.5640687230048157,0.016373759410282324,1908.4952407307194,0.8274895894504591,0.13991302162330166,23.480312514402243,0.0002710501228080829,sehat
0.5298175811767578,0.2374754399061203,-0.6200770389499098,0.4460519850254059,0.22569194436073303,-0.23958440013174623,0.4146021604537964,0.22575576603412628,0.09816000700765504,0.028328531021152705,365.4107691014558,0.9442389236442886,0.19955336393420106,10.100260212004168,0.000810191556751245,sehat
0.5098262429237366,0.26534804701805115,-0.6375978709562619,0.43189722299575806,0.24676170945167542,-0.2929078679470256,0.4062594473361969,0.244553804397583,-0.023881648009808562,0.082372068395164,368.90478903295406,0.9538988632587828,0.24386793631729023,9.56771361813983,0.006796591052056474,sehat
0.5484787225723267,0.21295808255672455,-0.42982358816274224,0.46143805980682373,0.2102189064025879,-0.09453306822146879,0.4280451238155365,0.21318328380584717,0.24503093404778387,0.014148325598873851,287.1220824985519,0.9493417839664531,0.1723096028165604,9.769635645745579,0.00020494671401162932,sehat
0.3541502058506012,0.23029905557632446,0.7734102233219387,0.38981905579566956,0.20362511277198792,-0.008898033383327727,0.3638404607772827,0.28771260380744934,0.5655908731113031,0.023003790117713984,852.0011805838827,0.8412211831383201,0.17743713334426423,17.371467258087414,0.0005367011395019468,sehat
0.4056268334388733,0.2839435636997223,0.5479640926831588,0.393091082572937,0.28415921330451965,0.6073612048468183,0.36563900113105774,0.290841668844223,0.8044988636931184,0.09174748835588414,754.6943695839536,0.926901176411527,0.21440190511763238,16.0904289766674,0.008428489971894645,sehat
0.4183557331562042,0.2751242518424988,0.5021155687118206,0.41308462619781494,0.27904969453811646,0.5091636640335649,0.3972453474998474,0.29593533277511597,0.6358818582162633,0.06948513328644919,813.3977362039187,0.9179432410821463,0.18995901968883475,16.53621500872267,0.004838641887492434,sehat
0.46293485164642334,0.25117576122283936,0.6436680172957284,0.45443618297576904,0.25708574056625366,0.6176354222069669,0.43174469470977783,0.27995723485946655,0.6784538265356764,0.032415384798735215,866.2707506880303,0.897336388560095,0.11886791813885293,19.00739255769756,0.0010529918376314042,sehat
0.4456436336040497,0.3027612566947937,-0.1623882271096116,0.44754502177238464,0.30062419176101685,-0.1445089353563473,0.4382311701774597,0.28790855407714844,-0.1385928368319422,0.07695669272844281,543.5502866099076,0.9527653888417614,0.294240464016807,10.16994905948007,0.005932274835986455,sehat
0.4405539333820343,0.2979927062988281,-0.11878919768235228,0.44385725259780884,0.29566481709480286,-0.11099159103369365,0.4388253092765808,0.28450608253479004,-0.1338752702544225,0.06436191832637998,523.0758306392637,0.9529693327098974,0.28343411653902323,10.39424556394526,0.004153847218309948,sehat
0.4776093363761902,0.2756907641887665,-0.19614662461536966,0.48272016644477844,0.272760272026062,-0.18830336919910734,0.48468390107154846,0.2665039300918579,-0.2092547699982312,0.021944269496176907,492.38943116861833,0.9483545200858529,0.21805059731090012,11.29851396015627,0.00048761686125170793,sehat
0.43900710344314575,0.19490370154380798,0.5277817109565492,0.32578518986701965,0.15799829363822937,0.9105074698610045,0.22417408227920532,0.1282450556755066,1.9292369933021964,0.012856270858465621,531.2241721110188,0.846041722601726,0.09565563233680142,15.505516356214203,0.0001660901976910002,sehat
0.406291127204895,0.22551634907722473,0.16825606150792483,0.30167946219444275,0.17702725529670715,0.542266738872885,0.2064831405878067,0.1391843557357788,1.5595805971141914,0.07024461281027632,423.35906972805714,0.9035166121323713,0.17574059582598822,12.74241086036647,0.004944364649755658,sehat
0.42150065302848816,0.21957242488861084,0.22847350406488542,0.3127298355102539,0.1735522747039795,0.6279078339530274,0.21403512358665466,0.13757109642028809,1.658768172046676,0.04284149786852432,436.32075940022673,0.8960590508942369,0.14830180728509199,13.248968143166985,0.0018416283622086445,sehat
0.45382508635520935,0.28875455260276794,-0.16291519892324333,0.45934826135635376,0.28402918577194214,-0.23837289825723326,0.474743127822876,0.2865142226219177,-0.3414301183648585,0.10631783129924877,505.16523520864195,0.9516058627224617,0.38981771155261846,8.200132570188222,0.011321509232301156,sehat
0.45025214552879333,0.284409761428833,-0.11043729937102227,0.45382624864578247,0.2815295457839966,-0.1806499391778896,0.4673178195953369,0.28565332293510437,-0.28418915387420457,0.0826798626060974,490.8572747354636,0.9520243508293476,0.36682310290435516,8.427255622551561,0.006851200100674786,sehat
0.5144045352935791,0.24796739220619202,-0.21224344325102057,0.5178791284561157,0.24407733976840973,-0.32261420756523307,0.532594621181488,0.24654126167297363,-0.49196057172632995,0.024918333622311387,420.77833719072896,0.9458204589114049,0.3220208751585553,8.066376110089895,0.0006360002844844219,sehat
0.4542675316333771,0.29738304018974304,0.6424371830217828,0.40934330224990845,0.3489570617675781,0.6420628897033761,0.41699203848838806,0.2821243107318878,0.849980936909056,0.15946292340366067,587.3333212601023,0.9569668923206036,0.2894689906195959,12.43461976852088,0.025439175532621938,sehat
0.4560704827308655,0.2296515554189682,0.6621467021350509,0.4089895188808441,0.22593460977077484,0.717819174299024,0.38192975521087646,0.23129481077194214,0.6377560454476852,0.015134150607005915,330.6530402258564,0.9497715370777441,0.16482281151296432,10.612417881829781,0.00023346430292285795,sehat
0.4220941960811615,0.2525169253349304,0.32645114514201967,0.42406150698661804,0.2448265105485916,0.05304498313526391,0.2844054698944092,0.2512064576148987,1.1727001498323915,0.04432490649001117,363.84483517644463,0.9507448907499763,0.22910190270274447,9.85489041554388,0.0019737168107119758,sehat
0.42191898822784424,0.23486824333667755,0.5276495085848002,0.4243420362472534,0.22940891981124878,0.20702046028097595,0.2768777012825012,0.23864692449569702,1.3504010699982327,0.024054435155699605,331.51479337940907,0.9488705719917755,0.1933909543605109,9.984759827024861,0.0005845509340739476,sehat
0.39796337485313416,0.2595062255859375,0.3519247234798711,0.39688482880592346,0.25284212827682495,0.13804269717878326,0.2662404179573059,0.24921414256095886,1.2409293584273524,0.06613916408425351,341.5332121144661,0.9566050116057577,0.24396959287173012,9.616617328872898,0.004385802322374745,sehat
0.42419689893722534,0.2966199815273285,0.47142008539314767,0.45330119132995605,0.28699594736099243,0.18707966429097425,0.33754032850265503,0.3131405711174011,0.9787807918825167,0.11771154355279738,268.19485779588524,0.9753830489976089,0.323920767112816,6.649991819698422,0.013869232953692903,sehat
0.43420010805130005,0.29459133744239807,0.42856057016692123,0.46109408140182495,0.2844826281070709,0.16917262684080267,0.3480250835418701,0.31188687682151794,0.9294777410214301,0.10156640358693204,274.65718789516774,0.9743260821823573,0.30826212798242153,6.925994202332125,0.010329907226930288,sehat
0.46961286664009094,0.25152331590652466,0.8472810929872648,0.5060164928436279,0.22955596446990967,0.6914511451448266,0.3657962679862976,0.2911839783191681,1.101725605299889,0.02256722669548848,187.5709349215812,0.9751640157627243,0.22922399343094355,6.62905661987067,0.0005229066555557487,sehat
0.7069911956787109,0.14591743052005768,-0.30273342078894366,0.708162784576416,0.1513555347919464,-0.8409882759023628,0.708098828792572,0.242560014128685,-0.5110325033433072,0.026979572594780333,183.65029289027652,0.9355872368132477,0.2933836913004379,6.8056919977298955,0.0007408529221161034,sehat
0.5709226727485657,0.31287476420402527,-0.5664507036078292,0.5906904935836792,0.3356981575489044,-0.49809842664878196,0.5824065208435059,0.3926253318786621,-0.2170732516711099,0.09818237700033339,667.148814738984,0.9520703219852504,0.39432986112280827,11.197546607682511,0.009656663789974769,sehat
0.6019093990325928,0.29423531889915466,-0.710935484430718,0.6256963610649109,0.3185344636440277,-0.6515536697149344,0.623318612575531,0.382698118686676,-0.37683728137641187,0.07149946512442899,771.958700505062,0.9383279096623179,0.39079651007309013,11.4021215028934,0.005127963971728802,sehat
0.682553768157959,0.23123009502887726,-0.7285464661226628,0.7120769619941711,0.25608718395233154,-0.82145589733085,0.6944133043289185,0.3408660888671875,-0.57313529727423,0.03856310075891612,483.3217962125729,0.9406876226748885,0.3691687207285818,10.559852775538866,0.001506613861557693,sehat
0.3093450963497162,0.32220545411109924,0.8051551448089294,0.324727863073349,0.31237927079200745,0.7181622289802473,0.32836946845054626,0.31323525309562683,0.6722180229767013,0.05571646163896268,498.66930125903036,0.9605461984534344,0.295367053524665,10.294512085866282,0.0031289913546898233,sehat
0.3198220133781433,0.32564878463745117,0.7194826870510166,0.3301696181297302,0.315930038690567,0.6646030150522907,0.3292718231678009,0.31374049186706543,0.6488872527442325,0.07561246804244103,511.4064838580612,0.9604842240728374,0.3047653345018235,10.478882361480839,0.005737107834675452,sehat
0.3097633421421051,0.3173697590827942,0.853546388251353,0.32964760065078735,0.3059003949165344,0.7579755681255419,0.3372698128223419,0.3071613609790802,0.6827814720593288,0.032723800709027924,527.9176896370956,0.956468740108437,0.25879136068271613,10.933279172358013,0.0010940038708498845,sehat
0.5346745252609253,0.24854683876037598,0.08377915533195238,0.5359994769096375,0.2229386568069458,-0.06553849268086867,0.41430068016052246,0.3488667607307434,0.23161938597679693,0.011885191406779868,488.4475586824835,0.9278549519679572,0.12604099304488617,13.286838897957734,0.00014241283436382493,sehat
0.3165515065193176,0.3090660870075226,0.8233068256618239,0.3278830647468567,0.2969445586204529,0.7847605511238835,0.33097201585769653,0.2950517237186432,0.741051936028698,0.07500926411051588,453.1211041170424,0.9605206264410427,0.30745814219510287,9.59751704776527,0.005644289853129346,sehat
0.33391088247299194,0.3159310221672058,0.686982098374486,0.34339237213134766,0.303369402885437,0.650634484745413,0.34463801980018616,0.30153128504753113,0.6125637270385195,0.10748621093918687,477.30760628634977,0.9601248436419526,0.31503609374553004,9.859409308974962,0.011567785026488244,sehat
0.325175940990448,0.3059465289115906,0.8828062847364904,0.3452180027961731,0.29187437891960144,0.8225874492846127,0.35482126474380493,0.29238203167915344,0.7340312304359896,0.03308003056476126,495.79851470511085,0.9552803416315853,0.26195769209216585,10.223295694100678,0.0011148204231347268,sehat
0.3728518486022949,0.27113229036331177,0.36207363872444487,0.3717634081840515,0.2686011493206024,0.5037242784933101,0.260929137468338,0.2665899991989136,1.212819866265672,0.040233613845873276,456.57333049252316,0.9476822057715882,0.2049398775275075,10.74502774769517,0.00162903095990996,sehat
0.3918240964412689,0.2668153941631317,0.3991664067671972,0.39184942841529846,0.2652505338191986,0.5577388995416672,0.27630212903022766,0.2730412483215332,1.2237648974838937,0.01529598635202433,395.7084034441268,0.9536885530986657,0.16866826879611577,10.921299839251413,0.000237831465871046,sehat
0.37751099467277527,0.2767956256866455,0.20716936434919167,0.3680136203765869,0.27425965666770935,0.36331442703110167,0.26184579730033875,0.2698814272880554,1.0305858213322905,0.11058199603562648,402.33966411936876,0.9561112586512807,0.2564435247499388,10.076985145659636,0.012240075529181278,sehat
0.4376588463783264,0.19643844664096832,0.11145686485248399,0.4869667887687683,0.21782352030277252,-0.15975069968514224,0.5085673928260803,0.34118133783340454,0.4353337084281739,0.023582149142372614,581.2435865288684,0.9063693672643085,0.22174218524328526,13.817206445487143,0.0005815124641754904,sehat
0.5568705201148987,0.17603541910648346,0.2537954651539107,0.5697219371795654,0.15446899831295013,-0.2654633972790867,0.4950137138366699,0.2870446443557739,-0.0023694231281481738,0.018763341237036133,573.4931228040269,0.8260075235213756,0.19390589924690185,14.769515093875874,0.00036044676231767204,sehat
0.5973302125930786,0.23492930829524994,-0.8267019977270615,0.6283649206161499,0.2617315351963043,-0.7664314809073278,0.5427365899085999,0.35578879714012146,0.03942719627051725,0.030279503353982037,671.1520506901264,0.9198177759384873,0.1918896609035007,13.594669323080064,0.0009250906153078723,sehat
0.6368579864501953,0.211162269115448,-0.35409262266549985,0.533052921295166,0.2188350111246109,0.07042824416126796,0.4307403862476349,0.21148566901683807,0.525950414299162,0.011990949627398316,385.3732552455044,0.9346752956893782,0.12851820032953895,12.025620657508279,0.000147012824348222,sehat
0.5926111340522766,0.2109743058681488,-0.5819102127279635,0.5825603008270264,0.2216821163892746,-0.6609216060145517,0.48105183243751526,0.3167802095413208,0.4641497080360383,0.02670260265594858,722.6621179336724,0.8721295383390403,0.2032782207928835,14.33380269148874,0.0007230448410804601,sehat
0.5601937174797058,0.26221343874931335,-0.672428372818421,0.5369121432304382,0.2658417224884033,-0.585768077634632,0.42551589012145996,0.3375934362411499,0.567857179208295,0.07530796280188708,761.8194885159261,0.9079094040843657,0.25133960465201044,13.856372161769173,0.005684217988497438,sehat
0.575027585029602,0.19716200232505798,-0.2105333721438855,0.5351517200469971,0.20439419150352478,0.027201091509407166,0.46986815333366394,0.2349959760904312,0.43576100373837917,0.03255493908432637,403.1153395854172,0.924825566815156,0.17071804021196182,12.485016372291277,0.001064329740329085,sehat
0.5619121789932251,0.3417448103427887,-0.2760760425936707,0.5339258313179016,0.33514514565467834,-0.1602260464219062,0.41172322630882263,0.3527435064315796,0.6247622526341703,0.04163527826485645,889.1093934933864,0.9386415179888393,0.21624476589018451,16.066805409775313,0.0017414547909623483,sehat
0.6030521988868713,0.2560005486011505,-1.0497425387711428,0.4734439253807068,0.216842383146286,-0.852557057440461,0.36892789602279663,0.18275214731693268,-0.6330205175254774,0.032085652145198755,984.613583202648,0.8459659400806884,0.1690420725942464,16.45970127415728,0.0010380920479870872,sehat
0.49836021661758423,0.14906764030456543,0.7612591756114196,0.4924373924732208,0.1911984235048294,-0.3533639520393229,0.32735443115234375,0.19887061417102814,1.3244631582321473,0.014378119345841456,502.37012754470857,0.8727562683448132,0.11152978647830387,14.998765040961324,0.0002085857709949769,sehat
0.557968258857727,0.19624066352844238,0.13028451174787234,0.46670961380004883,0.22268474102020264,0.09904411205346333,0.3739736080169678,0.21840305626392365,0.2681018717503189,0.01187880199830262,740.8082114804683,0.8704484277096528,0.11684543855672659,17.339573334326648,0.00014367977869018822,sehat
0.614795982837677,0.3092852830886841,-0.8562764591858221,0.49572718143463135,0.2793997824192047,-0.5330987978870119,0.3277243375778198,0.3062535524368286,0.8756019662229678,0.08178235057795376,627.1031447632248,0.9345345472903187,0.28728810675938854,11.309542666186397,0.00670304323305112,sehat
0.4540283679962158,0.17948435246944427,-0.6581441919003854,0.41838982701301575,0.17306660115718842,-0.5898323742881534,0.375236451625824,0.1670617312192917,-0.41349848536912076,0.013136201200671443,723.8579724201791,0.811243246318483,0.09225972989037522,17.604712787080757,0.00017471229422999125,sehat
0.49883994460105896,0.26172322034835815,-0.0364741298607051,0.4576180577278137,0.25837522745132446,0.19576259272420055,0.4050002992153168,0.2563021183013916,0.5688529238521957,0.01070606438670245,1438.8825955087175,0.8333071586705891,0.08981814065281268,23.88220263332987,0.00011553529623745617,sehat
0.5295208096504211,0.1911381334066391,-0.197892302667727,0.47726869583129883,0.1859923005104065,0.002536574963600905,0.4233601689338684,0.1830865740776062,0.35581185949673566,0.012145423397551716,813.3256352054965,0.8155139552593696,0.11270270208977841,17.369127954790937,0.0001500021676756718,sehat
0.502022385597229,0.2410702407360077,-0.6366642543038987,0.48825982213020325,0.2547154426574707,-0.289555533087187,0.45127201080322266,0.29687750339508057,0.3313954474823121,0.03836498931420197,921.2028765394799,0.8856432562315057,0.2165261547972881,17.72383356495014,0.001490720113744845,sehat
0.4561178684234619,0.2681259214878082,-0.4472269318792107,0.44425368309020996,0.2784532606601715,-0.17758537440801178,0.41103437542915344,0.30842649936676025,0.38745346103016387,0.061429737785525275,730.5989031349526,0.9242641288458318,0.26450806367580926,14.670547765451145,0.0037891676076458446,sehat
0.4190845489501953,0.28015220165252686,-0.25123304435894317,0.40652722120285034,0.28679221868515015,-0.02129673400304699,0.372789204120636,0.30536553263664246,0.4884244379845573,0.11521050905241757,718.3793847254107,0.9303469749341243,0.2969433205601448,14.195653513381279,0.013288894217328255,sehat
0.581355094909668,0.3344830274581909,-0.5417795118573773,0.5668073892593384,0.3282693922519684,-0.4843941394982594,0.539365291595459,0.3272773027420044,-0.3649658047094236,0.09021319377696756,722.2536648173078,0.9490446595520087,0.22914717749544303,13.901782756114793,0.008145744583280948,sehat
0.314917653799057,0.25535106658935547,0.9591086390250247,0.2988188564777374,0.2538661062717438,1.0256975086480487,0.2992367744445801,0.24950198829174042,0.9969553198199439,0.02851208367968042,369.0473878230523,0.9554610570828648,0.22874293082657296,9.71867633657716,0.0008237728637990006,sehat
0.20970191061496735,0.210545152425766,1.6462894397931387,0.20207121968269348,0.20237641036510468,1.6170355059014938,0.1810975968837738,0.1216108649969101,0.8894308149540578,0.04847101670709525,179.75901289322874,0.9628431760377257,0.3507078097306527,5.774453213357995,0.002394856648070895,sehat
0.46255457401275635,0.24371914565563202,-0.4037120408703398,0.3613625466823578,0.24436667561531067,0.4117544701922814,0.30543646216392517,0.2866995632648468,1.0731934738977973,0.013080258962746276,588.5805516134174,0.9203186429293592,0.12687344368765568,15.602977775400264,0.0001753233429634389,sehat
0.4956105053424835,0.22256384789943695,0.3774026197379926,0.4192737340927124,0.23661774396896362,0.5794457540047774,0.36210882663726807,0.24872972071170807,0.7944701895118235,0.01154167511073237,733.5407158631598,0.8956063369938173,0.11940931303810055,16.32867988172607,0.0001351646527964254,sehat
0.44705134630203247,0.2534835636615753,0.042819061321879834,0.37757158279418945,0.2529606819152832,0.4284535273207392,0.3242639899253845,0.2543024718761444,0.7758106428195601,0.05588386878388082,601.8153404337077,0.9263594600931225,0.18529358366888127,14.026833335065646,0.003131185410737841,sehat
0.43374747037887573,0.272691935300827,0.4838132491830278,0.38798636198043823,0.2529502213001251,0.5000686836564601,0.33412525057792664,0.208840474486351,0.4168032513137806,0.022316329379579655,206.9914195758039,0.9751168150232502,0.22146307282017486,7.502719291421958,0.0005079565579983553,sehat
0.5082544684410095,0.2898613512516022,-0.48656091612886815,0.43908455967903137,0.26280704140663147,-0.27320728521902626,0.34931817650794983,0.23415285348892212,0.240236096756966,0.06287639200177418,821.052505878038,0.9093260400272712,0.2198029574031057,14.580205660753867,0.003961092454844378,sehat
0.39067140221595764,0.20906129479408264,-0.25436888619191816,0.46035394072532654,0.24820785224437714,-0.47511886138187864,0.4496711194515228,0.3208509683609009,0.16160170431713405,0.05147256713976339,623.623779356567,0.9092772509933137,0.2728314818998892,13.509991343674676,0.0026775740908417125,sehat
0.600868821144104,0.24773915112018585,-0.7589472927519185,0.6120462417602539,0.27460822463035583,-0.5499354383762455,0.5859300494194031,0.30507194995880127,-0.13932916052905056,0.026465983340348,1589.3069761590004,0.8243248195692886,0.19748737957086263,23.867630661906293,0.000712919235858667,sehat
0.36993440985679626,0.28614065051078796,0.2038979906707431,0.3582993745803833,0.27683526277542114,0.30692813587660056,0.3471483588218689,0.27123692631721497,0.5780704915946913,0.016937734554478192,1954.495983673717,0.8036615184853558,0.0980802264813057,26.795091235283092,0.00029408461904801734,sehat
0.38129645586013794,0.30994758009910583,0.3586266382131148,0.3393997251987457,0.2688758969306946,0.3834716902436468,0.2788027226924896,0.22581924498081207,0.6990217417187583,0.07407769232551976,507.7029821795741,0.9476937001366875,0.2401071856611711,10.93278420735996,0.005504121549785908,sehat
0.4341197609901428,0.2962932586669922,0.11820147667935144,0.39363205432891846,0.264986127614975,0.1791744592293082,0.3363398611545563,0.23261596262454987,0.4647232598527264,0.016587969345104193,412.60417469063304,0.9560979046300749,0.17698336192118835,11.28768583010942,0.00028078274631148796,sehat
0.45191490650177,0.26929134130477905,0.1194201243323725,0.4326857924461365,0.2689875364303589,0.33594836882279105,0.40083247423171997,0.2619664669036865,0.49445208438246435,0.025227993642457525,318.4282482069384,0.9654715164254828,0.27456368474587267,8.319596184924357,0.0006573917306711436,sehat
0.746105432510376,0.2498929500579834,-1.4981193330498335,0.6040283441543579,0.2496183067560196,-0.7677156377964903,0.42885491251945496,0.2875819504261017,0.6094256646883031,0.023157276565919437,938.3288224706498,0.8714003147524892,0.17283283724997345,17.043724317606923,0.000545580281771919,sehat
0.5086073875427246,0.2565508484840393,-0.1498889898012344,0.5325779914855957,0.2593415081501007,-0.4668041694696537,0.5114672183990479,0.29609954357147217,-0.20301249701880875,0.024201439891566704,1118.7358175366985,0.868987110376505,0.2128580464242716,17.450439861482074,0.0005957535210806046,sehat
0.46764838695526123,0.29155781865119934,-0.15138785502087526,0.48718246817588806,0.2962762713432312,-0.35915535787566155,0.4639347195625305,0.32280537486076355,-0.07030587444677032,0.11580179137696822,1134.2641053293967,0.8981138220207333,0.281581658077404,16.63721281391955,0.013420748402691205,sehat
0.2825767397880554,0.2591021955013275,1.2339115495345991,0.23950044810771942,0.23843877017498016,1.7241637727740735,0.21050076186656952,0.2340322732925415,1.9576791820687582,0.02930900401520424,559.6359578969856,0.9265143118439411,0.2985096907285973,9.619585624899488,0.0008727099412291555,sehat
0.5478668212890625,0.26259347796440125,-0.4682384493132014,0.3948604464530945,0.2157014161348343,0.17934496291886215,0.337380051612854,0.19901257753372192,0.6205840918963256,0.013557753845063816,571.0135565835975,0.9081588247652613,0.15479491942999687,13.397914666353282,0.0001887213287750523,sehat
0.4082430601119995,0.2066129595041275,0.10132979270521807,0.5119931697845459,0.2318575531244278,-0.6975292617050981,0.5567822456359863,0.333417147397995,-0.41772439536756695,0.029803148970013696,816.091531322723,0.8761808422532784,0.29896924072514214,12.797219021907702,0.0009134002312468202,sehat
0.5495904684066772,0.2909702658653259,0.2223904254333384,0.504334568977356,0.22055606544017792,0.29936757789510665,0.4661098122596741,0.1992691457271576,-0.7211827089974259,0.0320854581513385,499.041485473487,0.9261148841665786,0.25662929511687116,12.521544936018833,0.0010430594642386107,sehat
0.49057021737098694,0.24991123378276825,0.10023376444935815,0.23802796006202698,0.21948012709617615,1.5025619821705678,0.13854916393756866,0.1510995626449585,1.649146758826727,0.022730103806922572,255.30819306727093,0.957107539939412,0.21052253386739436,8.492122459442854,0.0005281596849347477,sehat
0.2155742049217224,0.24036072194576263,1.3248996074082706,0.3895878493785858,0.18662932515144348,0.3275509212127206,0.5465924739837646,0.3000999689102173,-0.36216111035826304,0.03171898456120133,545.9547938765032,0.8625519693335787,0.27701957639673896,11.567881170090098,0.001026353281904244,sehat
0.4601796865463257,0.1921120136976242,0.4425793296892011,0.4660394489765167,0.18613703548908234,0.35094653062331094,0.40284013748168945,0.25226807594299316,0.3477020932298065,0.013034232756128085,502.051032821385,0.8913718950681274,0.1331457326321519,14.536922394927112,0.00017183079240798115,sehat
0.6627683639526367,0.1677747368812561,-0.7460859932241152,0.5766510963439941,0.20590901374816895,-0.1261153764194607,0.4539363980293274,0.2807658314704895,0.5807861069462824,0.05531606360786481,429.12878868827494,0.9166977799886952,0.26277267125129616,13.118318325399727,0.0030837765176586203,sehat
0.4231905937194824,0.270004004240036,0.6402305889533687,0.4992430806159973,0.25267061591148376,0.10711315240241052,0.31655406951904297,0.3201157748699188,1.0671644640300844,0.02594815448722163,806.7866905610834,0.9075224419860106,0.16918652905414674,15.650500397646356,0.0006806910131618185,sehat
0.42433077096939087,0.24406249821186066,0.022054181724412345,0.39739829301834106,0.23394133150577545,0.11453018375245506,0.35098472237586975,0.23200038075447083,0.36390441989624844,0.046023416563035414,849.4830378751253,0.8808648363150962,0.12295661551354879,18.744029984844733,0.0021240725510454656,sehat
0.5024240016937256,0.2457054704427719,0.2914479932912437,0.4970695376396179,0.2715669274330139,0.055058376016240224,0.4231785833835602,0.39462175965309143,0.2915011639350617,0.01797446724326061,378.14812734062644,0.9596718093848952,0.21480069903331958,10.47080095956858,0.0003333947759417074,sehat
0.5668667554855347,0.2870081961154938,-0.19511662946564598,0.44509291648864746,0.29762035608291626,0.15441891353324577,0.3824217617511749,0.32205629348754883,0.4837567256500894,0.013424391601691288,906.5446643149779,0.9172756014039561,0.1647842055969453,16.875774593381205,0.0001832452816301081,sehat
0.46611344814300537,0.297336608171463,-0.2883411013465374,0.5583136677742004,0.35406824946403503,-0.5789535253535252,0.6289193034172058,0.4070322513580322,-0.4860844310449673,0.09334200729400727,706.731926002146,0.951682843547898,0.43076237290822134,9.136246046427841,0.008743888831122914,sehat
0.36842772364616394,0.23499161005020142,-0.24825279978521744,0.3481954336166382,0.25050458312034607,0.17493743677363482,0.29656746983528137,0.1896117627620697,-0.10746395858163635,0.042685237326711055,431.6026160147421,0.9400020070608512,0.19767204196413315,11.624622477937132,0.0018308613693416881,sehat
0.6426650881767273,0.18813902139663696,-0.27814307210386924,0.58090740442276,0.19075225293636322,-0.22231648788232936,0.477873831987381,0.25205352902412415,0.1081951235248485,0.011186098375260392,745.0466954169862,0.8481273382397934,0.10599818224307274,17.003725541210233,0.00012703536436206968,sehat
0.3774656653404236,0.2026790976524353,1.2174205497440314,0.5362226963043213,0.20640847086906433,-0.6265064661542655,0.5256443619728088,0.32282504439353943,-0.011637415228310626,0.029284669027609515,544.715726360837,0.8957913837313202,0.31971772271155685,10.97733381704087,0.0008782431405897025,sehat
0.43321388959884644,0.3033654987812042,0.32993429038107736,0.4169822633266449,0.30387574434280396,0.41206461620555124,0.3919105529785156,0.3125539720058441,0.45508966358244823,0.015224261576199966,1046.8977995731811,0.9122342894356953,0.13299148910452277,16.539788271839516,0.0002357186965200443,sehat
0.3702612519264221,0.26041823625564575,0.5753392413771017,0.309940904378891,0.2373981922864914,0.8587368837336656,0.2444135695695877,0.21366773545742035,1.3451595024074756,0.011433817172016343,1157.3809699780534,0.844906376817219,0.09198185823683702,20.30856073859268,0.0001325182423868103,sehat
0.5348307490348816,0.3165290057659149,-0.04476479783061871,0.47622713446617126,0.30996623635292053,0.2161751655898604,0.4453016519546509,0.309215784072876,0.3857121780225104,0.03178639554667,486.6328008362054,0.9609150260542073,0.20968842513150723,12.327098125281525,0.0010161763763295599,sehat
0.4262082576751709,0.19175954163074493,0.6816008710703404,0.4447582960128784,0.1752452254295349,0.0020242703929882065,0.2663155198097229,0.13688604533672333,1.3174783074154137,0.011698483319985145,682.5111431487265,0.8248107969027282,0.07678558069719836,17.752775189049988,0.00013772463733243396,sehat
0.5383206009864807,0.25111061334609985,-0.709632402723802,0.5870994925498962,0.26943323016166687,-0.468867715700501,0.5493655204772949,0.28141698241233826,0.22394606491266905,0.025602883882369875,614.562285217387,0.931339655607136,0.20272116507706137,14.781036073963358,0.0006758516738408554,sehat
0.42827948927879333,0.18058937788009644,1.3805550748679847,0.7357689738273621,0.17627716064453125,-3.196302298885141,0.5763302445411682,0.16084228456020355,-1.2700519406161959,0.7947995374926377,496.27130734201086,0.8628063088279122,0.8716075129779273,3.974816642544359,0.6317137981870568,sehat
0.8711806535720825,0.2615469694137573,-1.8890630213746535,0.8606544733047485,0.2747335433959961,-1.8614827105329443,0.8502379059791565,0.28158944845199585,-1.8629002187051942,0.5143591320583243,808.564118064567,0.9162709386103915,0.6074373294998746,9.977096026193106,0.26459994924573293,sehat
0.3552090525627136,0.2608138620853424,0.5585478710026761,0.3686125576496124,0.2653116285800934,0.5384146612400811,0.30900663137435913,0.23664012551307678,0.6876682565248484,0.00849931049453969,2021.1203943230703,0.7675687837335706,0.058747847427700756,30.15366774041863,7.391532322282032e-05,sehat
0.4943322241306305,0.2528662383556366,-0.06542775191279872,0.4224480390548706,0.27955079078674316,0.24131112972542196,0.3200443685054779,0.34453365206718445,0.7006464871634743,0.014025815188199495,467.53965080332915,0.9520338375781651,0.15118381284484153,12.817522468733314,0.00020165841321488363,sehat
0.5242238640785217,0.2301158457994461,-0.6050285359040802,0.5607485771179199,0.26115715503692627,-0.3736263887806347,0.5272126197814941,0.2883315980434418,0.4120729767969144,0.040532166301809607,621.4065503883539,0.9240688045185097,0.2279256238782812,14.762945131782848,0.0016546110693421478,sehat
0.6220862865447998,0.21047858893871307,-0.1346274656346629,0.45413488149642944,0.2720795273780823,0.37009467290303383,0.3543523848056793,0.2940831780433655,0.7004539326353728,0.012646703643347213,600.1165022425402,0.9270178408012913,0.14580254495582615,13.177934538083834,0.00016274285804002597,sehat
0.7234029173851013,0.29014551639556885,-0.8029738056644793,0.6423919796943665,0.346438467502594,-0.3906705426470925,0.5981625318527222,0.3834044635295868,-0.21943226347098999,0.16045180218315178,559.6427472203372,0.9607324356126427,0.3896164725301719,11.428832761895153,0.025819504469318393,sehat
0.47138094902038574,0.24507680535316467,0.3303885288257395,0.4806012511253357,0.23431093990802765,-0.004025860581608368,0.35651877522468567,0.24144987761974335,0.9731460817528641,0.010163382165906993,1054.7557701495716,0.8498310785474946,0.09483821454844678,19.57472501818572,0.00010409628535571813,sehat
0.37641698122024536,0.2728925347328186,0.449570679196024,0.3772360682487488,0.2698057293891907,0.6495103812629953,0.2294679582118988,0.17209145426750183,0.610171385064666,0.01638551552558387,448.2625609671259,0.9478397684997643,0.1322537625187392,12.747255378336211,0.00027266438537936773,sehat
0.4154307246208191,0.3151888847351074,0.4012143673923554,0.3909766972064972,0.30265307426452637,0.43606379078199603,0.29328224062919617,0.21694892644882202,0.5308810632643648,0.014828896520162406,641.1480718587248,0.9431738918490793,0.1404743030720723,14.160071941208365,0.0002260179831370386,sehat
0.41620826721191406,0.22057288885116577,0.04356372017105104,0.41044265031814575,0.23880983889102936,0.06578574789216328,0.3024577498435974,0.20696775615215302,1.0482442700548522,0.008964171837604966,1298.6437461260791,0.803381021460276,0.07199325720833886,24.50158917455325,8.107180196885558e-05,sehat
0.5361297130584717,0.23315760493278503,-0.4936690266617792,0.48555833101272583,0.23211847245693207,-0.282075407456141,0.44596225023269653,0.2249692678451538,-0.1487995311425231,0.011183568636622019,537.622689499469,0.9221103026590342,0.10631670026339556,14.640124569570027,0.00012641432938769102,sehat
0.3819667100906372,0.2846640348434448,0.2816752800340929,0.356401264667511,0.22677871584892273,0.3218697339933875,0.30496954917907715,0.23149177432060242,0.4539866720300815,0.07484617859138361,354.5122535806452,0.9544632371318911,0.3133515008641768,8.501146279202345,0.005646628196703358,sehat
0.4189149737358093,0.2713991403579712,0.3117378097469049,0.39955660700798035,0.27320486307144165,0.3711208998429259,0.36823025345802307,0.2488028109073639,0.46080402935417486,0.013925837457073492,814.2149040614692,0.9130778779007822,0.1328006325409035,16.378477041119524,0.00019652688359255636,sehat
0.5981309413909912,0.25169312953948975,-0.418997701978267,0.634366512298584,0.27499625086784363,-0.5773233018004615,0.5973214507102966,0.37819570302963257,-0.2153592909387851,0.027453303406778304,649.1420498797843,0.9304864514058986,0.3047273069055877,13.107533877117946,0.0007657338811903588,sehat
0.415084570646286,0.23772507905960083,0.4063181537191348,0.5304459929466248,0.1796276569366455,0.026659229765053135,0.3484647572040558,0.2566787302494049,0.62587540591155,0.010369613946931004,604.8962875918193,0.8812200362968534,0.08789850445247212,16.288595066185216,0.00010860254149239983,sehat
0.45186081528663635,0.2911132872104645,0.48707705798908607,0.3481295704841614,0.32033607363700867,0.9819702105362924,0.28125765919685364,0.3291422426700592,1.2256359717872054,0.07980147675412515,991.8231174572702,0.9196973203561774,0.19188430891313235,18.914610113593216,0.006377545553450169,sehat
0.3779652416706085,0.2677476704120636,0.24070784295387118,0.35929906368255615,0.26513874530792236,0.37497034264019496,0.3542744517326355,0.26598823070526123,0.40470938209827256,0.01915296795934517,902.230230475013,0.901588975864284,0.12491606393235706,17.915250872705446,0.0003710203906718765,sehat
0.4205106794834137,0.25792941451072693,0.8398635821220578,0.3384424149990082,0.20687030255794525,0.6129202962964365,0.263702392578125,0.15775226056575775,0.4713694610604703,0.018529120607159888,339.49694063281333,0.9430612859386759,0.1958162650763331,10.238877864897525,0.0003524639504181658,sehat
0.8096500635147095,0.2059500515460968,-0.9353548559223399,0.6648803353309631,0.33748766779899597,-0.4959007075919956,0.5850170850753784,0.37200942635536194,-0.3055439979359504,0.08909272209368853,878.3286864240673,0.9226690970123298,0.2417356501634881,15.69332871814325,0.007962814883559549,sehat
0.35867422819137573,0.20857703685760498,0.4919458724495496,0.35935524106025696,0.2078561782836914,0.44157163073162803,0.32010418176651,0.20618538558483124,0.8968486479777573,0.0166122816225073,626.3620594401165,0.8860234345413341,0.13246546037520546,14.27108900400174,0.00028149908624602475,sehat
0.362204372882843,0.22078588604927063,0.5780105350462443,0.371151328086853,0.20451650023460388,0.22644039306471084,0.1981240212917328,0.17541716992855072,1.3184646797261783,0.009248081424610968,944.080820603279,0.8116151945147368,0.07079453205281398,21.305628847481163,8.626182429656737e-05,sehat
0.555476188659668,0.17812226712703705,0.2254085518962886,0.46388065814971924,0.1948712170124054,0.41597657428194534,0.41111499071121216,0.21643252670764923,0.5212275752305935,0.010899078527282004,740.4869141094881,0.8405656637191115,0.08944719547311353,16.816645985596583,0.00012032456288713874,sehat
0.5176475048065186,0.2729346454143524,-0.2555117131838715,0.5097007155418396,0.25961655378341675,-0.2310979046784195,0.4094559848308563,0.2504607141017914,0.3206081376581203,0.012256321424390551,565.3208176313786,0.9350136910444115,0.1120103848671199,15.092243475581357,0.00015160900853336196,sehat
0.44393202662467957,0.19657211005687714,-0.018218227116589755,0.3603249192237854,0.19064772129058838,0.27431157215195956,0.23921696841716766,0.13456155359745026,0.8936609661419983,0.015462092778388866,324.2767012904175,0.9256499329907921,0.15831075617990695,10.147861213906273,0.00024586337707574576,sehat
0.5868440866470337,0.2554778456687927,-0.36809295589191154,0.5674914717674255,0.282876580953598,-0.26360855435757424,0.5173255205154419,0.33360737562179565,0.009719731282156049,0.017647348509992326,413.0081564021162,0.9583109082339477,0.22577108003724253,10.745385173538311,0.00031534003320573786,sehat
0.46969330310821533,0.2350936084985733,-0.23248401958831122,0.4736955761909485,0.24080798029899597,-0.1733933405059847,0.4654415249824524,0.25081226229667664,0.1081283839171075,0.06133171471868487,779.5987357931164,0.8931341486165753,0.15704990327337034,16.43715596988091,0.003768180048250911,sehat
0.6387776136398315,0.18272031843662262,-0.15538111467542381,0.6759819388389587,0.21075184643268585,-0.4267813121385447,0.5834071636199951,0.3466523289680481,-0.02838465700204952,0.01784780425362992,553.5860678588887,0.9028892023512404,0.16921003544202584,13.453703249843466,0.0003243219496043636,sehat
0.5954114198684692,0.2431003600358963,-1.4969999949529218,0.5443556308746338,0.22946341335773468,-1.3202250722966353,0.4971257150173187,0.21838943660259247,-1.0806463627579779,0.08398056879373322,440.5907600803649,0.9340867842168281,0.21996752180890075,10.072993742403687,0.007063709674832645,sehat
0.8195168972015381,0.24047991633415222,-0.992861801958322,0.730216383934021,0.34014394879341125,-0.6173199071420464,0.6970418691635132,0.37298673391342163,-0.5693960971014924,0.4234737797118704,497.01646495505446,0.9609616837365054,0.5596150280845013,7.602249955843392,0.17936659627405568,sehat
0.6135949492454529,0.23417183756828308,0.5555910842611695,0.4747527837753296,0.32434409856796265,0.5248323834381797,0.30288758873939514,0.3913330137729645,1.0944300685833162,0.10601349927381337,373.5257905314617,0.9676170565294918,0.2539652771222231,10.842600056564308,0.01125387408193171,sehat
0.5593892931938171,0.2352430522441864,-0.17137106797319165,0.4940231144428253,0.24746116995811462,-0.03322827555353143,0.46309894323349,0.22784174978733063,0.012852281632365428,0.014709733931558675,521.8904271350015,0.9298404751165007,0.1503697825883621,12.135142512988999,0.00021902150663385113,sehat
0.7431878447532654,0.27883827686309814,-0.9158734211681525,0.5329452753067017,0.3477904796600342,-0.3173931366681434,0.3828296959400177,0.3192426562309265,0.5647545177683128,0.06537416751914477,758.9997856729487,0.9420514024775555,0.19228453915749052,15.742042837388782,0.004283292465845138,sehat
0.6195418238639832,0.17271381616592407,-0.15027959483414838,0.579410195350647,0.14918933808803558,-0.15908071541051907,0.426555335521698,0.18794205784797668,1.1156663437997154,0.015024865592435183,385.8370594419942,0.8692207462495988,0.12266230228985886,12.189560806465112,0.00022837175251198217,sehat
0.5778509378433228,0.23706093430519104,-0.7105657908342683,0.5024424195289612,0.27412286400794983,0.03113315741100962,0.2755292057991028,0.18594923615455627,0.6960360703688891,0.011549378833827261,520.3140766446804,0.9287846559499443,0.11391875545007306,13.943116945150456,0.00013524747642549778,sehat
0.5611951351165771,0.21813058853149414,-0.3005215907945416,0.47838419675827026,0.20647917687892914,0.11523633793711477,0.41285133361816406,0.19042129814624786,0.08381017940401549,0.010544358224932285,741.196476118908,0.8629591543298095,0.09248713556787119,17.402489782224063,0.00011272561672998674,sehat
0.6204758286476135,0.3208252489566803,-0.13942990469029623,0.6575248837471008,0.3114634156227112,-0.3483798749422482,0.5476158261299133,0.340190052986145,0.2889607567803699,0.2627235980221666,451.6572753352907,0.9642826059865257,0.36362627952505194,11.323270718871905,0.0690643442824807,sehat
0.5362810492515564,0.27664700150489807,-0.0887932927487234,0.5593120455741882,0.27392521500587463,-0.06473780708550393,0.3466225564479828,0.2767721116542816,1.241132977892077,0.0850730940529692,404.6721812158425,0.9558827456238642,0.19430349335338523,11.951421523519338,0.007244954466769118,sehat
0.4399898052215576,0.2426929622888565,0.19366244242035124,0.41159406304359436,0.27398425340652466,0.6127514928335812,0.39139530062675476,0.2820116877555847,0.7175909876660795,0.13043414105277965,721.4185138007246,0.9178407920639691,0.2357657347647297,14.014271973433852,0.01702107821520402,sehat
0.5420649647712708,0.23797079920768738,0.36832019398712823,0.5488566160202026,0.22249597311019897,0.08999663877978674,0.44062525033950806,0.29066887497901917,0.3019043204533944,0.030825318522938138,678.8225783374463,0.8957317760268703,0.2303811398395512,14.29861277003043,0.0009585392476090091,sehat
0.5831563472747803,0.13344155251979828,-0.599158143922812,0.5483462810516357,0.18717201054096222,-0.37186236140254664,0.4592920243740082,0.2905251681804657,0.7171004630350254,0.027942505907568655,282.7538376745837,0.9164524993970288,0.22805174470266976,8.902322072544512,0.0007988165677447389,sehat
0.39142170548439026,0.2855524718761444,0.7925974184079637,0.37282949686050415,0.2844553589820862,0.9135310441989423,0.379717618227005,0.28345000743865967,0.8278281313514774,0.01460035309503606,835.7754562072519,0.9192829146451844,0.1255444262376452,15.953265799515377,0.00021519670492377798,sehat
0.5316988229751587,0.1842225193977356,-0.8202035286021064,0.47561949491500854,0.20085178315639496,-0.23185526100270476,0.30810460448265076,0.2222834974527359,1.6753755412300286,0.012275293201070197,596.7654384370169,0.8648823672779713,0.11062475211652906,15.942813558015521,0.00015207567258373734,sehat
0.4678213596343994,0.18183964490890503,-0.20402826289768916,0.4370049238204956,0.19555553793907166,-0.4925447605607313,0.28813356161117554,0.1393086314201355,-0.14110686199984032,0.011782002989570635,523.9590205346785,0.8768607754176889,0.10265922931542988,15.149913586648113,0.00014068839771556822,sehat
0.5867718458175659,0.2279561311006546,-0.39505892728829484,0.5378406047821045,0.24270863831043243,-0.17227178450948272,0.39542776346206665,0.3122546672821045,0.7095384415102114,0.026522064477092724,557.1667533926117,0.9251807668767258,0.180361926843031,14.278454327940254,0.0007176201555138075,sehat
0.8156826496124268,0.22000324726104736,-0.7465323662593101,0.7170120477676392,0.31403109431266785,-0.33344356951490783,0.7214633226394653,0.3053724467754364,-0.2742447709554979,0.4043944861778206,405.244234936061,0.9611937092752214,0.5354888245013808,7.076772346774515,0.16357240385369162,sehat
0.7043153047561646,0.18170469999313354,-1.1072346872006735,0.6506500244140625,0.24615071713924408,-0.792505479942577,0.5022695064544678,0.27864089608192444,0.44830723485035295,0.05888244025181343,406.855661598052,0.9389315123373244,0.25517863268680807,11.540364236378844,0.0034894537388408583,sehat
0.6249051094055176,0.19090574979782104,-0.5742611090126566,0.5304223895072937,0.26491644978523254,-0.1290678256737705,0.4216441512107849,0.21357382833957672,-0.17051747650854465,0.013587407927259286,439.55671658290606,0.9384824015427936,0.12391783551780572,12.05024283585815,0.00018667148272895825,sehat
0.42507484555244446,0.15892814099788666,0.25654410049152804,0.42916274070739746,0.1728750318288803,0.059222009074593,0.3355903923511505,0.13786473870277405,0.2803257984672927,0.013655467366863424,304.55401266841756,0.9079003155417812,0.11149222100718152,11.163952219540326,0.00018870736188005208,sehat
0.5944117307662964,0.2351008802652359,-0.38888679523854114,0.5251649618148804,0.24620871245861053,-0.3112707157936043,0.35242950916290283,0.23157085478305817,1.1852900347530184,0.019630019663730954,548.4043763080605,0.92233993137207,0.1566988227103343,14.711198452969995,0.00038965259219094834,sehat
0.3783698081970215,0.14413505792617798,0.0687259993938243,0.4344460368156433,0.22646617889404297,-0.26448428914662947,0.2668274939060211,0.14274927973747253,0.5035710945556893,0.01507306065517474,300.30457938795786,0.9291319960718635,0.151633573480127,10.281695355334026,0.00023010984464524,sehat
0.56995689868927,0.2848353087902069,-0.11772939964345608,0.5175220370292664,0.295744389295578,0.16763277793057968,0.4428575336933136,0.2578907907009125,0.09835554303194245,0.012899150233543391,486.69249236186675,0.9541452746849179,0.1347977289360527,12.355993436598675,0.00016920485796415778,sehat
0.6822042465209961,0.19243676960468292,-0.9392767487467315,0.5383841395378113,0.22866250574588776,0.20272806641896252,0.5247721076011658,0.24264933168888092,0.17900936002956672,0.020092155969528912,529.5123164522507,0.9059912115067924,0.15193754484720753,13.864208494035346,0.000406951590454201,sehat
0.4071958661079407,0.3201185464859009,0.1153564653042789,0.3280327022075653,0.1987418681383133,0.7416701644044726,0.13766683638095856,0.18497785925865173,1.3238375436374679,0.41119163341390025,146.1083285886621,0.978463507635094,0.5384712674775083,4.694740143937832,0.1691021698809739,sehat
0.5640608668327332,0.29825082421302795,-0.3134789140285796,0.5500368475914001,0.21187755465507507,-0.04008539959060544,0.3537345826625824,0.21838846802711487,1.2662448889041422,0.0235096823513344,484.94172806505793,0.927593463646442,0.11848091186795702,14.505260121344817,0.0005574667420611968,sehat
0.8174005746841431,0.21758370101451874,-0.8849934983651729,0.760432243347168,0.28340426087379456,-0.7367419892162425,0.7071623206138611,0.34715336561203003,-0.6814837434477714,0.3971183160149409,288.9495396939363,0.969585646909915,0.5022895920282655,7.161119150889378,0.15772433391334553,sehat
0.4590277671813965,0.2632947266101837,0.712587229808535,0.5392671823501587,0.23308749496936798,0.35758333967046235,0.35081779956817627,0.3270147740840912,0.9560201625574155,0.019149915482238017,866.2944070125546,0.8922185397405352,0.14138340146568773,17.13347609171705,0.000370452835681049,sehat
0.6263015866279602,0.2131386399269104,-0.474942447766306,0.47512316703796387,0.23903155326843262,0.27541528579634605,0.3425464928150177,0.2391909956932068,0.958464568866656,0.013514821620307661,820.2315960293231,0.8700426916780876,0.1406630242903806,16.33398119405963,0.00018501900229345817,sehat
0.7391412258148193,0.16992926597595215,0.22372023718592274,0.7421588897705078,0.17353565990924835,-0.3326396380788079,0.5075886249542236,0.2916944622993469,0.49060172821603765,0.05919048874136785,258.97834328289173,0.9362961119995149,0.29094211860276203,8.579847299694583,0.003524013950671645,sehat
0.6886729001998901,0.23936422169208527,-0.3379585235578077,0.6506316065788269,0.2573196291923523,-0.04229656059284198,0.609747588634491,0.282736212015152,0.005248661263946762,0.2115837667479458,459.11419271336007,0.9435661671089567,0.29798297045034244,11.829828019227476,0.04480189060594968,sehat
0.5839627981185913,0.21342431008815765,-0.4397277297440735,0.5476044416427612,0.2111247479915619,-1.1546116613764381,0.3719139099121094,0.17287972569465637,-0.33292601617947887,0.014138354242764483,262.9770957242979,0.9503357018327055,0.13569586500279301,9.785484427596758,0.0002035678888907722,sehat
0.510430634021759,0.21314911544322968,0.23814206884252992,0.4881850779056549,0.16333800554275513,0.4946219454283966,0.4274235665798187,0.15378575026988983,0.9768708167411403,0.012043302375222761,444.8929022641216,0.8831118647242042,0.11151670297391748,13.464208561658163,0.00014677336364547644,sehat
0.6255775094032288,0.22013233602046967,-0.620606786904523,0.5208816528320312,0.16082043945789337,-0.969088741714803,0.2998015880584717,0.18439406156539917,1.1172506953090753,0.014133840055963269,576.6162296890219,0.8419656508689473,0.10683420644731388,15.837113569990256,0.00020191311839422516,sehat
0.5623478889465332,0.17886900901794434,-0.7258774073262657,0.5507045984268188,0.2266390472650528,-0.28323435096325866,0.4013719856739044,0.24901822209358215,1.0760126334734657,0.030844667317417935,326.8150957946097,0.9409743158473879,0.20913390850830646,9.940623850493948,0.0009623267487394177,sehat
0.5422491431236267,0.17701086401939392,0.6190424118235878,0.5817139148712158,0.1426168531179428,0.5363608889661192,0.4116817116737366,0.18788644671440125,0.9552905888686913,0.02027949057892071,218.11508126459577,0.932163440279802,0.14765477252088163,9.03203358772459,0.0004151890957650133,sehat
0.6604606509208679,0.2665153741836548,-0.4550562272853725,0.5385754108428955,0.3509379029273987,-0.04411297940028166,0.46585527062416077,0.3939064145088196,0.28318632189043164,0.040893326758261926,253.71485255935332,0.9817455109193632,0.2990357843079173,7.374817728931645,0.0016964468437708658,sehat
0.41106534004211426,0.18453450500965118,0.5134107706146194,0.5034759640693665,0.20543916523456573,-0.5930217607158831,0.48540690541267395,0.3113020360469818,0.14967452786481245,0.028235836240239117,542.6029280783124,0.8893388990317613,0.2414277438189947,13.84472719624536,0.0008211810258524312,sehat
0.4578617513179779,0.22312216460704803,0.40653222013512597,0.3960016965866089,0.2398959994316101,0.4343699336458767,0.35107409954071045,0.23782485723495483,0.6083576715877463,0.028626017800968226,211.41107921224568,0.9700486918542427,0.26792799320656785,7.7288457366565195,0.0008552022846954718,sehat
0.5001923441886902,0.19261229038238525,0.20088804601106555,0.4035673141479492,0.20409780740737915,0.44355121786506907,0.3294542133808136,0.208226278424263,0.5149403921219045,0.015478046989904466,377.0980925843616,0.9253235448074358,0.16415021613366168,10.583674056249933,0.0002450579797960872,sehat
0.6212352514266968,0.14214429259300232,-0.2835150492219673,0.5681525468826294,0.15726172924041748,-0.26501078489873986,0.46158814430236816,0.260725200176239,0.9454330610937879,0.023932263911741487,253.01996863477765,0.8979828949579733,0.20822690597794538,8.9564815303259,0.0005837702789751513,sehat
0.4506772458553314,0.17243364453315735,0.5076750874167885,0.4700356125831604,0.17933908104896545,-0.6226264927803786,0.2608683407306671,0.3152909278869629,0.9977781333724433,0.05594992086894519,290.4445528698081,0.9169996551389836,0.27591953067520264,10.026111899196078,0.0031478993009065783,sehat
0.6500635743141174,0.23312179744243622,-0.4451033458222854,0.6240135431289673,0.28897038102149963,-0.42727489349865283,0.49467113614082336,0.32193708419799805,0.28870714168022216,0.041771630043413256,506.08833817049936,0.9474680471694192,0.22262141906008123,11.318033340801264,0.0017581077611995499,sehat
0.6486425995826721,0.2677309215068817,-0.5233958543161137,0.5869318246841431,0.3190914988517761,-0.3061557883185946,0.5451515913009644,0.3543885052204132,-0.09697929785713706,0.05719654369987256,307.5355410796555,0.9747565344591816,0.3645594931080513,6.597168609696523,0.0033005902820172294,sehat
0.5267313122749329,0.20511184632778168,0.17234242152981954,0.49857380986213684,0.20808371901512146,0.17528009721969448,0.38968703150749207,0.25848615169525146,0.7198078668014072,0.013759162530865496,555.5745066065673,0.8960226690042746,0.1553986631597847,13.268519615229927,0.00019224375557532508,sehat
0.7231614589691162,0.2956477999687195,-0.5459174784679482,0.6467418074607849,0.3569231629371643,-0.22856215515075154,0.6189835667610168,0.3807142674922943,-0.18716187142052396,0.24534237188608835,331.0854897103997,0.9779344481490964,0.44612733572731766,6.303050732877334,0.06024186779418431,sehat
0.50126051902771,0.19864779710769653,-0.34217771747350245,0.4329141080379486,0.1744546741247177,-0.22837546345020546,0.24802587926387787,0.12953422963619232,1.8918302508825746,0.012557080448518396,658.9283084234834,0.8251717949428733,0.09853437678138376,16.645150743725434,0.00015994370124384406,sehat
0.35031184554100037,0.13206888735294342,-0.28057216855782885,0.3434043228626251,0.1481262892484665,0.32569447885607145,0.29412224888801575,0.22606298327445984,1.2089369388735565,0.06941083240254285,265.5568516220987,0.8972050984346582,0.2726888812201112,9.33928465711022,0.00483454898113623,sehat
0.6106194257736206,0.22620682418346405,-0.06677584369813035,0.4809132218360901,0.25317224860191345,0.7344515057534506,0.456050843000412,0.2619461119174957,0.8856380776682483,0.028235689839171258,212.8588744756602,0.972049707236016,0.2087668221393846,8.041469260086116,0.0008044846214122432,sehat
0.593791127204895,0.22044073045253754,0.002791457994342531,0.5822212100028992,0.24733881652355194,-0.40135447017488324,0.3493953347206116,0.23662027716636658,1.333612680357425,0.03334191495737083,528.9950007780601,0.9231757455656336,0.14693890773514845,14.405121187850446,0.0011203887562939905,sehat
0.6126851439476013,0.22794829308986664,-0.6906787690266022,0.3920638859272003,0.2142035812139511,0.2696859935653538,0.2703297436237335,0.19736085832118988,1.0225855120839222,0.012560817380968111,494.8814254814136,0.9093538552603242,0.13901352995893693,13.3428811028876,0.0001595849241228277,sehat
0.5341672897338867,0.1962762027978897,0.03964671440747475,0.5145202875137329,0.2056073248386383,0.15720952080031414,0.4042966961860657,0.2882632911205292,0.6569575245238956,0.020209776656075474,483.52798829515973,0.9103189498827754,0.19430653606402115,11.057144703050257,0.000417810724832206,sehat
0.604827344417572,0.28069284558296204,-0.47258305425444164,0.580379843711853,0.2303444743156433,-0.49996204646442377,0.3658791184425354,0.21879012882709503,1.2204960197208823,0.02424318757821789,399.4526708564028,0.9431648741390135,0.1339810397757471,12.893814544860726,0.0005927007435277249,sehat
0.4827529788017273,0.18339625000953674,0.6568844970478209,0.48343154788017273,0.20495739579200745,0.00109892568238107,0.3197472393512726,0.1892419457435608,1.3122867109087037,0.01500194788710531,190.62159889569332,0.959893708384167,0.16475925706086011,8.41036084745263,0.00022919999373007907,sehat
0.6434440612792969,0.19404689967632294,-0.7801661340786872,0.5518515110015869,0.20692108571529388,-0.7956134687865245,0.3929290175437927,0.16791804134845734,-0.316911029757623,0.012908553575565656,480.5235089806494,0.9044209355853238,0.10634966411559188,14.609669991462106,0.00016829699638698642,sehat
0.2880995273590088,0.14923664927482605,1.4279269108501542,0.26210880279541016,0.15208372473716736,1.7033947865872525,0.23616395890712738,0.14850644767284393,1.770951360587768,0.03026699485691371,264.1230386699951,0.9084150831638503,0.24387447203387166,7.954756546452031,0.0009304311573634524,sehat
0.4034143090248108,0.14259031414985657,0.41149973729909867,0.39414653182029724,0.14360706508159637,0.625926603056852,0.3790395259857178,0.1423594057559967,0.6221886779668613,0.0197997856309133,258.4333226254089,0.9001177171570279,0.1824237508306068,9.369748637797224,0.000398006069616741,sehat
0.3096221387386322,0.18997874855995178,0.5564236089435962,0.30331331491470337,0.2001551240682602,0.599954981129345,0.30495646595954895,0.2015487104654312,0.5805635281790001,0.016771086509208902,539.5981203904852,0.8918947637949063,0.14588438961469172,14.134370246738742,0.000285606059230414,sehat
0.40262115001678467,0.26149827241897583,0.7441305093755709,0.4078068435192108,0.2607661187648773,0.7545670379429712,0.41168150305747986,0.25304093956947327,0.7600498084228154,0.03456066519523876,587.6164460382564,0.932837918787934,0.1854908479278462,14.242559491832024,0.001197548464733141,sehat
0.5585662722587585,0.1617145538330078,-0.4725950901014616,0.49808362126350403,0.16239547729492188,-0.22988076279887787,0.46242085099220276,0.16924414038658142,-0.13580003125402845,0.01857188367544912,214.46213397401232,0.9366383506313358,0.1932506666918314,8.19548340430528,0.00035061632008339376,sehat
0.460959792137146,0.17811524868011475,-0.1946266541735438,0.4013954997062683,0.17288869619369507,0.01729470665955783,0.36297550797462463,0.1807146519422531,0.2431252397094505,0.017712649106758228,186.96488955999095,0.9526040721893388,0.20759808317246864,7.70732734976454,0.0003180855920323365,sehat
0.3900943696498871,0.15735384821891785,0.06134457510671818,0.33592307567596436,0.15691524744033813,0.3413656467572702,0.2925187051296234,0.15564388036727905,0.4139652372305058,0.019581846471425926,244.57599329650745,0.9205043700781759,0.18797694073339669,9.493676689612425,0.00039210325151944024,sehat
0.6051787734031677,0.19675777852535248,-0.4270981847309986,0.5768272876739502,0.18751174211502075,-0.3515023917336063,0.5540748834609985,0.18951210379600525,-0.22791570876471098,0.014565449053699315,369.8933105179653,0.9189234781456292,0.15869879404089368,11.774929987291928,0.00021654936480734708,sehat
0.6452871561050415,0.2616048753261566,-0.7049452937860947,0.5814623832702637,0.2642431855201721,-0.42836171924209576,0.553242027759552,0.27104243636131287,-0.3124143014548681,0.016938162468260475,219.27171933638252,0.9753943416405514,0.190562782727876,8.579478102299388,0.00029097829667795966,sehat
0.6160199046134949,0.2357185333967209,-0.5240181090368641,0.5554963946342468,0.23601558804512024,-0.2585718564237753,0.5385144352912903,0.24069730937480927,-0.19426532242842295,0.013058432917828275,292.09651585809695,0.959109845909214,0.15340302827171215,10.06059686118719,0.0001728931670176103,sehat
0.34980863332748413,0.24159298837184906,1.1121008109677113,0.3208714425563812,0.23972675204277039,1.3642621416279133,0.2907116413116455,0.2329465001821518,1.5995040437213135,0.01993023460810724,364.40296519043517,0.9503790422370426,0.18824722184331763,10.296752252440482,0.0004032623375432223,sehat
0.34263288974761963,0.21690353751182556,0.8502860224304346,0.3100176155567169,0.22638587653636932,1.2979045966840486,0.2876587510108948,0.23707003891468048,1.6458456396623018,0.019294746111668173,274.17957051353784,0.957310327390548,0.19728358774514979,8.857332926788152,0.0003773957114325442,sehat
0.5473406314849854,0.1884593516588211,-0.5658947872681507,0.4929123520851135,0.21494171023368835,-0.13565848809431166,0.4745303690433502,0.23169617354869843,0.01319339411244183,0.016507014409112383,201.08136013969474,0.9637697889918111,0.18480644771346388,8.285631348457455,0.0002760239987885218,sehat
0.6057893633842468,0.23666469752788544,-0.7207933511591085,0.5533912777900696,0.23986582458019257,-0.26297575722100747,0.5315896272659302,0.25076162815093994,0.038508696749956,0.024675225990958293,182.5225294095353,0.9749245357160126,0.2727826962145579,6.318265696132645,0.000616029068146007,sehat
0.4287338852882385,0.2334764450788498,-0.30029626530497633,0.3834455609321594,0.22824633121490479,-0.039326844237274255,0.3589637875556946,0.22026386857032776,0.08122923230365779,0.012998439926806736,512.4493519001377,0.9237156035553203,0.12814209647295766,13.998966802684615,0.00017135826057923848,sehat
0.43029117584228516,0.21229301393032074,0.012655563041175395,0.3876650631427765,0.21212555468082428,0.2505284339534209,0.3661123514175415,0.20095638930797577,0.37988139316967623,0.013265483314748805,431.19692875706386,0.9244113414467416,0.14504854122392605,12.130378350490068,0.00017870839020136796,sehat
0.341403067111969,0.1774492859840393,0.8228437082792794,0.313551127910614,0.17010699212551117,0.8358008697659659,0.2902131974697113,0.15825225412845612,0.8716364425705525,0.018150321758509915,211.88604007842545,0.9431735368625055,0.1966762676301539,8.655269152255178,0.00033718291707811684,sehat
0.4307525157928467,0.19061030447483063,0.32426003801592296,0.36931702494621277,0.1733209788799286,0.3929662836427736,0.31447187066078186,0.1519012302160263,0.5873093839794069,0.014429558637729678,316.68851477182176,0.9192558607359681,0.15419011972142652,10.848258002015053,0.0002125890044331151,sehat
0.5679369568824768,0.30334389209747314,0.11854424277774302,0.551010012626648,0.3082350492477417,0.14947760651857,0.5360627770423889,0.30342185497283936,0.17527716012571415,0.03729974003847955,554.1001960066882,0.9541840904818785,0.22665775550850975,12.294054505147278,0.001403968771658952,sehat
0.39098289608955383,0.24566595256328583,1.02574499879884,0.3867475688457489,0.24941304326057434,0.9650467058176624,0.3869137763977051,0.2460946887731552,0.9201334827933584,0.016964906024313504,448.1045516716101,0.9433683755386375,0.16489401092694445,12.163940830074687,0.00029195697900909483,sehat
0.47156140208244324,0.2431962639093399,0.15222284902363906,0.4043273329734802,0.2441742718219757,0.309620033288801,0.36098551750183105,0.25470247864723206,0.5101694005777033,0.011561515928969328,492.4845082246502,0.9365557441211482,0.12415507713621397,13.88054617999925,0.00013546928480302634,sehat
0.47527849674224854,0.2466856986284256,0.03539859639518194,0.40320220589637756,0.2537745535373688,0.2993206010769464,0.35775309801101685,0.26175054907798767,0.5092333734834295,0.01738112164789824,515.3299716199449,0.9371728178007229,0.14155930826669869,13.83795332939045,0.0003035369795899664,sehat
0.4524778425693512,0.20333249866962433,0.49529828629331973,0.42546871304512024,0.19372983276844025,0.6525437411332687,0.37315458059310913,0.18497954308986664,0.8342514190019749,0.012367550019298455,677.0015104869811,0.8605474335551304,0.10046497514915133,16.713869102044374,0.00015528387894161582,sehat
0.45032066106796265,0.19451773166656494,0.6114313022416347,0.4258100092411041,0.1907440572977066,0.7863287529919794,0.38006162643432617,0.18677739799022675,0.9473687821633712,0.014235610686594936,579.9364342717191,0.8760825217027928,0.11409100084307584,15.25553074756318,0.00020600931988189652,sehat
0.46676263213157654,0.18941321969032288,0.19980142016933666,0.49155157804489136,0.18454989790916443,0.18491982178959313,0.5096204280853271,0.1771426945924759,0.23381326114753956,0.010594875877764273,751.2806628277135,0.8285083065896123,0.09097537478561829,18.03275392831978,0.00011314217699229733,sehat
0.44664499163627625,0.19051459431648254,0.34715404107773146,0.44694241881370544,0.18600250780582428,0.48171431489197175,0.42405691742897034,0.18363840878009796,0.5226477114096291,0.01196057508463127,583.8027072354248,0.8682371626696473,0.1111139310611302,15.295295329199925,0.00014508834868154038,sehat
0.36227256059646606,0.14388255774974823,0.4886270282748737,0.3742275834083557,0.14772143959999084,0.624417180169946,0.3813599944114685,0.15244919061660767,0.5167237259263053,0.01455310055591287,432.0585434490977,0.8418132079533559,0.12938785461534594,12.968344945157412,0.00021624322157481692,sehat
0.4878840446472168,0.22681578993797302,0.3954139338594309,0.4940956234931946,0.22445142269134521,0.31015695816702255,0.4906398057937622,0.22914651036262512,0.16849381088087637,0.011785033160166233,572.8930369413681,0.9115353514921014,0.1371385637756228,14.743178266796752,0.0001414519700905881,sehat
0.5153766870498657,0.2202627956867218,-0.06967327575351229,0.48386597633361816,0.22456006705760956,0.04846118459755526,0.4521815776824951,0.2248273640871048,0.11689225403005579,0.011407329210952022,540.1946562839768,0.9159993165212362,0.1168031856261264,14.62662679791984,0.0001315213077299133,sehat
0.5072385668754578,0.22115454077720642,0.03461436954624655,0.4892999827861786,0.2278941124677658,0.09820997264204727,0.4666134715080261,0.23463141918182373,0.14168706564941236,0.01083558773077539,430.2985389560442,0.9346114431719128,0.12022527946885671,13.096735248846215,0.00011888747590940679,sehat
0.4264768362045288,0.20556823909282684,0.2967559153635146,0.4071539044380188,0.2170233428478241,0.35795251856902666,0.38474008440971375,0.2100583165884018,0.417208231638109,0.015727487648399343,358.90420802782063,0.9383918281241218,0.1435221581098137,11.42148835379183,0.00025098936075276015,sehat
0.4493587613105774,0.24476951360702515,0.30340905171588267,0.4261488914489746,0.24491803348064423,0.3711529102349231,0.39300277829170227,0.23736731708049774,0.5509619594428085,0.009577542770332017,1249.4667094846338,0.8348766780573084,0.08906252250840928,22.322545647028075,9.259397116538859e-05,sehat
0.6197681427001953,0.2204420417547226,-0.16342754858665956,0.5593344569206238,0.2304120808839798,-0.12947193804741958,0.5148799419403076,0.23814183473587036,-0.06930813666155625,0.011114548938971217,618.712120181534,0.9071313160375033,0.11935226637506512,15.635129712051722,0.0001248194888480573,sehat
0.5902383327484131,0.23781991004943848,-0.1505954202264255,0.5354036092758179,0.2349616289138794,-0.0823683039542733,0.49052512645721436,0.2414490133523941,0.0675245216579611,0.009909392885091526,731.7957273686815,0.898165642499933,0.10140754872408432,17.337596947383414,9.944813743346438e-05,sehat
0.4348238408565521,0.23045478761196136,0.27503673513108395,0.42206189036369324,0.21667541563510895,0.27092475467487953,0.40993791818618774,0.20736511051654816,0.18548178769252016,0.01634759404696844,364.0318990593624,0.940815692454044,0.13296314011929264,12.34603049060491,0.00027414474428796837,sehat
0.5087875127792358,0.2155873328447342,0.6930679719938976,0.47714829444885254,0.22757205367088318,0.6651401399439688,0.4392619729042053,0.23350642621517181,0.5429786918657522,0.016085761891221805,331.42956860210126,0.9486508698723406,0.1580937403300195,11.139513609223599,0.00026213264067450096,sehat
0.5270344018936157,0.24516814947128296,0.3702369326053068,0.48594045639038086,0.2401064932346344,0.4497375629106729,0.43924766778945923,0.2333763837814331,0.49939663635756515,0.012466752231719898,481.90253342614,0.9354517712694584,0.12333407190064327,13.664314546613184,0.00015750872479884626,sehat
0.5498403906822205,0.2577468454837799,0.04597557121247865,0.5292142033576965,0.2605384588241577,0.12472742085448325,0.5039987564086914,0.2592596411705017,0.1645382660673423,0.01253213366211921,446.29032983657567,0.9487553195416379,0.1303879833477427,13.058701421587598,0.00015947261925540988,sehat
0.2681974768638611,0.20344124734401703,1.7313439314881465,0.2611861824989319,0.20047436654567719,1.820277020418916,0.2592467963695526,0.1934387981891632,1.894040841428838,0.020749166440132822,450.07260757918925,0.9120319962461054,0.1949576610285839,10.916065111056312,0.00043485623962879533,sehat
0.28940969705581665,0.15890899300575256,1.2439436137410549,0.2821168899536133,0.15180416405200958,1.4210178563912625,0.27137285470962524,0.14841090142726898,1.5439147447907906,0.019800515730731078,472.63242420372467,0.8430757174891254,0.16072137504774966,12.279288173251794,0.0003968472269211718,sehat
0.5521813631057739,0.18166862428188324,-0.49067961167982194,0.5110095143318176,0.2067374885082245,-0.2865591840477046,0.47074776887893677,0.2121114432811737,-0.11863082258323703,0.01483649314968654,301.8141195390519,0.9407671009374199,0.17032731116064226,10.087129113027018,0.00022446079918144897,sehat
0.6387926936149597,0.1734546720981598,-0.7435822942564402,0.5957567691802979,0.18302233517169952,-0.6144424348462666,0.562901496887207,0.19892843067646027,-0.2635097039777879,0.017916973761271392,245.19677017362153,0.9418724909397929,0.19815098741854995,9.147927218873484,0.0003276122469668892,sehat
0.2535580098628998,0.13493549823760986,0.6562501924601448,0.24300479888916016,0.12800145149230957,0.8254495491184631,0.23318374156951904,0.11764359474182129,1.125836177010132,0.02028349674638809,297.06808712321754,0.8605987689982529,0.18471569610396024,9.63226030568108,0.0004178162809873696,sehat
0.37189245223999023,0.15525172650814056,0.5051478635127652,0.3555468022823334,0.15036392211914062,0.773062938683442,0.3488784730434418,0.1446731686592102,1.0644375355309048,0.014437556947607587,494.0567634264835,0.8310038666559593,0.11964205936003859,13.368832993924185,0.0002113474005317472,sehat
0.3550483286380768,0.19629573822021484,0.6986777334048265,0.35571882128715515,0.19407682120800018,0.7834230776586872,0.3735627233982086,0.18711422383785248,0.7838879819484846,0.012760984061480733,634.5185191571758,0.8683574643773911,0.12443167322440597,14.622302512693876,0.00016465426025507872,sehat
0.34536513686180115,0.17630548775196075,0.6243894572456488,0.33937379717826843,0.17186106741428375,0.7522236272788104,0.3447740375995636,0.16690734028816223,0.775258188541373,0.013353266124808473,572.2943317792458,0.8487131368310808,0.12333472123266935,14.131912221286408,0.00018090996042940217,sehat
0.36185169219970703,0.21992333233356476,1.0387659656866362,0.3634021282196045,0.23765255510807037,1.0627051325362276,0.33902162313461304,0.23174351453781128,1.0060838187776335,0.017456907197780598,586.5069785804823,0.9138052010902177,0.11948594264716195,15.276566356499297,0.00030731475594823206,sehat
0.3803803026676178,0.20786769688129425,0.6499667537468097,0.3690343201160431,0.21021920442581177,0.7866953757723771,0.3465273976325989,0.22190169990062714,0.8167543392707375,0.013280407842802414,776.6339969217751,0.8625890140443367,0.12772532897123354,17.250741718771735,0.00017799008757423472,sehat
0.4414210617542267,0.20101246237754822,-0.03992423095154703,0.3974277377128601,0.19602954387664795,0.07769118009862278,0.36554211378097534,0.19430027902126312,0.15726883299217234,0.015425924523577328,213.0608483968115,0.9575352727838817,0.18598940149641788,8.741638562471286,0.0002428820184400017,sehat
0.40459805727005005,0.20817844569683075,0.20631485038510994,0.34734827280044556,0.19941796362400055,0.3141337258560767,0.2994643747806549,0.19419962167739868,0.49479396973820694,0.014808148182816663,405.04643695334903,0.9229463579177098,0.1614484329580569,12.248767727338853,0.00022216155927916794,sehat
0.3312890827655792,0.24990825355052948,1.4035353176605292,0.3119216859340668,0.2519378960132599,1.6195365911962794,0.28964677453041077,0.24908791482448578,1.7954552584445218,0.022459591511053142,521.7470132717672,0.9351849786781651,0.1927661730500826,11.737152343497343,0.0005110492254062617,sehat
0.28078386187553406,0.2305905520915985,1.5776160273295121,0.2590881884098053,0.24057705700397491,1.7487289441222094,0.23283304274082184,0.24420563876628876,1.9320985523365475,0.025244699526630467,358.46773112963893,0.9504676144979721,0.19658585388698138,9.770052344672068,0.0006457318092305715,sehat
0.3200094401836395,0.2337317168712616,0.973751841408965,0.3058094382286072,0.2456595003604889,1.1621643540712479,0.2953862249851227,0.25604572892189026,1.312375791736824,0.019985985058148817,617.6422888408483,0.9188657427221484,0.18054282676841996,12.275803539962011,0.00040423462230323456,sehat
0.35511937737464905,0.25567686557769775,0.21269309648194115,0.3442745506763458,0.24504008889198303,0.29821935466224453,0.3318766951560974,0.22705915570259094,0.42328141035886496,0.015014218290580361,511.9408398032249,0.9346515746080368,0.14572874008756057,12.893646206057646,0.0002283721826712529,sehat
0.3457064926624298,0.22813574969768524,1.3347834029877128,0.32169219851493835,0.23251493275165558,1.5165224096388288,0.29132595658302307,0.21881568431854248,1.713696383050535,0.024964515931689135,355.5665235230038,0.9475165753415661,0.23356272820029486,9.35518004770917,0.0006298765659625997,sehat
0.2512551248073578,0.16813425719738007,1.3808476227349016,0.22754134237766266,0.16887061297893524,1.7922346185690121,0.20520427823066711,0.16390657424926758,2.3190199038546213,0.030170707645836733,383.81221303028263,0.8932313658148937,0.2550572004158012,8.585304876224232,0.0009185122711724264,sehat
0.3991040885448456,0.20447076857089996,0.6021477346286893,0.4050191044807434,0.20211449265480042,0.5932697172566485,0.39064306020736694,0.20055784285068512,0.5843242370809679,0.01363364912920515,354.06179574274967,0.9328868657863062,0.15477288958260596,11.180510618536617,0.00018958816730251256,sehat
0.23700770735740662,0.1816735416650772,1.8419357171735236,0.24598975479602814,0.1880664825439453,1.8903026663540379,0.24240830540657043,0.1950928270816803,1.906097778456449,0.030639505216522516,364.0932275982281,0.9184512062974363,0.2454365252398191,9.282790784457898,0.0009490121064953859,sehat
0.49329718947410583,0.17081603407859802,0.08242188571663947,0.4690649211406708,0.18634234368801117,0.25927021859229127,0.4316730201244354,0.19372086226940155,0.44694151374686913,0.01456024964432339,374.2214271136488,0.911708656679835,0.16286673909469188,11.478661570576797,0.00021556615355575857,sehat
0.44002217054367065,0.16098126769065857,0.4329921620410451,0.41133639216423035,0.1718851625919342,0.6955820074751953,0.3752596378326416,0.17464004456996918,0.8525583889544094,0.01490316407633053,509.17611729162337,0.8595955205191445,0.15752466821659933,12.762184112627532,0.00022643777039984156,sehat
0.46038591861724854,0.2946633994579315,0.6616065378180909,0.41346079111099243,0.28505340218544006,0.6864707305427703,0.36827778816223145,0.26422062516212463,0.7707860757931496,0.021970951719395032,573.1573294768453,0.9455793700113792,0.15916875773426434,14.11325593147553,0.00048552258591709696,sehat
0.5478276610374451,0.22089090943336487,0.14377186937584627,0.4993308186531067,0.20835363864898682,0.16026908369967724,0.4500448703765869,0.18074849247932434,0.19804075813203123,0.010347218513212629,771.162698481442,0.8626566535563512,0.09893070390993307,18.007224149277835,0.00010770676848751766,sehat
0.5109849572181702,0.250251829624176,0.4983250772983863,0.5029591917991638,0.24906811118125916,0.5670151674184691,0.47087159752845764,0.25313329696655273,0.7017624158950172,0.057125008825295163,561.7500187596028,0.9299646379207154,0.19183128600707644,12.887281991264112,0.003266947359232244,sehat
0.521938681602478,0.1765744686126709,-0.36755989067275435,0.5163415670394897,0.1809626966714859,0.06282540686425984,0.5153665542602539,0.1910146176815033,0.2589128315127819,0.013716846058434049,375.28885654801314,0.9100012916230155,0.12954613384382713,12.231896399518156,0.00018924329468677286,sehat
0.5223959684371948,0.22711282968521118,-0.18688687347366462,0.4764394164085388,0.22272807359695435,0.06718878818270543,0.4246862232685089,0.21515938639640808,0.47844425688838094,0.011955486282855051,962.8122046792611,0.8494584735041526,0.12154394700205344,19.173804308266718,0.0001440536188018021,sehat
0.5709323287010193,0.2749451994895935,-0.8233947682686936,0.5248576998710632,0.2577047049999237,-0.7171417386245204,0.3832145035266876,0.21609558165073395,0.008584162874504177,0.030236865057329334,453.6422807783672,0.9461439925859151,0.1933548701279231,11.46978709464412,0.0009202770310471261,sakit
0.5453239679336548,0.20856589078903198,-0.7869407536920164,0.47052836418151855,0.200969859957695,-0.3695280978901756,0.3738356828689575,0.1942475438117981,0.2690100366374569,0.029293806438086396,433.61682877330105,0.9132703432953327,0.17062500217179855,11.817726033729977,0.000863268176123858,sakit
0.44670870900154114,0.2479974925518036,0.14841449221844935,0.42325180768966675,0.27481716871261597,0.39402959762695217,0.40662622451782227,0.2732616066932678,0.4080392513232012,0.03329754008943966,860.3324998556527,0.9043734597860325,0.1584021475421759,16.005126658487374,0.0011122743387795102,sakit
0.48526525497436523,0.2000509351491928,-0.7059047937397759,0.43179863691329956,0.20088757574558258,-0.39077998365855504,0.4406502842903137,0.23119249939918518,-0.1350875417657852,0.03342760117515762,217.81825006559825,0.958289768720253,0.22456323586524127,7.538083350905367,0.001122984251033065,sakit
0.40942853689193726,0.29190289974212646,0.6363570474195703,0.40061047673225403,0.27274638414382935,0.5776568018173525,0.3863457441329956,0.24648542702198029,0.47646957799971473,0.02886628309451277,544.0471045029778,0.9437111057483952,0.15150349716461245,13.444325750139178,0.0008380948207066643,sakit
0.35537850856781006,0.21551643311977386,0.029904124677026547,0.33645039796829224,0.21773944795131683,0.116119229881889,0.32360804080963135,0.2240545153617859,0.22955360069919253,0.03669153599706509,349.6834406607965,0.9426318987195246,0.22276926622490467,9.458902785475496,0.0013529336272584994,sakit
0.4474892020225525,0.24556393921375275,0.12367143119917728,0.4248409867286682,0.2727473974227905,0.379105173838153,0.4057801365852356,0.27041879296302795,0.39899435623769475,0.03007736082460741,856.8935082308817,0.9029448907985547,0.15642722336146603,16.01077653813704,0.0009080849636062912,sakit
0.1908556967973709,0.1577257364988327,1.3721566938050733,0.17861150205135345,0.15022866427898407,1.4251030976258379,0.17288094758987427,0.1653730720281601,1.57624835419913,0.051300210646555384,287.6787773328735,0.9063011646472958,0.27356239495450424,8.70104567132544,0.0026508575638243023,sakit
0.4573124647140503,0.3157811462879181,0.18932453765577223,0.430431604385376,0.32736968994140625,0.48151460697137677,0.41300150752067566,0.330581933259964,0.6420547590619068,0.03450339535992066,738.5181297505542,0.9452026582019345,0.23306104766444935,13.259821952809887,0.0011973717128506234,sakit
0.40597841143608093,0.3030497133731842,0.4483068664742831,0.34927403926849365,0.2758728265762329,0.5858198957548116,0.28435444831848145,0.22128139436244965,0.8118738347317317,0.028650930239472617,823.9236344939468,0.9167124107410745,0.16144970799892883,16.97243425093415,0.0008259655358049941,sakit
0.41507846117019653,0.277252733707428,-0.012967673466838652,0.360881507396698,0.24001747369766235,-0.019302756043152923,0.33312246203422546,0.2219250351190567,0.021324526810814884,0.030738827456191553,262.7188137551884,0.9663507137983118,0.21900688767709509,8.397039372944212,0.0009500170923053551,sakit
0.5030818581581116,0.37540730834007263,-0.3716924905514535,0.40218648314476013,0.31398704648017883,0.039661417638778486,0.3477904796600342,0.2902556359767914,0.3183461003936658,0.0743045861945041,512.8437165094466,0.9628954175114895,0.29860985502677423,9.887384410607392,0.005533727829969418,sakit
0.547964334487915,0.29570886492729187,-0.35719769656835404,0.5237780809402466,0.28752607107162476,-0.22150088519582328,0.45786598324775696,0.27685195207595825,0.33246535030262725,0.02858854134694903,924.9875742194049,0.9123386111741278,0.14090163357423544,17.501111869159445,0.0008206145166452658,sakit
0.5542196035385132,0.26098108291625977,-0.38905153997496256,0.42602774500846863,0.2176150679588318,-0.008942171689741608,0.2904079556465149,0.17546823620796204,0.581397769683611,0.027835818431450027,631.9195308250074,0.8992636767895905,0.16776911698411037,14.066156271427067,0.0007789552975790737,sakit
0.4078117311000824,0.24602395296096802,0.2813859963806657,0.3903050124645233,0.23854027688503265,0.2971335640205015,0.4089891314506531,0.23706981539726257,0.10673985134883579,0.02915284106300794,571.7395637684543,0.9222196968936621,0.13747264153121055,14.473517450514066,0.0008542847915713717,sakit
0.36651819944381714,0.3046794831752777,0.46910334572124973,0.34282955527305603,0.302265465259552,0.5367619599168796,0.3135913610458374,0.29124829173088074,0.6779570105395792,0.050773919979281594,226.0221041879765,0.9808393468681788,0.35515711569238245,6.654804380383766,0.0025947406938600427,sakit
0.46215322613716125,0.30518755316734314,0.17486356258347108,0.4150192439556122,0.289529949426651,0.4989641631832993,0.3834274113178253,0.2751568555831909,0.7074554157359731,0.03306155429301377,569.1948503176112,0.9474256364834192,0.15122443461005977,13.438530118638505,0.0010971053929542322,sakit
0.36992010474205017,0.3235725164413452,0.9609581989611748,0.3562767207622528,0.310486763715744,1.0671073186004207,0.31283777952194214,0.28267282247543335,1.3863774305076497,0.24065531646920216,352.1146680324969,0.9717284898180828,0.45650389608085035,7.998047421796639,0.05793306552768138,sakit
0.4633590877056122,0.3050134479999542,0.17091625584434922,0.4147012531757355,0.28897279500961304,0.5039105291566084,0.3817431330680847,0.2740781903266907,0.7133375526940974,0.034248897784238695,539.5662523787056,0.949890966571029,0.15027166940444422,13.240753359173867,0.0011766562312741195,sakit
0.40635162591934204,0.27694523334503174,0.3906143857975043,0.3820040822029114,0.27151480317115784,0.4659582888952844,0.36692845821380615,0.23960287868976593,0.37875043062562397,0.033433543428286715,393.5204636116817,0.9576967842801816,0.17737199974127693,10.8505573885757,0.0011227390037025966,sakit
0.3470844626426697,0.24112333357334137,0.3218466130011995,0.34955495595932007,0.24278537929058075,0.3471074823818806,0.3462035655975342,0.2367061972618103,0.40863666116176756,0.03842062983601161,517.3771129953443,0.9310486616906832,0.18148451943110291,12.770489838728862,0.0014809925889193018,sakit
0.5407708287239075,0.33366265892982483,-0.03418990571556167,0.49314987659454346,0.3100108504295349,0.05341651490763994,0.44395777583122253,0.2810412049293518,0.14431715540375584,0.033358844178986935,568.6502266549084,0.954766723977576,0.2158798372044998,11.245303817812141,0.0011185260546734156,sakit
0.2852403223514557,0.2770373821258545,0.671794272894412,0.2628605365753174,0.27693843841552734,0.7203566314516778,0.2895473837852478,0.24326997995376587,0.6507144628890534,0.046503780048245576,1080.3553157560916,0.8878104929503281,0.25366854621238166,17.679166957101298,0.002178384662380074,sakit
0.3015702962875366,0.20092669129371643,0.5873856441976545,0.29602909088134766,0.19384129345417023,0.3159703774090589,0.3072625994682312,0.20504215359687805,0.21954866906068826,0.045282752718034606,193.89045396264032,0.96062093942496,0.3207092905053648,6.625995411809417,0.002061346671888169,sakit
0.42798733711242676,0.230327308177948,-0.027697374202763372,0.3793463110923767,0.22760605812072754,0.2858309016359913,0.35778796672821045,0.23415257036685944,0.5113573540364877,0.03273512406108555,319.0866340497985,0.9521723841499395,0.20113662690233147,10.468443775962907,0.0010779544396939229,sakit
0.5077811479568481,0.4102402627468109,-0.012098310017244538,0.5099970102310181,0.4077359139919281,-0.008813815464640495,0.4691655933856964,0.3893077075481415,0.020626486877497026,0.07509835591703906,680.1092172149007,0.9682043891739299,0.3612260850270965,10.682001288757716,0.005659684179694416,sakit
0.4522049129009247,0.31329333782196045,0.19947791457676992,0.4257221519947052,0.3250501751899719,0.49325640581771896,0.4096890091896057,0.32845014333724976,0.6534030350752629,0.03566613863328123,729.3461288164035,0.9450342832457506,0.23121140780511598,13.281066741848472,0.0012781893477274518,sakit
0.3818058967590332,0.3758261203765869,0.3850785750452942,0.3546186685562134,0.3580758571624756,0.5693665980583625,0.3164893090724945,0.32103636860847473,0.8141600233714388,0.07480555579858321,510.43000290906366,0.9683514075750401,0.33194604132455924,9.317804581332664,0.005622552053004604,sakit
0.39770862460136414,0.26218336820602417,0.4249062695641309,0.36490628123283386,0.2548813223838806,0.48570399143489507,0.3415937125682831,0.2574070692062378,0.7021438421216633,0.03047204439453112,644.5033698202359,0.9218455257016408,0.15246732472401112,14.411783354487701,0.0009324160185636537,sakit
0.38150754570961,0.34495553374290466,0.6093970246895424,0.3302847445011139,0.30598998069763184,0.6695241462925817,0.24953508377075195,0.27909350395202637,0.9050756318181415,0.03472645206500566,432.24689809010914,0.9658327156492327,0.1648706868499541,12.30355051639266,0.0012115511663917842,sakit
0.45476365089416504,0.2439165711402893,-0.08484956728795191,0.4430448114871979,0.24805013835430145,0.01265682423535114,0.4330011308193207,0.2566065490245819,0.09522858448462693,0.032899347819327115,281.6441942566867,0.9640163105151797,0.20703840357873912,8.717787159375044,0.0010873239462851861,sakit
0.4603474736213684,0.28833863139152527,0.1982848504339059,0.4221687614917755,0.2807829678058624,0.30909066557983766,0.38932541012763977,0.28406235575675964,0.44789979990297546,0.03872373431553438,257.04693423086957,0.97511016943184,0.252153715587324,8.289217088947993,0.0015062592167797253,sakit
0.19513705372810364,0.21715286374092102,1.8294370977261931,0.2196355164051056,0.2298985719680786,1.667522860994073,0.2461414486169815,0.2082405537366867,1.1745277716160991,0.0423043349621926,353.7023575173517,0.9446107673373522,0.2515914325359894,8.510914508838596,0.0018036828569821127,sakit
0.3303167521953583,0.3354860544204712,0.7088997354628085,0.2960675060749054,0.28568828105926514,1.0348799274044103,0.28443485498428345,0.2819541394710541,1.201919543970797,0.06822088680078096,558.2043940781663,0.9513467679521016,0.28691207227921495,10.17729450158469,0.004669835049848277,sakit
0.41160035133361816,0.275441437959671,0.011901364326284955,0.3600229322910309,0.2400406301021576,-0.004582054219577194,0.3330954313278198,0.22294165194034576,0.024557288233347695,0.030982819298114875,267.5549675558263,0.9655733482416897,0.21938004283376808,8.451192591037463,0.0009653944217146243,sakit
0.5553544163703918,0.26091331243515015,-0.4033977333407238,0.4287993013858795,0.2189830094575882,-0.0030850571875029875,0.29242151975631714,0.17761318385601044,0.6141451001256489,0.028564198453553267,673.0038781660368,0.8936083501258275,0.16802379289477956,14.463589785870314,0.0008203170528420441,sakit
0.4407995939254761,0.32346367835998535,0.19665993976818386,0.4231618344783783,0.3170457184314728,0.30800470087332166,0.4099433422088623,0.30920326709747314,0.3827490834306542,0.04375098240223584,590.5285421656916,0.9546116351722707,0.2001498197272513,12.278067805607698,0.00192137976649251,sakit
0.3711265027523041,0.3081519901752472,0.4504437571680495,0.347774475812912,0.3063993453979492,0.5135972552848346,0.31890061497688293,0.29567497968673706,0.6472752354787624,0.04888417348247041,297.234113076677,0.9755087403445497,0.35193731853973026,7.151124294745933,0.0024067093543908413,sakit
0.32803788781166077,0.26714468002319336,1.1221397470070253,0.30704954266548157,0.2569821774959564,1.2715682611417831,0.23906567692756653,0.22528651356697083,1.5439553654070974,0.03679624346777597,422.2769854293502,0.9503392308388995,0.1953505296537793,11.246427016902663,0.0013598673024991688,sakit
0.42264309525489807,0.2704559862613678,0.06625857258024222,0.38990268111228943,0.2633190155029297,0.13623988261903844,0.39224064350128174,0.2599330544471741,0.11342826997362111,0.036958817759477,248.51903014417277,0.9725413990814248,0.2224181609270636,8.197538694841038,0.001373589951501267,sakit
0.42233169078826904,0.2583809196949005,-0.003588031736800612,0.4416680932044983,0.27516621351242065,0.024727560724930486,0.4057081639766693,0.24508467316627502,-0.050174198462663216,0.03285484153259072,815.2042252754869,0.9100938225006097,0.14137978144315103,16.969171147825154,0.0010832068304158706,sakit
0.5282599329948425,0.3331722319126129,0.026433831801636422,0.48225080966949463,0.30934950709342957,0.10842264151887479,0.4351142644882202,0.2792240381240845,0.18866140583775384,0.03715324107639836,496.96696816589474,0.9602670014815281,0.2198242263849379,10.912510943261639,0.0013866035274354655,sakit
0.37931087613105774,0.34530916810035706,0.6176716680910641,0.32636159658432007,0.30665332078933716,0.6855927127882286,0.24619340896606445,0.27921321988105774,0.9313007196501782,0.03533692305322384,412.60938885467135,0.967485277368909,0.1703995733157484,11.987551351744896,0.0012557164148847297,sakit
0.5456563234329224,0.3073810040950775,-0.08279100544517463,0.5275158286094666,0.307816743850708,0.010023456118533246,0.5152490139007568,0.30022695660591125,0.06203849974102531,0.04153027564083373,708.3948550140276,0.9413136840666239,0.20383217608059298,14.376528049186424,0.001730909690781918,sakit
0.3588019609451294,0.21281497180461884,-0.028832319991457248,0.339773952960968,0.2149268388748169,0.054698686435876206,0.3269369900226593,0.22120989859104156,0.18099432213896818,0.036372661472755564,339.2525979608299,0.9427446830320281,0.2227786354219294,9.41610032636528,0.0013288955052118193,sakit
0.43359339237213135,0.27882346510887146,-0.021335136990557595,0.3950299918651581,0.2547001540660858,0.12253683339689514,0.36747878789901733,0.22465942800045013,0.15772960533390368,0.032853006087463194,493.00502164083014,0.9424752179811938,0.19528312511163096,11.878295175640327,0.001084944837031707,sakit
0.2816894054412842,0.31261107325553894,0.4554055538611483,0.23557506501674652,0.26963743567466736,0.6064593302441641,0.17649932205677032,0.21618607640266418,0.9787273793270214,0.4326318135013641,381.1065249339181,0.9612234459734014,0.5315101467959691,7.624923371935442,0.18719237617386578,sakit
0.134530171751976,0.2441137731075287,1.6666861927181726,0.1408139169216156,0.25622379779815674,1.6748015542877426,0.12907810509204865,0.23337312042713165,1.6447026861771188,0.6276458643550038,488.53437633862,0.940048473832345,0.6779290847241355,8.075694454635082,0.39395503231954215,sakit
0.15646134316921234,0.2909122407436371,1.6086140145603944,0.1491423398256302,0.2785516083240509,1.6531713442965912,0.13013887405395508,0.25014567375183105,1.9209715671231613,0.6623462064404039,497.51949853152183,0.9509220049379086,0.711798151337775,7.1858606909069636,0.4387156282362133,sakit
0.15389740467071533,0.2578262388706207,1.8440101891906757,0.15157878398895264,0.25630661845207214,1.8727256949680298,0.14771537482738495,0.24609024822711945,1.8148484197149237,0.532815371951951,397.40336313536505,0.9528472419385462,0.617488275114601,7.00453010972275,0.2839073952738375,sakit
0.06057913228869438,0.15493357181549072,3.536026011962549,0.0690225139260292,0.16700026392936707,3.286037307186183,0.07530487328767776,0.1638057380914688,2.7020606063908863,0.6632887548906959,340.93823979037444,0.9014122044469031,0.7268758736317205,4.931619341922086,0.43996293551442145,sakit
0.2252269685268402,0.3202638626098633,1.1562462403289084,0.20919255912303925,0.3029232919216156,1.2995742014392984,0.1961069256067276,0.2888057827949524,1.4141144932796195,0.4920891913860701,441.19430032584955,0.963714984937047,0.5597643707002607,8.267534087102671,0.24216597116744787,sakit
0.1080973893404007,0.23315855860710144,2.414154258929545,0.08255310356616974,0.19341439008712769,2.8999973137434587,0.0853181704878807,0.20161165297031403,2.864680503334404,0.6651808086722969,405.542903023272,0.9267649724348163,0.7362493026570528,5.278493070984924,0.442481051927519,sakit
0.14945241808891296,0.2840244770050049,1.825182943070866,0.1429808884859085,0.2818194627761841,2.021931652298166,0.13834862411022186,0.2793041169643402,2.1349707290207696,0.6245307079571627,571.4824914946674,0.9449217192144882,0.6983835053480963,7.219846125264559,0.39005208223726967,sakit
0.3274485766887665,0.21166689693927765,0.5435339015844564,0.31351935863494873,0.20795662701129913,0.6979726125347135,0.30119800567626953,0.210627481341362,0.7562062295944587,0.04279975824434684,277.12418380140974,0.9507569026740881,0.1914168653614409,9.366108684485221,0.0018394387487445634,sakit
0.1792362779378891,0.22468511760234833,1.1080194761681808,0.16551519930362701,0.21426966786384583,1.2963714627659066,0.161251962184906,0.2123626470565796,1.3496758760040024,0.4193890726871436,221.53533545815296,0.9636313540294319,0.5141931888306944,6.466054931639495,0.1759074292691405,sakit
0.13022294640541077,0.24691861867904663,1.6923257768982856,0.12832432985305786,0.24461182951927185,1.715245813600597,0.12464690208435059,0.24157418310642242,1.7860694162233683,0.6824845200966184,305.21812212310414,0.9611121710679872,0.7324167185586137,4.734619241326915,0.4657956137730593,sakit
0.15955877304077148,0.291095107793808,1.7148247545827642,0.1537133902311325,0.2822687327861786,1.7816003083637821,0.14882393181324005,0.2752636671066284,1.8348411671124583,0.6007206056151627,558.8195588727599,0.9469991497890377,0.6582695969936171,7.585564852221769,0.36087837835116315,sakit
0.43661975860595703,0.2324596643447876,-0.009407347073328808,0.35853898525238037,0.21542519330978394,0.5156199277149283,0.3008708357810974,0.20984438061714172,0.7706780796713536,0.03201249562169442,531.673396380141,0.912944799197655,0.19241526822545788,11.214904904667565,0.0010299284922146502,sakit
0.3246683180332184,0.3344191312789917,0.7441203177815414,0.2932818531990051,0.28605619072914124,1.0569095338921186,0.2827989459037781,0.2821623980998993,1.2120905052251612,0.07114181601452294,539.9125275122097,0.9529904161835874,0.2899071071183711,10.02719694493348,0.005076083893791515,sakit
0.5033450126647949,0.37668144702911377,-0.3731674824732466,0.4036843180656433,0.31482401490211487,0.024314225243391753,0.3490040898323059,0.29104727506637573,0.301510746358404,0.07852098685857258,528.5312354569245,0.9619804252881644,0.3029078728208718,9.906318699360407,0.006177583763794106,sakit
0.43559709191322327,0.20740768313407898,-0.2646990753005681,0.4250109791755676,0.22171933948993683,0.21422324900576303,0.3768109083175659,0.21705083549022675,0.3584042455241197,0.028585763861526763,769.2528579950828,0.866936977807963,0.13202113444606065,16.85409649033285,0.0008202933390771137,sakit
0.37123239040374756,0.275261789560318,0.26928368855048496,0.35089585185050964,0.2634819447994232,0.33030370022038463,0.30906131863594055,0.2425295114517212,0.40821985410144473,0.03146461616350696,1111.6904803457471,0.8768102916987983,0.139159710100475,18.444078131416592,0.000994405013411708,sakit
0.5615701079368591,0.2737836241722107,-0.7170765859100511,0.3988032341003418,0.21492056548595428,-0.18649370667506762,0.36369550228118896,0.20441493391990662,0.16123450169405049,0.03084759169673044,185.38180154473102,0.972276898189231,0.21714393246754973,8.411508941095141,0.0009608034539479881,sakit
0.49988657236099243,0.22140365839004517,0.24206983748647473,0.49365100264549255,0.2250228375196457,0.2996955270492792,0.4684843420982361,0.21214579045772552,0.31806206912364765,0.01863111554218885,223.99480700249595,0.9651102252309407,0.17218438394444516,9.144611265881085,0.00035120519261992185,sakit
0.48815417289733887,0.2619197964668274,0.13626259538972088,0.4776666760444641,0.3078888952732086,0.11962384003658368,0.48496460914611816,0.35602235794067383,0.12080023011335866,0.020025606990406532,439.91953480177114,0.9616277066590714,0.21560993263052777,11.143189140879592,0.0004053108766244543,sakit
0.3428490161895752,0.39863577485084534,0.540907924549745,0.31465086340904236,0.3693501353263855,0.6972417257085248,0.26595646142959595,0.3282535970211029,0.8836117988115599,0.23822919372498286,236.61071172066178,0.9868749245722236,0.4560287505009284,6.094561971703011,0.05677633017458169,sakit
0.3533543646335602,0.41354092955589294,0.5756607375391607,0.3265446424484253,0.3744986355304718,0.7489058367825898,0.26769399642944336,0.32494843006134033,0.9847241713584296,0.0954155176921312,232.9491545550633,0.9875068555145798,0.4252272821958245,6.112624451433862,0.009142202666453379,sakit
0.48654383420944214,0.27711477875709534,-0.13748893217318267,0.4837300181388855,0.29616665840148926,-0.019294947385320674,0.4689125716686249,0.3086375892162323,0.09620009826564567,0.021207269690037504,98.8750276879676,0.9909753125378123,0.2665599402049679,5.701575766261523,0.00046199326915329357,sakit
0.5098507404327393,0.2233264148235321,0.49001624674605254,0.48381781578063965,0.2225472629070282,0.6450708479824291,0.4279140532016754,0.2393612265586853,0.73749912952655,0.021300016418959775,272.4291970456902,0.9572648207844412,0.17693890527328696,9.200813541955068,0.0004598486975420269,sakit
0.25192710757255554,0.2826419174671173,0.7505189598150711,0.7273908853530884,0.28496477007865906,-0.49901760360327874,0.4778614044189453,0.1582331657409668,-0.5810310470244092,0.183074903905865,196.89557322618154,0.9422306878332738,0.421051319707007,7.624273826928579,0.03356670801593796,sakit
0.34459221363067627,0.2359122782945633,1.3454443282032038,0.3504743278026581,0.21507105231285095,1.2993787752912014,0.27911192178726196,0.1751386970281601,2.1172748870717997,0.014122671791956512,476.86524035348293,0.919189362110496,0.12573161645794756,14.022104742615008,0.00020101050270748428,sakit
0.3447344899177551,0.2025514543056488,0.6143082675858088,0.3256584405899048,0.17980578541755676,0.5527043502703883,0.2434157133102417,0.1352136880159378,1.3197359043447103,0.021419944422626777,471.36448200494334,0.8827495821301223,0.12326843956407614,14.858866835727243,0.00046188697899157656,sakit
0.24021266400814056,0.35502514243125916,1.0612097603332786,0.2106751799583435,0.3178180158138275,1.2831320738300216,0.16643892228603363,0.2716476619243622,1.5671819283894797,0.3711325753284966,173.39134580667908,0.9871281132013818,0.5382814274782376,5.063651562973081,0.1377878246729552,sakit
0.3846356272697449,0.41155102849006653,0.5044137004703233,0.358648419380188,0.37376078963279724,0.6886326732057437,0.3001768887042999,0.32708674669265747,0.9131338382832104,0.08008446887326166,264.24812730969523,0.9857644994130426,0.40697056294061823,6.451248636610688,0.006445202708050118,sakit
0.33628660440444946,0.22175508737564087,0.476355129807129,0.3064979910850525,0.21695813536643982,0.6060076129430304,0.25042301416397095,0.224443718791008,0.8326658444103948,0.06509049789535062,282.6981907531354,0.9533502344822794,0.2153439299259442,9.146511364585074,0.004246390330442429,sakit
0.4646412134170532,0.2823561728000641,0.11111151226887155,0.4596632719039917,0.3006060719490051,0.055443239185028664,0.4650265574455261,0.318425714969635,0.08532535154129135,0.01977221558753642,341.41798771936527,0.9699225200148273,0.21062807179361645,9.808364933418654,0.0003945603861364964,sakit
0.2861393392086029,0.22401052713394165,1.2481700420111843,0.24155855178833008,0.2314070761203766,1.540055707125752,0.21809908747673035,0.24143268167972565,1.587168751445242,0.024128617393258556,214.49688059180667,0.968493934423884,0.22140082667094999,7.588436820657161,0.0005903810882880901,sakit
0.5694848299026489,0.26254841685295105,0.15305035758110624,0.4655187726020813,0.30704113841056824,0.3562489606003848,0.39966368675231934,0.3424672782421112,0.45649517325068617,0.01460126657376433,337.0003695194282,0.9702113916719073,0.15644148000882094,10.696684779580076,0.0002155801885138751,sakit
0.422165185213089,0.29585233330726624,0.7722868818121398,0.49524855613708496,0.2548847496509552,0.47774817232587896,0.48769232630729675,0.25018200278282166,0.5488022651741651,0.03826753036534893,462.6481136551051,0.9463167434274999,0.17388136412031607,12.450705183745546,0.001467721985767791,sakit
0.584509015083313,0.27921628952026367,0.09521877673037334,0.5933408141136169,0.27423718571662903,0.031153638714129926,0.5971435308456421,0.26381269097328186,-0.1573717949562448,0.03270808099709315,537.4238298144953,0.943535294928945,0.1717680398011372,12.855592710958197,0.001075461581056193,sakit
0.4884558618068695,0.25693443417549133,0.24249908334580897,0.4610982835292816,0.2823933959007263,0.33278837624622765,0.44846004247665405,0.3124995231628418,0.42157920034129515,0.014092469192190357,525.3359970349808,0.9461389194065969,0.14864664106146316,13.336756665336702,0.00020078446076828222,sakit
0.4176703095436096,0.2575877904891968,0.649489950760465,0.4219421446323395,0.2733238935470581,0.5428278255394858,0.430370032787323,0.29397377371788025,0.49966103245164856,0.01761165206303053,595.5898955041159,0.9359366646103952,0.1344051435643893,14.597158159626348,0.000312710847359337,sakit
0.4905046224594116,0.258975088596344,0.023329326644723584,0.4412965178489685,0.2537917196750641,0.03365422394277284,0.42193418741226196,0.24343031644821167,0.0202334577977221,0.015430838205244657,179.13680715012083,0.9782526114925855,0.189115060703438,7.862392199390794,0.00024225195848166485,sakit
0.420736163854599,0.2850351333618164,0.3552988922818205,0.4043733477592468,0.2834295630455017,0.4556406594712804,0.38711196184158325,0.2770668566226959,0.5382854634860713,0.013192633891208186,534.2677005266908,0.9479159939185976,0.13491654564648686,13.763376649876399,0.00017608287581380585,sakit
0.46652939915657043,0.27913564443588257,-0.0022931794540544696,0.35506105422973633,0.2579251825809479,0.8426872360715958,0.2744201719760895,0.2798440158367157,1.5905699089000662,0.01790807297138325,267.4676596352801,0.9694179109095441,0.19589680133485818,9.287279951119613,0.0003239980235678738,sakit
0.5852388143539429,0.2593905031681061,-0.45339331724806164,0.5492094159126282,0.2663823962211609,-0.2229898347968414,0.5425538420677185,0.26090091466903687,-0.17776198062352613,0.029747184206021557,286.13336872444796,0.9678613129553869,0.20946318264714595,9.035960203327518,0.0008883907673971574,sakit
0.5147641897201538,0.2563696503639221,0.13067192994834026,0.3980165421962738,0.26850032806396484,0.9774891660971232,0.30994516611099243,0.3056557774543762,1.3741896125247663,0.02965086424620222,276.9451219543892,0.9690785071700451,0.2091260895126982,10.193315008934976,0.0008872006943624989,sakit
0.442301869392395,0.24342091381549835,-0.08796837249377525,0.40526723861694336,0.2511402666568756,0.08247855227569148,0.3870546817779541,0.26291611790657043,0.2266890698256677,0.01887281756482218,257.3869759955837,0.9681802064391993,0.1918477807707172,9.683777475498644,0.00036233651864043176,sakit
0.5954020023345947,0.24789480865001678,-0.03396085180931389,0.5486858487129211,0.2525840699672699,0.13953675010828484,0.5342351794242859,0.247554212808609,0.18434595610694743,0.04584611860586849,338.1637778116265,0.9580017775159179,0.18819729629036108,10.812169940147804,0.002104870197844139,sakit
0.7639385461807251,0.21273942291736603,-1.3674923835904036,0.5961393713951111,0.23264490067958832,-0.4568956413861276,0.40833553671836853,0.2380555123090744,0.2752260774444162,0.017344088571311204,189.55274614240707,0.9704987835387442,0.2222296567461375,7.474021879344068,0.00031028901092083823,sakit
0.5181825757026672,0.252926230430603,-0.9208892240492558,0.5125194787979126,0.25307607650756836,-0.7765977483499418,0.5017504096031189,0.27140480279922485,-0.5797788529708744,0.02808922060938267,272.16034382375375,0.9672090100923869,0.1930208010683323,9.687050596190485,0.0007949979171993981,sakit
0.37772050499916077,0.20181602239608765,0.4356774930321013,0.3544190227985382,0.20178471505641937,0.4615612808706081,0.37537598609924316,0.21968495845794678,0.4614387765260661,0.01500672733247666,229.14949453526808,0.9569030240019972,0.17568751868170543,9.14543257664579,0.0002295886036220189,sakit
0.31691229343414307,0.25175511837005615,0.4376278321204958,0.2934388518333435,0.24149514734745026,0.5830568033307519,0.3352714776992798,0.278489351272583,0.5303023220059989,0.10763919778603646,416.6244730131886,0.947629739185528,0.25153826190710676,11.456010717703057,0.011595740113327065,sakit
0.4331411123275757,0.29477226734161377,0.2912785170822206,0.3781704306602478,0.28424715995788574,0.6537122532821917,0.36208248138427734,0.28062787652015686,0.7377730815807203,0.032973767717937114,438.7937310704924,0.9585789990820314,0.23059776104771149,10.987614287564812,0.001094605171680413,sakit
0.5369569659233093,0.246864452958107,0.17834204033645604,0.4972107410430908,0.26327720284461975,0.33421418378364903,0.4857984185218811,0.2668498456478119,0.44098147454143793,0.015144225596067705,352.46522960062657,0.958935451913519,0.16332693188323286,10.623181283824996,0.00023227727847129856,sakit
0.6260238885879517,0.23562853038311005,0.24240668444472763,0.5258845090866089,0.2692647874355316,0.5522164044550916,0.47788548469543457,0.2780076265335083,0.8020038768349376,0.05467171863128395,259.69508774104645,0.9699234504815716,0.20948276022424386,8.80972972592625,0.0029958303261833972,sakit
0.3322603106498718,0.3144048750400543,0.775609468968691,0.27254873514175415,0.2759467661380768,1.151023381618448,0.2277553379535675,0.2684401273727417,1.5696837481755246,0.08737717870316436,611.156995259621,0.9400286666618939,0.25156195257938035,13.302952090865967,0.007658752464311136,sakit
0.39173489809036255,0.2021600604057312,0.5456790677587642,0.3735705316066742,0.19754397869110107,0.7758098163543102,0.3562279939651489,0.20289970934391022,0.8066287758740833,0.01659477472311306,301.1424672448078,0.940488827754688,0.15998842628429003,9.840606114961203,0.0002789843177621472,sakit
0.4754236042499542,0.2333824634552002,-0.17427075324740926,0.45238229632377625,0.24592454731464386,-0.06354651584419586,0.45934489369392395,0.2620191276073456,-0.09463098882149877,0.018398345073361726,304.77944062605087,0.9600808620777496,0.23136135823546364,8.889072319022722,0.0003438079363470097,sakit
0.43023616075515747,0.22130675613880157,0.8304029768143039,0.3842725455760956,0.21874384582042694,0.8812111636373884,0.32211926579475403,0.22934536635875702,0.9645188629280022,0.012129214118105346,1164.9747321337725,0.804624168775423,0.09666824652986528,22.078246587583426,0.0001480430583353671,sakit
0.5516987442970276,0.22109872102737427,-0.7062575874286976,0.5595991611480713,0.21267110109329224,-0.9655765404715181,0.5715404748916626,0.21630023419857025,-1.035367339800305,0.03189181450449426,304.9393652153797,0.9475445479812737,0.25311634689797363,8.316414578641082,0.0010316690126153311,sakit
0.4471239447593689,0.2907027006149292,0.3601076333738997,0.40125662088394165,0.2849043309688568,0.5854282075377724,0.36413589119911194,0.27749887108802795,0.7965588426503364,0.016988690939773992,322.2459173581204,0.969181311319284,0.18261629910596003,10.084034260735274,0.00029154590002416353,sakit
0.7726479768753052,0.2502487301826477,-0.7195640949381449,0.7530438303947449,0.26971346139907837,-0.713447974768426,0.7482834458351135,0.2795068323612213,-0.7661167279192468,0.14079916452422903,463.4263322217023,0.948597333671969,0.2819837329412286,10.887370862033917,0.019838702297556424,sakit
0.566338062286377,0.20711173117160797,0.07454210844039907,0.48602724075317383,0.23156261444091797,0.44557902881224676,0.41919052600860596,0.2382238209247589,0.4512733715043986,0.018521683166913088,398.03480083372716,0.9365985399339434,0.21064857425705133,10.032924551330295,0.00034675119963356913,sakit
0.7479907274246216,0.2218368798494339,-0.4382152043542063,0.7060043215751648,0.22538447380065918,-0.34018192802622127,0.6827307939529419,0.2310849279165268,-0.21172023855183617,0.12277449891199455,490.3723918762332,0.9224519455892682,0.2339860429862366,12.847394630166306,0.015081121911116026,sakit
0.6280586123466492,0.234146386384964,-0.2992155110315256,0.572317361831665,0.2352183759212494,-0.2583425826683506,0.5360931158065796,0.2346811592578888,-0.20970587690353593,0.015609388974514271,688.7604193955755,0.9014320114197663,0.17534974373399545,14.481392675114868,0.00024809112839072864,sakit
0.5290453433990479,0.2715506851673126,-0.00978435632691998,0.4415665864944458,0.24642443656921387,0.33163455345166304,0.37146082520484924,0.21785499155521393,0.6098270956460444,0.018465860963389914,134.5385762581038,0.9829930225358071,0.23745965520611248,6.533641749098611,0.00034742200617530024,sakit
0.4705348312854767,0.22106745839118958,0.306656116276502,0.41760191321372986,0.23087887465953827,0.3345240408010201,0.3697107136249542,0.24573443830013275,0.5110740430978191,0.013471437749614193,315.7029979912489,0.9524028344475415,0.15545610874214472,10.265515986091389,0.0001834915566153851,sakit
0.6167847514152527,0.2609628736972809,-0.5841386113199789,0.5595297813415527,0.25443190336227417,-0.400138258550168,0.5264990329742432,0.2442564219236374,-0.32531109915382506,0.01409445439439444,446.50740416838613,0.9458376722869876,0.1446571466665768,12.95736972326086,0.00020042753350070974,sakit
0.5140156149864197,0.26428502798080444,-0.17167620241601964,0.46938949823379517,0.2507312595844269,-0.04714900955209558,0.4428819715976715,0.23555345833301544,0.03282554483510482,0.013202478265681555,418.1593070148315,0.9480573133317072,0.1358874499811486,12.792280459368298,0.00017566261362815975,sakit
0.6371646523475647,0.24610750377178192,0.27602962712728185,0.5783699154853821,0.2802582383155823,0.3846198588110777,0.527988612651825,0.31912922859191895,0.3673655851587673,0.11846930486373623,653.2187973546785,0.9316828003814336,0.219799913800355,14.747430786050423,0.01404110531998387,sakit
0.44688278436660767,0.24248237907886505,0.5247640202410272,0.41143277287483215,0.2723689377307892,0.59511127508439,0.37891319394111633,0.2991909980773926,0.7640312235629115,0.011713780069526955,808.6997843275926,0.9102318210614633,0.11031380586785987,17.174469019627516,0.0001385053380248401,sakit
0.442876935005188,0.19829946756362915,0.8320763075163495,0.4124775826931,0.2406747192144394,0.6525046207678171,0.39218682050704956,0.28202950954437256,0.7759279686290866,0.013487790277031479,641.9493825714721,0.9023378470969372,0.126969780616534,14.818979962970133,0.00018329432654974956,sakit
0.5769040584564209,0.26652559638023376,0.27954263936364965,0.5189406275749207,0.3036006689071655,0.3096239441743693,0.46634212136268616,0.330730140209198,0.4456941521815431,0.056627896146426056,716.0780787871241,0.9355098030151031,0.17007324590001097,15.661154033159534,0.0032103216826397363,sakit
0.4214235544204712,0.2553767263889313,0.10559933549957522,0.4489348828792572,0.25623995065689087,-0.1695153122008042,0.47907277941703796,0.262020081281662,-0.3668375864981888,0.016626462055117263,257.88063890448734,0.9693295821988283,0.22349447166198247,7.7928208029123445,0.00028298952189251926,sakit
0.6605026721954346,0.23936323821544647,-0.9431188388906895,0.6025056838989258,0.253006249666214,-0.4627312259523994,0.5632494688034058,0.24512986838817596,-0.2921840911066264,0.021727743198572135,271.09412118504537,0.9654621044222406,0.210287886380595,9.018180241210013,0.00048099155249862715,sakit
0.6336984038352966,0.25365376472473145,-0.07841288282824936,0.5740423202514648,0.253799706697464,0.0749938173213251,0.5045962929725647,0.25270944833755493,0.34901090756584174,0.04131392170615971,932.1054212016078,0.8867252325216378,0.13237803687596592,19.112006599422354,0.0017091573482138623,sakit
0.48566097021102905,0.2143273800611496,0.06220436163482686,0.43713340163230896,0.23232868313789368,0.28285593540405723,0.3948693573474884,0.2493676394224167,0.48592431318710866,0.01872048324797217,245.725099190459,0.9633109292539332,0.18990625361345972,9.103746862107183,0.00035469382653630647,sakit
0.5256091952323914,0.2241797149181366,0.3814573259552083,0.5224705338478088,0.2600622773170471,0.3406173867363542,0.5141794085502625,0.3130541741847992,0.31512728798826045,0.012190049116542841,620.7285408609534,0.9239344107238757,0.12393317637573244,15.088684558411378,0.00015076063564709009,sakit
0.3485003113746643,0.25655168294906616,0.8318232137464606,0.4121585488319397,0.2817598879337311,0.41612739902497886,0.5061565637588501,0.32470208406448364,0.100636678595967,0.016889826275030682,811.7639924526989,0.9136918400102149,0.1826524003645342,15.41717785165902,0.00028802881668928127,sakit
0.43086153268814087,0.2457348257303238,-0.1191454340627408,0.4272206723690033,0.24672183394432068,-0.08411949448167193,0.44339191913604736,0.2580457329750061,-0.03236605013220357,0.017297647283412383,286.7867795372158,0.9635679477695276,0.18147222651426662,9.757965708986962,0.0003033383544260529,sakit
0.48434293270111084,0.3131474554538727,0.2987577906494229,0.4507547914981842,0.3295816481113434,0.3963671731172749,0.438566118478775,0.3383021950721741,0.43625345132697396,0.10073887106754346,365.7703937099845,0.9732675406606783,0.2946214148985951,9.287116952663842,0.010154553473473977,sakit
0.4600697159767151,0.2643497586250305,0.5089698644546111,0.48464691638946533,0.2646454870700836,0.4058919087352456,0.5849426984786987,0.2885078191757202,0.03132287280152809,0.011462688820404883,551.2473964476025,0.9376994843021688,0.12375677191405715,14.468607058484183,0.0001331436250025342,sakit
0.45196521282196045,0.24465437233448029,1.27890456717964,0.448562890291214,0.24812237918376923,1.1884781623327754,0.4953555464744568,0.27214422821998596,0.9493013845776107,0.03572561575599948,367.01835729314115,0.9537007887449529,0.17035694992354386,10.919566527452504,0.0012806597639935045,sakit
0.60727858543396,0.1844841092824936,0.8345059016821398,0.5846439599990845,0.1889781355857849,0.9769236271210093,0.5940139889717102,0.18672077357769012,0.9059759131593245,0.06561146079554529,259.92579257987046,0.9424701906556341,0.1850350989330254,10.319775027047028,0.004310544117733148,sakit
0.48353445529937744,0.22958438098430634,0.19206557285021622,0.4688013195991516,0.21035026013851166,0.15090762656669973,0.5113298296928406,0.23313194513320923,0.3521034367567395,0.011909500187431914,356.33786173265554,0.9357919789995063,0.11982091065141859,12.082603966656498,0.00014406070858332355,sakit
0.5156363844871521,0.2727872133255005,0.2985298419786914,0.5184255838394165,0.27509212493896484,0.22907020893201066,0.5897310972213745,0.30329787731170654,-0.0600868895190051,0.06832094711868393,494.44378544003615,0.9485048690448576,0.20816252867281268,12.29819815926327,0.0046691055554681565,sakit
0.4876679480075836,0.2675166428089142,0.30367498048177066,0.4861573278903961,0.27811622619628906,0.31795345079325826,0.5542387366294861,0.3190830647945404,0.17368206797335453,0.014627891622639841,511.59270079006933,0.9478049376214699,0.1531555775715443,12.788506978998782,0.00021652421904186435,sakit
0.42968428134918213,0.286737322807312,0.21388016793168776,0.40844666957855225,0.26928961277008057,0.3315189245997628,0.39852669835090637,0.2603171467781067,0.38853942863670654,0.017495024358344744,341.4635734071541,0.9643790343792739,0.18668764210290192,10.613067741572676,0.00030987499461584213,sakit
0.5076463222503662,0.25114259123802185,-0.11127670300590113,0.4820363521575928,0.23687024414539337,-0.11423165031545408,0.48847949504852295,0.23975691199302673,-0.04975948089515795,0.012702595044030263,419.5754175727072,0.9421489196642993,0.1365262182860595,12.55045098678954,0.00016341180605101218,sakit
0.3592803478240967,0.3288952112197876,0.9237718304333522,0.35258811712265015,0.33183321356773376,0.908528604998991,0.3535323143005371,0.3346213698387146,0.8485301197865698,0.06813341217673673,511.34007616729804,0.9640331496594353,0.2856845941265025,10.416078888059847,0.00465150891181513,sakit
0.3953574597835541,0.21330168843269348,0.6797663966492371,0.46200260519981384,0.256254643201828,0.4178500535253763,0.5311375856399536,0.310141921043396,0.28262917399941767,0.01397597212515892,320.1046892272653,0.9571112704258443,0.1699302711298296,10.353973226757379,0.00019871390684697034,sakit
0.6476577520370483,0.21316055953502655,-0.45436596325944967,0.7323163747787476,0.2270960807800293,-1.0147917289655972,0.7965659499168396,0.24331329762935638,-1.00473347366024,0.020125358056831636,210.6419076516571,0.9648223469416818,0.22726675928576248,8.272739040281104,0.0004123129911360756,sakit
0.4588600695133209,0.25978875160217285,-0.1482553765967087,0.40800389647483826,0.2531726658344269,0.182285902901862,0.3675273656845093,0.2621082067489624,0.46148385396204544,0.013653104393134476,379.9793139362088,0.9538741666095403,0.16618804045979224,10.97605239787679,0.00018886210794989572,sakit
0.37650102376937866,0.2723357677459717,0.33676497999507987,0.3652801513671875,0.26233938336372375,0.37520786289041896,0.3744911551475525,0.2550128698348999,0.2709312359628449,0.046660897188784044,509.13566600323276,0.9434063764616134,0.1946072236134727,12.658686185627054,0.0021828274549931014,sakit
0.3467475175857544,0.23796643316745758,0.20893490456236644,0.312332421541214,0.2233920842409134,0.44178393339914973,0.30799219012260437,0.2226342409849167,0.4646307659917585,0.021989839364723304,368.26699942090727,0.9441725855812884,0.1962585124873083,10.214820025330546,0.00048778788121061056,sakit
0.42493629455566406,0.25126534700393677,0.06249035873598053,0.4183191657066345,0.2508634626865387,0.0848570606448691,0.4153555631637573,0.2505364418029785,0.0652975793693638,0.01733398538167609,345.0328750309988,0.9573178457811283,0.2045255632114671,9.937697461153883,0.00030540798499764595,sakit
0.4523514211177826,0.2501576542854309,0.07770903167725197,0.43938103318214417,0.2468469738960266,0.14145455838778567,0.4155011475086212,0.2453496903181076,0.32441510570059784,0.014778663125269797,231.0388295364743,0.970703873058791,0.20400148540015653,8.56204630370169,0.00022199758476330878,sakit
0.4523514211177826,0.2501576542854309,0.07770903167725197,0.43938103318214417,0.2468469738960266,0.14145455838778567,0.4155011475086212,0.2453496903181076,0.32441510570059784,0.014778663125269797,231.0388295364743,0.970703873058791,0.20400148540015653,8.56204630370169,0.00022199758476330878,sakit
0.4830704629421234,0.2743322551250458,0.4677827055927995,0.4977053999900818,0.29005590081214905,0.3609873438647193,0.5036187171936035,0.3079946041107178,0.30308131091100965,0.03479512895253211,425.97120399262485,0.9599742188265413,0.177463689218603,12.310746596476173,0.0012147834145719758,sakit
0.26597753167152405,0.30679622292518616,0.9505865367125523,0.23534607887268066,0.2843514084815979,1.1218006397784193,0.20867280662059784,0.25838664174079895,1.2690324204552395,0.1231448107738292,298.3651000704436,0.9722109633277154,0.35770257725410287,7.814904664727485,0.015210308913263438,sakit
0.7344633340835571,0.29747235774993896,-1.1042616104165448,0.707603931427002,0.2958028018474579,-0.7974768122988878,0.627487301826477,0.32747289538383484,-0.2760740151049086,0.19887576423274655,332.6476753803106,0.9699175646917397,0.32841334981257814,8.823698808725315,0.039561474206838615,sakit
0.2513180673122406,0.19431152939796448,0.1309657136070281,0.25952279567718506,0.2187098264694214,0.4465092646254702,0.28924810886383057,0.2597573697566986,0.6622733517821182,0.061010653053009296,241.06320578047064,0.9586612288628816,0.269717264545193,8.206314509792858,0.0037354304605365803,sakit
0.19969871640205383,0.2108980268239975,1.3736510893129112,0.20773473381996155,0.20545902848243713,1.1847644965409616,0.22331233322620392,0.2118053138256073,0.9273332764673174,0.14943093673627228,332.37964572622315,0.9398181156941795,0.3572272359180342,7.982419485861829,0.022381569768061882,sakit
0.38686588406562805,0.23592649400234222,0.16776882157629017,0.376217782497406,0.24372757971286774,0.1484673760839974,0.3879236578941345,0.2689239978790283,0.05006685234414216,0.022851140593901646,272.32696486296186,0.9631732927363927,0.20313329716034692,8.760522646938428,0.0005274729133246794,sakit
0.5201957821846008,0.21968147158622742,-0.05863927030206253,0.5299191474914551,0.21684154868125916,-0.0054007247794995526,0.5527963042259216,0.21747541427612305,-0.12276934064773722,0.014111243941872758,288.97016427471107,0.9518600520283104,0.16384600977026406,9.802807125913569,0.00020242069396559284,sakit
0.493999719619751,0.247430682182312,0.3729146191027021,0.48429226875305176,0.24064292013645172,0.3775009693752141,0.4704369306564331,0.23554565012454987,0.33325029519882177,0.013290331060944127,405.57918942170573,0.9457478986143819,0.15319409635484282,11.663002077410903,0.00017936594709984727,sakit
0.45467203855514526,0.24913112819194794,-0.019642702396336458,0.4300929605960846,0.25136449933052063,0.13128339871732775,0.4169464409351349,0.25776734948158264,0.2817189685304128,0.025480085977813736,212.72807252003292,0.9736469971937809,0.22237629722561217,7.985651995323526,0.0006530765710637177,sakit
0.4677627384662628,0.2602815330028534,0.38293211129895294,0.47222331166267395,0.2718846797943115,0.24550974523825936,0.4889664053916931,0.28364846110343933,0.17046391547364542,0.017945665266593892,444.1531502066396,0.9521564703150308,0.16040525313357942,11.900278586084134,0.00032480820039974264,sakit
0.4428630769252777,0.23294278979301453,0.5883676661097845,0.4148852527141571,0.24150502681732178,0.6735961346557823,0.41457995772361755,0.24674385786056519,0.7218986288247375,0.010196243162383696,608.6763239164382,0.9181670550383898,0.08584573732076704,16.05547743470299,0.00010478648936876606,sakit
0.48350051045417786,0.1731036901473999,-0.33842028782804057,0.4428754448890686,0.21598903834819794,-0.12742630836455376,0.4343422055244446,0.2477070540189743,0.04330363966746667,0.01600063998554316,229.27737995228702,0.9577622960578384,0.1903792827349735,8.723100601088467,0.0002604116229240724,sakit
0.5200380086898804,0.27806857228279114,-0.3217921673255509,0.44522273540496826,0.2704198956489563,-0.1083028789298546,0.3858974874019623,0.2728193998336792,0.15054764187866973,0.021999158565756596,196.62240128155585,0.9791721643127339,0.1907061464115307,8.836954432379022,0.0004886129731072054,sakit
0.444720059633255,0.31521448493003845,0.4930571655893736,0.4018462002277374,0.30664610862731934,0.58288717072869,0.35999447107315063,0.2868862450122833,0.6748041705114782,0.012310442799011027,685.2614634194848,0.9439181201443971,0.10982145641106811,15.732011687535215,0.00015274167147445364,sakit
0.5300151109695435,0.2380443960428238,0.03029122902720996,0.5371086597442627,0.2978699505329132,0.1416557273631868,0.5326345562934875,0.33677056431770325,0.23815248624836538,0.025141635736431255,216.72833249978206,0.9784494686876144,0.17356880446884995,9.02419833130077,0.0006349199535220773,sakit
0.4126890003681183,0.30847153067588806,0.0776364823532333,0.35135823488235474,0.29219743609428406,0.20172056795606536,0.3086130917072296,0.28659918904304504,0.4339262125615936,0.046258738541721627,163.8645033687548,0.9854401633325006,0.27510874450487094,7.218820253109886,0.0021617520989166967,sakit
0.5557488203048706,0.25572526454925537,-0.1909167396370244,0.4520207643508911,0.2274104803800583,0.2749204301513764,0.38194581866264343,0.21245932579040527,0.700595709033786,0.011669234211642428,718.620135398689,0.895877512026504,0.11696707920850329,16.42529405253239,0.0001376861221140571,sakit
0.5863779783248901,0.32548585534095764,-0.7971101945833153,0.48170989751815796,0.2725622057914734,-0.6509713230531315,0.3669625222682953,0.22666336596012115,-0.06092849272890251,0.09244504146819504,346.3263893550372,0.9654100462753479,0.21946422468958984,10.650769955523598,0.008555472425986812,sakit
0.6924407482147217,0.2595025599002838,-1.5233225588322015,0.6396669149398804,0.27214139699935913,-1.0388302769895932,0.6221197843551636,0.2744540572166443,-0.9511037758179413,0.03399188985321966,237.61410517292177,0.9743005980194744,0.18075287123128095,9.081803365727842,0.001157262224817676,sakit
0.6518230438232422,0.23275022208690643,-0.3244641736055088,0.48037630319595337,0.2695765197277069,0.41895888573336726,0.35642457008361816,0.3073467016220093,0.6784489784610955,0.010333730113304513,576.4489511741042,0.9330640906622393,0.10552207777495481,14.966680633409055,0.00010952541848949708,sakit
0.40709197521209717,0.2645209729671478,-0.13837626674793602,0.39942747354507446,0.27009591460227966,-0.08963465375318867,0.3936293125152588,0.27640336751937866,-0.006017605841203152,0.026756994429537103,376.9574270109488,0.9595816812724247,0.24109955958916754,9.293794481272593,0.0007235056555084514,sakit
0.5098567605018616,0.24018977582454681,-0.08019077133263215,0.5047040581703186,0.24144478142261505,-0.10223380855626059,0.5240815877914429,0.25146982073783875,-0.1796761662097286,0.01645805439659355,269.9873007922697,0.9638409794806878,0.179583769912843,9.526869461124347,0.0002763845631282112,sakit
0.6498212218284607,0.22992247343063354,-0.40603170220015844,0.48511838912963867,0.2653922438621521,0.290097071382482,0.35616111755371094,0.3015652894973755,0.5056114236799435,0.012207536671060587,368.90912726404537,0.9557387289451166,0.1463882848388958,11.15509018441105,0.0001542464589670586,sakit
0.8039838075637817,0.17431744933128357,-1.2456399834268457,0.6547214984893799,0.22095216810703278,-0.5763536267687005,0.5019721388816833,0.24555745720863342,-0.030422479860965523,0.01803118449875685,157.79778317898266,0.971563436174276,0.21730563335311912,7.0541918167897295,0.00033818145511356744,sakit
0.6154283285140991,0.26614779233932495,-0.3466621758952066,0.5507304668426514,0.28367558121681213,-0.040014723411505033,0.5177551507949829,0.28521859645843506,0.19414000982894306,0.04078275052743958,210.64102861018443,0.9787788587394536,0.24172328251092076,7.449753960270388,0.0016679150160508122,sakit
0.5558652877807617,0.2511216998100281,0.014747861292115614,0.5065794587135315,0.27535825967788696,0.25609337591696824,0.490241676568985,0.28484809398651123,0.3743943397865427,0.016067038990892627,350.5473824816783,0.9621134130060064,0.20210875193874434,9.857754989840046,0.00026342862630916866,sakit
0.5084010362625122,0.22284536063671112,0.11627007964931806,0.4698607921600342,0.22985334694385529,0.2724517716858642,0.4622722864151001,0.22042454779148102,0.2752535769407381,0.016757528436192538,244.08993593812954,0.9627180411649064,0.18634489655241007,9.102901200495712,0.0002866048542767158,sakit
0.3202877640724182,0.19069363176822662,1.030510248392471,0.2765076458454132,0.19391395151615143,1.0865088327160497,0.2707407772541046,0.2460063248872757,0.8664550672216275,0.04381163936956603,265.7504369861177,0.9481340121168662,0.269662028939438,8.496104428019533,0.001957942181027959,sakit
0.6071388125419617,0.30695730447769165,-0.01415964314962079,0.5673046112060547,0.31917470693588257,0.15032079406646354,0.5502364635467529,0.30555084347724915,0.23163258357519723,0.11326761597195528,492.4110541581388,0.9611855727534468,0.25887729557486555,11.334217214383427,0.012838736854645469,sakit
0.6032315492630005,0.18713562190532684,0.23227422160519626,0.5545445680618286,0.20293331146240234,0.573763733316598,0.5028610229492188,0.26208847761154175,0.6030835614505693,0.03215949736312592,733.356455312582,0.8556186896139616,0.10618507353571054,18.386971268494353,0.0010363727976333565,sakit
0.6183251738548279,0.31721577048301697,-0.14852231048088776,0.6097000241279602,0.32611092925071716,-0.117394329079545,0.5949735045433044,0.32590049505233765,-0.07552727979757898,0.08260313594681294,229.40334656855964,0.9830238539848132,0.26522697942519696,8.152664053812725,0.006846683178367276,sakit
0.4554191827774048,0.16441723704338074,0.37505072986054816,0.47985759377479553,0.19512690603733063,0.6041991433745177,0.5085698366165161,0.2438492327928543,0.5827952590362651,0.011589480179787748,464.4220896501957,0.8927676383272152,0.10295080991681531,14.3800813989431,0.0001358214369530531,sakit
0.5488357543945312,0.16362382471561432,0.041020850418356555,0.4904726445674896,0.16449792683124542,-0.300206078196594,0.45860689878463745,0.18291904032230377,-0.28037895279779457,0.01035113357871025,690.6603879632795,0.7934552388646473,0.0665666983684564,18.928770519946344,0.00010769362167005184,sakit
0.3706399202346802,0.22545590996742249,0.78644968569856,0.30978742241859436,0.20424577593803406,1.16253178232949,0.2423887401819229,0.17457611858844757,1.6719659940118896,0.02099493070480143,258.1665049370045,0.9531342006840701,0.2221522444568268,8.269839755365924,0.0004491300744609177,sakit
0.42798250913619995,0.3354402780532837,-0.06658200774134804,0.35045766830444336,0.2999177873134613,0.30393374408622564,0.2901102900505066,0.2758790850639343,0.5160166915704838,0.09730830320746953,999.1163433387204,0.9100647033630903,0.22702608229096408,18.11340654159637,0.009479932008097916,sakit
0.6046472787857056,0.23548446595668793,0.0012668719230686423,0.5877878665924072,0.23806022107601166,0.13508053062960512,0.565190315246582,0.23120304942131042,0.12117355910427458,0.021892070488925188,266.54172466563983,0.9626967032920035,0.16608005887696653,10.009832866217241,0.00048477070611976534,sakit
0.4317995309829712,0.26633453369140625,0.5505325210241199,0.4447251558303833,0.28311049938201904,0.46575612134308997,0.4572645425796509,0.2811627686023712,0.5095232263799687,0.024315074775615172,263.11320824637943,0.9731869793840952,0.1600295746675498,9.570771439546848,0.0005934431615458246,sakit
0.46453744173049927,0.22178731858730316,-0.16977521389565256,0.44333821535110474,0.1763656735420227,-0.3318692796521163,0.6574313640594482,0.27205172181129456,-0.42819211288703085,0.019002358023185763,297.5313614966217,0.9362975972239318,0.19048991558922887,9.742275504007846,0.00036700204578654947,sakit
0.4984409511089325,0.19659677147865295,-0.3691930901158994,0.42144614458084106,0.16844184696674347,-0.005787707771584528,0.6100306510925293,0.2972625494003296,-0.30538804665881214,0.021508456665226845,311.3001984407733,0.9281901219001765,0.216249698215322,9.921706397288443,0.0004708266125891035,sakit
0.4687439203262329,0.18944033980369568,0.30771626095843074,0.4128618538379669,0.158781498670578,0.29333201860715336,0.5149312615394592,0.2928743064403534,0.5059042144095404,0.012289711134616887,442.8376128515437,0.8905562330009452,0.1282933213597153,13.180489327724258,0.00015335724138276896,sakit
0.40466946363449097,0.20924781262874603,0.5506237998258694,0.4296948313713074,0.17823149263858795,0.3914073236755831,0.674782931804657,0.2647169828414917,-0.46488671035261214,0.015330664683562499,285.5376260509828,0.9274391507182566,0.1657739891252725,10.336087763585189,0.00023831042780884408,sakit
0.45891305804252625,0.2282041609287262,-0.06428098790930639,0.44185203313827515,0.184329092502594,-0.27875047745593695,0.6552124619483948,0.277730256319046,-0.4103080257717098,0.017656507935802538,351.88955548494204,0.9298828584530218,0.1785128095968651,10.657059977138026,0.00031662845729527473,sakit
0.5213838219642639,0.2602027654647827,0.1262861418830053,0.4995391070842743,0.248973086476326,0.32130966618729595,0.6817902326583862,0.28934961557388306,-0.47208401941863354,0.014270024672174456,350.9239133112387,0.9560970714278235,0.1743366456358639,10.900343352321181,0.00020703512267008175,sakit
0.41084545850753784,0.17940309643745422,0.3468237066725539,0.382826566696167,0.1681755930185318,0.5152320653090576,0.502968430519104,0.26589247584342957,0.25485408539278576,0.012987756674195168,341.1824453223562,0.9145663222026114,0.13104919261142514,12.149554124724993,0.00017096647288134727,sakit
0.46076878905296326,0.19567857682704926,0.30120575540414685,0.4558907747268677,0.18882939219474792,0.2079538194409982,0.6097026467323303,0.28801804780960083,0.01028269038629525,0.011852474255769144,510.5082597137128,0.8922479271601681,0.12024269700465556,13.915529254187943,0.00014300482226329596,sakit
0.7057837843894958,0.20518304407596588,-0.7122794004903226,0.6901165843009949,0.21080806851387024,-0.7020838798542,0.8195368647575378,0.19786834716796875,-1.2545046112881018,0.01917480915702666,180.9384377332863,0.9639310212731518,0.19372221764368655,8.051710935825518,0.0003734377670005393,sakit
0.3986184298992157,0.20547017455101013,0.3701381061958671,0.4312379062175751,0.16822557151317596,-0.05422332923756204,0.6823418736457825,0.27200692892074585,-0.39190598900426665,0.016914203901753518,248.56058839878594,0.9304921520289176,0.19373618303118698,8.944780012613666,0.00029044669945479056,sakit
0.402818888425827,0.17971652746200562,0.22107529933813477,0.45032328367233276,0.1551111340522766,-0.3178197026656959,0.7010068893432617,0.25728839635849,-0.45527280722017527,0.01996945862151765,235.19042874545337,0.9220084493399873,0.18724859679783346,8.951746251636987,0.00040511130969738394,sakit
0.4759942889213562,0.23548650741577148,0.06287685425346172,0.4821149706840515,0.2216874361038208,0.07638953008596101,0.46002256870269775,0.2299293428659439,0.22427390931654145,0.007985995600775637,1162.4098927735602,0.8208760171689123,0.06392326284919665,22.986957610667584,6.436148752078587e-05,sakit
0.40244171023368835,0.2625676691532135,0.4997772116237984,0.3136545419692993,0.2327820509672165,0.6452414290148016,0.2594115138053894,0.20991739630699158,0.889353613957805,0.0433772155422501,366.2230009032846,0.9481563699601797,0.22375352616289113,8.934346556124014,0.0018888550325420435,sakit
0.49866533279418945,0.2486782819032669,0.5745805049714232,0.4187232553958893,0.22879193723201752,0.6097810805060955,0.366834819316864,0.2138863354921341,0.7133452261576101,0.014582899031507265,212.50900396872726,0.968495292479004,0.1816253734424902,8.347011860059167,0.00021784347347632272,sakit
0.4863860309123993,0.2443399727344513,-0.39311113437984346,0.3373722434043884,0.1899353265762329,0.053784996753157226,0.24774116277694702,0.1437789350748062,1.0596306028356504,0.03056962788983988,321.3893824837712,0.9355428145448078,0.14739594772950318,12.021368008729937,0.0009407046938843906,sakit
0.5193181037902832,0.2941959798336029,-0.39457095188921454,0.4772774577140808,0.26460233330726624,-0.4163493463523418,0.41863858699798584,0.23499487340450287,-0.36537204367355847,0.01385053726574298,244.59388944913493,0.9739440931713522,0.13875801954738665,10.110964584401001,0.00019327457238112197,sakit
0.45518213510513306,0.18327471613883972,0.038890737951404575,0.48593664169311523,0.2379424124956131,0.23499841853468395,0.42343080043792725,0.20331071317195892,0.0421176584114827,0.008326253486654498,1136.633105073052,0.7945980507832077,0.06284710318092075,23.025787566283753,6.987484402767959e-05,sakit
0.4416922926902771,0.2782670557498932,0.3341431916180548,0.4298115074634552,0.2888500392436981,0.3879691299917623,0.3885093927383423,0.28986474871635437,0.6218737800829001,0.012055719855205899,777.2558013078819,0.9253299689945859,0.11721857655139706,17.268008905076695,0.0001472692885203486,sakit
0.5832606554031372,0.24483999609947205,-0.13618300886017395,0.5772243738174438,0.23216761648654938,-0.2757295403397417,0.5760445594787598,0.21954841911792755,-0.7068496942165544,0.012588568906377919,281.0498128713131,0.9594196137511027,0.13931068136982902,10.251306060589291,0.00016006533967434622,sakit
0.6783239245414734,0.25734153389930725,-0.43728315995160866,0.6566551327705383,0.27074435353279114,-0.4720168485461646,0.6628383994102478,0.2844226360321045,-0.4493798706984485,0.0451935876402827,400.5751681645832,0.9555236933723091,0.18881299373602897,11.61456823422435,0.0020532421508753346,sakit
0.5314660668373108,0.21038922667503357,0.548786050349853,0.5460824966430664,0.2526213526725769,0.061187716131262726,0.6149064302444458,0.32734963297843933,-0.06856050775886378,0.014704038153258625,474.857332268095,0.9337968276896681,0.1681700582405121,12.324461515634903,0.00021931689868643936,sakit
0.3038199245929718,0.2507413327693939,1.1428537829913703,0.42954033613204956,0.22202397882938385,0.7423135164786615,0.603598415851593,0.2438962161540985,-0.49990279751749356,0.022787841998190728,212.94281505265963,0.9648327822434443,0.23146863305481827,7.824681568493102,0.0005241048501153552,sakit
0.2725311517715454,0.2252272367477417,0.9717927672905174,0.29271841049194336,0.21320191025733948,0.8263964453938076,0.40369606018066406,0.275855153799057,0.4135089787837266,0.02317199149716083,179.57637744221014,0.9700951454218701,0.2398104941372987,7.460023196329257,0.0005449103511186011,sakit
0.5334550142288208,0.19470389187335968,0.6656919137175297,0.5517740249633789,0.1937015801668167,0.3452230317073524,0.6165288090705872,0.2358223795890808,-0.08944765943736285,0.014414391264796433,384.977119199437,0.9190038877483784,0.14963720380080467,11.674709841649252,0.00021100631438756426,sakit
0.5286781191825867,0.22614429891109467,0.07896232344453111,0.5324047803878784,0.23593983054161072,-0.07914502525531437,0.5585615634918213,0.2880457639694214,-0.16428708684658017,0.01055633122251069,541.8238151863972,0.9224524918564497,0.11773758861265064,14.480835101138553,0.00011296527826417242,sakit
0.49228277802467346,0.2034866213798523,0.378507784824571,0.5474490523338318,0.2510933578014374,0.2835117280515418,0.6485020518302917,0.29562315344810486,-0.032851555184721326,0.014273900554331254,315.21152320001687,0.9556110841029865,0.1554653176652908,10.703988784412784,0.00020710107143312104,sakit
0.2640293538570404,0.2269115000963211,0.6981526275473428,0.3007160425186157,0.2540512979030609,0.3461570724675006,0.4063195586204529,0.38096532225608826,0.4186858783077035,0.03212201403982488,244.91637843295086,0.9705069767681854,0.24382913613680934,7.897306721300631,0.0010438983330524074,sakit
0.35619422793388367,0.2191150188446045,0.3320324292361407,0.3585222065448761,0.20160526037216187,-0.11199429433734442,0.36521828174591064,0.2328348308801651,0.14380799243433776,0.021104855667557352,111.23242508757949,0.9788919074412599,0.2412091386791987,6.320340882794746,0.00045340087531940844,sakit
0.422484815120697,0.2640703022480011,-7.294272608130976e-05,0.4275818169116974,0.25562915205955505,-0.08557067464158036,0.33704620599746704,0.25196003913879395,0.8000854327408922,0.028524308205497954,388.5537408369014,0.9485171472690822,0.19296845970118,11.661550287874755,0.0008195179854740177,sakit
0.5150787830352783,0.25360748171806335,-0.6683712961524243,0.45011916756629944,0.22589978575706482,-0.49418273436533555,0.41629379987716675,0.2177167534828186,-0.33334234947462343,0.03518556342968035,219.9141789462642,0.9683067353645939,0.2284300738137491,8.945950245558665,0.0012419878478421905,sakit
0.5202243328094482,0.21066008508205414,0.016030286748556374,0.4982264041900635,0.22747477889060974,-0.11790579064395294,0.5054159760475159,0.26815521717071533,-0.32352949652438817,0.012277792097467788,377.35555896859523,0.9404195590244169,0.1444399935133248,11.67607005205994,0.00015288068787017275,sakit
0.6293360590934753,0.14876961708068848,-0.3562840158696458,0.6360244750976562,0.19825759530067444,-0.3245299903300659,0.6627002954483032,0.21818219125270844,0.07236327647429332,0.01200172755361681,407.87510332516155,0.8973556917322476,0.10870503252010388,13.334104496092083,0.00014561856217096467,sakit
0.6021237373352051,0.28991520404815674,0.08743143824151893,0.560062050819397,0.3066142797470093,0.21105502777569443,0.5455552935600281,0.3165939450263977,0.181464687352627,0.10817142333979353,530.2439302999904,0.9544233813688642,0.2424124985775201,12.407145339066759,0.011707286617516605,sakit
0.6623088717460632,0.24165405333042145,-0.23858713532837528,0.6343140006065369,0.25692039728164673,-0.2754845921139077,0.6445666551589966,0.2714122533798218,-0.30987018048542847,0.039934202490875245,434.3785601708246,0.9453325750498959,0.16993399161001052,12.461256393252924,0.0016029415846455656,sakit
0.4033774733543396,0.3291725516319275,0.5427031598058761,0.49864739179611206,0.31281059980392456,0.5183297604387799,0.6428253650665283,0.2711319625377655,-0.19798389705514405,0.027979939225105537,251.91778260915297,0.9788899491630866,0.2653241077536003,8.093885088093927,0.0007911669735828176,sakit
0.4682944416999817,0.19049423933029175,0.4098589550036958,0.4981943368911743,0.19338464736938477,-0.010166893228683745,0.609946608543396,0.27496716380119324,-0.040345098121927644,0.012389075452974664,475.19433392929847,0.8971428079460558,0.13044820013872127,13.130570977483245,0.00015628397125714506,sakit
0.30282989144325256,0.27108970284461975,0.6965540548521043,0.35521647334098816,0.3019295632839203,0.5990076100623467,0.40974900126457214,0.36190828680992126,0.5546039964267321,0.021882636823345052,344.339401982997,0.9678444864535446,0.21673770688962513,9.791122952104688,0.00048615366879505386,sakit
0.4057244658470154,0.2332959622144699,0.2017143611772909,0.45020079612731934,0.2728029489517212,0.13263023431429977,0.5772044658660889,0.35649383068084717,-0.08126454871276619,0.016914159676230934,345.0142831586223,0.9616948398232917,0.2001047044567238,10.307181928204649,0.0002901150032656599,sakit
0.45980918407440186,0.24231570959091187,-0.17112187276447724,0.4579780399799347,0.2466261386871338,-0.09879389464333843,0.3313511312007904,0.2187342792749405,0.5809437960215009,0.014861350565494529,367.0350954267795,0.9482558395126683,0.1596465057052048,11.613153951595548,0.0002239852756463529,sakit
0.5922822952270508,0.2625376880168915,0.034973793634416314,0.5303165912628174,0.274505615234375,0.3100902322194804,0.49366992712020874,0.282243549823761,0.5243724568850557,0.062151685093828124,589.372212391778,0.9366028350760703,0.16614075017251265,14.507823672470073,0.0038661996620695375,sakit
0.4923992156982422,0.29348987340927124,0.21339571039733937,0.42226743698120117,0.276290625333786,0.4370116444575116,0.3774983882904053,0.2636081874370575,0.7561316320801732,0.01684682784197274,540.3353225116562,0.9444402742704631,0.14569801791562978,13.853691352768989,0.00028563546923782,sakit
0.5098168253898621,0.24911577999591827,-0.03708079109965477,0.5212047696113586,0.24384446442127228,-0.08778352428556235,0.5084787011146545,0.2749461829662323,0.2573957094481428,0.010551122392989111,453.2049650939097,0.9389994627833382,0.11582309553987637,13.253864992801384,0.00011264360257195168,sakit
0.44954708218574524,0.2779974937438965,0.7561416326306235,0.46892327070236206,0.25388795137405396,0.5507436099419464,0.5328487157821655,0.28169354796409607,-0.027204101791987293,0.014735477170181527,776.7721679618977,0.9053061876421923,0.13990063993857707,16.279515904557233,0.0002192333212463344,sakit
0.5878145694732666,0.20401492714881897,-0.5333897762174745,0.5256381034851074,0.21694618463516235,-0.25216115793773036,0.5755503177642822,0.25825172662734985,0.056872450773243294,0.012546401361167485,285.51086994024917,0.9483545242228356,0.13606446904957284,11.186820280285085,0.00015936209204962261,sakit
0.4829147458076477,0.24627329409122467,0.3064075744710204,0.4258825182914734,0.24924083054065704,0.37292073187225183,0.43029358983039856,0.28075432777404785,0.40725218424690257,0.012842100578247329,306.074965838164,0.9617735328128293,0.15615543405952947,10.253682554563044,0.00016763055781460946,sakit
0.46372097730636597,0.1993243396282196,0.0020625358955177323,0.4725497364997864,0.1989990919828415,-0.06265745435656707,0.5388596653938293,0.25563982129096985,0.07983181773566828,0.012078683853444178,394.5398499487328,0.9216007573575835,0.12857044026466005,12.274220077768762,0.0001480922835305436,sakit
0.4788346588611603,0.2819233238697052,0.07130042771641969,0.570152759552002,0.33303290605545044,-0.12977321145473206,0.6658527255058289,0.345988929271698,-0.333361918576098,0.01950931703847739,398.90028739171936,0.9688693587615029,0.20681618276240124,10.392119647549675,0.00038608448437458723,sakit
0.5405982732772827,0.24376548826694489,-0.10315028759135918,0.6217450499534607,0.27994057536125183,-0.22553470188151045,0.7385690808296204,0.2763636112213135,-0.45117090685994304,0.0165861815453528,357.88502718812964,0.9597734960385406,0.18588324016989585,10.769603608476205,0.00028018445022798076,sakit
0.472273588180542,0.20323386788368225,0.3814756554595322,0.433172345161438,0.19402459263801575,0.5537576877964973,0.35185185074806213,0.1836598515510559,0.8656446775244515,0.009686897110224468,613.430284573429,0.874741013594745,0.07330324681759788,17.702470830174214,9.433655208093076e-05,sakit
0.4915698766708374,0.21187621355056763,0.38863684813763794,0.4931557774543762,0.2180636078119278,0.11738648013505837,0.5927282571792603,0.2959210276603699,-0.19727104695431177,0.014072094566015604,224.25545941011853,0.9624368279102349,0.17693290605953452,8.884096983267547,0.0002014666082013969,sakit
0.45571887493133545,0.19435599446296692,0.08511896265738143,0.49747949838638306,0.20049312710762024,-0.374171518430228,0.6295158267021179,0.29056739807128906,-0.30636676360745546,0.014770485532451536,343.08274589813715,0.9337045601722919,0.15354133299944475,11.099866818888557,0.0002210367740538637,sakit
0.6839426755905151,0.24300919473171234,-0.5727801552214452,0.610089123249054,0.24949781596660614,-0.37855117507317326,0.673812747001648,0.25134536623954773,-0.3927871231335662,0.030156536285783467,242.81092634709194,0.9673738705939942,0.18498107657208593,9.618958610943189,0.000913316901350777,sakit
0.5941505432128906,0.23630355298519135,0.021900251723534454,0.5944026708602905,0.23374225199222565,-0.04512967296064206,0.5998144149780273,0.24649135768413544,-0.14007048471826036,0.015024158021320984,581.159352266261,0.9172522313674256,0.1031956707694625,16.134122615287684,0.00022838147438624886,sakit
0.3889591097831726,0.238456591963768,0.6215188290799283,0.42801862955093384,0.2670544981956482,0.7870552745646409,0.5175958871841431,0.2931571304798126,0.5028694070084079,0.015171871383890269,405.44823922066735,0.9520787125333688,0.15739606824098457,11.751715910570267,0.00023449538151558704,sakit
0.5419189929962158,0.16223731637001038,-0.014023182925215816,0.5294995307922363,0.19377748668193817,-0.12353548092980364,0.6409039497375488,0.25251924991607666,-0.09509402025341929,0.01582161663251587,219.2109543916312,0.9481272382313156,0.1759430356953383,9.15606862167291,0.0002541448900809348,sakit
0.49829384684562683,0.26956820487976074,-0.10241672354940538,0.4670836925506592,0.28243663907051086,0.19131833976768764,0.5174630880355835,0.3230328857898712,0.1787494990947339,0.012342249604184835,547.680387282752,0.9451760691832529,0.1456495252852147,13.285554732110688,0.00015476120888636882,sakit
0.471853107213974,0.2761548161506653,0.23761020376353206,0.431627482175827,0.2670624256134033,0.3586946292139542,0.444192498922348,0.3074699938297272,0.5251999219714168,0.013867799743193137,318.71288430950335,0.9666477120664952,0.159218534066169,10.630438742634297,0.00019399088136523655,sakit
0.4450714588165283,0.2931174635887146,0.728073965561416,0.54371577501297,0.2874690592288971,0.21004695258821898,0.6129492521286011,0.2947620451450348,-0.10671698476316577,0.06450543575701743,513.3617935557228,0.9497143433856369,0.21957424298368944,12.052430623765632,0.004165520385598126,sakit
0.5118558406829834,0.2215312123298645,0.32474426866730477,0.5673440098762512,0.21722394227981567,0.12055497515991284,0.5898208022117615,0.22490258514881134,0.2525665473462965,0.010891441647848818,441.441644409336,0.9205893541691511,0.11233888436509672,13.501478896526493,0.00012078820479885067,sakit
0.3973575830459595,0.27624574303627014,0.5007113499218423,0.47175702452659607,0.3167620301246643,0.27279582717886613,0.5048837661743164,0.34683069586753845,0.08680535469458678,0.015526192663772734,624.3449326406344,0.946718147303486,0.17406993349924094,13.554252643938861,0.0002448784899378832,sakit
0.6090134382247925,0.27042070031166077,-0.10390457245239497,0.5787795186042786,0.2661881446838379,0.10711925222568829,0.5325888395309448,0.2714003026485443,0.2987044533420616,0.02984176315936049,517.0051554901653,0.941155903129476,0.16699713201854258,13.246029940441387,0.000893369357769772,sakit
0.38819292187690735,0.27175459265708923,0.5827129306830732,0.4247879981994629,0.30160751938819885,0.7004859836123657,0.4302550256252289,0.30934953689575195,0.649915185517283,0.015863194985468208,541.1520507962342,0.9487818209428033,0.16303312904394565,12.986392604156912,0.00025565458367706313,sakit
0.3559618890285492,0.28132036328315735,0.5993789291957049,0.43320366740226746,0.31314629316329956,0.49112137794339916,0.48678910732269287,0.33023801445961,0.3247224915856387,0.024155878291255314,375.37956965628285,0.9668015134545156,0.17693873117665873,11.671775453380187,0.0005872178965320544,sakit
0.45262235403060913,0.21492648124694824,0.6260538618893304,0.544209897518158,0.23518259823322296,0.03669634652854971,0.6021992564201355,0.26154425740242004,-0.07981563003402013,0.012440713209388382,346.04927245706045,0.9439939617490678,0.1366671916566453,11.877733890161798,0.00015755944782356495,sakit
0.47230350971221924,0.22623902559280396,0.46865040098918714,0.5345616340637207,0.24418330192565918,0.18383650469845428,0.5723856687545776,0.2643201947212219,0.21771279282041994,0.01225146226674873,389.096754191896,0.9433620036206087,0.11856114364228403,13.119506842808427,0.00015217279613881208,sakit
0.5186470150947571,0.26098722219467163,0.2643021413627113,0.5698465704917908,0.263134241104126,0.09479615320829445,0.6037307381629944,0.27094554901123047,0.09696936083336656,0.029027971161959695,527.6472831976795,0.9368072232957033,0.1321953992629317,15.066661097453228,0.0008443731460478981,sakit
0.45354244112968445,0.26066240668296814,0.6292072383300757,0.5336934328079224,0.2545168995857239,0.2856381995291058,0.5748291015625,0.26287660002708435,0.12945705395079965,0.011913767187333016,635.0565552545866,0.9188550389691369,0.12042419391025694,15.318165198833283,0.0001451385741363168,sakit
0.4259353280067444,0.25836578011512756,0.7567704718337753,0.49882712960243225,0.28356921672821045,0.3127759588266415,0.5384273529052734,0.31095507740974426,0.2547285052154818,0.012430351262832049,931.2640079595548,0.8988441669839607,0.12477977666033312,17.97042126304932,0.00015641719089816552,sakit
0.49401935935020447,0.2879039943218231,0.19240271768890435,0.45771002769470215,0.2594279944896698,0.17685853496434775,0.4291669726371765,0.2461249977350235,0.2368330907450772,0.011688101178795686,553.0075297517621,0.9392873546552298,0.13426082937859807,14.616179754137194,0.00013832282835931554,sakit
0.482690691947937,0.2660048305988312,0.5557355270814411,0.44904762506484985,0.24678698182106018,0.7048394097000469,0.42184117436408997,0.23651394248008728,0.8185989348244038,0.019181427314076186,504.9251476484439,0.9378139316708105,0.18765460555823119,11.677183676156028,0.00037301860661615935,sakit
0.47775235772132874,0.3241318166255951,0.4592992688899429,0.4412313997745514,0.3085968792438507,0.5913263950894929,0.4042338728904724,0.2943967580795288,0.7479726266048053,0.01932478676589405,699.0945327941398,0.9438675741206022,0.19256959709619004,12.854903737379088,0.0003780000651329569,sakit
0.4483005404472351,0.2892238199710846,0.6278142191659472,0.4153471887111664,0.2679069936275482,0.754084318708925,0.39203518629074097,0.25456827878952026,0.8844972410449582,0.014626066025990045,694.9151702529471,0.9267095334261061,0.155108917325763,14.01159387877297,0.00021630281193990746,sakit
0.3015676438808441,0.29498010873794556,0.8499552243725333,0.2973918914794922,0.25990617275238037,0.9530690547200994,0.29223859310150146,0.2575345039367676,0.9975315817118922,0.028920108843694475,483.8052441436093,0.9480741128032086,0.26670925068195567,10.136963010898521,0.0008465002473086189,sakit
0.3137142062187195,0.2704436779022217,0.4361552711282455,0.31594976782798767,0.2180393934249878,0.12004517852527084,0.2751484215259552,0.2183043360710144,0.35000285363844535,0.03550336458519263,148.27938774082395,0.974486150186595,0.3066983938254301,6.421405646537466,0.0012776091764074339,sakit
0.5481658577919006,0.3644784688949585,-0.2012094229343507,0.47734805941581726,0.33745086193084717,0.22457524318393726,0.476284384727478,0.33670279383659363,0.18279701527436867,0.02192478436976979,143.47747994121053,0.9904379077065538,0.23430031375487695,6.6033174310938305,0.0004890045787730649,sakit
0.37892022728919983,0.23613809049129486,-0.0812296270422188,0.26436662673950195,0.17116646468639374,0.11095271397228514,0.16685080528259277,0.1303485780954361,0.639432944938728,0.02566077879067172,216.15812520041436,0.9495228521641291,0.17946209504460486,9.327867761774376,0.0006640972223483022,sakit
0.5096596479415894,0.27148839831352234,0.058967023701832065,0.4748955965042114,0.28447529673576355,0.27081019286249197,0.4642740488052368,0.29003292322158813,0.30156623267232996,0.013750053685784488,402.49063310264427,0.9602097465524028,0.16450232951283036,11.776416630777936,0.00019169784278604595,sakit
0.5538042783737183,0.26104265451431274,-0.2552985085668565,0.4598802626132965,0.24027884006500244,-0.009977070595879975,0.396131694316864,0.21731048822402954,0.21423353862705813,0.011851587118733548,308.80620406960634,0.9593653659511183,0.11661491261031735,11.671844483382001,0.00014205227344361838,sakit
0.7669694423675537,0.22967948019504547,-0.8742336512810638,0.7153310775756836,0.2572822570800781,-0.5865831004722001,0.7033692002296448,0.26740962266921997,-0.4976381683396026,0.09823259825206591,269.1496676933411,0.9663091483597582,0.27799270976755613,8.95703775259813,0.009661126367830064,sakit
0.5765891075134277,0.22823479771614075,-0.24351257025077858,0.5241907835006714,0.2450273185968399,-0.07826460818083233,0.4953753650188446,0.24641023576259613,0.1297230130085215,0.018011575449214418,492.573339528607,0.9334816101156657,0.13033820157514567,13.680723300705326,0.00032675342869887197,sakit
0.6633949875831604,0.21795277297496796,-0.42984392669262217,0.6050111651420593,0.2298022359609604,-0.08786884167195216,0.5679824948310852,0.2427421510219574,0.10974612028166485,0.07638481762955444,491.56243781955754,0.9258004436921387,0.16016403647653896,14.41431549945785,0.005837515878756811,sakit
0.5618301630020142,0.2660697400569916,-0.4034340873028378,0.5296632051467896,0.2717870771884918,-0.29833711740444974,0.5278561115264893,0.2755122184753418,-0.26729895607480875,0.014790699831626815,403.7635471273961,0.9573315886578767,0.18837367356796453,10.503977894045507,0.00022254693606768702,sakit
0.5032869577407837,0.29801779985427856,0.11354229774635947,0.4520041346549988,0.2811146080493927,0.18142886457669233,0.40056324005126953,0.2663089334964752,0.3460969304058491,0.01649907218591694,498.42004242536945,0.9521109519410293,0.12429058879669579,13.63780814030256,0.0002733018965199319,sakit
0.6344068050384521,0.2695615291595459,-0.3324372478390359,0.6026910543441772,0.26778751611709595,-0.22974055617563743,0.5772024989128113,0.2691047489643097,-0.08892617556333042,0.014979950026025058,680.0165575974899,0.9264511949727742,0.11371959017651119,16.37853647725505,0.0002267990246400262,sakit
0.5546022653579712,0.29485785961151123,0.10737708982700951,0.5074355602264404,0.3005129396915436,0.1725565785922633,0.48622238636016846,0.2942877411842346,0.2122293468320743,0.021131942630369032,614.1501054828038,0.9461731737744868,0.12936348186652036,15.445495469947899,0.0004496456289518813,sakit
0.6241430640220642,0.24339894950389862,-0.6123684261207656,0.5806385278701782,0.21270263195037842,-0.6521346298173143,0.5473039746284485,0.20422755181789398,-0.5851439680741517,0.0193716769232742,113.56593235230183,0.9816811541347042,0.23908132045301356,5.996242128361818,0.0003803273777582305,sakit
0.5971700549125671,0.16103221476078033,-0.4255933159571885,0.5183752179145813,0.19456587731838226,0.14235893513857126,0.4783264994621277,0.22135397791862488,0.3682316548102507,0.024879927564551364,99.7773591103808,0.977538367541854,0.31773804848035936,4.62117377371954,0.0006344899551233148,sakit
0.570034384727478,0.2671507000923157,-0.5787410526125671,0.5415782332420349,0.2564406394958496,-0.54453807467439,0.5239286422729492,0.25358152389526367,-0.41624976689961757,0.018452327774300146,137.16637179409605,0.9840856338515325,0.2442902524182445,6.2469595418444035,0.00034756021350428973,sakit
0.6235491633415222,0.24243101477622986,-0.01023167011434913,0.5193533301353455,0.26911526918411255,0.2577600323090583,0.4976791739463806,0.26833319664001465,0.37521041945170547,0.051404329903622585,106.64361017557485,0.9877187669876552,0.267737224750996,5.953369877611071,0.002649575615925414,sakit
0.7156558036804199,0.12315655499696732,-1.3957783585702666,0.5591192841529846,0.12042238563299179,-0.75217367959268,0.4728953242301941,0.13698305189609528,-0.2038993738528881,0.02014767387740925,153.41233804058604,0.9156285098557174,0.16535984075383947,7.815186222397448,0.00041117225980905693,sakit
0.7373384237289429,0.19476933777332306,-0.855914278409731,0.6197109818458557,0.21639232337474823,-0.250129828124518,0.588153600692749,0.22264300286769867,-0.00794161225101005,0.054883014485755194,166.6628677227943,0.9693416163888618,0.23203196532185996,7.473685961295878,0.003017526436326778,sakit
0.5977789163589478,0.32202473282814026,-0.2467718800880644,0.563529372215271,0.3248075544834137,-0.09643870449862085,0.5536644458770752,0.3228025734424591,0.0007128166639774945,0.09573246958475791,499.9700936834636,0.9630907930333567,0.24849753709013975,11.632834545999552,0.009178705240242505,sakit
0.6374824047088623,0.29101088643074036,-0.37437007583509185,0.5865307450294495,0.2860028147697449,-0.26438928069075873,0.5603379607200623,0.2807985246181488,-0.1863904213704042,0.07706787846485232,594.5594329911693,0.9438814966532499,0.1981209854846733,13.285114756886893,0.005942213202495706,sakit
0.6831215023994446,0.1771407127380371,-1.3286009215004324,0.5958404541015625,0.1917392611503601,-0.4323346996302895,0.6001615524291992,0.19548369944095612,-0.6070880622870988,0.04045248881692028,85.14896471681305,0.9809890539285183,0.39815783561247914,4.264684001875898,0.0016683287146029896,sakit
0.7553078532218933,0.21700669825077057,-0.7120270289241245,0.7351049780845642,0.23330938816070557,-0.6435388386987365,0.7282224297523499,0.24097317457199097,-0.43727639220460796,0.11124070358656928,364.992894059904,0.9453967574607497,0.26176988498098963,10.635716543472467,0.012386483450262676,sakit
0.561751127243042,0.33311060070991516,-0.07947612754840784,0.5123039484024048,0.32787564396858215,0.0407352366746398,0.49704936146736145,0.3266945779323578,0.12196522817884706,0.02743519068919859,383.19370752374334,0.9725481317868976,0.1980246318264044,10.214477915515781,0.0007560758892592563,sakit
0.5144004225730896,0.3068705201148987,0.23658914529657685,0.4735792279243469,0.303981214761734,0.35880949722751143,0.4511661231517792,0.3006434440612793,0.41592073453879114,0.03943672961321896,673.6156175542684,0.9435707615393804,0.15954762313969892,14.83250469509548,0.001559171743066581,sakit
0.7094850540161133,0.22139081358909607,-0.4257779971882564,0.651129961013794,0.23420041799545288,-0.197156973203065,0.6060864925384521,0.2429620772600174,0.029086764196972287,0.06987986251667853,462.81558995784934,0.9322327934333147,0.18502799593469646,12.6404185204582,0.004887971133467858,sakit
0.6692293882369995,0.2920515537261963,-0.5659416401597056,0.6064056158065796,0.29064545035362244,-0.3642199928778263,0.5695947408676147,0.2860408425331116,-0.17504491920415507,0.10493706709578586,503.56061313196193,0.9535925557105928,0.21319731649785492,12.71595632466565,0.0110151220747031,sakit
0.650416374206543,0.19687806069850922,-0.5497131735995623,0.5821393728256226,0.20692577958106995,-0.29160961959507936,0.5670062899589539,0.2129477709531784,-0.2559136081321241,0.010375595314833721,615.1782681667495,0.8828168948123084,0.08111341547362978,17.30000790909569,0.00010860701243508329,sakit
0.6488142609596252,0.21839842200279236,-0.8439566499208949,0.5597190856933594,0.236452117562294,-0.34393704598509284,0.4960978627204895,0.2478397786617279,0.17433353593362433,0.017360450771995394,209.38313220920622,0.9695713094866477,0.18803403865759374,8.997604058776682,0.0003069211002833203,sakit
0.7362731099128723,0.19090403616428375,-0.6502819737802948,0.6701656579971313,0.203483447432518,-0.3377401722202656,0.6125920414924622,0.2138373851776123,0.03871910104666248,0.06656185870144597,268.5132538630332,0.9474313312329765,0.20695890392572772,9.563986442054949,0.004435663982255818,sakit
0.7371756434440613,0.1947842538356781,-0.8566935594152564,0.6198377013206482,0.21642781794071198,-0.2504160058574039,0.5881391763687134,0.22265949845314026,-0.008637199491324018,0.05372473551029872,167.56950311203707,0.9691855804004325,0.23009178568420832,7.499743570904506,0.00289145838150095,sakit
0.6618587374687195,0.32794103026390076,-0.4641498934145145,0.5972238779067993,0.3025003969669342,-0.3025585588211334,0.5856345891952515,0.3012905716896057,-0.2251022071397058,0.08430519433839007,310.91556060619797,0.9746235602076352,0.24958111061440466,9.412225696721633,0.007114544804902575,sakit
0.481915146112442,0.2715589106082916,-0.02573638839652405,0.4137950837612152,0.2684437334537506,0.294612124834665,0.4075106382369995,0.2674520015716553,0.30823348436205505,0.014711327561303838,280.27924002509945,0.9698218511707543,0.17559616745548703,9.615923387880267,0.0002205271446463574,sakit
0.6826509833335876,0.20776939392089844,-1.0005147420909335,0.6207634210586548,0.16815660893917084,-1.0000333741442806,0.5918014049530029,0.16518458724021912,-0.9646648648813747,0.02453979049960424,74.67020767534434,0.9811524420699879,0.27683384724545096,4.943835351328491,0.00061120878090446,sakit
0.35805681347846985,0.27077287435531616,0.7924692093068587,0.3561987280845642,0.25424087047576904,0.85320680170903,0.36633703112602234,0.2400449514389038,0.6745080352570201,0.014712338921761032,502.18991410548045,0.9399063365808491,0.14029169717330436,12.935042277379585,0.00021882940235853478,sakit
0.2663804590702057,0.25749829411506653,0.6526752324388894,0.3765401542186737,0.2504459023475647,-0.09120882383542363,0.3958566188812256,0.28823110461235046,-0.12669774407258172,0.029002020408247963,124.04756745135734,0.9808644856324252,0.333811553618558,5.223946049162986,0.0008554096811354556,sakit
0.522575318813324,0.29698535799980164,-0.6501583519107276,0.3367972671985626,0.21845214068889618,-0.11485567263027369,0.29845380783081055,0.2077946811914444,0.2774780713336807,0.045303300121941774,210.65351342409983,0.9706683410910516,0.23650274988268158,8.513530450143744,0.0020618005797524356,sakit
0.3174307942390442,0.24573159217834473,1.1226117814484533,0.31815773248672485,0.22848662734031677,0.9880386017965405,0.2508343458175659,0.1847645342350006,1.6606134708268914,0.07547786323678951,407.02848345236504,0.9383565313785688,0.1982511419861679,12.273463010719404,0.0057064709673901705,sakit
0.32130756974220276,0.25838103890419006,1.1024115271951858,0.2651357650756836,0.19246767461299896,1.1333806882567703,0.1969117522239685,0.10260803252458572,1.769436614348676,0.026873165949231143,276.04311435569315,0.9456889673903941,0.163313221671081,10.369182389522058,0.0007268743321027278,sakit
0.4711792767047882,0.20940394699573517,0.10737930948155668,0.45960524678230286,0.21136613190174103,0.20564967670378603,0.44120708107948303,0.21634970605373383,0.2046944058810621,0.011498438954753734,421.9225582263701,0.9264419848846223,0.12586331117545216,13.117521566485784,0.00013369909163293467,sakit
0.5200202465057373,0.15459243953227997,-0.09580224508039835,0.46487802267074585,0.16758878529071808,-0.03423395132136625,0.4765569269657135,0.20593787729740143,0.03343009706024658,0.01761637610500279,134.06441355762922,0.9626168198536668,0.19129683580669288,7.203285373257806,0.0003146275384692231,sakit
0.5307769775390625,0.2861725986003876,-0.2520271498023917,0.47575920820236206,0.26300933957099915,-0.09929697462296641,0.4515833258628845,0.25569164752960205,0.009527667989701118,0.014769483025502156,330.4103721097396,0.9644338922145831,0.15642131389814623,10.922412481572971,0.0002209022960690529,sakit
0.5800673961639404,0.23308071494102478,-0.3931463851833633,0.5935486555099487,0.23791652917861938,-0.5334390504609152,0.4795944094657898,0.24593102931976318,0.5916432619891423,0.014484424457451904,398.7536647343954,0.9424617440931587,0.16370008945729686,10.875732484532532,0.00021423482442387855,sakit
0.5215967893600464,0.24289371073246002,-0.1651451460570824,0.539986252784729,0.24927707016468048,-0.34202773057105945,0.4207458198070526,0.2576350271701813,0.749962525397818,0.013149559245722644,477.2171432779177,0.9369544552023953,0.15114492798891058,11.895884983534293,0.00017645738040157922,sakit
0.47912850975990295,0.2819920778274536,0.5039129194036011,0.46564415097236633,0.2850310206413269,0.49206012363618745,0.4538622498512268,0.2971464693546295,0.4392364553786835,0.019291402392313816,500.13326900345277,0.9520207667868176,0.1411679949762414,13.373922406424901,0.0003746891599570999,sakit
0.4815647602081299,0.2826780080795288,0.503506023759655,0.4677405059337616,0.2858322262763977,0.4883348892658245,0.456443190574646,0.2978047728538513,0.4395482394668,0.024129768824863545,547.3683746621666,0.9477596861155836,0.14087038900925622,14.0018288558415,0.0005847073827286038,sakit
0.446979820728302,0.22165541350841522,0.3502842392907092,0.4670175313949585,0.20714493095874786,0.33254605109302227,0.512915849685669,0.197403684258461,-0.0932828027384278,0.017295379617939487,266.4016291797385,0.9517978772380661,0.1897487654979867,8.695113340062324,0.0003038102523947452,sakit
0.5703673958778381,0.19075752794742584,-0.5560799341245728,0.5365699529647827,0.19961199164390564,-0.296956001791161,0.5208979845046997,0.2261933535337448,-0.050091238394149966,0.013050738601459852,312.54820646052843,0.9372341956716936,0.13785763815747296,11.196094219561724,0.0001723138450045054,sakit
0.4688420593738556,0.22573940455913544,0.19766662844094418,0.45161935687065125,0.22695426642894745,0.26054102857006933,0.4657052755355835,0.233117014169693,0.13284238599163425,0.013900226526523998,451.20763256499373,0.9312722004547709,0.1718532582698318,11.88205459244382,0.00019602505286903397,sakit
0.5759695172309875,0.1940818578004837,-0.480202915697863,0.5442832112312317,0.19324758648872375,-0.3526452276582775,0.50925213098526,0.22272279858589172,0.09518840320186973,0.013113982092528344,314.352579804877,0.9334916529740266,0.12933934214958986,11.536817267398462,0.00017393893889303485,sakit
0.5773454308509827,0.18038229644298553,-0.5951199721239095,0.5398481488227844,0.1992305964231491,-0.3167781094240533,0.5216227173805237,0.2250184267759323,-0.13472857223753235,0.013270521127070792,311.5228834220422,0.9357935169604428,0.13484546185340454,11.240452349405535,0.00017797539076506725,sakit
0.5801861882209778,0.2232305407524109,-0.4958264600780974,0.5345335006713867,0.2238393872976303,-0.22994530120895945,0.5067995190620422,0.23311682045459747,0.0054389112065904716,0.016840344463722505,176.02421293207036,0.9724801437642027,0.2058205801442725,7.413786026642278,0.0002890718053248162,sakit
0.5248222351074219,0.23180457949638367,-0.08105510158077332,0.44175660610198975,0.22839078307151794,0.2314157282253897,0.42555487155914307,0.2225528210401535,0.25579275193858847,0.013761233258482199,462.3323275757566,0.9305692155318067,0.17355452607493008,11.816844174299938,0.00019255829702732722,sakit
0.34790343046188354,0.2635931372642517,0.7284352906309197,0.3295624554157257,0.26060372591018677,0.8526076480276652,0.3366437256336212,0.25730010867118835,0.825001803384146,0.018073016194479326,193.87227714956657,0.9779571861848848,0.2133003943443911,7.575284214725474,0.0003315731649713284,sakit
0.44145992398262024,0.2463216632604599,0.33829569180160407,0.4128361940383911,0.2428051233291626,0.44749757717069,0.41296759247779846,0.2414848953485489,0.4679835876386171,0.010910818637545961,432.78896732917445,0.9436707309995946,0.12498588962512357,12.852944261926156,0.00012045065555298448,sakit
0.49437880516052246,0.22144685685634613,0.09885146023124589,0.48202043771743774,0.21725259721279144,0.06329814880381085,0.4568820893764496,0.208724245429039,0.10556775803338578,0.009757440575877628,415.8787605246027,0.9321199911562271,0.0863494877712933,14.380571857263774,9.598401818193242e-05,sakit
0.4846009910106659,0.1548517346382141,0.03353421819151385,0.4287227988243103,0.14553618431091309,0.25125794601242507,0.35776662826538086,0.13512000441551208,0.298322163288426,0.012186910067340746,489.1074340901276,0.8214508784231671,0.08259126152638006,15.402630892725997,0.0001491461409328388,sakit
0.5322585105895996,0.23031660914421082,-0.0051810724054680846,0.5131447315216064,0.2169731706380844,0.12777690054265833,0.5072736740112305,0.2131109982728958,0.10160933422915548,0.013974197295314723,302.4007682863484,0.9497975682132084,0.17133756520733853,9.80065286104589,0.00019855669545745425,sakit
0.4784722924232483,0.21082662045955658,0.1001677402132767,0.46404850482940674,0.20528781414031982,0.1433796836195584,0.43089058995246887,0.20156802237033844,0.29729136882069435,0.01572736125598713,220.40136527518288,0.9595489078276417,0.17182953000177967,9.082916963907326,0.00024971935895474546,sakit
0.61083984375,0.22284729778766632,-0.6005585746824975,0.5646603107452393,0.2363196611404419,-0.20742478940964568,0.5584868788719177,0.23835642635822296,-0.14966267388079996,0.0188175006175593,171.20895467791402,0.9753472780000169,0.22464517495507064,7.578997549077972,0.00036039393914866344,sakit
0.5140409469604492,0.2658851742744446,-0.007992037572938194,0.5073902606964111,0.24755656719207764,0.035637009702819036,0.5115029811859131,0.23728381097316742,-0.07118551721683189,0.016091648807486172,311.9324306648027,0.9613034723783045,0.18628283333661053,9.871385256668976,0.00026289875536833804,sakit
0.4077950716018677,0.2901332378387451,0.4359010844796746,0.3784545361995697,0.2717793583869934,0.5404124554611445,0.37453240156173706,0.2530977427959442,0.5026521999241844,0.014804505778594499,504.1153225835672,0.9480389510806785,0.17443559101283976,11.42455617578345,0.00022209491941572825,sakit
0.5422688126564026,0.18043263256549835,-0.5838325203894418,0.5360288619995117,0.17411687970161438,-0.5512465753498264,0.5162699818611145,0.16340389847755432,-0.48275455490858754,0.011100644182099844,494.15511201429575,0.875018321332269,0.07339092847024592,16.083692143292055,0.00012369641436284833,sakit
0.5365821719169617,0.180314302444458,-0.40272548041548506,0.5202234387397766,0.18203622102737427,-0.4140664914392923,0.5029618144035339,0.18969860672950745,-0.4839961693347331,0.026018655542432503,211.28110760243965,0.9495409880948288,0.2596644989624075,7.278172571640538,0.0006882171442803654,sakit
0.5381990671157837,0.260675311088562,-0.7505279509370526,0.4683355987071991,0.24273356795310974,-0.3191134514527754,0.4638937711715698,0.25506043434143066,-0.4301498142404609,0.023212423308176123,178.10005261943593,0.9775001801033381,0.246069332454711,6.448825935112662,0.0005467798677414162,sakit
0.5609138607978821,0.2366233468055725,0.41475650084047483,0.5444663166999817,0.23560458421707153,0.45168131951865564,0.5001750588417053,0.24547609686851501,0.6466155727216478,0.031727268264703255,312.3634435497409,0.9566688985950887,0.17382970282160393,11.067182253212167,0.001010225178623516,sakit
0.5861250162124634,0.2805166244506836,0.12049427179212063,0.5809838175773621,0.27872925996780396,0.15617381017186957,0.5582202672958374,0.286953330039978,0.27060574216945227,0.045308448538380786,305.8572531268428,0.9699018219511193,0.2243848371945547,10.066897973256486,0.002060716401859143,sakit
0.41257625818252563,0.26736995577812195,-0.3569446155518517,0.4473866820335388,0.19903075695037842,-0.609118884026574,0.4461686611175537,0.22264626622200012,-0.45430588744811157,0.016493174121578483,230.31800683399567,0.9533529788793452,0.20242707534617152,8.464620133446372,0.00027796950125815996,sakit
0.25591304898262024,0.2700255215167999,0.6013579451543247,0.4320470690727234,0.20494209229946136,-0.37281517393129876,0.45163291692733765,0.254607230424881,-0.0027490449439173024,0.029652613265514435,101.67286409143894,0.973772656067882,0.32455229824778326,5.482669953841406,0.0008937789069911277,sakit
0.31554093956947327,0.18904489278793335,0.7423894595054309,0.30980542302131653,0.18320253491401672,0.39227907806168877,0.3223462998867035,0.19598107039928436,0.24939496977344897,0.02802454261435802,192.46436163596482,0.9562195590621497,0.3011693702972608,6.884372802533133,0.0007959805746363788,sakit
0.5122630596160889,0.2345070093870163,-0.0589013394606613,0.4941847324371338,0.22831664979457855,0.05304428497712879,0.48733437061309814,0.24011284112930298,0.0811769908040527,0.012748485056403075,399.73073943831696,0.9413388265755009,0.14366019758157114,11.653721500651036,0.00016553072994018801,sakit
0.39110007882118225,0.22524158656597137,0.6189761860911022,0.37495967745780945,0.21595299243927002,0.7447476407756024,0.34913191199302673,0.22413033246994019,0.8228235525595652,0.01223052346590238,468.9498823861289,0.9222591865146251,0.1165800592926984,13.818913510469804,0.0001509968056352966,sakit
0.4253256320953369,0.2699369490146637,0.35481375276466515,0.38567054271698,0.2834901809692383,0.585488570022053,0.3527486324310303,0.29352352023124695,0.7713033006777229,0.014714680341863006,398.31964506620346,0.9602442723677987,0.1597963756908438,11.280303530508148,0.00021898133825194103,sakit
0.5106754302978516,0.2724185883998871,-0.10953085317703683,0.512376070022583,0.2710925340652466,-0.24191907148726,0.48346710205078125,0.2855710983276367,-0.11514814911340292,0.022232841039079146,213.68436900461697,0.9774807041237811,0.2332898545492458,7.5987195659218685,0.0005022139790889709,sakit
0.4339485466480255,0.225147545337677,0.29528374459836815,0.4164275825023651,0.22636933624744415,0.3484369539034268,0.3944224417209625,0.23873260617256165,0.4444523062914124,0.015684273775092707,305.76914911122486,0.9541622581073627,0.18744165107826757,8.813690672800176,0.00025056502658148057,sakit
0.4096807539463043,0.23276442289352417,-0.13873660432119495,0.42404642701148987,0.2235492318868637,-0.2466231315188768,0.4280354976654053,0.2185710370540619,-0.30872693402291906,0.02178705022264686,229.553042177062,0.9648796618002579,0.231685979255285,7.994401246922145,0.000482054463943979,sakit
0.36765041947364807,0.24534855782985687,0.5319102943055317,0.3640756607055664,0.22851020097732544,0.6152886856907629,0.3639659285545349,0.21305958926677704,0.6620241618825684,0.021400467756253264,284.3987381157838,0.9585367183130483,0.20775386592413722,8.361444865894816,0.00046238470210362674,sakit
0.4601086974143982,0.2706398665904999,0.11317059091481754,0.4503357410430908,0.25355103611946106,0.1823344232332306,0.45174890756607056,0.24156048893928528,0.0949425877159906,0.015114126209730743,326.02543187383804,0.9612650839737603,0.18198988190208207,10.069160904799904,0.00023200030493520353,sakit
0.5364659428596497,0.24662184715270996,-0.3904256389758649,0.5217759609222412,0.2526983320713043,-0.2073450680585987,0.5075756311416626,0.2596127986907959,-0.12452370373143676,0.012658960867575222,488.73609637831333,0.9400577156389828,0.15873995973293778,11.497605484796638,0.00016260815521958289,sakit
0.3386118412017822,0.21330313384532928,0.8570064671284247,0.33202695846557617,0.22055307030677795,0.748520119556619,0.3400304913520813,0.2257731407880783,0.6886758546376296,0.014269895912510489,519.0108870320233,0.9123982969132824,0.1253557689263936,14.516185900848447,0.00020643994227450177,sakit
0.3366282880306244,0.23954014480113983,0.4733727658382462,0.339150071144104,0.2313912957906723,0.38761361348725426,0.3340417146682739,0.22763925790786743,0.32880088983762445,0.018333842550616927,431.9940743458633,0.9378909988206291,0.18931314882689276,10.785564924375672,0.0003417764637471074,sakit
0.4689445495605469,0.20451268553733826,-0.1759879002600997,0.4001276195049286,0.2075316607952118,0.056870258417060844,0.41063785552978516,0.22156482934951782,0.07669489881302193,0.014882258678323367,298.7717308702884,0.9457088794633175,0.16979814529912093,9.625695873109796,0.00022482037151877194,sakit
0.25964292883872986,0.18098562955856323,1.3369925899097965,0.22432401776313782,0.1794758439064026,1.3960636284234116,0.22731396555900574,0.22372767329216003,1.1611422866325092,0.05608760059936446,310.4024843530053,0.9299455870852635,0.29921137242562457,8.610290046774072,0.003198614690330411,sakit
0.4471645951271057,0.350098580121994,0.43056671443075073,0.36800655722618103,0.33049261569976807,0.7647405994637078,0.39194321632385254,0.3286687433719635,0.7042591345237503,0.0505348209385029,514.8111326429415,0.9635764410031861,0.2638361660620503,10.834437918743648,0.0025658086776029782,sakit
0.5515832901000977,0.2833986282348633,-0.19143237576937522,0.5286231637001038,0.2882411777973175,-0.09896147826928743,0.5162835121154785,0.28658369183540344,-0.04889999753338085,0.017031104225546514,432.19191979395555,0.9591456098415088,0.2067694323960115,10.179004692937376,0.0002949187596582819,sakit
0.44734030961990356,0.22808042168617249,0.1262321429354446,0.4378817081451416,0.21127182245254517,0.03894860691477271,0.424995481967926,0.22314311563968658,0.15317821249665278,0.011932538311964542,310.6440035186024,0.9472835670161309,0.13179054904156517,11.2698746788016,0.00014401149288252547,sakit
0.4506363570690155,0.23780609667301178,0.3139341747813116,0.3838278651237488,0.24802573025226593,0.5649382531181808,0.3498294949531555,0.2387830764055252,0.7583581600901891,0.01365035894390676,555.9359453282595,0.9259346355705431,0.143559537254917,13.786092771886244,0.0001892318996925935,sakit
0.4204980432987213,0.3348950147628784,0.4376757164353257,0.3723265528678894,0.31981202960014343,0.6970693332378416,0.31329110264778137,0.31713056564331055,0.937155476678464,0.05098689308437158,573.5868305725891,0.9573624793807715,0.24677988556412414,12.065861266102706,0.0026094416280571034,sakit
0.40781232714653015,0.2564994692802429,0.5740367502454498,0.3482469320297241,0.23371897637844086,0.8291589186077674,0.33354416489601135,0.22328853607177734,0.9543622593995751,0.013513852896620314,593.0671073239167,0.9180355782526678,0.12365122712957831,14.38953447152383,0.00018400619217988256,sakit
0.3091484308242798,0.2745693325996399,0.5028405393422788,0.3008853793144226,0.2708055078983307,0.5801818275598954,0.2882521152496338,0.26681339740753174,0.567706599197565,0.057125633074601945,409.7924007691618,0.9569016499671418,0.3019486864157952,9.995960020482261,0.0032945483584768055,sakit
0.5251352190971375,0.22944898903369904,-0.18317761543522817,0.4823687970638275,0.2586069107055664,-0.007549949163873056,0.4776812195777893,0.27171024680137634,0.03337272410856599,0.013338232197906854,465.7780237814659,0.9424406067997664,0.16161613080324264,11.261681895597865,0.00018116101497470723,sakit
0.3842523992061615,0.24575775861740112,0.6182835190464919,0.35791608691215515,0.24006475508213043,0.7224926899969921,0.35708773136138916,0.23948559165000916,0.723292879984109,0.012482600939339382,417.2031919074202,0.9447712065760864,0.13407899045854096,12.315246253724837,0.0001574266831784411,sakit
0.44898873567581177,0.25580403208732605,0.06847873938088792,0.41546431183815,0.25214681029319763,0.14264168782775338,0.413862019777298,0.24843595921993256,0.13357598886324074,0.021634493721395472,159.85543932195267,0.98062938682077,0.18103578876942192,8.145044075410214,0.00047170514716996843,sakit
0.518685519695282,0.33399519324302673,0.24232437443078297,0.5008279085159302,0.3348877429962158,0.2877925271946783,0.4638945460319519,0.33053064346313477,0.3983491086863028,0.024976042506845254,404.9164643263709,0.9719569563584858,0.1775330457217994,10.758442897152884,0.0006320826744688926,sakit
0.4332951307296753,0.21340437233448029,0.26470997672045615,0.4520286023616791,0.2044415920972824,0.08168258122553204,0.30320262908935547,0.21383525431156158,1.0738512545118144,0.013425224518290058,361.8834927615324,0.9307172558333532,0.1278022737978249,11.710795696577717,0.00018411337006487237,sakit
0.41316133737564087,0.27913227677345276,0.4055980206187484,0.35862213373184204,0.24752157926559448,0.5403128920632673,0.33139026165008545,0.24117997288703918,0.8581758779951636,0.015474697358885452,236.1380290191344,0.9718891401994932,0.17156062501041422,9.180565321215072,0.00024362927504984098,sakit
0.5987446904182434,0.3638630211353302,-0.4517222498745697,0.5705337524414062,0.40022894740104675,-0.2698760476169674,0.587145984172821,0.41764336824417114,-0.2887566222622807,0.10187751029446324,803.9725458436936,0.9592353228270598,0.3793873203760229,12.335979452379304,0.010389180351521558,sakit
0.6121236681938171,0.26646047830581665,-0.2251309041131416,0.5150238871574402,0.2920771837234497,0.142910682295858,0.4352545738220215,0.2826659083366394,0.30909781863419966,0.019152823302892388,270.8833878644144,0.9735401178171643,0.21240833203091436,9.096541896285187,0.00037247056026806324,sakit
0.4565061330795288,0.2810773551464081,0.3681799917678185,0.3825007677078247,0.28190475702285767,0.8739182973181467,0.3291798233985901,0.2884694039821625,1.226658388162891,0.07190317681433248,381.9227108673995,0.9615220657619151,0.19340247094718524,11.409478983032058,0.0051715837652418365,sakit
0.3626408278942108,0.2861950993537903,0.536650991136708,0.28760427236557007,0.2668777406215668,0.8719564461547366,0.2374570518732071,0.2637063264846802,1.1932347991003147,0.08782738516428447,413.11737132033653,0.9564411752267609,0.29492564999032816,8.772524833080686,0.0077253863180306095,sakit
0.4058736264705658,0.2278815358877182,0.6931199598764777,0.30043888092041016,0.20623810589313507,0.7691977757167321,0.20404592156410217,0.19939012825489044,0.9791369719294839,0.02234453891254079,165.43378630888648,0.9710824927579202,0.23473617617298273,6.9168223137455795,0.0005080387289029231,sakit
0.5398675203323364,0.28157734870910645,0.5636786300006094,0.5019048452377319,0.30360499024391174,0.592969649861068,0.48915237188339233,0.30938559770584106,0.6159275585887166,0.11467977717498314,200.95066720699978,0.9824214021944035,0.3196151520808343,6.883268482122941,0.013157787807657672,sakit
0.42530524730682373,0.25099560618400574,0.06310982680948395,0.41859322786331177,0.2506190538406372,0.08563189663291959,0.41527676582336426,0.2501700818538666,0.06388022749266316,0.01723887778692686,330.76348224677093,0.9590044573748178,0.20379441692919206,9.763551800673905,0.0003020837866193471,sakit
0.39204561710357666,0.26490914821624756,0.15656317254881955,0.4165591895580292,0.26760154962539673,-0.07767009480849742,0.44382578134536743,0.27442461252212524,-0.24240392111796902,0.02915122211198576,320.04844805455866,0.9647814804091684,0.24939668492300093,8.070924678264213,0.0008590709490789349,sakit
0.44695383310317993,0.2905672490596771,0.3588464619822132,0.40164822340011597,0.2845832109451294,0.5859269197095741,0.3642098903656006,0.2771763801574707,0.7953429349373303,0.016668606988191777,310.7625084150043,0.9702271659895273,0.18348093123869677,9.90078150048989,0.00028107765526575666,sakit
0.4049498736858368,0.312250554561615,0.4370327773790854,0.36532658338546753,0.30380627512931824,0.667077573663916,0.33381974697113037,0.2950260639190674,0.8471488450127898,0.06608945472372432,393.39471977833654,0.9671173849446673,0.23645703109275817,10.115603590735148,0.004377352037068442,sakit
0.5158403515815735,0.27242156863212585,0.29657351765395085,0.5186293125152588,0.2746996283531189,0.22907091817208883,0.5891734957695007,0.30226364731788635,-0.06321411928968403,0.06669548399869643,476.06570434873873,0.9502684912986666,0.206312208277336,12.089319081524396,0.004449682048529598,sakit
0.4150349199771881,0.25502002239227295,0.3648606172071227,0.38799339532852173,0.24879339337348938,0.4758824266443625,0.3895012140274048,0.24722686409950256,0.4872298894251033,0.014192968304594477,448.65678283693074,0.9442473023465764,0.13954964049989374,12.26128783312416,0.00020437700831136383,sakit
0.6069082021713257,0.30621206760406494,-0.016282705189920272,0.5674995183944702,0.31876131892204285,0.14993026348499366,0.5501937866210938,0.30474522709846497,0.22917654544581276,0.10960181131542814,471.55363199149866,0.962701314119199,0.25640833960748616,11.12317721521598,0.012021428735632063,sakit
0.5110087394714355,0.24021992087364197,-0.08207436227759204,0.5042723417282104,0.24107414484024048,-0.09886973593090852,0.525840163230896,0.2514447867870331,-0.1807014671833209,0.016304538257177436,259.34428839765957,0.9652054841986186,0.17925668740164957,9.344494355812005,0.00027123566465438534,sakit
0.47781094908714294,0.30880022048950195,-0.15564649849403953,0.41896143555641174,0.27423182129859924,0.08532797000136662,0.383790522813797,0.2577562928199768,0.2029360931100917,0.021488372335855575,439.8528301505368,0.9567920677143018,0.18339679389676558,11.580148505220643,0.0004684857624041084,sakit
0.5977466106414795,0.32158416509628296,-0.2477624053473023,0.5638067722320557,0.3244326412677765,-0.09547397986338681,0.5532948970794678,0.3223446309566498,-0.0016002885009592162,0.09442969208079288,478.3617211961259,0.9646033254622881,0.24736254533020596,11.406873688613848,0.008929010458924915,sakit
0.6634374260902405,0.31941813230514526,-0.382826693235896,0.6373395323753357,0.3242548406124115,-0.26635630407767974,0.6459736227989197,0.3194586932659149,-0.22897137794792832,0.19592518281384316,479.4853043567835,0.9643257439132848,0.32013684043070123,11.041889293176629,0.038400870914106454,sakit
0.715643584728241,0.12310710549354553,-1.376437967706343,0.5593489408493042,0.12028224021196365,-0.7513998500260105,0.473156601190567,0.13625627756118774,-0.2251740673027172,0.020270753170160975,148.32793261967498,0.9182472779358711,0.16664418741514164,7.689452745594994,0.00041635212134028286,sakit
0.32063719630241394,0.19042536616325378,1.022909332938378,0.2766657769680023,0.19364753365516663,1.0790127305883241,0.27072444558143616,0.2450166493654251,0.8658017830532699,0.042789209024185114,251.19796344797712,0.95081308679185,0.26453413664405767,8.328551626458863,0.0018669680368287366,sakit
0.40327563881874084,0.17949487268924713,0.21403698292488244,0.45057913661003113,0.15487739443778992,-0.31810571335494164,0.7005955576896667,0.2558048665523529,-0.45481926535432565,0.01997116413499458,225.82893509550584,0.9248281078580834,0.1866781604417428,8.79145268647032,0.0004051501853320622,sakit
0.4986873269081116,0.19626207649707794,-0.3757723898987393,0.42165911197662354,0.16800031065940857,-0.011338495885381538,0.6100632548332214,0.296645849943161,-0.30773545401586977,0.021231075831378187,297.2469082562124,0.9311330969006181,0.21470692237560163,9.722775979334351,0.00045855972666646776,sakit
0.5084520578384399,0.22588664293289185,0.09993452014969065,0.48085689544677734,0.20801033079624176,-0.012089668718248311,0.4659201204776764,0.20131036639213562,-0.04666095261484139,0.3480794550653239,269.02861778070024,0.9536306207940233,0.4640926028189403,7.7538727578097095,0.12116186817281831,sakit
0.5558367967605591,0.3005860149860382,0.020999196187468757,0.5451502799987793,0.304167777299881,0.044304532727734866,0.5188306570053101,0.29088497161865234,0.22413810532434683,0.021867158083284228,442.54357923515016,0.9620936361157403,0.18475100305787454,11.44351330800702,0.00048306040264710603,sakit
0.42436087131500244,0.2510882318019867,-0.33932643485343683,0.3626110851764679,0.2368054986000061,-0.04253891197987272,0.37423452734947205,0.24716326594352722,-0.012987537201299535,0.09997043815061807,267.0182343838683,0.9640458136116266,0.25671878049918145,8.660281881629482,0.010004785931109973,sakit
0.4715084433555603,0.2300405353307724,0.23563392006556844,0.4681418538093567,0.24187342822551727,0.30756068993994606,0.4770175516605377,0.25481876730918884,0.4016005852919944,0.011790915061826723,313.51166925547903,0.9570514205394899,0.13343258199477012,10.9054622708778,0.0001413011061888233,sakit
0.33517634868621826,0.17310753464698792,0.3336006211028718,0.34120887517929077,0.19167670607566833,0.5562554674377078,0.3547864854335785,0.20989398658275604,0.6415639438549202,0.0223378175751022,186.83893419237464,0.9586591289294891,0.21218536429807103,7.723952169673193,0.0005055930927271304,sakit
0.3791728615760803,0.20167016983032227,0.053549079979677824,0.32557860016822815,0.21636979281902313,0.43508091150691897,0.3226439952850342,0.2186383306980133,0.5421228596245188,0.024382626338424505,250.05539723952236,0.9562593147612394,0.24811618974698735,7.72135319620154,0.0006031222220881749,sakit
0.5155357122421265,0.2654246389865875,0.028103891743140184,0.44041118025779724,0.28759750723838806,0.28865447254613064,0.4067098796367645,0.29794198274612427,0.38321216055110746,0.030856814980202527,349.79891241159424,0.9658028820974196,0.20616432777551,9.63921212723836,0.0009542054912748312,sakit
0.4407219886779785,0.26036879420280457,-0.18434887018258705,0.4311012625694275,0.25961071252822876,-0.12166432853407085,0.3161267638206482,0.2257920205593109,0.4609314283130877,0.03600758399491624,429.67824221462837,0.946018961316065,0.1910597495161781,11.486025217787438,0.0013047517595031156,sakit
0.4059777855873108,0.232883483171463,0.2029140585044005,0.4505385458469391,0.2726912200450897,0.1341819669248454,0.5767495632171631,0.35534995794296265,-0.08230649832524857,0.01687867394269117,328.88637335983327,0.9633935891677746,0.20042320892771046,10.076142313669129,0.0002890072808564309,sakit
0.5845456719398499,0.2784669101238251,0.09145293544531559,0.5932583212852478,0.2734549939632416,0.02874422072529999,0.5970864295959473,0.26284945011138916,-0.1669423007267542,0.029236885902011372,514.8948575729293,0.9456018827802994,0.17038901562488293,12.586623459453092,0.0008594599464496334,sakit
0.4686291217803955,0.18968510627746582,0.4015802287807295,0.4983690083026886,0.19289004802703857,-0.015891724111523373,0.6096150875091553,0.27385538816452026,-0.048132663240449576,0.012478997188401335,450.3210587366391,0.9018822798718894,0.13084949258158415,12.830639228007854,0.00015862273808235278,sakit
0.48575037717819214,0.19554683566093445,0.2156345704919097,0.5152837038040161,0.21807274222373962,0.06403177719113848,0.5353391766548157,0.26491042971611023,0.27628241255973307,0.013262996569755691,296.6451441167357,0.945197238652267,0.15958917560583988,10.261622641974034,0.00017846042304301403,sakit
0.5825071334838867,0.23509208858013153,-0.31707925353647,0.5600773692131042,0.24779126048088074,-0.1939364123098003,0.5467872619628906,0.26095160841941833,-0.09402041813074838,0.012857922213981134,419.76219860810164,0.9457446593184211,0.15019047748848602,12.70625323191313,0.0001678808431899415,sakit
0.4093198776245117,0.2933289706707001,0.6687562994360253,0.41114065051078796,0.2930859327316284,0.6384106689536516,0.4209313690662384,0.2996610105037689,0.5055195340268304,0.018565733402847714,445.4865151919408,0.9601218892829458,0.21411108877182414,10.531265147249696,0.0003489878408830393,sakit
0.2221396118402481,0.22727465629577637,1.0536156048532273,0.20913811028003693,0.21692529320716858,1.0243935820346772,0.20753441751003265,0.2253749519586563,1.120628218670616,0.10648405794826787,341.27853126510234,0.946084096212605,0.28469305386899657,9.791893588588618,0.011373005799698748,sakit
0.3468582034111023,0.2375449538230896,0.20794828563408638,0.3126217722892761,0.2230926901102066,0.43633558683361895,0.3081410229206085,0.22236958146095276,0.45902550898001687,0.02188320673519724,353.05447373925495,0.9463385315242601,0.19612380712624422,10.041588581526446,0.0004833712733129732,sakit
0.4159497320652008,0.20118142664432526,0.510018387795634,0.44353047013282776,0.23625397682189941,0.4080590336118573,0.46523597836494446,0.2725401520729065,0.41764367349758874,0.010352589926913614,480.537949173604,0.92722623505374,0.09632213542220165,14.67915234592648,0.00010825174432805189,sakit
0.554114580154419,0.21488867700099945,-0.3620497056622839,0.5473920106887817,0.20813925564289093,-0.18076038931664098,0.5354605913162231,0.21435633301734924,-0.08381453273471746,0.011960403546746753,629.4709193689683,0.8867255908257596,0.07247855796575499,18.451459125233228,0.00014348488549197264,sakit
0.7346508502960205,0.29706764221191406,-1.1040510543737283,0.7078292369842529,0.29562753438949585,-0.799321106252732,0.6275290250778198,0.3269294500350952,-0.2750043623239277,0.1972789568739104,318.50231308882485,0.9711455209259192,0.32777483533833074,8.618340775384585,0.038927288261338816,sakit
0.40186169743537903,0.24417047202587128,0.3737805593869925,0.3783040940761566,0.245380699634552,0.35385317780089015,0.340751588344574,0.2498842477798462,0.4026295265436769,0.01580016508044066,327.2912148295425,0.9574574807225975,0.16214891924020738,10.15696728575559,0.00025275457649077867,sakit
0.5260869860649109,0.2238132506608963,0.39237384011506926,0.5226150751113892,0.25930002331733704,0.3451167102035886,0.5141805410385132,0.31253179907798767,0.3156862435821648,0.012334296351797369,591.8778875561756,0.9271523013808901,0.12546348950626862,14.740485491050912,0.0001544401135997231,sakit
0.6086660623550415,0.22540801763534546,0.4590475671973468,0.5660778880119324,0.22780349850654602,0.7462564785739781,0.5217853784561157,0.24031071364879608,0.9095128990944426,0.07392581091647984,589.9750178573103,0.9102931543050575,0.16774128319998924,15.509375704423073,0.005470285844904516,sakit
0.5538328289985657,0.2604503631591797,-0.2560660396270468,0.4602293074131012,0.24016426503658295,-0.013371806975242479,0.3962741792201996,0.21684670448303223,0.20790194726710512,0.011980286638338949,291.33717407067127,0.9615833657979899,0.1184116251740824,11.361787023062563,0.00014522606343095375,sakit
0.5769656896591187,0.18525779247283936,-0.37604385844203064,0.5182293653488159,0.18466317653656006,-0.2648237279745289,0.48315858840942383,0.18322892487049103,-0.12542583077698408,0.009254331061516128,888.9212200634952,0.79607305443192,0.0611495486776697,21.346035004006684,8.627231487518413e-05,sakit
0.6829220056533813,0.20900601148605347,-0.3969442911357427,0.6274077296257019,0.22389808297157288,-0.09244070276205575,0.5925962328910828,0.23608846962451935,0.09804195268724622,0.08135637264835914,460.5193170333369,0.9259941501283767,0.16955341318177272,13.879068592508611,0.006622611306568867,sakit
0.5304021239280701,0.2377610206604004,0.02868947219663638,0.5372821688652039,0.2977195084095001,0.13945884424169971,0.5319111943244934,0.33575719594955444,0.2352716571915527,0.025204994998394254,208.71539459211397,0.9792084690214726,0.1760113313361804,8.829609383628842,0.0006379133697758759,sakit
0.548918604850769,0.1625259518623352,0.029436337156780183,0.49080896377563477,0.16337686777114868,-0.3162465736434213,0.45861124992370605,0.18120470643043518,-0.3003796085519477,0.010547819853236181,645.378687415159,0.8042465905751083,0.0680983426731772,18.282769503598974,0.00011188264290297815,sakit
0.43212810158729553,0.265904039144516,0.5492883641959615,0.4449153542518616,0.2829587161540985,0.4647944070798665,0.4574261009693146,0.28037604689598083,0.5029985676009748,0.024948735647253334,250.35367579399602,0.9744369276717931,0.16237838818216924,9.316092767639324,0.0006246368008471923,sakit
0.4446360170841217,0.3096005618572235,0.36503817859266,0.44023215770721436,0.30602407455444336,0.4426269118687195,0.4261409342288971,0.328804075717926,0.42317203169954337,0.01661691318987868,376.79113321457254,0.9695379781402317,0.17898006467377245,10.27840198285832,0.0002813773701297356,sakit
0.5084835886955261,0.2227845937013626,0.11658838236633555,0.47032037377357483,0.22950683534145355,0.2720310299834187,0.4621427059173584,0.22018101811408997,0.2739833518789144,0.016634788935549344,235.53113131261034,0.9639627574098263,0.18542429081465753,8.980589748226718,0.000282375106526051,sakit
0.4488295912742615,0.22446733713150024,0.06716860628239045,0.3933606445789337,0.24219952523708344,-0.054985036047291685,0.3792053461074829,0.32119905948638916,0.2882972191968337,0.019624017623919063,210.2061452112572,0.9708330320419177,0.22019209488456473,7.900094573658854,0.0003920175346181082,sakit
0.3684871792793274,0.2482491135597229,0.361043822853412,0.33313414454460144,0.2621973156929016,0.6459013195917593,0.31946316361427307,0.27334097027778625,0.8624496966500391,0.01739283316515026,273.28567026449883,0.9680579763704013,0.18860361501987452,9.034173479938252,0.00030647703015551116,sakit
0.3936159610748291,0.23903441429138184,0.1985968325909604,0.373718798160553,0.23849022388458252,0.1804530856755798,0.37461358308792114,0.239467591047287,0.11942597074779919,0.01778052150844635,320.9335731392868,0.9559118271494236,0.18400427865310065,10.127819667267383,0.0003199089638463352,sakit
0.5975947380065918,0.18457669019699097,-0.512395578443012,0.5166939496994019,0.17276631295681,-0.15300172343263863,0.4476485550403595,0.1718263179063797,0.17467475549531028,0.012187990560246246,390.041995576481,0.8996710523261234,0.10298323876978688,13.176376944794873,0.0001502847912781064,sakit
0.44827279448509216,0.3015558123588562,0.23921827533314152,0.43598276376724243,0.3058888018131256,0.32306865875283597,0.4427642822265625,0.30469173192977905,0.3243222541389111,0.02766042651638868,484.7421904042806,0.9593055080198631,0.2310224870011376,9.930203521401298,0.0007716553395145073,sakit
0.4597766697406769,0.2366742044687271,0.25713130685482927,0.3796633183956146,0.22734901309013367,0.5573170572494633,0.3636123836040497,0.21954740583896637,0.5665324872590257,0.014316805832599555,498.496971406937,0.9254185813517487,0.17690681061821725,12.354179458345106,0.00020846035156694046,sakit
0.5215967893600464,0.24289371073246002,-0.1651451460570824,0.539986252784729,0.24927707016468048,-0.34202773057105945,0.4207458198070526,0.2576350271701813,0.749962525397818,0.013149559245722644,477.2171432779177,0.9369544552023953,0.15114492798891058,11.895884983534293,0.00017645738040157922,sakit
0.4416922926902771,0.2782670557498932,0.3341431916180548,0.4298115074634552,0.2888500392436981,0.3879691299917623,0.3885093927383423,0.28986474871635437,0.6218737800829001,0.012055719855205899,777.2558013078819,0.9253299689945859,0.11721857655139706,17.268008905076695,0.0001472692885203486,sakit
0.5607512593269348,0.3116874396800995,-0.11601305342780495,0.48654818534851074,0.32177186012268066,0.15854882715861884,0.46249157190322876,0.3276159167289734,0.2553103368568721,0.0438033708663596,594.3668776032091,0.9544473810864665,0.18452818770177937,13.344999648411532,0.001924384068254518,sakit
0.5398675203323364,0.28157734870910645,0.5636786300006094,0.5019048452377319,0.30360499024391174,0.592969649861068,0.48915237188339233,0.30938559770584106,0.6159275585887166,0.11467977717498314,200.95066720699978,0.9824214021944035,0.3196151520808343,6.883268482122941,0.013157787807657672,sakit
0.5850471258163452,0.21086731553077698,-0.2605766097870296,0.5141646862030029,0.21531493961811066,-0.020472621372535076,0.4990254342556,0.21888785064220428,0.013139100414745891,0.009267876920838811,837.4962369579692,0.85423036385568,0.0746197299510927,19.59755793454274,8.664147610897802e-05,sakit
0.45518213510513306,0.18327471613883972,0.038890737951404575,0.48593664169311523,0.2379424124956131,0.23499841853468395,0.42343080043792725,0.20331071317195892,0.0421176584114827,0.008326253486654498,1136.633105073052,0.7945980507832077,0.06284710318092075,23.025787566283753,6.987484402767959e-05,sakit
0.40388724207878113,0.1986701339483261,0.4656463314590358,0.3868626356124878,0.1850680261850357,0.5787195730617172,0.3616713285446167,0.2110925316810608,0.7167968628096621,0.010572672757669042,572.2215607686771,0.8712388679193981,0.08025549921506867,16.41405703777187,0.00011276468206927312,sakit
0.3351778984069824,0.31222566962242126,0.9764245739962246,0.31789565086364746,0.31208524107933044,1.0892920358106808,0.2840133607387543,0.3068753480911255,1.2597678022844792,0.052151325136262666,580.1907297553479,0.9534811182029498,0.23153691011959232,11.830010524964344,0.0027247918194998003,sakit
0.42484933137893677,0.3261346220970154,0.6233028724973161,0.41052940487861633,0.33016446232795715,0.7021522061472335,0.3982776701450348,0.32638636231422424,0.7722390221534767,0.03756581413319481,622.7332109791863,0.9554102025934835,0.21982754697062243,11.925736189476394,0.0014212729198184182,sakit
0.4012875556945801,0.32121333479881287,0.5467999644787177,0.37034958600997925,0.3182509243488312,0.6502273952414137,0.36280861496925354,0.32254114747047424,0.728324466922418,0.023861815409287685,503.58180646240385,0.9617424682965091,0.19287056221231882,11.106952588282036,0.0005762310924415532,sakit
0.4846009910106659,0.1548517346382141,0.03353421819151385,0.4287227988243103,0.14553618431091309,0.25125794601242507,0.35776662826538086,0.13512000441551208,0.298322163288426,0.012186910067340746,489.1074340901276,0.8214508784231671,0.08259126152638006,15.402630892725997,0.0001491461409328388,sakit
0.47068700194358826,0.18272700905799866,-0.36559307016285286,0.4656962752342224,0.17817042768001556,-0.341568910213362,0.44245773553848267,0.16610094904899597,-0.260567352308871,0.010361999231525004,636.0974129349197,0.8451498652929859,0.0724510789704035,17.592829456382358,0.00010780900318830009,sakit
0.4262925386428833,0.23050279915332794,-0.09209126560117802,0.4166676998138428,0.24743640422821045,0.07445370233713088,0.41944316029548645,0.25727590918540955,0.12122842018861166,0.01660562311443582,169.41944813912076,0.9778057968607049,0.2258186194366105,7.318516735542574,0.00028059625570887766,sakit
0.44644030928611755,0.3015608489513397,0.30123487010866795,0.39662596583366394,0.2781056761741638,0.3795727920292048,0.3429107666015625,0.256970077753067,0.59073165161055,0.0165849479397037,594.7789784320798,0.941998012973904,0.12752986195902102,14.16356923576123,0.00027646378195382896,sakit
0.5277885794639587,0.24091356992721558,0.10196289796009268,0.4396355450153351,0.24186159670352936,0.30795691295112,0.4287552237510681,0.24123188853263855,0.30667047082323917,0.012374525120643678,349.16227982346976,0.9528296387133087,0.1541966526695292,10.574474758283024,0.00015635349171474883,sakit
0.3563191294670105,0.24851849675178528,0.8033472318308548,0.3253812789916992,0.2542550265789032,0.8136885519135083,0.3190327286720276,0.2667921781539917,0.7020246512952475,0.02392865897144189,376.9580155990914,0.9546635345760272,0.21625242387098553,10.544169739383397,0.0005801244497502897,sakit
0.5556968450546265,0.3010985851287842,0.019812000758634648,0.5448492765426636,0.3045557737350464,0.04288707451084341,0.5187673568725586,0.29101791977882385,0.2248563321360886,0.02207370211033485,464.7680745364699,0.9602897687537822,0.18602727214152118,11.685080011261737,0.0004925062353335402,sakit
0.47132956981658936,0.2302074283361435,0.23152383657348963,0.46785998344421387,0.2421966940164566,0.30662350297724944,0.47680121660232544,0.2550334632396698,0.4009450335003168,0.011677136301415508,326.78819864031226,0.9553167324047216,0.13219856875562888,11.136462661890524,0.0001385236882569999,sakit
0.5635291934013367,0.2835262417793274,-0.18312384986342498,0.5514077544212341,0.2975357472896576,-0.1479295163722065,0.5585362315177917,0.30276909470558167,-0.1580935305133264,0.01751718761306252,533.242173896765,0.9520489906418926,0.17902888153676386,11.781607005808327,0.00031043492778664867,sakit
0.4324835538864136,0.2798503637313843,0.33845855993105195,0.3755713701248169,0.28566497564315796,0.6329388680428844,0.349496454000473,0.3079213500022888,0.7302134274738344,0.026561880122732556,586.9023581547323,0.9440476087214171,0.18528467621666375,13.027033833395928,0.000709982120002403,sakit
0.4471645951271057,0.350098580121994,0.43056671443075073,0.36800655722618103,0.33049261569976807,0.7647405994637078,0.39194321632385254,0.3286687433719635,0.7042591345237503,0.0505348209385029,514.8111326429415,0.9635764410031861,0.2638361660620503,10.834437918743648,0.0025658086776029782,sakit
0.25964292883872986,0.18098562955856323,1.3369925899097965,0.22432401776313782,0.1794758439064026,1.3960636284234116,0.22731396555900574,0.22372767329216003,1.1611422866325092,0.05608760059936446,310.4024843530053,0.9299455870852635,0.29921137242562457,8.610290046774072,0.003198614690330411,sakit
0.3366282880306244,0.23954014480113983,0.4733727658382462,0.339150071144104,0.2313912957906723,0.38761361348725426,0.3340417146682739,0.22763925790786743,0.32880088983762445,0.018333842550616927,431.9940743458633,0.9378909988206291,0.18931314882689276,10.785564924375672,0.0003417764637471074,sakit
0.4442332684993744,0.3095017671585083,0.36353492405029103,0.4399840235710144,0.3063851296901703,0.4416812867566158,0.4259585738182068,0.3289144039154053,0.42091845153801966,0.016599542956308624,390.12405245883406,0.9685039506356247,0.17850854189765705,10.453143780363991,0.0002807344232135729,sakit
0.550982654094696,0.2543230950832367,-0.064798843354099,0.468525767326355,0.2671869993209839,0.35130492336590374,0.4436299204826355,0.28210631012916565,0.4555225372785971,0.015722003447625314,357.6211286667717,0.9600011535809223,0.15331376543034494,11.306092672909074,0.00024937347190126985,sakit
0.4506363570690155,0.23780609667301178,0.3139341747813116,0.3838278651237488,0.24802573025226593,0.5649382531181808,0.3498294949531555,0.2387830764055252,0.7583581600901891,0.01365035894390676,555.9359453282595,0.9259346355705431,0.143559537254917,13.786092771886244,0.0001892318996925935,sakit
0.4689445495605469,0.20451268553733826,-0.1759879002600997,0.4001276195049286,0.2075316607952118,0.056870258417060844,0.41063785552978516,0.22156482934951782,0.07669489881302193,0.014882258678323367,298.7717308702884,0.9457088794633175,0.16979814529912093,9.625695873109796,0.00022482037151877194,sakit
0.3842523992061615,0.24575775861740112,0.6182835190464919,0.35791608691215515,0.24006475508213043,0.7224926899969921,0.35708773136138916,0.23948559165000916,0.723292879984109,0.012482600939339382,417.2031919074202,0.9447712065760864,0.13407899045854096,12.315246253724837,0.0001574266831784411,sakit
0.5251352190971375,0.22944898903369904,-0.18317761543522817,0.4823687970638275,0.2586069107055664,-0.007549949163873056,0.4776812195777893,0.27171024680137634,0.03337272410856599,0.013338232197906854,465.7780237814659,0.9424406067997664,0.16161613080324264,11.261681895597865,0.00018116101497470723,sakit
0.40781232714653015,0.2564994692802429,0.5740367502454498,0.3482469320297241,0.23371897637844086,0.8291589186077674,0.33354416489601135,0.22328853607177734,0.9543622593995751,0.013513852896620314,593.0671073239167,0.9180355782526678,0.12365122712957831,14.38953447152383,0.00018400619217988256,sakit
0.4204980432987213,0.3348950147628784,0.4376757164353257,0.3723265528678894,0.31981202960014343,0.6970693332378416,0.31329110264778137,0.31713056564331055,0.937155476678464,0.05098689308437158,573.5868305725891,0.9573624793807715,0.24677988556412414,12.065861266102706,0.0026094416280571034,sakit
0.44734030961990356,0.22808042168617249,0.1262321429354446,0.4378817081451416,0.21127182245254517,0.03894860691477271,0.424995481967926,0.22314311563968658,0.15317821249665278,0.011932538311964542,310.6440035186024,0.9472835670161309,0.13179054904156517,11.2698746788016,0.00014401149288252547,sakit
0.5515832901000977,0.2833986282348633,-0.19143237576937522,0.5286231637001038,0.2882411777973175,-0.09896147826928743,0.5162835121154785,0.28658369183540344,-0.04889999753338085,0.017031104225546514,432.19191979395555,0.9591456098415088,0.2067694323960115,10.179004692937376,0.0002949187596582819,sakit
0.3091484308242798,0.2745693325996399,0.5028405393422788,0.3008853793144226,0.2708055078983307,0.5801818275598954,0.2882521152496338,0.26681339740753174,0.567706599197565,0.057125633074601945,409.7924007691618,0.9569016499671418,0.3019486864157952,9.995960020482261,0.0032945483584768055,sakit
0.4601086974143982,0.2706398665904999,0.11317059091481754,0.4503357410430908,0.25355103611946106,0.1823344232332306,0.45174890756607056,0.24156048893928528,0.0949425877159906,0.015114126209730743,326.02543187383804,0.9612650839737603,0.18198988190208207,10.069160904799904,0.00023200030493520353,sakit
0.4096807539463043,0.23276442289352417,-0.13873660432119495,0.42404642701148987,0.2235492318868637,-0.2466231315188768,0.4280354976654053,0.2185710370540619,-0.30872693402291906,0.02178705022264686,229.553042177062,0.9648796618002579,0.231685979255285,7.994401246922145,0.000482054463943979,sakit
0.36765041947364807,0.24534855782985687,0.5319102943055317,0.3640756607055664,0.22851020097732544,0.6152886856907629,0.3639659285545349,0.21305958926677704,0.6620241618825684,0.021400467756253264,284.3987381157838,0.9585367183130483,0.20775386592413722,8.361444865894816,0.00046238470210362674,sakit
0.5364659428596497,0.24662184715270996,-0.3904256389758649,0.5217759609222412,0.2526983320713043,-0.2073450680585987,0.5075756311416626,0.2596127986907959,-0.12452370373143676,0.012658960867575222,488.73609637831333,0.9400577156389828,0.15873995973293778,11.497605484796638,0.00016260815521958289,sakit
0.3386118412017822,0.21330313384532928,0.8570064671284247,0.33202695846557617,0.22055307030677795,0.748520119556619,0.3400304913520813,0.2257731407880783,0.6886758546376296,0.014269895912510489,519.0108870320233,0.9123982969132824,0.1253557689263936,14.516185900848447,0.00020643994227450177,sakit
0.39110007882118225,0.22524158656597137,0.6189761860911022,0.37495967745780945,0.21595299243927002,0.7447476407756024,0.34913191199302673,0.22413033246994019,0.8228235525595652,0.01223052346590238,468.9498823861289,0.9222591865146251,0.1165800592926984,13.818913510469804,0.0001509968056352966,sakit
0.5106754302978516,0.2724185883998871,-0.10953085317703683,0.512376070022583,0.2710925340652466,-0.24191907148726,0.48346710205078125,0.2855710983276367,-0.11514814911340292,0.022232841039079146,213.68436900461697,0.9774807041237811,0.2332898545492458,7.5987195659218685,0.0005022139790889709,sakit
0.4253256320953369,0.2699369490146637,0.35481375276466515,0.38567054271698,0.2834901809692383,0.585488570022053,0.3527486324310303,0.29352352023124695,0.7713033006777229,0.014714680341863006,398.31964506620346,0.9602442723677987,0.1597963756908438,11.280303530508148,0.00021898133825194103,sakit
0.4506385922431946,0.3075912892818451,0.17897232880801614,0.37999165058135986,0.29844221472740173,0.5082738388106947,0.3634610176086426,0.3055357038974762,0.5460157206347267,0.032390629984620466,492.6825080712813,0.9575232225271004,0.24262240637781143,9.979468690575404,0.0010581776355190788,sakit
0.38237589597702026,0.2325913906097412,0.418406405891535,0.34056827425956726,0.24360929429531097,0.7101713874152367,0.31931763887405396,0.24665826559066772,0.8145351080382423,0.020559982611522035,371.54475522441095,0.9499566830347587,0.2062105292347536,10.048480278480584,0.0004291367233841536,sakit
0.4293556809425354,0.1966789960861206,0.4980269479507669,0.36555933952331543,0.20402032136917114,0.7599260694191324,0.3579527735710144,0.19879774749279022,0.6184447499954253,0.015093915782618464,198.03310494253057,0.9609679198407058,0.17814720879887083,8.624399391044754,0.0002324180755090808,sakit
0.5577120780944824,0.2912561595439911,-0.3983120076741942,0.5030396580696106,0.2992803752422333,-0.17355601892654252,0.46080783009529114,0.3082562983036041,0.05759961138263805,0.020624881981318847,426.332364449886,0.9623711255450752,0.2130926988687155,9.886318848916085,0.00043195623140104573,sakit
0.4456378221511841,0.2516595721244812,0.20556345700827014,0.43183109164237976,0.23710012435913086,0.32896205433306486,0.4382939040660858,0.23240754008293152,0.32733094116500366,0.015331497290715049,420.1277165769383,0.943641884145691,0.16708836871457944,11.216301291557373,0.0002373045733230901,sakit
0.4339485466480255,0.225147545337677,0.29528374459836815,0.4164275825023651,0.22636933624744415,0.3484369539034268,0.3944224417209625,0.23873260617256165,0.4444523062914124,0.015684273775092707,305.76914911122486,0.9541622581073627,0.18744165107826757,8.813690672800176,0.00025056502658148057,sakit
0.5122630596160889,0.2345070093870163,-0.0589013394606613,0.4941847324371338,0.22831664979457855,0.05304428497712879,0.48733437061309814,0.24011284112930298,0.0811769908040527,0.012748485056403075,399.73073943831696,0.9413388265755009,0.14366019758157114,11.653721500651036,0.00016553072994018801,sakit
0.28774046897888184,0.25060516595840454,1.2648044800275602,0.28750258684158325,0.2309698462486267,1.3124411829246483,0.28912708163261414,0.22718265652656555,1.2172025398062094,0.02230094618490545,220.50806421847093,0.969298198045138,0.1847574919583853,8.626859657144136,0.0005016302850286968,sakit
0.42377758026123047,0.1668226569890976,0.6051691226151799,0.3313412070274353,0.14587058126926422,0.9033284387682862,0.2235911786556244,0.1260737031698227,1.6057418318706715,0.011976995148880615,494.50794986803027,0.8270029808356728,0.07531826227309134,16.05108041263706,0.00014420086332472823,sakit
0.42002516984939575,0.2822026014328003,0.7869371417829985,0.40046030282974243,0.26554492115974426,0.8512221922520026,0.3717777132987976,0.2493215948343277,0.9892674576672551,0.018398855731014012,607.3629373716328,0.9338867405235612,0.16321786301608338,13.65502329133867,0.000342065984925032,sakit
0.5268675684928894,0.24124762415885925,-0.0717034916859051,0.48114240169525146,0.23794102668762207,0.4553855780692262,0.48671969771385193,0.2364657074213028,0.4156652913001882,0.017607857469471893,147.91767436580162,0.9793435255861366,0.21497656494176445,7.124257999993204,0.0003142009332665424,sakit
0.2782137989997864,0.24166357517242432,1.1353235684130252,0.2761777937412262,0.23725835978984833,1.202941191115463,0.26290351152420044,0.22711096704006195,1.2265375792972557,0.024275142533661767,675.5801493236321,0.9070250739844932,0.19089207211503778,14.208284572415655,0.0005955700014745941,sakit
0.4854804575443268,0.30357328057289124,0.1312185439407537,0.46843504905700684,0.29221802949905396,0.22033546540245355,0.4366813004016876,0.2743200659751892,0.3584137616349962,0.016284857932949395,292.32606720788425,0.973761524990282,0.14712002611098637,10.490512666830545,0.00026625786112819343,sakit
0.4867939352989197,0.1549212485551834,0.033024385170894933,0.4306660592556,0.14564494788646698,0.24600533698690907,0.35985222458839417,0.13522933423519135,0.2934843659397389,0.012223840438936312,486.78710407190323,0.8225400352572926,0.08317937081567263,15.330641871079857,0.00015005730478744278,sakit
0.5004318952560425,0.23106612265110016,0.042817782512277754,0.3866237998008728,0.21318702399730682,0.3556627576932016,0.2657601833343506,0.17459693551063538,0.7762725364366118,0.011011515206171586,666.730138841557,0.887132807007602,0.09497704174319137,16.72355142836868,0.00012200437927273001,sakit
0.3465384244918823,0.2547525465488434,1.2421633917660566,0.29566073417663574,0.2563346028327942,1.3360992805762233,0.2840627431869507,0.2471800148487091,1.2768832852377858,0.0427674087960366,465.6407901931313,0.943849294999857,0.27196649722602506,9.821889251774666,0.0018448776108684845,sakit
0.3132781386375427,0.1894393414258957,0.36342964278256895,0.32301586866378784,0.20032015442848206,0.3297737592414594,0.3647168278694153,0.2157782018184662,0.23562272452934246,0.016187513542487174,209.1608256694723,0.958186049062523,0.1814336092652594,8.235034198674153,0.0002657883789227573,sakit
0.4742962121963501,0.22226037085056305,0.02362112776194792,0.4112667143344879,0.2178163081407547,0.629245768302629,0.3535337746143341,0.21969348192214966,1.1133408336058088,0.012557620838347529,573.8712461519068,0.9049399162084918,0.13964284716387323,13.397019485447403,0.00016001462810344422,sakit
0.33481255173683167,0.1730944812297821,0.32988507390905236,0.3410646617412567,0.19192631542682648,0.5559539847101189,0.3545891046524048,0.20999549329280853,0.6416058058627688,0.022321080081422782,194.49053620817827,0.957040338962643,0.21204004168462262,7.862699737500673,0.0005046815745519324,sakit
0.4607747197151184,0.2564469277858734,0.2903453745150722,0.3921314775943756,0.270911306142807,0.5477515925482054,0.37435606122016907,0.270841121673584,0.6484208897162884,0.018887012396683795,374.7178013869208,0.9587055302317983,0.19916645116916343,9.31814916299283,0.0003617170930900523,sakit
0.5136702656745911,0.21711276471614838,-0.03293967685621907,0.4725933074951172,0.21218827366828918,0.16090980283813403,0.42608919739723206,0.19762656092643738,0.28095302879408274,0.012562725350318797,466.65520277717786,0.9187083138714248,0.14395598174610022,11.937963026170038,0.00016002327573818822,sakit
0.3535754680633545,0.24141378700733185,0.9737783936987557,0.3324555456638336,0.2243349254131317,1.0231855693555192,0.3332599997520447,0.22163356840610504,1.00959992071178,0.016454592674003708,323.5992656934014,0.9519133121816777,0.17920421444147452,9.908141436589537,0.0002739270368567285,sakit
0.6460930109024048,0.2702804207801819,-0.24756913307399148,0.6261531710624695,0.28294602036476135,-0.18936763295601342,0.6135998964309692,0.3020031750202179,-0.18414504054543648,0.08512224695009174,711.6135092521728,0.9284317235447365,0.20488930659058893,14.677030045343342,0.007256380857457397,sakit
0.3228675425052643,0.24886025488376617,0.9022120295384788,0.28645145893096924,0.22608838975429535,1.2209758557454844,0.2647620737552643,0.21021203696727753,1.3806591156112453,0.027718066741719293,267.8843012265703,0.9603139052567647,0.23363862103827937,8.359918510411328,0.000777662629074377,sakit
0.4725241959095001,0.26393499970436096,0.13123520570643404,0.4525596797466278,0.26197001338005066,0.3108094456946632,0.42798441648483276,0.25760361552238464,0.5269968987053031,0.0194164765893777,441.9606910070144,0.9495967560668975,0.18589250825358564,10.908865925304111,0.00038109966616127103,sakit
0.35805681347846985,0.27077287435531616,0.7924692093068587,0.3561987280845642,0.25424087047576904,0.85320680170903,0.36633703112602234,0.2400449514389038,0.6745080352570201,0.014712338921761032,502.18991410548045,0.9399063365808491,0.14029169717330436,12.935042277379585,0.00021882940235853478,sakit
0.3788531720638275,0.20193380117416382,0.05146799235293869,0.32542744278907776,0.21649187803268433,0.4355855682826944,0.3224419951438904,0.21895432472229004,0.5415622451753903,0.024626860216878637,259.5403069847802,0.9546728716719955,0.25020486731835945,7.808834138279706,0.0006153496297472441,sakit
0.48901379108428955,0.19208119809627533,-0.38038862228153913,0.4252459406852722,0.19212228059768677,0.08530790871137424,0.3980562686920166,0.19950470328330994,0.2682753330529979,0.016844677304731086,235.5466419290185,0.9486617772820894,0.19236875248697116,8.751520415697405,0.00028879898567486854,sakit
0.39106622338294983,0.20723004639148712,0.8944044758904487,0.3583950996398926,0.255879282951355,0.5975651775427842,0.34713631868362427,0.2979988753795624,0.5998017119859501,0.03091421967959797,349.92073860735036,0.9536242946185082,0.25318651350872073,9.004403047570706,0.000970380158747395,sakit
0.43021875619888306,0.2261291742324829,0.35447141167591023,0.41642889380455017,0.21081411838531494,0.42105219383299625,0.4061996340751648,0.20395337045192719,0.5931159787480419,0.01347891870285283,345.9745410706769,0.9408215539639797,0.14591203778773834,11.094043271322741,0.00018313551324736766,sakit
0.4102327227592468,0.35352662205696106,0.1549383450775947,0.42031389474868774,0.36189383268356323,0.14334947556581595,0.39041435718536377,0.3487682640552521,0.24067664896583074,0.08714035018512273,212.68177227187644,0.9871864292305946,0.41830670981370743,6.329277158403684,0.0076404090209121625,sakit
0.4167555272579193,0.30764490365982056,0.6120644057588129,0.3484165668487549,0.2971705496311188,0.9058535782817605,0.2433559000492096,0.2699562907218933,1.3973662910032159,0.024827051236221174,573.8767809698511,0.9492944062657234,0.20275492365975556,13.261355360613905,0.000621627476572091,sakit
0.5626615285873413,0.26544541120529175,0.07529345104078472,0.5365741848945618,0.25787708163261414,0.31381796131766365,0.4904799461364746,0.23251110315322876,0.42295826126243796,0.015906179739812277,402.12945966511285,0.9518337315482753,0.14907408974815448,11.783671956732173,0.0002558228151815422,sakit
0.4165123701095581,0.2512795329093933,-0.09660274759000824,0.394692063331604,0.2506527602672577,-0.06099403431558926,0.37469393014907837,0.2488691657781601,0.048350156453253426,0.020807758936833832,314.54001719707185,0.9606937374084937,0.19706565628521222,9.637613876473855,0.0004372508112759697,sakit
0.4425651431083679,0.324876993894577,0.48638867516906936,0.4336082935333252,0.3230518400669098,0.4975459673595284,0.46039527654647827,0.31288883090019226,0.49088879059726664,0.06838860734863562,337.1926194758683,0.9746765970682877,0.30802369639436367,7.792287857163544,0.004718528540136368,sakit
0.41725409030914307,0.27135327458381653,0.17442339996817108,0.5107741355895996,0.23623597621917725,-0.5319812539446299,0.5855110883712769,0.31379058957099915,-0.3066327232671591,0.015794029667657368,454.42178699412653,0.9319536919448251,0.15174243719034783,12.722404675380995,0.0002535172578872218,sakit
0.4109343886375427,0.33882421255111694,0.3760396780761173,0.3611697852611542,0.272609680891037,0.5155130761441481,0.3274720013141632,0.2548861801624298,0.671869798180226,0.037871308108400885,194.59454623954005,0.9818737357201791,0.24860193864646044,8.266013651829242,0.0014503221921643317,sakit
0.4533929228782654,0.3379153311252594,0.4074397482143862,0.44167637825012207,0.3131278157234192,0.6011082221509048,0.34743475914001465,0.26494038105010986,0.9843925141665316,0.05729496978210627,701.5569979402763,0.9452397100549804,0.29223796183920187,11.946237965482547,0.003297907997437778,sakit
0.5551646947860718,0.2904874086380005,-0.13673873644942022,0.43362146615982056,0.25892332196235657,0.22140291480760388,0.45230549573898315,0.27084168791770935,0.17290952769981832,0.011831320775069279,983.6177071717957,0.894728448635285,0.11045068061691356,18.144603876173466,0.0001416972897664284,sakit
0.29864776134490967,0.2993418276309967,1.1414392825519888,0.3397265076637268,0.30552318692207336,1.0734045936226428,0.2961983382701874,0.27473822236061096,1.2723211595136723,0.181591836095893,977.772434452766,0.9143030216616753,0.4019478329002035,13.55739335956042,0.03301753252235233,sakit
0.2024279534816742,0.3195556104183197,1.593712899826169,0.28155890107154846,0.30019643902778625,1.2299047102427207,0.2970835566520691,0.26286399364471436,1.3070055868164034,0.03134138546945689,939.6107847854413,0.9189386549187648,0.22048762511089948,14.682505237349732,0.0009962028755269147,sakit
0.4030804932117462,0.2203598916530609,0.20796406338233697,0.3915156424045563,0.2129218876361847,0.1802508681657758,0.3569474518299103,0.18974730372428894,0.25184187305894523,0.016585781352645445,276.4724024435538,0.95196023628358,0.220807597154314,8.208399355278093,0.000281773456713885,sakit
0.34887680411338806,0.2732914090156555,0.7777424584544093,0.2678575813770294,0.2676793932914734,1.0806432011597287,0.24089249968528748,0.2475740760564804,1.206270070070701,0.06483284409789335,278.21571629395993,0.9694423305568098,0.22647699649991657,10.161476775036334,0.004208670756717789,sakit
0.31304728984832764,0.28591540455818176,0.7448526623644292,0.21881988644599915,0.26823240518569946,1.1193701769532458,0.18501736223697662,0.24139907956123352,1.3010697705032719,0.179560881786288,252.33008294498435,0.9725845335284838,0.3001767144328193,9.351200245110494,0.032255195731863306,sakit
0.6041126847267151,0.2622378170490265,-0.5220877975944214,0.47506070137023926,0.2362639158964157,-0.10670211105015012,0.46992725133895874,0.22240659594535828,-0.07986142826157015,0.01625769293439701,731.6386655814227,0.9020425333222096,0.10371792864633038,18.695995893386858,0.0002654541564331054,sakit
0.5906305313110352,0.3212963938713074,-0.5166576942131305,0.4425462484359741,0.25209441781044006,-0.21968130994549587,0.4473230838775635,0.23923902213573456,0.08677756040318403,0.019761818084822528,598.8120313744311,0.9347784262279042,0.15016644072565982,15.198271477655569,0.00039467774968440463,sakit
0.5401231050491333,0.25567626953125,0.020966954340094008,0.5051088929176331,0.28781989216804504,0.08390114629789916,0.4431939721107483,0.28996455669403076,0.24793405085036815,0.0167179729384043,694.8380244141836,0.9304505874608976,0.11947117089634009,16.873588331611824,0.0002813012650763979,sakit
0.4774041175842285,0.3378928601741791,-0.1171124920988627,0.4095553159713745,0.3249392807483673,0.048382051909636584,0.34547165036201477,0.28325873613357544,0.1884387874895805,0.06790441582304971,632.7735791913088,0.9530728961487834,0.18913032619917522,14.354029542147954,0.004617581353382974,sakit
0.582483172416687,0.3193857967853546,-0.1775778098202472,0.5027576684951782,0.31537583470344543,-0.01824767120774901,0.42795559763908386,0.276816725730896,0.13623886116109338,0.01887367161797235,667.1734304626492,0.9466784362329289,0.12422615649655323,15.948351105759054,0.00035879616778157676,sakit
0.6063010096549988,0.22157955169677734,0.20428612149666264,0.6026983857154846,0.2145034521818161,0.16618137081769432,0.5620632171630859,0.20608165860176086,0.3144111127994481,0.013185234106498673,664.7457953767527,0.8879084941072527,0.08745148371670357,17.654697903576995,0.00017521305408349337,sakit
0.5767768025398254,0.19393588602542877,-0.6653212178026994,0.5550149083137512,0.1958787739276886,-0.5079641408191279,0.5373600721359253,0.18636547029018402,-0.3529483496197775,0.01124729093423501,632.2179212561903,0.868247947278364,0.08381082929535764,17.317985480686946,0.00012771144072097919,sakit
0.5509240627288818,0.22064705193042755,-0.7734969673920185,0.5296685695648193,0.2170858234167099,-0.6150332503407211,0.4957067370414734,0.21733184158802032,-0.4348460966771618,0.011547954003982218,411.2741349528228,0.9325730265357989,0.0977715414814576,13.395008689797647,0.000134790243338342,sakit
0.43557921051979065,0.260418564081192,0.6999467276459821,0.4265296161174774,0.26489701867103577,0.6352354675102734,0.4262319505214691,0.2829797863960266,0.6451813546565597,0.017923812445438385,273.63343667258306,0.9700076295421645,0.14150709104318526,10.098899723388316,0.000324151152477369,sakit
0.5914933681488037,0.22394141554832458,-0.09403668026072295,0.5444849729537964,0.27420899271965027,-0.007199807561914237,0.5051820874214172,0.24370695650577545,0.13368538180999498,0.017215012105331377,1142.783164209515,0.8642898511696576,0.09170053161634488,21.84268167936108,0.0002976518205249541,sakit
0.5792297720909119,0.1550334393978119,0.026273206583401872,0.550386369228363,0.16483594477176666,-0.2152496398407892,0.5150146484375,0.1736822873353958,-0.26258832418250116,0.014203694306248203,273.6710980333485,0.9178342804231175,0.12893009539836467,11.142672672758245,0.00020482515604584127,sakit
0.38567423820495605,0.19008108973503113,0.17794618362248757,0.3727012276649475,0.18947003781795502,0.22204112631067308,0.35607025027275085,0.18777094781398773,0.2561278743319632,0.009623392521356971,1639.4424639296046,0.6435911063808364,0.0543658140942111,29.089242012234664,9.333547349169193e-05,sakit
0.47122177481651306,0.2082192301750183,0.001660331744307929,0.4434192180633545,0.20938777923583984,0.20999105718756136,0.4274624288082123,0.21895654499530792,0.32692883026292374,0.010772505011448075,581.2637120433375,0.8962670447387254,0.09978614419424152,15.764290897023137,0.00011783528253287615,sakit
0.6308165192604065,0.14465482532978058,-0.10717680486387857,0.5898876786231995,0.13925115764141083,-0.06846944541011431,0.566758930683136,0.14410850405693054,0.13421347653303844,0.01659487043251875,156.11763180198804,0.9379528060506194,0.15959481259631025,8.285366311860935,0.0002806598221271867,sakit
0.5103889107704163,0.180150106549263,-0.04095437471399793,0.4837287366390228,0.18617193400859833,0.022437073470509855,0.46862688660621643,0.19046567380428314,0.07761274541695312,0.010835556914887712,456.9947980194084,0.8954528659950937,0.08879376007808548,14.413082234608963,0.00011802342669609834,sakit
0.5457271337509155,0.154873326420784,0.6447258798860529,0.5078930258750916,0.15786920487880707,0.6540164494139538,0.4975823163986206,0.16469916701316833,0.6638350603325182,0.012301426322693392,576.2791703620875,0.8176074686169733,0.0885522446116087,16.189955412907878,0.00015222539238542114,sakit
0.4093196392059326,0.21982721984386444,0.4940045165607392,0.37990111112594604,0.16635720431804657,0.7187915274497217,0.34583771228790283,0.1514778882265091,0.8073357842778137,0.01915380950646847,218.8092668232317,0.9451899444411617,0.20975129568441667,9.029635408896848,0.0003724179387934532,sakit
0.5105801224708557,0.2216569185256958,-0.12142732388738361,0.4900658130645752,0.2352074384689331,0.004416476335801393,0.46992945671081543,0.2492319643497467,0.07721177081379234,0.012028542758918966,417.02987564921676,0.94038230172197,0.12275055546255915,12.76913509431804,0.00014714103767611924,sakit
0.5344367027282715,0.20305438339710236,-0.3991167025876306,0.5105155110359192,0.20113018155097961,-0.30095980259065386,0.4763903319835663,0.21564196050167084,0.0076334920721556985,0.010419456845458143,800.6142853926273,0.8461827437207933,0.0849242665001994,18.282779451176953,0.00010994325508492324,sakit
0.41661015152931213,0.1708201915025711,0.052001703414606575,0.3840230703353882,0.1736224740743637,0.1979108001159016,0.35873717069625854,0.17526398599147797,0.3475618181586598,0.0138832088528799,281.8437707317668,0.9258814829548255,0.12817946308710199,10.898274800112503,0.00019534079284656394,sakit
0.6759759783744812,0.2331250160932541,-0.804468753429963,0.6416406035423279,0.25516432523727417,-0.5694848326950664,0.6168319582939148,0.27452364563941956,-0.4291356512562882,0.012500222969662354,723.9296165413834,0.9105938158964023,0.10781567608563086,16.781105408354858,0.00015922321703734516,sakit
0.6104294657707214,0.251423180103302,-0.6300941237152015,0.45841965079307556,0.20405058562755585,-0.2704410681643014,0.2678268253803253,0.148075670003891,0.9651717185985803,0.0159357164234707,319.039720431544,0.9418642614640667,0.15428337684536958,10.650589543659576,0.00025780172209797803,sakit
0.3272305428981781,0.1863635778427124,0.3787952530813139,0.27887028455734253,0.16292373836040497,0.5881199984892646,0.22105403244495392,0.15184226632118225,0.9373771644610025,0.01744997921475304,234.01224018707558,0.9352595889641754,0.17876147386511376,9.340436898421686,0.00030980138737297746,sakit
0.7107733488082886,0.19934521615505219,-0.7915333723075929,0.5627195835113525,0.21834619343280792,-0.02216121477664659,0.3943216800689697,0.21596260368824005,0.7012660329618504,0.01728434984767168,200.2228273806942,0.9648924427316188,0.18979647196736385,8.49949156297007,0.00030446702549981325,sakit
0.5041669011116028,0.2250538170337677,-0.08564585897351154,0.4810236394405365,0.2207968384027481,-0.00843505219804948,0.462532103061676,0.22639615833759308,0.06931945443301446,0.009351432000395494,830.8292829258193,0.8699907199818154,0.07834877105657194,18.95623600254068,8.837463672538668e-05,sakit
0.5656573176383972,0.22503754496574402,-0.5123386018286987,0.5514563918113708,0.22456233203411102,-0.4302581235892369,0.5336270332336426,0.2086798995733261,-0.28081842354642716,0.00973593685444177,701.3143618308844,0.8902119526107555,0.07590730634292536,18.161419746646466,9.568636061456159e-05,sakit
0.5688163042068481,0.20861122012138367,-0.19105464315495815,0.5154527425765991,0.21164707839488983,0.07777667634103294,0.4698812663555145,0.21422669291496277,0.3279382297185314,0.009283980816201883,694.8956481502415,0.8769598842607933,0.08303842943592546,17.80095135629738,8.731727982014021e-05,sakit
0.5334320068359375,0.19097337126731873,0.055784773383349265,0.5093886852264404,0.1701604425907135,-0.12154635883249455,0.49946868419647217,0.15873241424560547,-0.30900611188431015,0.010591343046813946,404.31208079096706,0.8962747196233868,0.07666899159623765,14.815706273649559,0.00011303682479182893,sakit
0.5557858347892761,0.25778940320014954,-0.3006828678427993,0.5296620726585388,0.2501472532749176,-0.27903933681916726,0.5256455540657043,0.2486855387687683,-0.3339621146115702,0.011653802458410236,1291.9435278279213,0.8431563322971213,0.08022242947597574,25.120773864942848,0.00013667590570796563,sakit
0.2821868062019348,0.1889909952878952,0.8013513851483371,0.23935580253601074,0.1669394075870514,1.1394172007552885,0.18838699162006378,0.15569761395454407,1.5438566854962366,0.025340171789241476,222.08778127082942,0.9413147053418639,0.21828463138641266,8.662240695628103,0.0006509740192706923,sakit
0.7807844877243042,0.16544793546199799,-1.3276388889295525,0.6548685431480408,0.16928786039352417,-0.873031112855682,0.5107195973396301,0.16753973066806793,-0.26346217769544167,0.017137457478725537,173.04047052335673,0.9515687432366686,0.1650726546600731,8.373607354027653,0.0002998119375769346,sakit
0.541084885597229,0.1868874728679657,-0.23272687268356199,0.5118274688720703,0.1765967160463333,-0.16649682033534144,0.4960176348686218,0.1708666980266571,-0.23019694495240653,0.00965332779229234,814.2014717200809,0.7972330217804054,0.06381291442223803,20.213171331937478,9.415168199554309e-05,sakit
0.5796741843223572,0.19966711103916168,-0.6938532500194566,0.5564912557601929,0.20183822512626648,-0.5232254840850192,0.5384570956230164,0.1920684576034546,-0.3763471214846466,0.011251958145301265,661.583475361068,0.8677178358728904,0.08628150161490213,17.207550010827134,0.0001278876316971861,sakit
0.6538746953010559,0.27182358503341675,-0.9551962707678958,0.4793126881122589,0.24771736562252045,-0.3986211922403205,0.5658321380615234,0.28126075863838196,-0.5309573162398205,0.049881058674886763,295.21843690179645,0.9650712539615748,0.3121928323130911,6.6512848463938035,0.0024969560477788575,sakit
0.7028877139091492,0.2328203171491623,-0.3225870811704162,0.3801872134208679,0.2277098298072815,0.6737830883812381,0.3908587694168091,0.22278937697410583,0.6972243450823451,0.018885198117721005,234.2868391750886,0.9638403711672883,0.1800674469246295,9.339401932576672,0.0003606623015352548,sakit
0.43794047832489014,0.2104865312576294,-0.29000999518089404,0.27495938539505005,0.17164215445518494,0.44492232892770506,0.22900889813899994,0.16624416410923004,0.9850474200889684,0.019800538351236015,285.97223710276586,0.9309329626600166,0.1988841357792411,9.69431190843071,0.0003956442491463079,sakit
0.5884276628494263,0.14395712316036224,-1.2657611885448445,0.44769176840782166,0.13458065688610077,-0.6754654010657379,0.5602000951766968,0.1708241105079651,-0.8459823420112668,0.017771828668298167,255.03378933911017,0.8986291612391399,0.14651306966554964,9.510064829164312,0.0003192631081199555,sakit
0.7642115950584412,0.11209408938884735,-2.7414120793818286,0.6458919048309326,0.125160813331604,-1.6510124235648105,0.7257468104362488,0.12879203259944916,-2.1640422829753714,0.02516816113933817,190.90101047881993,0.8965818588447672,0.19747439782752196,7.205490435557956,0.0006356069704629058,sakit
0.365675151348114,0.37505993247032166,0.28711301426568697,0.2871626019477844,0.30996817350387573,0.45734917421951987,0.29780519008636475,0.3129114508628845,0.44850245062939037,0.3015856458527235,208.64280929862056,0.9851008759077694,0.4344500786972792,7.072525021088506,0.09096980688909385,sakit
0.45502883195877075,0.3222805857658386,-0.26893652541428414,0.45326027274131775,0.33921700716018677,-0.14712493744117,0.38659462332725525,0.34721899032592773,0.3596412843540112,0.08468954955549368,192.2810500126611,0.9866357772059917,0.297348510228133,7.50976544992885,0.0072005711205733085,sakit
0.652193009853363,0.2216462641954422,-0.7072106485275461,0.46567294001579285,0.20494334399700165,-0.20079053800154956,0.5899937748908997,0.2590002417564392,-0.4118029667777031,0.015076766505597522,213.89247621510776,0.9638764648800963,0.1612759899895255,9.108657918805049,0.00023145528229346347,sakit
0.5590130090713501,0.3451162874698639,-0.30105247536340896,0.5130226016044617,0.3027336597442627,-0.18491621786121504,0.47930777072906494,0.30269861221313477,-0.005855999111244349,0.012155883825534704,580.794226063167,0.9545037131446364,0.11063322526242243,15.056477213347483,0.00014918813568445168,sakit
0.5142712593078613,0.20460566878318787,0.07146840335005092,0.3038572371006012,0.14469076693058014,0.7467537808449536,0.2322521209716797,0.11767817288637161,1.1267158934467076,0.013975195265630682,323.27058310852925,0.89938809550764,0.12298431718501762,11.89292050314719,0.00019713251597559584,sakit
0.6508981585502625,0.21424004435539246,-0.49484508969180646,0.4023776650428772,0.16965441405773163,0.0480313056223336,0.3298991918563843,0.1515531688928604,0.28167530657866213,0.012278978416649176,366.64857900902985,0.9112975849048621,0.11527973204279107,12.600544694647708,0.00015208769759662757,sakit
0.4638448655605316,0.28099626302719116,-0.08979534968718404,0.43045467138290405,0.24986179172992706,-0.006395540090873703,0.39360830187797546,0.23927922546863556,0.18520178962528488,0.03508854207294005,492.83651011035613,0.9402270201454153,0.1813800106647665,12.728660129183567,0.001235268107830616,sakit
0.27110555768013,0.22405515611171722,0.79008265867732,0.23184552788734436,0.20913559198379517,1.1412943791488914,0.19728514552116394,0.21139299869537354,1.3569533517241197,0.026088013310073727,394.8347160444494,0.9322292197415075,0.21602045485983631,10.37715525534954,0.0006927432916751944,sakit
0.26499858498573303,0.2591630220413208,1.0353908448090632,0.2643555998802185,0.2599318325519562,1.0654498316320433,0.2504367530345917,0.24773603677749634,1.236932437426924,0.08986870050298378,807.1070408467559,0.9058441932069833,0.23743415246394942,13.852065740397947,0.008083826371107704,sakit
0.17054307460784912,0.16248470544815063,1.8125984415344922,0.1537664830684662,0.15579482913017273,1.830926705362706,0.14102676510810852,0.15680578351020813,1.7401787992615927,0.028677546977634735,464.4219441390557,0.8550664177330977,0.19081589205512794,11.779061172322521,0.0008312371619858199,sakit
0.37912285327911377,0.3109109103679657,0.8775472799238899,0.3761979043483734,0.3089108169078827,0.8567548683364331,0.32565248012542725,0.3014613687992096,1.1094603051959655,0.05966916722692095,708.7620969450546,0.9425980356501111,0.17273560130869695,14.700583534479852,0.0035620643023239113,sakit
0.34101518988609314,0.28687208890914917,0.8275738040642605,0.33290895819664,0.2741242051124573,0.8043859665532559,0.25952911376953125,0.23317378759384155,1.2248849588000459,0.014827204606820452,662.1698931279062,0.9308794587767669,0.13364672707486366,15.366236249401906,0.00022196544304519956,sakit
0.15116405487060547,0.17304430902004242,1.523539073646402,0.22692428529262543,0.2184230089187622,0.7210097231823912,0.21903127431869507,0.2205520123243332,0.8222467072778832,0.04351190436468311,172.84916897584176,0.9585583505943442,0.28688200555688853,7.163368216967583,0.0019102507347861476,sakit
0.3616234064102173,0.2829986810684204,0.4521267257842841,0.35596758127212524,0.22612549364566803,0.15426988489713872,0.30801910161972046,0.22974592447280884,0.4689604756189107,0.03810046224951123,190.94385767742594,0.9690089657063429,0.3135135552858383,6.794207412252436,0.001469544085220774,sakit
0.4210406541824341,0.2682802975177765,0.5965744159963214,0.4065662622451782,0.2663877010345459,0.6577084490962423,0.42356598377227783,0.2634282112121582,0.6175870796881252,0.030532321770299894,312.08509472551765,0.9654740443498996,0.1679308580843515,10.29602023515039,0.0009347698317258425,sakit
0.45880821347236633,0.2590360939502716,0.2760877810591899,0.37043318152427673,0.2635585367679596,0.5465129100045533,0.27003422379493713,0.26388055086135864,0.8558805426266212,0.015519798570521387,318.4360796423348,0.9637870978096968,0.1559156073985649,10.48596354129583,0.000243476989988218,sakit
0.763340413570404,0.20974251627922058,-0.8314363704659994,0.6572112441062927,0.25232574343681335,-0.09732749680621286,0.5696166157722473,0.28702130913734436,0.28947205053398656,0.12917801023017064,294.25541900845445,0.9603474205556642,0.34923833859649767,6.619155343454611,0.016736806968821884,sakit
0.597201943397522,0.355673223733902,-0.35547169581525867,0.5595194697380066,0.3490772545337677,-0.1512446017380186,0.5407457947731018,0.34990158677101135,-0.057141514378075145,0.16117746089648816,484.1874165165061,0.9694574937102106,0.37934826535705835,8.087462104526281,0.026020557461653535,sakit
0.5013599395751953,0.30159568786621094,0.06521724584623782,0.4894166588783264,0.3061088025569916,0.13345110795008308,0.49503394961357117,0.3057807981967926,0.1290093427211259,0.0258327508505924,263.01222469899875,0.9780262578720391,0.2311356763404879,8.246471035734292,0.0006736914976121679,sakit
0.3648949861526489,0.32024115324020386,0.43296534238726625,0.33726760745048523,0.3191860318183899,0.5303188448921176,0.3265415132045746,0.3219451904296875,0.6077086195472564,0.05212587719446831,402.44624470236386,0.9695557308510475,0.21860204672376185,10.18860974991782,0.0027341112942174937,sakit
0.4867861866950989,0.27950361371040344,0.14898925863180182,0.42740631103515625,0.28957295417785645,0.42350181760757155,0.3906950354576111,0.31758689880371094,0.5469389125656139,0.01988762733733117,452.37389849048867,0.9578752415688481,0.18006911770912717,12.003523962905517,0.0003991407769898241,sakit
0.4842998683452606,0.2951689660549164,0.15153044978189578,0.4399089515209198,0.2991444170475006,0.39372907770065807,0.4136754274368286,0.3151020109653473,0.5345647488860047,0.04234575071078167,520.0509727029257,0.9548668799464196,0.2081377321095593,12.067496686881755,0.001798819553564939,sakit
0.38335472345352173,0.3674394190311432,0.20830294351228673,0.31251299381256104,0.32210657000541687,0.531087888412602,0.28887709975242615,0.31462058424949646,0.7704841681504094,0.36557274642800475,397.2145264308729,0.9722839859702287,0.444177162386539,9.152638096360997,0.1336702564626931,sakit
0.37634512782096863,0.3678934872150421,0.24696647233643224,0.30783775448799133,0.3230236768722534,0.5572914430578977,0.2857957184314728,0.3155885934829712,0.7858276597084095,0.342932236730026,397.6060921196492,0.9724089741667526,0.43872114558590747,9.046690373788183,0.1176316715361825,sakit
0.38096359372138977,0.3669813573360443,0.2198367308959477,0.3101256787776947,0.32166218757629395,0.542236604862653,0.2862015664577484,0.31340667605400085,0.7822051077121946,0.3358237067132737,395.5562477137209,0.972297914186079,0.4346087850343996,9.18876453496341,0.11281673479744748,sakit
0.17053988575935364,0.21926918625831604,1.3101580642491373,0.14400382339954376,0.19850096106529236,1.6337215909497376,0.12351900339126587,0.1898387223482132,1.9208012610682494,0.29365646491841757,263.6469543326216,0.9506121052747488,0.4526591473672526,7.190091687000095,0.08626956147651954,sakit
0.17103421688079834,0.21915678679943085,1.3074754202536765,0.14433133602142334,0.19846689701080322,1.632014555038344,0.12347191572189331,0.18984997272491455,1.9226114616460843,0.2937453261324568,269.57921728659034,0.9495081316820095,0.4522280538396042,7.280722548685858,0.0863184935395717,sakit
0.2791006565093994,0.3028241991996765,0.5237572077097111,0.2783818542957306,0.3070302903652191,0.5693237642976451,0.27337977290153503,0.3060481548309326,0.6181603595393435,0.3998873432636376,334.26662995941456,0.9723721231951278,0.5047209009514132,7.1114405284637625,0.15993996963116244,sakit
0.27647966146469116,0.30155080556869507,0.5332508803528568,0.27565494179725647,0.3057340383529663,0.5790926667618211,0.2709576189517975,0.30478906631469727,0.6262877853820504,0.4046639605945359,331.5372282296093,0.9723665731368785,0.5048668460053721,7.124482001025118,0.16377325902620773,sakit
0.4134461581707001,0.37569954991340637,0.11594065046870652,0.36633095145225525,0.3533775806427002,0.2880230309124464,0.33204740285873413,0.3387649357318878,0.47086497067165284,0.2749113943077374,403.36866512386547,0.9755976782711467,0.43507262749214354,7.625971375098605,0.07560642418850956,sakit
0.4159654676914215,0.37448641657829285,0.10751247500331922,0.3685013949871063,0.3527543246746063,0.2800802076930952,0.333967000246048,0.33848509192466736,0.46157068763310033,0.28471742272504186,412.9350564827696,0.9749224449585504,0.4346139032992264,7.663630169915304,0.08109717347376065,sakit
0.419146865606308,0.37559229135513306,0.09726075419124401,0.37139150500297546,0.35412630438804626,0.27340402230414346,0.3367345631122589,0.3404545187950134,0.45838661930736074,0.27605525618979687,508.2531542063648,0.9693882275691038,0.4364633275385081,8.168510176449498,0.07625139820088069,sakit
0.46523427963256836,0.22920340299606323,-0.2792013217490969,0.38713133335113525,0.21621379256248474,0.015501200381900145,0.4441501498222351,0.22352874279022217,-0.28050864061338276,0.05027952639463725,344.2224746797975,0.9429177035057964,0.17258022902841152,10.822232393355234,0.002537779605183704,sakit
0.47571277618408203,0.22723394632339478,-0.27335730439680783,0.397174596786499,0.21719171106815338,0.03153463121469886,0.45512133836746216,0.22231100499629974,-0.2763735987057395,0.03903544539569825,378.5587773114824,0.937296462445948,0.1678510905252583,10.984951465585539,0.00153373131303313,sakit
0.5371110439300537,0.22046898305416107,-0.24946734762363051,0.4672223925590515,0.21404674649238586,0.01994664164347365,0.5175148248672485,0.2166740447282791,-0.250352164740118,0.026625953032831644,426.4498965735116,0.9263424634679741,0.15292445999950477,11.44241437667953,0.0007225762698625637,sakit
0.4718349874019623,0.22513480484485626,-0.2737318685497202,0.39312437176704407,0.21384896337985992,0.018573702004857806,0.4505869448184967,0.21981802582740784,-0.2840413503901196,0.03890834900900314,350.8555711349654,0.9399659660107381,0.16466946222821913,10.960338983131821,0.0015269263838471943,sakit
0.2907150983810425,0.33189454674720764,0.9049055543994273,0.26309913396835327,0.2897317111492157,1.164950899391304,0.25572913885116577,0.28513267636299133,1.3034598971906866,0.13381157887025083,574.6908744976951,0.9507937015900687,0.3593288621680594,9.554605852178112,0.017932399995667685,sakit
0.3106062412261963,0.33648252487182617,0.8098674425831806,0.2797697186470032,0.29398539662361145,1.0957401717812714,0.2709283232688904,0.28901249170303345,1.2433680546901962,0.09880173738901316,667.4220866667318,0.944571890618128,0.336250156953148,10.18602508349399,0.00980647120018872,sakit
0.3149261474609375,0.3382432162761688,0.7927070243160029,0.2839651107788086,0.2952866852283478,1.0777963402472492,0.274681955575943,0.290344774723053,1.2283037164976514,0.11682497254824002,671.165822905498,0.9447190598440901,0.3523351890331472,10.027544912938856,0.013698966951826227,sakit
0.29998907446861267,0.3343189060688019,0.8498719793364267,0.26929765939712524,0.2912444770336151,1.1218377357741256,0.2606225311756134,0.2860325872898102,1.2709123035473342,0.1271350534960842,589.0944929200385,0.9501139297353118,0.3496263294624508,9.787691570347242,0.016189114473116585,sakit
0.216012641787529,0.27215903997421265,1.1438287486381087,0.21606691181659698,0.2751350402832031,1.2410525201593365,0.2096988558769226,0.2672586441040039,1.269890191535255,0.2338117795159728,309.0727965666649,0.9682155821716151,0.41296257052336127,7.433805712485552,0.054722551901615325,sakit
0.21502423286437988,0.2721754014492035,1.14706922350337,0.2148326337337494,0.27546167373657227,1.2447649946056918,0.20812880992889404,0.26750805974006653,1.2720519220037354,0.22623602577621002,315.4381620177074,0.9676200897713816,0.405342572676781,7.535220917156316,0.051223312762943694,sakit
0.5255183577537537,0.32996633648872375,-0.48985250626095467,0.44916751980781555,0.2965792715549469,-0.36144347905925844,0.3436075747013092,0.25081145763397217,0.06246944254171536,0.1086056474159632,435.5389891392542,0.962102354679336,0.23791574455216236,11.085981809911454,0.01183323680773069,sakit
0.5517895817756653,0.23621350526809692,-0.3726221637315103,0.4651741683483124,0.21612273156642914,-0.13573068159522106,0.39640921354293823,0.20806807279586792,0.12170298057237733,0.012731717512809824,237.4904118866366,0.9617742141131878,0.1505956433418681,9.787883673351276,0.00016447803729943133,sakit
0.3421856462955475,0.26476168632507324,0.4424255372640896,0.3616311550140381,0.28736934065818787,0.44458755493410834,0.38494402170181274,0.3088915944099426,0.5172618886993192,0.12751759897477274,374.0633027148369,0.9626361986260686,0.3029814912137831,8.818315853510585,0.0163011735985478,sakit
0.46810051798820496,0.32300642132759094,-0.05370200899854177,0.40533190965652466,0.2964352071285248,0.0730010464921332,0.35508376359939575,0.26989609003067017,0.2727641985367927,0.0360523533638405,409.1458168043162,0.9648162776513644,0.21911404238829688,10.353414728312005,0.0013120917278284436,sakit
0.467678964138031,0.32525452971458435,-0.03551420810709501,0.4003553092479706,0.29634353518486023,0.09592087328629709,0.34634920954704285,0.2679513990879059,0.31341465137535396,0.03615797020765406,351.54320831547244,0.9698263266871311,0.2172039233627313,9.981234090058686,0.001318533530748035,sakit
0.14420658349990845,0.2368229329586029,1.6774693653288855,0.13091526925563812,0.22683997452259064,1.8996229682258723,0.1272449642419815,0.2222415655851364,1.9476571029445293,0.5812553225442627,197.1150077569307,0.9712307940583131,0.6636656833707867,4.400397626601613,0.33787946636510496,sakit
0.1438767910003662,0.23629052937030792,1.6786195905167018,0.1304066926240921,0.22587913274765015,1.9030724845608211,0.12709757685661316,0.22184808552265167,1.948806327123831,0.5950227873180745,186.02516004370554,0.9726218811322566,0.6676319512677128,4.334702614734857,0.3540683269510934,sakit
0.1435307413339615,0.23560333251953125,1.6805669192138668,0.1302076280117035,0.2257062792778015,1.9089951885438037,0.12685367465019226,0.22117261588573456,1.95408133944281,0.5836678027517154,185.22204105435426,0.9726503005745816,0.6620721396197883,4.365287968423461,0.3406850266364452,sakit
0.28820550441741943,0.2502357065677643,0.47619116381442217,0.290475994348526,0.25208017230033875,0.4872041859043338,0.28703927993774414,0.24656151235103607,0.5294115132544683,0.16149258033385278,444.20250406309714,0.9453154500162947,0.28889301699256953,11.144934803530056,0.026102168636460258,sakit
0.2870739698410034,0.2508080005645752,0.4820849918093899,0.28945672512054443,0.25268274545669556,0.4894092927771954,0.2862427532672882,0.24730707705020905,0.5305345567479202,0.16986583908028377,443.16371536646676,0.9457237699719844,0.29336511167450136,11.137599467833548,0.028871440026585565,sakit
0.2908608615398407,0.24888969957828522,0.46566905316706675,0.293192982673645,0.25076520442962646,0.4769982342757143,0.289815217256546,0.24537737667560577,0.5225953121832954,0.15161951065274307,443.2868010628143,0.9448480787913264,0.2839542001440198,11.114228264379696,0.023033717495701777,sakit
0.2935296893119812,0.24965517222881317,0.4585371696035445,0.2956332564353943,0.25147545337677,0.4704065251451161,0.2924754023551941,0.24605031311511993,0.5116836264126658,0.15983146752912766,453.4753480002846,0.9440053795028454,0.2925401405277671,11.09502721090501,0.025600906032882318,sakit
0.32043200731277466,0.32862821221351624,0.6130207397601682,0.28882676362991333,0.30619099736213684,0.8295372138380391,0.2667786777019501,0.2878975570201874,0.9729362700888228,0.29064268163359225,463.2185263881532,0.9626508983640192,0.3966767333909498,9.686198565878847,0.08450367737191584,sakit
0.3258766829967499,0.32873743772506714,0.5858713952527224,0.2948109209537506,0.307198166847229,0.8010375538029284,0.2729588449001312,0.28908607363700867,0.9439435116247213,0.28507894542762413,453.81397261555975,0.9635914385428945,0.3952781827160221,9.644314685776958,0.08132502673184117,sakit
0.3216359317302704,0.32853296399116516,0.6061079796254139,0.29040050506591797,0.3066748082637787,0.8232966942829485,0.2688747048377991,0.28855133056640625,0.9642058825394297,0.29072755113681986,475.4885295335371,0.9617682460382976,0.39488187004787373,9.748007755975094,0.08455617822686862,sakit
0.425190269947052,0.3512239456176758,-0.07317320285605605,0.3910023272037506,0.32585635781288147,-0.02875091992231788,0.2847975194454193,0.2545918822288513,0.370411782744376,0.24192194254975283,404.0603405535119,0.9703787713665778,0.3828826394586222,9.128929279403355,0.05856177961392279,sakit
0.43130365014076233,0.34910857677459717,-0.10838599342883865,0.3963591158390045,0.32407113909721375,-0.060937119831436,0.2881528437137604,0.25348860025405884,0.35020400047955824,0.24451094736548906,421.1903625664993,0.9687572489199532,0.3809109047499027,9.249463900309502,0.0598262667849384,sakit
0.4221307635307312,0.3311047852039337,0.10865673728920172,0.37226951122283936,0.30398479104042053,0.19711208897829885,0.3343755006790161,0.29045894742012024,0.40311800656728913,0.20549561996061536,454.0607735901154,0.9628055849491505,0.36741897287655445,8.624771838493045,0.042264056895991664,sakit
0.4121049642562866,0.32753533124923706,0.14381393669455084,0.35774627327919006,0.2977483570575714,0.23875655781185845,0.3169803023338318,0.28448352217674255,0.47099987898768736,0.21876997228098224,425.3761781572178,0.9637473140775992,0.3764087631286274,8.452697003553428,0.04789095771634424,sakit
0.4205103814601898,0.3310399055480957,0.1216035458285709,0.3713742196559906,0.30387189984321594,0.20616180868051245,0.3343757390975952,0.29019808769226074,0.4047701502068147,0.20474369665643252,427.6204395634713,0.9649627311246444,0.3705357097464413,8.405253738859894,0.041960978107726234,sakit
0.4200160503387451,0.33252835273742676,0.11328807480012817,0.3698481619358063,0.30496859550476074,0.2023386798724552,0.3319849371910095,0.2909735143184662,0.4103985578988755,0.20045147420206574,468.9525484944054,0.9618774739882116,0.3653586575385797,8.739398027164867,0.04021050529259661,sakit
0.21149273216724396,0.23286014795303345,0.9431768605515107,0.20509333908557892,0.22886337339878082,1.0729359366105307,0.20173878967761993,0.22807934880256653,1.099774437324821,0.2993020450357262,383.23205098058753,0.9439727135043997,0.40261646644590815,9.472671942417104,0.08960981542754187,sakit
0.21101917326450348,0.23063060641288757,0.9392685487355082,0.20467980206012726,0.2263881117105484,1.0716769115564826,0.20166461169719696,0.22543053328990936,1.093522499751838,0.2955728636920787,360.82843534842476,0.9460001724269983,0.4017163338716461,9.30884233584124,0.08738884751290033,sakit
0.2132551074028015,0.23256228864192963,0.9346587089866247,0.20688693225383759,0.22827567160129547,1.0614619026983667,0.2034623771905899,0.2278265804052353,1.0890448379498345,0.2984416892804695,380.43613220754037,0.9441327851220541,0.4032219503529691,9.464461485703929,0.08909266709903096,sakit
0.21640034019947052,0.2333214282989502,0.9237894888413153,0.21012520790100098,0.22892031073570251,1.0501656819756864,0.20704634487628937,0.22835277020931244,1.0703984411928509,0.2975432008184232,375.75008502196823,0.9450698490670777,0.4062061313499539,9.427022168543765,0.08856620251299219,sakit
0.5027514696121216,0.37485969066619873,-0.3970244838888593,0.46505677700042725,0.36293208599090576,-0.22718495597733926,0.4526052176952362,0.35785695910453796,-0.1842035712489685,0.22439101929093205,480.7373668680775,0.9720748165794214,0.3908370985551475,7.863101660292728,0.05038870008260349,sakit
0.502385675907135,0.37442687153816223,-0.3908821959285847,0.46385204792022705,0.36206910014152527,-0.21738520806257047,0.4517054557800293,0.35722124576568604,-0.17536277896581945,0.21967915088234524,446.556706801551,0.973939666160404,0.3896153437339726,7.703998210483846,0.04830462464772984,sakit
0.29006174206733704,0.21604207158088684,0.5745980016125356,0.27351632714271545,0.21010328829288483,0.767118492246476,0.26017147302627563,0.21195924282073975,0.8485418316873427,0.10483179243837111,246.9329999795095,0.9571556158083291,0.2552199735653122,8.401103417305897,0.01101597439632243,sakit
0.29893648624420166,0.21627186238765717,0.5580327036237122,0.2842180132865906,0.2112886905670166,0.7281897948713303,0.27314138412475586,0.21313048899173737,0.7980125531131762,0.0963227880361253,247.54557528523173,0.9575087605249178,0.2478539383407131,8.442002658480718,0.009317802229036831,sakit
0.2979848384857178,0.21737690269947052,0.5518184815310807,0.28298047184944153,0.2123137265443802,0.7175914082786435,0.27177539467811584,0.21386735141277313,0.7936358235372678,0.08743754116068027,249.06589614724317,0.9576428110129337,0.24669850903335555,8.464884299426055,0.007673387533101272,sakit
0.36411726474761963,0.28665968775749207,0.26207014642194826,0.34781157970428467,0.3012145161628723,0.508880601709724,0.33358457684516907,0.2958664000034332,0.5431320406089661,0.22998686021248724,624.3682883577826,0.9443610452251313,0.3374842828295146,12.052701157824592,0.05293580249117691,sakit
0.27679044008255005,0.30588123202323914,0.9847582335860111,0.2703089714050293,0.29128652811050415,0.9152377092676476,0.2604121267795563,0.2692287266254425,0.7943761724457048,0.2961068535258134,455.6017768820355,0.9590094070992202,0.403669744131487,9.803477818058623,0.08771064212899769,sakit
0.2714901268482208,0.30100151896476746,1.0003397169841843,0.2653128206729889,0.28669473528862,0.925489014415576,0.2560797929763794,0.2658143639564514,0.8008217158458024,0.3030279897944321,425.454457209551,0.9603968399800973,0.404494072703814,9.75146256121037,0.0918572552740131,sakit
0.28011658787727356,0.30543556809425354,0.9704394384523297,0.27354905009269714,0.2906467914581299,0.8970942127259607,0.26393383741378784,0.2686016261577606,0.7745906909353834,0.2972181543035235,437.5825234791161,0.9604585822039989,0.4045425729214808,9.706555829750448,0.08837477073211047,sakit
0.33578503131866455,0.3389929234981537,0.5815676712096289,0.2930971086025238,0.3063971698284149,0.789067008196825,0.264997661113739,0.2747628688812256,0.9196061874629795,0.28432528614340263,572.2429431543815,0.9533748286476714,0.414541618446316,11.720475933499264,0.08086275636004242,sakit
0.3010300099849701,0.3424404263496399,0.6377993689238405,0.25543320178985596,0.3056337237358093,0.8366237212967509,0.22641782462596893,0.27208176255226135,0.9785101063674849,0.2861706741267433,543.3143673710398,0.9554084946209488,0.42684570797458465,11.409933652776798,0.08192538486455775,sakit
0.2873481214046478,0.2965695858001709,0.7220095530669308,0.27058035135269165,0.28683438897132874,0.7914491034000624,0.25949522852897644,0.2616925537586212,0.6826030310973826,0.2848033208556728,397.37179207534,0.9626662175294146,0.4156562538272122,8.282077848986399,0.0811421956573568,sakit
0.2907519042491913,0.2971515655517578,0.7070529707976767,0.27353230118751526,0.2873052954673767,0.777611270665822,0.26234933733940125,0.26190686225891113,0.667557627587997,0.27686031747062767,392.6565692928843,0.9632221527630925,0.41291427900348365,8.237106998115665,0.07668486565860143,sakit
0.2951705753803253,0.2987888753414154,0.6885644570530968,0.27739381790161133,0.28855621814727783,0.7568135806111491,0.2659013271331787,0.2628934383392334,0.6514442050890168,0.27419403553973654,399.01536294881953,0.9629761340999227,0.412126077850055,8.249078021745214,0.07522197548013652,sakit
0.6216760873794556,0.3178977072238922,-0.7512902006350193,0.5037156939506531,0.3046949803829193,-0.5184663375180878,0.4102570414543152,0.2296229749917984,-0.04686932250043144,0.021215466494537007,245.47287219970914,0.9783874054804605,0.2037651992217753,8.30496159293374,0.0004574529074049916,sakit
0.5893670916557312,0.3466017246246338,-0.6371072503007023,0.4805518388748169,0.32297369837760925,-0.4247805597560844,0.39148640632629395,0.24764758348464966,-0.08066267970894897,0.05927398671295616,234.90973972701735,0.982088199667483,0.25024272401984854,7.804605865830911,0.003524690231792535,sakit
0.616389274597168,0.3194884657859802,-0.7230107047108745,0.4996330142021179,0.3048138916492462,-0.48847691946775246,0.40617525577545166,0.22999148070812225,-0.035690806724085776,0.02198942009414587,227.78440083420105,0.9799862440382934,0.2040845197291573,8.305121083531157,0.000490445053814507,sakit
0.6337801814079285,0.30638357996940613,-0.7615831952082541,0.5132136344909668,0.29767218232154846,-0.5359522931247633,0.41865289211273193,0.2226637601852417,-0.00369572785418825,0.019402346691119583,218.18174421178756,0.9796483058107031,0.19196707220165368,8.403038225113935,0.00038200377535540543,sakit
0.2178703099489212,0.22380124032497406,0.876904174470333,0.21335402131080627,0.21798628568649292,0.7140195859469506,0.22347065806388855,0.22975477576255798,0.6633078883894826,0.2835636838730072,186.92489223694054,0.9702509889296573,0.4959457939137226,5.5652153066420675,0.08044764435850137,sakit
0.21899667382240295,0.22327080368995667,0.8687531473257559,0.21436798572540283,0.21744786202907562,0.7086729665540903,0.22469769418239594,0.22957991063594818,0.660904611562172,0.27407908212597143,184.12766478323348,0.9705687744467232,0.4955852977703757,5.537479806156207,0.07517575284348803,sakit
0.2976313531398773,0.2236928939819336,0.8782432188465158,0.2924324870109558,0.217601478099823,0.7054000479602088,0.30303847789764404,0.23036262392997742,0.659464866647781,0.27689058736527117,174.0616660408108,0.9722131618702474,0.49687503429399055,5.401455019238864,0.0767155524716487,sakit
0.21636085212230682,0.22432193160057068,0.8789850166066141,0.21176458895206451,0.2183673232793808,0.7227774524317511,0.22205056250095367,0.2304069697856903,0.6718935124156961,0.28065396370351675,188.43114248135439,0.9701541309322327,0.49485292252067686,5.5828390022416725,0.07880637142177073,sakit
0.5398101210594177,0.34077924489974976,-0.18475724040173466,0.5210863947868347,0.3452354669570923,-0.05541834270349553,0.4985339641571045,0.32734277844429016,0.009142151433449193,0.13205840402012248,993.2361021243479,0.933429042768063,0.28139927469964543,14.82739683398176,0.017505037260726955,sakit
0.38366347551345825,0.2720825970172882,-0.07329990417966664,0.3306705951690674,0.29048657417297363,0.3440294474076367,0.30728235840797424,0.2826828062534332,0.5283335897782405,0.13422838283468372,517.8453085429246,0.9484483009030918,0.2615870912364852,12.724892030294756,0.0180631266079917,sakit
0.4514327049255371,0.27144432067871094,-0.4744759210563471,0.4017096161842346,0.2584042549133301,-0.24169608905913148,0.4140022397041321,0.28514590859413147,-0.02081417626190861,0.1323507352928675,298.0138001385913,0.9666846733654313,0.32827829871444386,7.375826923479927,0.017551990822988736,sakit
0.46080905199050903,0.2673608362674713,-0.5265002335922503,0.41006407141685486,0.2552453577518463,-0.280757930101598,0.42258012294769287,0.2830483913421631,-0.0528632629602854,0.13770210219321763,251.67818895126706,0.9711500776602299,0.3330217336307915,6.977116148125962,0.019001170669035942,sakit
0.4489150643348694,0.27099093794822693,-0.4700000037035666,0.3990248441696167,0.2572302222251892,-0.24021406037144263,0.41071611642837524,0.2832210958003998,-0.02437368606573472,0.13533816044948702,276.21601509982673,0.9688269590845254,0.3277814570268025,7.346704046212985,0.018352944396860874,sakit
0.22714687883853912,0.28537648916244507,0.9805992577254063,0.2192632555961609,0.28087934851646423,1.0553696651482405,0.20976880192756653,0.27616775035858154,1.1293028767212758,0.39716998982874446,351.8303761322782,0.9658402915555283,0.5413507257828264,6.743280932468358,0.15777411885388856,sakit
0.22155164182186127,0.2834913432598114,1.023336015228418,0.21353742480278015,0.2788853049278259,1.1027527615286832,0.20285815000534058,0.27297356724739075,1.186347517282331,0.3933444115396456,338.10456021748786,0.9666500884667567,0.5357958355379066,6.725640026456657,0.15474574034709368,sakit
0.2255076766014099,0.2854185104370117,0.9893006892051598,0.2176758348941803,0.2810705900192261,1.0662089108881627,0.2085990309715271,0.2764267325401306,1.135422989914788,0.39803285701841906,384.6860128031636,0.9627450285418221,0.5323074771586352,7.0270540768449665,0.15845323171834114,sakit
0.44928210973739624,0.3277707099914551,-0.09782971922090367,0.35509249567985535,0.27544263005256653,0.1396380651479431,0.31533485651016235,0.24240514636039734,0.3468556021261127,0.11508121667580455,337.98200355207433,0.9678896669952896,0.29233345170319763,8.84093325152116,0.013284837816200384,sakit
0.454872727394104,0.3273816406726837,-0.11779748345426108,0.36067768931388855,0.27557963132858276,0.12023214153053119,0.3206048309803009,0.24263308942317963,0.3298016513978446,0.12185104826758181,298.75543337735564,0.9716249864706628,0.29424904184340245,8.649417019049672,0.014888584759151299,sakit
0.44296711683273315,0.3304675221443176,-0.07486432358029574,0.34982988238334656,0.2770269215106964,0.15971414912655615,0.3099521994590759,0.24366416037082672,0.36371508493618426,0.12769839376586942,339.4691724788725,0.9682026095041967,0.30158063109973693,8.790580394350988,0.016330031306355356,sakit
0.39768186211586,0.2568242847919464,-0.08203468436794936,0.42271173000335693,0.2786308526992798,-0.09789949280022177,0.44202351570129395,0.3125244677066803,0.13803215028709248,0.1354942265931989,310.7254736565958,0.9665979808101307,0.2870879888158594,9.016610062897785,0.018401026647733337,sakit
0.391224205493927,0.25884994864463806,-0.05677028121596836,0.4158840775489807,0.2806518077850342,-0.07752378262300201,0.43478208780288696,0.313712477684021,0.15503022206823094,0.1277795742761258,341.9727475103244,0.9637467159936074,0.28221697506514026,9.277919108750524,0.016369473740094384,sakit
0.38434281945228577,0.26353272795677185,-0.038183622572881076,0.4085589349269867,0.28531500697135925,-0.052999285847633484,0.42765775322914124,0.31817957758903503,0.16864973552074472,0.1495772404324933,347.00929547401614,0.9645889025592008,0.296962497250609,9.187934743873704,0.022393359056906478,sakit
0.715610146522522,0.2758387625217438,-1.4446012742487222,0.6220858693122864,0.25019627809524536,-1.30284549752536,0.49540945887565613,0.21500450372695923,-0.6430488896025094,0.023553349396808573,327.2003327653418,0.9588903858435813,0.17864580148006612,9.330920614978343,0.0005646064684777479,sakit
0.699924886226654,0.29489701986312866,-1.3622767914835063,0.6087899208068848,0.2667560875415802,-1.2240114126034694,0.4860556721687317,0.22742806375026703,-0.6609963695802866,0.037868762891494,367.7525635633731,0.9596772895986464,0.19837248464455007,9.389655996103755,0.0014448075339844218,sakit
0.7308071255683899,0.2568119466304779,-1.5184506192131904,0.6359786987304688,0.23486827313899994,-1.3628684756498617,0.5071014165878296,0.20483265817165375,-0.6027084427558127,0.021004967379093107,329.3111240997309,0.9525336591890539,0.16553674760179474,9.494771175323455,0.0004496409550884587,sakit
0.30584394931793213,0.3843047320842743,0.7469534596060984,0.27112218737602234,0.3439868092536926,0.833493874970977,0.2319023460149765,0.29402047395706177,0.9630707096471174,0.3673168321326962,371.133211412343,0.9766131016041251,0.5082152598183216,7.511479759117364,0.13495517978761487,sakit
0.3010803461074829,0.3840504288673401,0.7643079585857092,0.2653234302997589,0.343437135219574,0.8590276286937072,0.2277354747056961,0.2941095530986786,0.980890803603148,0.34571731054203325,430.955457549854,0.9728611602367518,0.49830975118813176,7.9242927488287025,0.11955752414735203,sakit
0.28133004903793335,0.29594868421554565,0.4373361032829354,0.304139643907547,0.2704465091228485,0.10523830292659234,0.30445173382759094,0.28106242418289185,0.21214886395922775,0.25359107487654076,264.11668758868296,0.9711112130566674,0.41772893385713056,7.207284031087297,0.06436042402706586,sakit
0.3537353575229645,0.2919643223285675,0.14730889637401273,0.34246575832366943,0.2961861193180084,0.28425162302429896,0.34946683049201965,0.30296292901039124,0.2960387411108374,0.23162062319384644,241.67625042160935,0.978594706283627,0.39013319565649524,6.8955993270608475,0.05368839977421958,sakit
0.4115354120731354,0.333291232585907,0.16191255625339993,0.3638111352920532,0.30594196915626526,0.24343707110474969,0.3282787799835205,0.29223623871803284,0.43707232639848465,0.20683372604502456,449.43366566647325,0.963713372549469,0.36410227487201635,8.728436285658233,0.042803273077899745,sakit
0.4141371548175812,0.33284035325050354,0.14990218202988492,0.3657684624195099,0.3051337003707886,0.23243452940979709,0.3300391137599945,0.2917230725288391,0.4273467183727207,0.20308444939530992,448.2885308750421,0.9636383997861953,0.3640481786503403,8.725971291599132,0.04127287762436052,sakit
0.4552864134311676,0.3405546247959137,0.09250229338239625,0.3939342498779297,0.30618852376937866,0.2131851126180984,0.34476572275161743,0.29221850633621216,0.5166664276034646,0.23027375817889828,484.8659446554961,0.9609939925194536,0.38012523753848965,8.878848315210744,0.05304431937674564,sakit
0.4944288432598114,0.3013967275619507,-0.20416608382995877,0.4412953853607178,0.2763201594352722,-0.07576592015417054,0.4195573627948761,0.26657894253730774,0.003312003342552908,0.02959383371931408,434.6929022235097,0.9573801750305627,0.1926239911221622,10.849118932687146,0.0008854421706268322,sakit
0.5035122632980347,0.29690980911254883,-0.20788778294815122,0.45016661286354065,0.2730035185813904,-0.07417596845191934,0.4284942150115967,0.2633439004421234,0.01516507174377869,0.017968381578916264,464.29022896614975,0.9531218429376865,0.17589322771780916,11.237383734639453,0.0003286880645156144,sakit
0.5154634714126587,0.2944048345088959,-0.20540718244808076,0.4707779288291931,0.27393972873687744,-0.08363023591899413,0.4517926573753357,0.26583707332611084,-0.016942559082455254,0.016383681482485663,450.38603252814397,0.9545985603416244,0.17447109778876027,11.122334192420395,0.00027328895712854553,sakit
0.4736776351928711,0.3125401437282562,-0.1357671903899169,0.4220796525478363,0.2851296663284302,-0.012325372234278563,0.40123745799064636,0.27394387125968933,0.06347582073950064,0.07814374327501111,397.6120173087392,0.9635934857681979,0.22729170570504711,10.386592646755906,0.006115997132771417,sakit
0.2148514837026596,0.3041591942310333,1.1104055567897517,0.1884273886680603,0.2694542109966278,1.1738850225467108,0.17069780826568604,0.24547956883907318,1.3322665495677206,0.47765964166928193,351.1485588866555,0.9646387783385669,0.569674208652677,7.698086441719277,0.22818384449700638,sakit
0.21262578666210175,0.30204248428344727,1.121416494108603,0.18624237179756165,0.2674373686313629,1.187258120707494,0.16894489526748657,0.24371284246444702,1.3444313912545716,0.4538751190538061,378.6508990758514,0.9614562347224669,0.5559745870109263,7.895989704856059,0.20603775843477642,sakit
0.3602830767631531,0.3435523211956024,0.6065173073834004,0.3258233964443207,0.29590174555778503,0.9724104263127308,0.31341373920440674,0.29299217462539673,1.133213934097526,0.05568491229455166,431.3297792116223,0.9645538032188608,0.2944753287343742,9.42618282875607,0.0031127186393344526,sakit
0.6005486249923706,0.23932640254497528,-0.857454291551666,0.552229642868042,0.22486835718154907,-0.717001465856396,0.40116602182388306,0.19642190635204315,0.1625344170842752,0.01617453459095858,358.9961356300386,0.9448045707003411,0.17543882735211522,10.914888897552204,0.00026636779385602784,sakit
0.4355473518371582,0.22395116090774536,0.4091276366932064,0.41812798380851746,0.21838529407978058,0.40082357942422064,0.43860504031181335,0.21651685237884521,0.19386051611365765,0.010709558815066716,511.8468683229032,0.9170574328582607,0.10853828391574709,14.297571014550817,0.00011718938135420046,sakit
0.3955225348472595,0.2969425916671753,0.37938055179954566,0.3712925314903259,0.297437846660614,0.43527433524353965,0.33968546986579895,0.28810709714889526,0.5799371561378731,0.042559637746452335,184.68499133976255,0.9838205425252328,0.3594299979668811,6.362371501903406,0.0018327408521788934,sakit
0.39391183853149414,0.31468573212623596,0.9500002812112166,0.38036322593688965,0.30117979645729065,1.0680696377142678,0.333758145570755,0.27417534589767456,1.4227744660007073,0.2867619518756009,348.5672164763844,0.9704530867033488,0.4765414235449145,7.734470218496796,0.082255873147269,sakit
0.49481555819511414,0.2902159094810486,0.14530235201105102,0.4488191604614258,0.27949273586273193,0.48718921804283416,0.4154333770275116,0.2675684988498688,0.7131234099902234,0.014105100941258582,439.32705235147546,0.9560933378649602,0.11911880143801883,13.121464165953833,0.0002013574729119071,sakit
0.45083558559417725,0.26504597067832947,0.34874973364836886,0.42359521985054016,0.2614496946334839,0.40126334037612893,0.40500935912132263,0.2271164208650589,0.38229740791035177,0.015312547683695998,279.77697439893143,0.9673882800416255,0.15261685374713088,10.155564301410063,0.00023687351933576858,sakit
0.3670071065425873,0.2282983511686325,0.3123304926811044,0.3709101676940918,0.23049892485141754,0.3332605662150368,0.36507517099380493,0.22415605187416077,0.43578078270245857,0.014075645987240917,460.2423061945189,0.9320570634506335,0.16451650779794266,12.186850432800862,0.00020316306577820807,sakit
0.5795139074325562,0.3138704001903534,-0.04662325693052411,0.5282219052314758,0.29242634773254395,0.05590461604514882,0.47484225034713745,0.26492440700531006,0.16568419239996915,0.02058425761384663,372.0092940535513,0.9667936429537942,0.1979454439649925,10.37606920669793,0.00042932930399161877,sakit
0.23596879839897156,0.19123899936676025,0.7632945345865775,0.23135849833488464,0.18382778763771057,0.49020699432834625,0.2426624447107315,0.1932556927204132,0.3691006222678331,0.09884415488388565,171.06785731236076,0.9615748984464433,0.3603291027233059,6.11603830208275,0.009782875963862262,sakit
0.44653812050819397,0.20909634232521057,0.17539420628800978,0.39539775252342224,0.21157152950763702,0.443648107232658,0.37151995301246643,0.22074894607067108,0.6494092746038254,0.015534568312034034,277.0525362103941,0.9516836229783828,0.18517371122786763,10.038941363390004,0.0002480205783920278,sakit
0.5409046411514282,0.3992321491241455,-0.14053852718779739,0.5425540804862976,0.39693668484687805,-0.1344598177724435,0.49802151322364807,0.38010573387145996,-0.10645697157552744,0.06338401397850248,821.3940390704087,0.9594000933966086,0.33360809845130485,11.68692356556741,0.004036182981816961,sakit
0.4309527575969696,0.38247230648994446,0.18572853805357634,0.40369024872779846,0.36693230271339417,0.3696152621974681,0.3628649115562439,0.332107812166214,0.6053415828255517,0.06753414599469203,304.9425762148112,0.9818419649392922,0.3272836756790171,8.149779789453715,0.004585972392644058,sakit
0.4988511800765991,0.30302420258522034,0.0863502506316404,0.47252458333969116,0.32104912400245667,0.3762236469127447,0.45514899492263794,0.32874953746795654,0.5469123085909846,0.022216226085915464,580.4389393720775,0.9548835006635207,0.22864589429836424,12.337043125287323,0.0005004111054250453,sakit
0.4046928286552429,0.34269216656684875,0.554909756667344,0.3523697257041931,0.3034084737300873,0.602253643808863,0.26362496614456177,0.2806556522846222,0.8384222900056147,0.019256879612728765,394.765834512192,0.968467632225674,0.13426538012795433,12.396704208144635,0.0003748545937382368,sakit
0.46313992142677307,0.2512219250202179,0.4293456850964684,0.42590928077697754,0.2479540854692459,0.4848658043908688,0.39622005820274353,0.2574189305305481,0.7189367538196637,0.013032985622172859,532.8608697102892,0.9306785593281363,0.1354173273917455,13.570545386874842,0.00017292167578276537,sakit
0.4914085566997528,0.21847067773342133,0.043273456541229924,0.4779479503631592,0.22469870746135712,0.1339233188261811,0.46586522459983826,0.2371758073568344,0.17033901166483167,0.01507473646514425,184.64681050713816,0.9715367717536991,0.1850460619540355,8.092755467830639,0.00023273707811632187,sakit
0.520634651184082,0.2843964695930481,-0.10696558400431738,0.4530627727508545,0.25358161330223083,0.23011464056984848,0.4435320198535919,0.2482985258102417,0.3817634778468778,0.012470761836807134,593.9744666608551,0.9304001784245383,0.14617500594297506,13.47600837411001,0.00015816801199364334,sakit
0.38998132944107056,0.2712894380092621,0.3012185814608396,0.35845354199409485,0.26638829708099365,0.3866354184133951,0.3316526412963867,0.2702993154525757,0.4811985787882756,0.028312078777723803,220.96806713698632,0.9762267006629363,0.259585702718375,7.80257252626816,0.0008169835390483917,sakit
0.4807625412940979,0.2679315209388733,0.29853985812671513,0.4416702389717102,0.263374388217926,0.383411408453963,0.40828463435173035,0.2703298032283783,0.4795927846863311,0.022637600213240277,201.74897107959052,0.9778888999198917,0.25654091722553013,7.608197967541677,0.0005237863733834376,sakit
0.5453963875770569,0.3655022382736206,-0.5683344052264726,0.4397328495979309,0.3113038241863251,-0.0685015417811899,0.38170358538627625,0.2934458553791046,0.25440804921708265,0.07860401959478232,343.8479225913964,0.9744343186114829,0.3089502380482782,8.815079871746766,0.00619192595549569,sakit
0.3162761628627777,0.2785218060016632,0.5169732401465598,0.2935703992843628,0.2814843952655792,0.5515681437368293,0.3163730502128601,0.23997117578983307,0.5415163620744663,0.0340893817634988,1101.7745206514255,0.8875844041182229,0.21355186515074917,18.809194968570534,0.0011740615305907444,sakit
0.22485670447349548,0.23096294701099396,1.5858442903993448,0.2517799139022827,0.24356508255004883,1.4628960829839748,0.27521607279777527,0.2116619348526001,1.0674293421035326,0.02343059873276077,294.4997267292202,0.9587051887877397,0.2305254082106326,8.32342104105311,0.0005644437678307872,sakit
0.4399300813674927,0.26000919938087463,-0.06607549173509966,0.3817335069179535,0.2253495454788208,-0.05302578031445024,0.3515440821647644,0.20942018926143646,-0.006112100507392043,0.01679222320219802,185.99389516872895,0.9730769043694313,0.20176414870397988,7.730969679928286,0.00028724180783335905,sakit
0.5967477560043335,0.22077089548110962,-0.10552093438591544,0.4601425528526306,0.19287531077861786,0.3075812269652055,0.31499603390693665,0.16642513871192932,0.8075104114322472,0.015360013941282669,535.2164550501336,0.8894367747662342,0.14566476835586079,13.532897179089785,0.00023899612425549448,sakit
0.47962963581085205,0.3222082555294037,0.13719984220836343,0.4618866443634033,0.3183680474758148,0.2549030586026904,0.4483107626438141,0.31258028745651245,0.3373915577699087,0.029415597803545582,449.60627749311806,0.9656848164698074,0.18938963275066537,11.526059753068916,0.0008703909645968888,sakit
0.3486364185810089,0.2560013234615326,1.1938938968054666,0.32694435119628906,0.24670356512069702,1.3486497978914889,0.2539662718772888,0.218970388174057,1.5898869786203267,0.01653005606388427,403.30797938846354,0.9487619036755987,0.1720994658076633,11.364256234352629,0.0002811332389078454,sakit
0.2521665692329407,0.21721433103084564,1.3096483779069692,0.24599501490592957,0.2135581374168396,1.3868598362564857,0.24863599240779877,0.21319633722305298,1.4026417803053721,0.0786609296470903,435.87642814077384,0.9270160812070344,0.2938426048638185,10.505556604778553,0.006201841424791299,sakit
0.44811514019966125,0.1995309293270111,0.034033200463834484,0.4330880343914032,0.20270390808582306,0.07785550796155197,0.422026127576828,0.2089502513408661,0.16737353847550718,0.016275575284590237,318.17837335025644,0.9396660503733371,0.20229626435043066,9.322529932630152,0.00027194285836030954,sakit
0.42306041717529297,0.200702965259552,0.4956173711615938,0.41056883335113525,0.19792869687080383,0.6529092218656845,0.39826101064682007,0.20042011141777039,0.6912120605429106,0.02357416065523979,266.67797882227785,0.9473760937428967,0.18107715560288232,9.1017210954084,0.0005616233744694627,sakit
0.34554803371429443,0.19834627211093903,0.7120546495086173,0.3298274576663971,0.19535212218761444,0.908489109260973,0.3153172731399536,0.19944696128368378,0.9223929666305952,0.01569665919270212,274.2893618637376,0.9449091949472793,0.1578308774870905,9.463348743157693,0.000249832068824482,sakit
0.49158042669296265,0.35024091601371765,-0.4822219030085593,0.36490049958229065,0.2925209701061249,0.108267956791929,0.3008885383605957,0.26981574296951294,0.5495268794416392,0.1931856941399681,436.69555593056947,0.9630641383015103,0.3626117385242158,9.072332257825915,0.03732984325839689,sakit
0.44953182339668274,0.24193912744522095,0.008395735581247555,0.4720519185066223,0.2585640847682953,0.005149551094402465,0.4306447505950928,0.22911866009235382,-0.030328038480482714,0.010550458752436346,731.051053474118,0.908839641798747,0.11507935063070378,16.673170772946083,0.0001145189013918579,sakit
0.5869296193122864,0.28001245856285095,-0.007262812005142526,0.5678000450134277,0.28287217020988464,0.07822105834469989,0.55485600233078,0.27636274695396423,0.1504443294997004,0.0366281631360659,540.0724275920327,0.9472149743600782,0.18893359268787627,13.60764365246982,0.001347201642487472,sakit
0.466320663690567,0.1779763102531433,0.047423849548640123,0.4585142135620117,0.19681426882743835,0.5743096170316855,0.4047706723213196,0.198089599609375,0.5698849965732727,0.011070192292838529,710.7088812720184,0.8412229486670225,0.10064064679406091,17.059538387683777,0.000124257109727262,sakit
0.39849749207496643,0.2692851722240448,0.18617914816135436,0.37549346685409546,0.25635260343551636,0.2663735171099128,0.3273788392543793,0.2367594689130783,0.3449646944752735,0.01337607656143483,1061.2754602544715,0.8764905023795877,0.11783944405263043,18.261824506324267,0.00018188398104023286,sakit
0.5885425209999084,0.15089905261993408,0.36158175828692934,0.5099059343338013,0.15989722311496735,0.4043940114058678,0.4066372811794281,0.1753639280796051,0.6805575979321627,0.01486275812708643,329.2785524244742,0.8929086427083246,0.14611806512909362,11.386753950932372,0.00022587394863085556,sakit
0.48830243945121765,0.22800087928771973,0.35745195048875766,0.46691280603408813,0.26310256123542786,0.4391970505737096,0.44790586829185486,0.26296326518058777,0.4253318172557328,0.014285148812820595,754.2653117741756,0.9068215428360079,0.13522068394974776,15.93042571764505,0.00020606779232531668,sakit
0.5457426309585571,0.1906164437532425,-0.6690770802771477,0.4988681972026825,0.19375848770141602,-0.39005630380927314,0.5062018632888794,0.22011005878448486,-0.1847440657568006,0.031210643085596956,208.11194222155257,0.9567210719925942,0.2250242678473654,7.338190533300346,0.00098084460130338,sakit
0.4423942565917969,0.2826334834098816,0.6927636639938061,0.432105153799057,0.2611417770385742,0.6736180246015544,0.41581952571868896,0.2321658730506897,0.6217526220046999,0.013341930422420436,457.62991021384,0.9488398569099575,0.1261780649718205,12.973497895706183,0.00018135157215503253,sakit
0.4492257833480835,0.30583900213241577,0.16459604676408215,0.4259757101535797,0.3201083540916443,0.4222247913460561,0.4108428955078125,0.3256934881210327,0.5821589211654923,0.02218293872396058,686.5580702657103,0.9465859684620767,0.22703027999505973,12.928262984909745,0.0005006720803222993,sakit
0.20488277077674866,0.15273571014404297,1.3984223506283104,0.19197387993335724,0.14536301791667938,1.4687076067117695,0.18426837027072906,0.16129837930202484,1.5876705547530803,0.038063497588276915,276.3849262696563,0.9045707248846404,0.25197553494934405,8.684727558603823,0.0014766809265964874,sakit
0.4481556713581085,0.29395776987075806,0.3685094322680838,0.3843802511692047,0.26959121227264404,0.5174355841408698,0.3121413290500641,0.21684810519218445,0.8018511711844026,0.015557927878405028,756.2340083690618,0.9196583402840948,0.13222398583587003,17.274822647857142,0.0002462358939704823,sakit
0.5985276103019714,0.26376795768737793,-0.3756858301829316,0.5724219679832458,0.2596549987792969,-0.18571833588404396,0.5007021427154541,0.2612711191177368,0.45561208138660075,0.018326436703862976,743.2226498309541,0.9145180929253732,0.12964282134484245,16.423360111408645,0.0003382249326441473,sakit
0.45696908235549927,0.18359948694705963,0.2550975571071168,0.4261496663093567,0.18627667427062988,0.514214330304853,0.3929615616798401,0.1837690770626068,0.6477725211592449,0.016107717943361632,246.15161356295826,0.9431976918591376,0.19182179172960126,9.077186810206198,0.00026686766935177,sakit
0.44644030928611755,0.3015608489513397,0.30123487010866795,0.39662596583366394,0.2781056761741638,0.3795727920292048,0.3429107666015625,0.256970077753067,0.59073165161055,0.0165849479397037,594.7789784320798,0.941998012973904,0.12752986195902102,14.16356923576123,0.00027646378195382896,sakit
0.5850471258163452,0.21086731553077698,-0.2605766097870296,0.5141646862030029,0.21531493961811066,-0.020472621372535076,0.4990254342556,0.21888785064220428,0.013139100414745891,0.009267876920838811,837.4962369579692,0.85423036385568,0.0746197299510927,19.59755793454274,8.664147610897802e-05,sakit
0.4262925386428833,0.23050279915332794,-0.09209126560117802,0.4166676998138428,0.24743640422821045,0.07445370233713088,0.41944316029548645,0.25727590918540955,0.12122842018861166,0.01660562311443582,169.41944813912076,0.9778057968607049,0.2258186194366105,7.318516735542574,0.00028059625570887766,sakit
0.6333665251731873,0.16283810138702393,-0.5559034004075536,0.56044602394104,0.1505640298128128,-0.31220786511333537,0.47262370586395264,0.14598454535007477,-0.07112571807755624,0.010856886925043894,575.6560845950347,0.8045849658078962,0.07240877510992726,17.211399093463022,0.00011903179150076034,sakit
0.5148876905441284,0.2953064739704132,-0.34344492257504694,0.48632752895355225,0.2938530445098877,-0.14264503256032882,0.4678526520729065,0.3000842332839966,0.13215312636834403,0.021745368679289626,495.28257024705044,0.9556702689722519,0.23035006790706336,10.623090169995221,0.000480937743949215,sakit
0.40853917598724365,0.24478426575660706,0.2853029444760211,0.38925865292549133,0.23759864270687103,0.3041773313775579,0.4056709110736847,0.2353833019733429,0.11912791732844716,0.03341013918521862,564.2192944495926,0.9226723281006503,0.1391379003451296,14.418951564274886,0.0011199037430697832,sakit
0.4259181320667267,0.23093901574611664,-0.007173863699681326,0.378468781709671,0.22830113768577576,0.2999822018122378,0.3572174608707428,0.23507127165794373,0.5155929426964435,0.033427976056739646,322.16250162798787,0.9520410498736208,0.1999626294650139,10.575124715002268,0.0011234324785119063,sakit
0.06061365455389023,0.1548078954219818,3.531042209241602,0.06922464072704315,0.16692626476287842,3.2767926443323727,0.0754958838224411,0.16389784216880798,2.684608040087673,0.663600010755019,343.3133010208472,0.9008910980755448,0.7256253184618662,4.902332497255708,0.4403758610603339,sakit
0.22496262192726135,0.3199921250343323,1.1580389136260116,0.2092290222644806,0.30305215716362,1.300658121958181,0.19609548151493073,0.28880980610847473,1.4138322486324366,0.48801783367958507,418.6727596369105,0.9655455348101406,0.5629751674921524,8.056738209724099,0.23818528177551945,sakit
0.10801085829734802,0.23266977071762085,2.414769787679921,0.08235575258731842,0.19306182861328125,2.9091870268067006,0.08511190861463547,0.20107921957969666,2.8730578778464357,0.6670623499527405,387.7797651734427,0.9296857495620885,0.7379099629062851,5.169019696545208,0.44498774699012505,sakit
0.14945194125175476,0.2838660478591919,1.823215350449521,0.1426772177219391,0.2813626527786255,2.022205184746473,0.1381429135799408,0.2787964344024658,2.13357223511346,0.6336759867253611,549.59373083111,0.9468910060062606,0.7018532598748984,7.055873047625622,0.4015601357170298,sakit
0.17925618588924408,0.22443754971027374,1.1052601883090551,0.16540251672267914,0.2140340805053711,1.2931163202637719,0.1611758917570114,0.21217308938503265,1.346091186872582,0.4284989665493298,220.93209395985733,0.9636746585065056,0.5218420004063467,6.399698092137829,0.1836345265997438,sakit
0.13001756370067596,0.24677933752536774,1.6963358959452053,0.12821762263774872,0.24475064873695374,1.7205084337774461,0.12456294149160385,0.2414650171995163,1.7867359732027939,0.6847200955447983,279.4935260774028,0.9643559873270954,0.7383175132250733,4.548338361310853,0.46885501242090594,sakit
0.13450664281845093,0.24412256479263306,1.6703864151260888,0.14074695110321045,0.25605207681655884,1.6768371989028978,0.12866923213005066,0.2327735871076584,1.6471768827907278,0.6302606704406557,462.88339829609026,0.94305314929934,0.6799003471303817,7.877121711527207,0.3972448796133254,sakit
0.15969215333461761,0.29082393646240234,1.7086518334233975,0.15388748049736023,0.28208035230636597,1.7741935321474775,0.1487160474061966,0.27504968643188477,1.8273208817322908,0.5984771669778778,541.342793961261,0.9485802689784594,0.6557754013330863,7.440410828230289,0.35818823377926257,sakit
0.32461103796958923,0.33407968282699585,0.7438090789020382,0.2930049002170563,0.2862032353878021,1.0522984451364668,0.2826526463031769,0.2823142111301422,1.2080812086386925,0.06715898479357592,486.1503922210814,0.9576141382955304,0.2854526866882882,9.70410753366253,0.004528488776073105,sakit
0.5070753693580627,0.4093545973300934,-0.007142801643083217,0.5093933343887329,0.406934916973114,-0.004584704191933709,0.4687156081199646,0.38830655813217163,0.024931971825962428,0.07282143137826684,655.3951497466161,0.9692293663021875,0.357721319009036,10.552730041715355,0.005322597765822515,sakit
0.570957601070404,0.27527499198913574,-0.8199869002598301,0.524734616279602,0.2577469050884247,-0.7158362007800533,0.3836228847503662,0.2161826640367508,-0.0028641994095699873,0.031180528782833773,416.22174095319133,0.9505736619712258,0.1891567649800491,11.328536055062765,0.0009776191434739772,sakit
0.5025849938392639,0.3751538395881653,-0.3718664929992344,0.4021337330341339,0.3140833377838135,0.036814695992885504,0.34759461879730225,0.2901611328125,0.30979216544234267,0.07353038074044072,474.163311698039,0.9656754743494234,0.2966244719900946,9.638167697596854,0.005418574037811016,sakit
0.28520894050598145,0.27724984288215637,0.6752393600599287,0.2628127336502075,0.27697518467903137,0.7218829701032665,0.28983980417251587,0.24360884726047516,0.6538594308218257,0.04622447080480021,1077.4924770534947,0.8880815108888737,0.2546803444175357,17.754668057260606,0.002153026506414256,sakit
0.3303763270378113,0.3351038992404938,0.7084144268966992,0.2958846688270569,0.2858850955963135,1.0311907401199727,0.28442564606666565,0.282053679227829,1.1975725116431468,0.06797289122406443,519.3245929534486,0.9546983523334148,0.2840861844739715,9.964124382118289,0.004635870706624918,sakit
0.35876545310020447,0.21311679482460022,-0.028747463657546567,0.33953744173049927,0.21484461426734924,0.05340708461490186,0.3271443843841553,0.22098872065544128,0.17915514691522744,0.0369585403299056,323.0713254070828,0.9455506471261462,0.22468753781652873,9.214032201500077,0.0013731235368915557,sakit
0.3274468779563904,0.21112507581710815,0.54861834769226,0.3134968876838684,0.20769163966178894,0.6978987721151467,0.3012750446796417,0.2103673219680786,0.7536927055503826,0.03806670954799806,283.2880469632509,0.9494047112135409,0.18641696422290754,9.46940197957151,0.0014565156456649618,sakit
0.503185510635376,0.3762233257293701,-0.37178945167734456,0.4035113751888275,0.3150322139263153,0.0223209141387228,0.348934143781662,0.2906016409397125,0.2959421715474026,0.07867011318898555,466.01953341911434,0.966421049705505,0.30247606276268685,9.60896201802913,0.006203973047086104,sakit
0.43549638986587524,0.20752555131912231,-0.26480866672402953,0.42498812079429626,0.22178058326244354,0.21250856929176143,0.37702029943466187,0.21707646548748016,0.35678540516682744,0.027463651194358483,753.7456008544523,0.8697438850890101,0.13063630815612196,16.79142598919106,0.0007579108366572106,sakit
0.3712764382362366,0.2751777470111847,0.26821569459328587,0.35080021619796753,0.2635446786880493,0.3310456963411143,0.3097410500049591,0.24250462651252747,0.4075731209134211,0.033409173446293246,1052.9231394799706,0.8832266000877179,0.14061665211986524,18.075904298572905,0.001121061928171194,sakit
0.5452437996864319,0.20890448987483978,-0.7830088014504284,0.47041499614715576,0.20087513327598572,-0.37375961658363377,0.37358611822128296,0.19437360763549805,0.26664953127707364,0.02998801935789626,427.22516195832804,0.9145199896380479,0.17116214579405845,11.74195223827113,0.0009038802892989607,sakit
0.4468618333339691,0.24791401624679565,0.15004228346648923,0.42300501465797424,0.2743426561355591,0.3936614233325176,0.4063192903995514,0.27318674325942993,0.4102773940554706,0.029807137408330093,871.520009590287,0.902771072071098,0.15462221949979377,16.13944467848002,0.0008926176855098139,sakit
0.48522448539733887,0.2003038376569748,-0.7086839678968381,0.43169641494750977,0.20084530115127563,-0.38834273076194065,0.44048798084259033,0.23075085878372192,-0.1359204597974369,0.03545970513882039,232.984367246009,0.955358162051659,0.2214544186327838,7.654213242504238,0.0012627766267500576,sakit
0.4091484248638153,0.29138895869255066,0.6299853451089857,0.4004181921482086,0.27242353558540344,0.5746821812999535,0.38620761036872864,0.24616217613220215,0.46855647790486427,0.03402469863192127,562.5927010900654,0.9418072492032069,0.1532631748553023,13.392051063405587,0.0011614664330923373,sakit
0.35553398728370667,0.21551506221294403,0.03282179104572554,0.33639517426490784,0.21763674914836884,0.11678783798224252,0.3236064612865448,0.2239280492067337,0.22996195123850446,0.03769957452455059,352.799079026659,0.9419403369203847,0.2204669856026865,9.55729035514397,0.0014272576463324478,sakit
0.4472070634365082,0.24554379284381866,0.11043759207321326,0.42437121272087097,0.27264806628227234,0.3724668705489511,0.40550094842910767,0.2697199881076813,0.39148291128853013,0.03132328962116993,845.3168882829845,0.9042572210285732,0.1550036012413166,15.968167116961197,0.0009850070693287396,sakit
0.1908794492483139,0.15748734772205353,1.3718160574585723,0.17844447493553162,0.150136798620224,1.430053216384369,0.17315304279327393,0.16534261405467987,1.566562151433176,0.049743729991130775,295.386352651497,0.9038036592927551,0.26826404886869587,8.774996405073095,0.0024920921052875166,sakit
0.4573380649089813,0.31545475125312805,0.19178224535959354,0.43035972118377686,0.32725289463996887,0.4823277012025428,0.41270485520362854,0.3299764096736908,0.6411675185941798,0.0350867343541181,752.9629674796159,0.9440276458260435,0.22615438244066252,13.397262064496635,0.001237394511855892,sakit
0.40547916293144226,0.30279451608657837,0.4494383446401149,0.34906166791915894,0.2758655846118927,0.5857816575893257,0.2846076488494873,0.22148394584655762,0.8076812125212973,0.02990965003398309,832.0891227406001,0.9158922357097032,0.16207411882050463,17.06003061736572,0.0008991556126243884,sakit
0.4149334728717804,0.2774192988872528,-0.014930166993782088,0.3606664538383484,0.24017472565174103,-0.021354477751409032,0.33304527401924133,0.2218562811613083,0.016398040401583016,0.029872132920782765,245.06419192680883,0.9686631972409026,0.21686900689274569,8.262144700412762,0.0008993516534342544,sakit
0.5476793050765991,0.29547592997550964,-0.36037747333108267,0.5236321091651917,0.2874522805213928,-0.22670392870542028,0.45787879824638367,0.2764814496040344,0.32428302446349555,0.029650911991265193,923.0132666890598,0.9124988270857374,0.1408457605059769,17.465580643155437,0.000882470029873412,sakit
0.3869457244873047,0.37634751200675964,0.36066830822021245,0.3599940240383148,0.35842791199684143,0.5385642447235622,0.3201247453689575,0.322095662355423,0.7793282355300281,0.07423339398678715,534.2716206600977,0.9668962730514422,0.328219608815593,9.495371892777445,0.0055355075638576145,sakit
0.5542565584182739,0.2605744004249573,-0.3866469638066293,0.42587369680404663,0.21771563589572906,-0.008538227804563887,0.2904894948005676,0.17566359043121338,0.5776353571376831,0.026503995212028494,631.316781726463,0.8992748261125619,0.16705977550430137,14.091730580872797,0.0007071368648388192,sakit
0.40794479846954346,0.24596217274665833,0.2810871726504843,0.3902134597301483,0.23867905139923096,0.2950372220792417,0.4086463153362274,0.23734936118125916,0.10590939617949453,0.03302020038510114,560.4215876336472,0.9237849898214446,0.1391044673781488,14.364636131907863,0.0010939800003311833,sakit
0.36663156747817993,0.3045080602169037,0.4685578754545576,0.3427563011646271,0.30212220549583435,0.5384668975626148,0.3138316869735718,0.2909875810146332,0.6757555593054536,0.04982261718052022,265.38964619845314,0.9775197416223489,0.34797523771399314,6.816710453942868,0.0024981798193195095,sakit
0.46213769912719727,0.3050861954689026,0.17509055876627008,0.41492411494255066,0.28991180658340454,0.49941578065731634,0.3832528591156006,0.2754427194595337,0.7069822468171437,0.035229369535751516,546.9135923049067,0.9494915027036225,0.15322401666257837,13.29805845347218,0.0012455764692295569,sakit
0.46320125460624695,0.3053058683872223,0.1705935520928627,0.41460391879081726,0.2888508141040802,0.5034665940349373,0.3816782236099243,0.2742975652217865,0.7112256401067396,0.03485900860008006,559.1906004260028,0.9481563005236041,0.15195567508791843,13.25323104071054,0.0012200494149450208,sakit
0.40635406970977783,0.2766748368740082,0.39308818523761274,0.3820265829563141,0.2712351679801941,0.46839082107419366,0.36714115738868713,0.2395080178976059,0.3851779734282172,0.03220699804970291,422.47389043879343,0.9544487035963664,0.17499930539383057,11.087284531002418,0.0010409544178276973,sakit
0.3469371795654297,0.24119286239147186,0.3192352631632532,0.34944015741348267,0.24264827370643616,0.34838572946822927,0.34641891717910767,0.23668931424617767,0.4064345701502479,0.03673901769283326,510.47595397385066,0.9320161761951654,0.18141202911655188,12.675299741787383,0.0013558586393293199,sakit
0.301394522190094,0.2009514421224594,0.5932961764756451,0.29591166973114014,0.19393384456634521,0.31549613184424524,0.3070548474788666,0.2049054354429245,0.22544231911827545,0.041445347162886066,171.7711866022155,0.9650863370499204,0.31208387440361673,6.478716056444235,0.0017289096453527583,sakit
0.39279165863990784,0.25949132442474365,0.4228022894634124,0.3595149517059326,0.2524913549423218,0.48161388811935407,0.33426204323768616,0.2555258870124817,0.714188404731554,0.03051737398263032,606.2595574061605,0.9251681685949077,0.1540212686300348,14.144070318658747,0.0009356904487685496,sakit
0.5080952048301697,0.4092371463775635,-0.010276439549202165,0.5100502967834473,0.40693140029907227,-0.006407261575653281,0.46974340081214905,0.38861405849456787,0.02152348226206064,0.06985072207813611,844.2557490780104,0.9603197989751501,0.3476983753719409,11.75147390290145,0.004898289183652163,sakit
0.45187193155288696,0.3131273090839386,0.20131839475732496,0.4256194233894348,0.3247245252132416,0.492750307039745,0.4094521403312683,0.3277548849582672,0.6528970584629323,0.03427572628224445,756.8846459843247,0.942932362942496,0.22580331456814665,13.373214117457435,0.0011804344767452758,sakit
0.3817032277584076,0.375510573387146,0.38495420078938225,0.35463595390319824,0.3580879867076874,0.5699902075779125,0.3164505958557129,0.3209705352783203,0.8157585605319152,0.07316504166451289,493.8504818308093,0.9693182561653767,0.327894661806464,9.246483754137067,0.005380757894604261,sakit
0.3974292278289795,0.2621892988681793,0.4230453282178105,0.36477330327033997,0.2550349533557892,0.48409762953130375,0.34152132272720337,0.25746387243270874,0.6964636067807285,0.031232559513133803,609.8355066233311,0.9261414848441715,0.15353474146064996,14.119302980925076,0.0009795584371476427,sakit
0.38113099336624146,0.3444885313510895,0.6093578371590193,0.33000805974006653,0.30587419867515564,0.6697819950353683,0.2502182424068451,0.27921077609062195,0.9039490296097811,0.03641092924780955,453.06822770508364,0.964230415741849,0.16566996897208716,12.304870996106493,0.0013319961888309528,sakit
0.45456305146217346,0.24391652643680573,-0.08482363847644399,0.4430546164512634,0.2478601634502411,0.013111145913139484,0.4327368140220642,0.25636398792266846,0.09441072363746772,0.03640661110233258,341.8943598887033,0.9564317380945176,0.20533761087726118,8.960015939371909,0.001330468782935462,sakit
0.19526667892932892,0.21686863899230957,1.8299103758245594,0.21955454349517822,0.2295326590538025,1.670164071655805,0.24629828333854675,0.20818792283535004,1.181320173431376,0.038711797634985924,394.231611323717,0.9384841665394147,0.24600234825467945,8.756080611326103,0.0015136566404147223,sakit
0.41166993975639343,0.2754233181476593,0.012256841980900069,0.3597712814807892,0.24021956324577332,-0.007024205856077039,0.3332226872444153,0.22304967045783997,0.015594059847419543,0.03409002696488248,260.2161354656561,0.9666057622793982,0.22120033349198723,8.34663874821051,0.0011682896094652733,sakit
0.5548533797264099,0.2605891823768616,-0.3980984450630185,0.42877355217933655,0.21901702880859375,-0.006698293573546653,0.2925996780395508,0.17776793241500854,0.6083888649188354,0.02789770991338966,650.7286796590332,0.8971397626462863,0.16708147124261338,14.339609363141355,0.0007829231820743878,sakit
0.44048184156417847,0.3227634131908417,0.1949050341858127,0.4228973984718323,0.3165247142314911,0.30321836009849085,0.4099709093570709,0.3086548149585724,0.37751396679870175,0.0434245798316359,612.2880609258737,0.9528534597421513,0.19569067923765962,12.325865307372844,0.001892208955213637,sakit
0.3709540367126465,0.3084679841995239,0.4511330635610774,0.3476731777191162,0.30670279264450073,0.5143463596674122,0.3186638653278351,0.295657753944397,0.6476084833002435,0.051548246499528994,237.35530041618406,0.9804325888322291,0.3430829321298754,6.934582776358048,0.0026723509134694485,sakit
0.4225655794143677,0.27044177055358887,0.06896233106033317,0.38981255888938904,0.2634396553039551,0.13747248927813166,0.39229756593704224,0.2599835991859436,0.11426815946517739,0.037209945980249584,230.21446371445646,0.9745337229889465,0.22146515152415255,8.120531129961234,0.0013917599752396037,sakit
0.4223332703113556,0.2585687041282654,-0.004477302019115086,0.4416157901287079,0.27515771985054016,0.023484199243028962,0.40619945526123047,0.24526439607143402,-0.054933420913196855,0.03209208839462232,791.4465785511311,0.9128906000233822,0.14069240814477826,16.742657316098416,0.0010347411602665397,sakit
0.5279936194419861,0.3321158289909363,0.029602728146538373,0.48249900341033936,0.30913063883781433,0.109490139159945,0.43577834963798523,0.2789117991924286,0.18991484231092012,0.0324072839077088,566.3468778107717,0.9546207570431468,0.21356482116672051,11.266118818162674,0.0010560548081258807,sakit
0.37879037857055664,0.34489160776138306,0.6150362625182733,0.3265550434589386,0.3063349425792694,0.6863829616532731,0.2466539740562439,0.27927544713020325,0.9298741664088257,0.03444649700986913,462.55276837865995,0.9635489226783179,0.1688515228581249,12.201603361983404,0.0011930831565251326,sakit
0.5452424883842468,0.3075804114341736,-0.08578492966429756,0.5270506739616394,0.3077496290206909,0.007250865678747734,0.5150829553604126,0.300197035074234,0.057173116182957465,0.0436171938916772,695.4223082673508,0.9424198598488173,0.20236175299469217,14.30887701941792,0.0019080363935567483,sakit
0.43334126472473145,0.27848806977272034,-0.02163843917811469,0.3948928713798523,0.2545638084411621,0.12182905479373553,0.36803504824638367,0.22517599165439606,0.15617900452848615,0.034313176246813494,525.8078072691434,0.9387053083887055,0.19624945324005705,12.024731166915034,0.0011832146026285364,sakit
0.45908695459365845,0.24687445163726807,-0.0902747784089053,0.44936078786849976,0.25163692235946655,-0.009822470219152288,0.4394916892051697,0.2602803707122803,0.07033998224859153,0.03581161843988489,343.61506658645317,0.9575024522277441,0.20556331443994433,9.010877120226548,0.0012877343023349065,sakit
0.28155022859573364,0.3124305307865143,0.45419297270229353,0.2355288565158844,0.269706130027771,0.6079136867394578,0.1762060523033142,0.21569260954856873,0.9765192011341295,0.43721771349068844,355.75607662338047,0.9637882122592539,0.536183461066308,7.411832924667969,0.19118227036914015,sakit
0.15620848536491394,0.2904738783836365,1.6072241600651536,0.14899848401546478,0.27857235074043274,1.6517622840173583,0.1298554688692093,0.2499040812253952,1.9217942674194282,0.6644363726462836,487.09035979062605,0.9518926939295774,0.7130176187804866,7.014514085123722,0.44148937065313243,sakit
0.15380273759365082,0.25764161348342896,1.8440940656760287,0.15150272846221924,0.25631237030029297,1.8750730151020751,0.14740709960460663,0.2457849085330963,1.8194891182412922,0.5408176389963567,367.05046687023747,0.9563501776380453,0.6187551667377911,6.799508761142107,0.29249951772997285,sakit
0.4599590301513672,0.2881515622138977,0.19620992902732753,0.42176511883735657,0.28077054023742676,0.31083772555713846,0.3893003761768341,0.28356584906578064,0.45000043801367706,0.0391467458540588,248.86131967302336,0.9758854489471315,0.25251071170265255,8.206791953966718,0.0015396616630038724,sakit
0.20243938267230988,0.22202055156230927,1.7589003702066264,0.22639082372188568,0.23317168653011322,1.606272522404426,0.25257620215415955,0.2108715921640396,1.1354299991835883,0.03788430312212244,411.41961588589083,0.9381237307987704,0.2432570315946553,9.01636382785509,0.0014493665246023742,sakit
0.44140270352363586,0.3267890214920044,0.2081014391343292,0.4230978190898895,0.3202921450138092,0.31996326485656257,0.41032111644744873,0.31288424134254456,0.3960971710170606,0.04701021329443669,605.5853050398806,0.9544535736866827,0.21069514312110024,12.139341147437058,0.0022178221760858446,sakit
0.32529765367507935,0.263597309589386,1.1558660853650486,0.3045738637447357,0.25353163480758667,1.3087774563028354,0.23560476303100586,0.22190232574939728,1.5933278367899393,0.034769601868149966,407.50513183797835,0.9506963369993131,0.1927883299809384,11.271401739627061,0.0012152733616420798,sakit
0.4218645989894867,0.26928436756134033,0.06776609943564382,0.3892577886581421,0.262368381023407,0.13903894791307972,0.39160412549972534,0.2589648962020874,0.11969482472929098,0.03976246727399574,232.31408290853332,0.974066902141038,0.2220694616343911,8.147006844953278,0.0015877625463383317,sakit
0.4193897843360901,0.25923725962638855,0.0013191616751662037,0.43948817253112793,0.27634188532829285,0.022560123945350233,0.4029672145843506,0.2456057071685791,-0.04783822917498398,0.035035628744018325,832.7753898656134,0.9088911820309846,0.14330390637735918,16.977318478482996,0.0012323661185669975,sakit
0.5406021475791931,0.30711254477500916,-0.053904256908566706,0.5233667492866516,0.30718618631362915,0.035711626421909,0.5114313960075378,0.2999666631221771,0.08418738896453125,0.043010152168611294,710.7591026994573,0.9410107241321598,0.20386917626205545,14.36145343289556,0.0018560154719700448,sakit
0.4392586946487427,0.28011995553970337,-0.058027855556179245,0.40044352412223816,0.25623881816864014,0.07846417036056398,0.3718525469303131,0.22521981596946716,0.10797988717031927,0.03242832466658782,512.8683395105982,0.9408833480948001,0.19432051466350608,11.962949165236068,0.0010572994143707058,sakit
0.28190451860427856,0.31283217668533325,0.4575813831265774,0.23607653379440308,0.27046290040016174,0.6125774862996107,0.17677374184131622,0.2169618308544159,0.9995225809078222,0.4336144028120861,389.519451225099,0.9605604770979084,0.5326845484858312,7.654801035901417,0.18804111347665486,sakit
0.566506028175354,0.27696147561073303,-0.7940081187863699,0.5196809768676758,0.2594706416130066,-0.6858853429882152,0.379184752702713,0.21707269549369812,0.03456542583721854,0.03244773877171172,409.3716427630531,0.952153756449782,0.19772472825148393,11.111219025533027,0.00105831779398954,sakit
0.28206923604011536,0.2724764347076416,0.6723313858547141,0.26059839129447937,0.27356958389282227,0.7180554112306521,0.28663045167922974,0.23974178731441498,0.653072418341493,0.04550754198023413,1058.2249817945178,0.8867761002079025,0.25156667025268875,17.678928866569446,0.0020852315817276035,sakit
0.13420464098453522,0.2439059466123581,1.6703982654973886,0.14064732193946838,0.25619184970855713,1.6772867452240745,0.12881076335906982,0.2332519292831421,1.6481107222775668,0.6292237078304406,484.2645125904485,0.9405125577462154,0.6781279261805008,8.030442438537866,0.3959359532543382,sakit
0.3309224247932434,0.21161684393882751,0.534653728072243,0.31618574261665344,0.20767363905906677,0.7098876213623515,0.30344143509864807,0.20970895886421204,0.7612378041333985,0.03717452142050309,298.85548366284604,0.9466336671933938,0.18644681402887153,9.526293760954935,0.001388633242054952,sakit
0.43311479687690735,0.2082388997077942,-0.2515376892455205,0.42307496070861816,0.2209191620349884,0.20115999908962529,0.37622424960136414,0.21779976785182953,0.3575469287102465,0.029442042163448433,776.3148251674716,0.8658910117496524,0.13298775555621373,16.856657056356426,0.0008705405155446693,sakit
0.36654022336006165,0.27264904975891113,0.27766982412777563,0.34610268473625183,0.26106858253479004,0.3509950134835995,0.30432966351509094,0.24041350185871124,0.4299559042503712,0.03294561392834374,1064.5803514206634,0.8797102988722291,0.14477406404023138,17.9677587785361,0.0010899161678443398,sakit
0.5436014533042908,0.20745548605918884,-0.799880803642319,0.46917057037353516,0.20032988488674164,-0.3688674521144082,0.3723571300506592,0.19468985497951508,0.28539344912617914,0.028511612204039083,422.7688071926655,0.9148124318074412,0.17090868628634326,11.781423917918609,0.000818091785846803,sakit
0.484893798828125,0.2002888023853302,-0.7064491166240267,0.4329293966293335,0.20029038190841675,-0.40206994511921584,0.44317933917045593,0.2298099398612976,-0.15264712766823568,0.035716837272515504,228.84811597112994,0.955924162584961,0.22318133824646838,7.652591382265491,0.0012814207785354572,sakit
0.40942999720573425,0.2937438488006592,0.6555197989037632,0.4006190896034241,0.2753310203552246,0.6089843019589992,0.3867189884185791,0.2489609271287918,0.5173011195625161,0.034675070842759614,563.1680511608184,0.9428577034875585,0.1561736966245992,13.327200176144558,0.001206536492440048,sakit
0.15649880468845367,0.2909664809703827,1.6105895667841141,0.1492949277162552,0.2787456810474396,1.6527547151255475,0.13008572161197662,0.24998906254768372,1.921642617697801,0.6607683106518992,504.63685791653796,0.950283903669542,0.7111334562475271,7.214146868062624,0.4366297864761448,sakit
0.19042155146598816,0.15774568915367126,1.3694907626924575,0.1779364049434662,0.14963266253471375,1.4363539784117025,0.1713341921567917,0.16369283199310303,1.5997297301966589,0.050766070782945705,278.2534119071029,0.9089006317540864,0.27288811555037423,8.631129394337508,0.002596327507591026,sakit
0.4069059193134308,0.3046922981739044,0.4542300961571458,0.35141733288764954,0.27860453724861145,0.583193717223816,0.28751879930496216,0.223314568400383,0.7991277188594874,0.0291067842127829,860.889392557458,0.9146768652651671,0.16230783928739587,17.138852049600786,0.000852075141602981,sakit
0.5492114424705505,0.29722899198532104,-0.36725545505846474,0.5240151882171631,0.28866061568260193,-0.2243401987692205,0.4575049877166748,0.27662235498428345,0.33315856073796063,0.030622420404183972,900.6050977913775,0.9154295328852485,0.14460744873626094,17.333416132231797,0.0009408452401196625,sakit
0.1522926539182663,0.25575727224349976,1.8643595408826343,0.1503961980342865,0.25484535098075867,1.8868439989653234,0.14772900938987732,0.2456177920103073,1.816238502889504,0.5281288451054785,370.8251202566462,0.9553556880405085,0.615458262314483,6.875282668984952,0.2789375227509569,sakit
0.061184633523225784,0.1558627337217331,3.511232366423343,0.06951987743377686,0.1676490157842636,3.26522561663588,0.07601480185985565,0.16456954181194305,2.674471465114791,0.6613358497448018,351.9168433972627,0.8994576093651917,0.7245227900290002,5.035535634610961,0.4373777894531563,sakit
0.22517645359039307,0.3201397657394409,1.1570333213542472,0.2090923935174942,0.3028377592563629,1.2990034423899244,0.19582508504390717,0.2886005640029907,1.4137656341717801,0.4904187040756809,445.4723042254727,0.9633477354411836,0.5584174803624863,8.3023288597978,0.2405271025987319,sakit
0.10797174274921417,0.23289968073368073,2.4154983820877405,0.0824996680021286,0.19344915449619293,2.9016919906871617,0.08512130379676819,0.20135802030563354,2.867665173564291,0.6686606854997059,406.6546760400541,0.9264990901364615,0.73529960866298,5.276211898730138,0.4471256735976774,sakit
0.1493399292230606,0.2840777635574341,1.8253174210336358,0.14252007007598877,0.281495600938797,2.02715059398999,0.13795602321624756,0.27928584814071655,2.1405756702571344,0.6297947897736543,577.9203466764222,0.9442612544003398,0.6992190252085383,7.221845499806243,0.3966542419228261,sakit
0.18110275268554688,0.2255486696958542,1.0913414996902935,0.1665840893983841,0.21466872096061707,1.288316213153406,0.1617998331785202,0.21270550787448883,1.3495204889252788,0.41567209552991863,231.07494114989632,0.9622417800503467,0.5116079015725028,6.540999778193343,0.17280566961744556,sakit
0.3698410391807556,0.3236350119113922,0.9602254415201018,0.35642388463020325,0.31062179803848267,1.0666029787592295,0.3129003942012787,0.2826057970523834,1.3850360453043247,0.2465817213910121,351.0351207678297,0.9718348568585786,0.46073790182720137,7.948960514926963,0.060820391804741976,sakit
0.1304209977388382,0.2468767911195755,1.6843144877915357,0.12838314473628998,0.24452656507492065,1.710564342873844,0.12492910027503967,0.24158959090709686,1.7775919396072646,0.6843394628536839,302.45093639718283,0.9614285378825058,0.7333707226046361,4.746941212221452,0.46833056322145494,sakit
0.1595606803894043,0.29124143719673157,1.7161106685508416,0.15362872183322906,0.2823134660720825,1.7838817073673352,0.1488528549671173,0.2754100263118744,1.8351099290456865,0.5989507015013,558.729375473417,0.9470408629350403,0.6573488014852719,7.559958798566998,0.3587539494029491,sakit
0.41512858867645264,0.2769651710987091,0.33134724767913487,0.3922543525695801,0.27281737327575684,0.39736872410880636,0.3752286434173584,0.24024902284145355,0.3232461476137496,0.03325841064834682,451.867444262624,0.9516667623278569,0.17506130119825172,11.348115744625396,0.0011100824981592659,sakit
0.3488156497478485,0.2418089061975479,0.29654392565909393,0.3529389202594757,0.2444401979446411,0.3094610284148651,0.3479786217212677,0.23782916367053986,0.38114533275315776,0.035280879537109774,527.2402298991527,0.9305044185673575,0.1808342822026552,12.84229148688451,0.0012504733591395636,sakit
0.30065980553627014,0.2005043625831604,0.6113709864863862,0.29443860054016113,0.19330190122127533,0.34318777429478986,0.30551981925964355,0.20394954085350037,0.2467444992608293,0.04242022258801126,190.08198085784375,0.9611462778242897,0.31418667611713563,6.7432891007612765,0.0018103280112893,sakit
0.5438901782035828,0.2986200749874115,-0.7017762338524224,0.4989975392818451,0.27896496653556824,-0.6066639312603249,0.3649270236492157,0.22968712449073792,0.021459417953216032,0.06991599416876927,405.8757470609524,0.9591050069813765,0.2292966711852351,10.758571199560302,0.0048959542439667445,sakit
0.5118715167045593,0.23413234949111938,-0.8019834045759275,0.44004496932029724,0.21914167702198029,-0.42134989447177107,0.34752941131591797,0.20268386602401733,0.1937501030279842,0.06839387660664277,374.3068415064253,0.9384984822269057,0.20806235972514722,10.933906608500125,0.004684048849985984,sakit
0.30858686566352844,0.22507202625274658,0.46251248201130557,0.2957230806350708,0.22071217000484467,0.5935124047568309,0.28546398878097534,0.22140933573246002,0.6608237343458702,0.11384596475864826,265.8636485100573,0.9581420399143507,0.25092907265208536,8.806424484035956,0.012969058645462507,sakit
0.45389094948768616,0.3857140839099884,-0.13868673294436246,0.36304494738578796,0.31948933005332947,0.18421809087957178,0.31320035457611084,0.290743350982666,0.4134851423376772,0.11959576178791816,474.37298010219524,0.9671514913805329,0.3443144287855877,9.285188185337207,0.014316928971137462,sakit
0.3950424790382385,0.2340681552886963,-0.22206269424488698,0.3833591341972351,0.2430199235677719,0.1536594287925554,0.3423633873462677,0.23537646234035492,0.3394704075339404,0.1017074658144298,702.0826578544558,0.902227614993825,0.20024117661447302,15.350627038019576,0.010351448189386658,sakit
0.33000972867012024,0.27507108449935913,0.40722651994970144,0.3124198317527771,0.26438108086586,0.47114956245579476,0.27770644426345825,0.24345552921295166,0.5523761258439169,0.1044861383374757,951.7832388233577,0.8951630065038789,0.20577417531065056,16.682816570939824,0.010926269115557828,sakit
0.4916326105594635,0.25023338198661804,-0.724219384899537,0.42202579975128174,0.2311011105775833,-0.38398215052856033,0.33413970470428467,0.20924444496631622,0.1758117635012739,0.09856611742338256,362.28652707201826,0.9470796857103748,0.23487262210153334,10.515329938738587,0.009722484048752455,sakit
0.4002451002597809,0.26057863235473633,0.09376070362867417,0.37499260902404785,0.2795179784297943,0.4211599312234981,0.3580707311630249,0.27556920051574707,0.4599946118629834,0.09747925947355612,772.9697762160949,0.918589159392384,0.2187703097121841,14.610383517015789,0.009509739546091826,sakit
0.443251371383667,0.23757919669151306,-0.6069967056822383,0.3941543996334076,0.22833575308322906,-0.34686419095568527,0.4011106789112091,0.25139319896698,-0.1212558772605381,0.10325262782087076,224.1669193103213,0.967657126611723,0.2765267297366543,7.279071311984267,0.01066925792784771,sakit
0.3683619499206543,0.29857775568962097,0.6757050954254479,0.3608345091342926,0.28182607889175415,0.6059980531362246,0.3489331603050232,0.2580130398273468,0.4802009020597845,0.10439086998708003,522.4442576079936,0.9494445045735151,0.21616757174229143,12.413566474175076,0.010904078530002775,sakit
0.3287496566772461,0.23158612847328186,0.047091464939761324,0.3109188675880432,0.23070259392261505,0.1305499043528388,0.30042415857315063,0.2352098673582077,0.24910763708512287,0.10741986330278279,326.60137911264377,0.952661778330549,0.27760518485495933,8.905022288713536,0.011545780022495379,sakit
0.3978383541107178,0.26107436418533325,0.11478446279738798,0.37343689799308777,0.27919578552246094,0.4298063873588866,0.35642415285110474,0.27546197175979614,0.46908550872931554,0.10130572817955098,763.5408144394496,0.9194802671081396,0.22002928957564627,14.586762707328203,0.010269973205605491,sakit
0.41928309202194214,0.2537796199321747,0.06736244258579295,0.39525219798088074,0.27736157178878784,0.3959963269457295,0.37651827931404114,0.27288371324539185,0.42340350999998644,0.06880590430276627,792.6455392811762,0.9140151689974682,0.19286727416691338,15.090592831056211,0.004741215677746124,sakit
0.173349991440773,0.16206884384155273,1.3957304285911913,0.16189755499362946,0.1537940949201584,1.453656431667805,0.1574755609035492,0.16739314794540405,1.6350908805931075,0.12122827211570471,267.5857723945082,0.91713195018477,0.3272217830965085,8.104044527018756,0.014707574256826806,sakit
0.4014066457748413,0.31961724162101746,0.35328521355183856,0.3751336932182312,0.3250521719455719,0.6475241307812307,0.3595343828201294,0.32431668043136597,0.7973767703007137,0.1059855769226541,678.6422475550276,0.949400490827946,0.2770261862156244,12.57032892773532,0.011240411406100126,sakit
0.3558158874511719,0.30882009863853455,0.6159741852227297,0.3076235055923462,0.2804177701473236,0.7384698668587808,0.25310274958610535,0.2249833643436432,0.8963115405627076,0.09916539719248806,778.1036108742604,0.9244096976940339,0.23070123920182162,15.497641885353966,0.009841797395107828,sakit
0.3776278495788574,0.2914632260799408,0.14285328680072726,0.3325496315956116,0.2540944516658783,0.10188211380587589,0.3086170554161072,0.2353193312883377,0.11336112361427596,0.09983650595147725,259.0194606654914,0.9704556263636079,0.275450481477009,7.958609304967311,0.009975243817760406,sakit
0.4914836883544922,0.32290711998939514,-0.20828673313708196,0.4675985872745514,0.31118783354759216,-0.0996693635493805,0.4075981378555298,0.28886452317237854,0.34698911324538473,0.10138827688409024,835.9918840897075,0.9328325507788929,0.20488119118677553,16.05512931423638,0.010286228621978548,sakit
0.5042382478713989,0.2948078513145447,-0.33764194871376374,0.3880271911621094,0.24082201719284058,-0.02148568615288986,0.2629703879356384,0.18596351146697998,0.5383312362363452,0.09522751029166608,619.3707919510163,0.9211223173891322,0.2309165145928812,13.268976893958511,0.009075122430181768,sakit
0.37676936388015747,0.2650328278541565,0.28445808712625476,0.35790175199508667,0.25618472695350647,0.3191284714842121,0.3712758421897888,0.2543146312236786,0.15339174515020798,0.10295932025782745,515.1025932356055,0.9398427830060577,0.20468827815947963,13.22433884898634,0.010607141773482568,sakit
0.3386383652687073,0.31518393754959106,0.570145733225379,0.31628918647766113,0.3107525706291199,0.6423264202703496,0.29071375727653503,0.2981707453727722,0.7689619441936806,0.112924147468954,269.5178985096185,0.9785133746777497,0.3859563085540261,6.659976136495678,0.012764999548469451,sakit
0.4228323698043823,0.31830403208732605,0.2631061415824251,0.37334710359573364,0.29555580019950867,0.5778389280160501,0.3419027030467987,0.2775200307369232,0.7802914325882633,0.10191394587996742,517.5532065036101,0.9547924862753896,0.21741683443226698,12.300406410897667,0.010393109028692256,sakit
0.34244218468666077,0.3312581777572632,1.0003653892408788,0.329226016998291,0.31842273473739624,1.102569719996529,0.28910472989082336,0.2906501591205597,1.3920008288247008,0.23082141487784258,345.56007014053034,0.9736748310085437,0.4791720870251818,7.675918041670759,0.05329579807955797,sakit
0.4224286675453186,0.3181460499763489,0.260861343985959,0.3737502098083496,0.2959434688091278,0.5763296431718324,0.342428982257843,0.2783145308494568,0.7723017670253447,0.10776401964397121,543.3474895816831,0.9526842623048389,0.21871336840431918,12.407659494902118,0.011619167717255357,sakit
0.36697134375572205,0.28587034344673157,0.4336695820595717,0.3473281264305115,0.28089025616645813,0.5141356902476899,0.33335569500923157,0.2504914104938507,0.40015484167725673,0.1034192424008001,421.3883191478965,0.95784011787386,0.2373857883399021,10.49508015474587,0.010702035157150567,sakit
0.3221653997898102,0.25473135709762573,0.3730111785651711,0.3243219256401062,0.25613945722579956,0.39526515056635575,0.3224300742149353,0.2507171630859375,0.4251087223971329,0.10855703061158185,499.53938186180227,0.9405004187416636,0.23824498355918647,12.252294832550112,0.011792420302919875,sakit
0.47831952571868896,0.3482617735862732,0.12667929085203067,0.4375719428062439,0.3223090171813965,0.18821867056835437,0.3959931433200836,0.29112619161605835,0.24297341621715796,0.10752284116292456,460.9570958434189,0.9662704559145516,0.27210209263363483,10.231935776958899,0.011567338473036483,sakit
0.2846532464027405,0.2132532149553299,0.5406287314127691,0.2776183784008026,0.20527808368206024,0.32216323996611435,0.2877359092235565,0.21522842347621918,0.25594080715011314,0.10552249418881925,185.0529013123307,0.9666502200726037,0.3550481940226921,6.3444732968102935,0.01114575797216955,sakit
0.4617171883583069,0.4176943302154541,0.17650692416046598,0.4645282030105591,0.41540172696113586,0.17428982160800174,0.42918661236763,0.3958941102027893,0.20120187765142625,0.12627056755745228,656.2305950369686,0.9704670322095184,0.4006971822551939,10.198862796703677,0.015959846257983388,sakit
0.4023496210575104,0.32129496335983276,0.36550448422809984,0.37579119205474854,0.3265635371208191,0.6548108378199979,0.36038869619369507,0.3258919417858124,0.8030073159706195,0.1047504371080663,694.2804060117938,0.9488229782103562,0.2799528276443423,12.576295434048461,0.010979485819773096,sakit
0.33391472697257996,0.36535266041755676,0.5883151192742719,0.3079165816307068,0.3451575040817261,0.7704851999387231,0.2712094187736511,0.30763426423072815,1.0164388877702903,0.12300319716483969,483.914021443802,0.9678513550728659,0.3747735228223292,8.86432174981302,0.015151707546051996,sakit
0.35539358854293823,0.2701452672481537,0.47824008734748125,0.3240898847579956,0.2584172487258911,0.5423072733621002,0.30055058002471924,0.2562375068664551,0.7744472183238746,0.09970056567723118,578.9737792720983,0.932788789042663,0.21623011988788224,13.269091301234022,0.009947954800864193,sakit
0.4150417149066925,0.2681211531162262,-0.023546071394465448,0.4071313440799713,0.2710780203342438,0.050123532859396115,0.3982062339782715,0.27711382508277893,0.13560080380100534,0.10875349214809142,338.1082918358861,0.9642073577798153,0.26224380486395266,8.499085685523259,0.011832987072308869,sakit
0.43495839834213257,0.30913469195365906,0.17598103381649893,0.39864832162857056,0.2984498143196106,0.2989927871582774,0.3668428957462311,0.2977796196937561,0.46126458109546603,0.10802997404843445,248.46328762427234,0.9788162152554256,0.28643752799522665,8.01805843753152,0.01167829539141497,sakit
0.16757622361183167,0.2009122669696808,2.0966118378526937,0.1891353875398636,0.21178095042705536,1.8627364096200274,0.2183111608028412,0.20363563299179077,1.285241420785053,0.11252968193707567,364.3174653453795,0.9342688072598043,0.3006576835996912,8.180454138862684,0.01267477706089286,sakit
0.3794081211090088,0.2925015687942505,0.12562468924198048,0.33274921774864197,0.254029780626297,0.09366917450617669,0.30880007147789,0.2351432591676712,0.11000047535855495,0.09993007591002229,263.735767118089,0.9700056129844601,0.27639467411930346,7.940072420565824,0.00999515376116153,sakit
0.5053238868713379,0.2954924702644348,-0.3394208269617188,0.3887197971343994,0.2413012981414795,-0.028457464730504256,0.2629566490650177,0.18609827756881714,0.532449020632167,0.09430478125493337,600.4268626365507,0.9238998754886828,0.23056296576169,13.092479802577706,0.008901196310984143,sakit
0.3945951759815216,0.3249359726905823,0.29549120504581333,0.3769043982028961,0.31542325019836426,0.39331759865741756,0.3650018274784088,0.3055647313594818,0.4556252957782184,0.11654310544249025,566.4941167791399,0.9563165138732329,0.25825282806086985,11.452984713968027,0.013590229051556624,sakit
0.3385353088378906,0.31384387612342834,0.5715702474969361,0.3166519105434418,0.3089234530925751,0.6419396308921974,0.29039517045021057,0.2967716455459595,0.7734829911101834,0.11513291333785823,231.89324782887755,0.9812767525369875,0.3844041778378679,6.505921564214877,0.013267728214224846,sakit
0.300954133272171,0.27386555075645447,1.1452532147203598,0.28196245431900024,0.26287132501602173,1.2889738947236913,0.21866227686405182,0.22790664434432983,1.5915544054955946,0.10413740981173973,363.99760892717546,0.9590958411823256,0.2513760312068746,10.335936769788539,0.010852433972154187,sakit
0.3905264735221863,0.2815965414047241,0.11084874895729406,0.36143672466278076,0.27128422260284424,0.17966247600347018,0.36383193731307983,0.2687571048736572,0.1499457439971059,0.1092038720866993,228.36319408712657,0.9764011159198703,0.2755135602349383,7.6070776549348595,0.01193360991058629,sakit
0.3833123445510864,0.2718488872051239,0.08846174668815061,0.400167316198349,0.28786709904670715,0.12117297383197506,0.37073367834091187,0.2592047452926636,0.029337130935607563,0.10635860938173596,764.1204616736577,0.9238672820551511,0.2052769273745759,15.855589765578557,0.011318640042889414,sakit
0.48452213406562805,0.34931573271751404,0.09790469731090895,0.4429834187030792,0.3236035704612732,0.16470889986226472,0.40037861466407776,0.2926316261291504,0.22274545475828395,0.10239996490903626,535.7670273317189,0.96114366857049,0.26801996735751243,10.58825068732189,0.010493509102271358,sakit
0.3518795371055603,0.3453996479511261,0.6860820925275593,0.3005561828613281,0.30617159605026245,0.773481816890713,0.22919684648513794,0.27552148699760437,1.016346315945856,0.1060473732501095,426.2295245195482,0.966373730718074,0.23068857981431942,11.36657857151961,0.01125379286506527,sakit
0.4904016852378845,0.32895752787590027,0.007255237847897096,0.4741646349430084,0.3265169858932495,0.09138289852207628,0.46321994066238403,0.3181777596473694,0.12265086087966257,0.10894191626569756,683.9567066037197,0.9501550876759408,0.25682069248460143,13.6156330046036,0.011874771955965509,sakit
0.38705453276634216,0.2935235798358917,0.14609128605083524,0.3520858883857727,0.2676998972892761,0.2597559531110645,0.32785844802856445,0.23793283104896545,0.25119100600253386,0.10446699386546439,485.0144338767803,0.9491444040137504,0.25884317069911744,10.991307539136281,0.010919990918467204,sakit
0.2756626009941101,0.3096088171005249,0.48173871792350714,0.23044368624687195,0.2671329975128174,0.6363316325060205,0.1731165200471878,0.21376828849315643,0.9961970887577895,0.429901335737595,365.8145885866549,0.9620811338940736,0.5267579996637352,7.5354167128376455,0.18483247036614747,sakit
0.13432613015174866,0.2437482625246048,1.6722614473625101,0.1406419426202774,0.25557810068130493,1.6799258156277448,0.1290854662656784,0.23257994651794434,1.6463775670518468,0.6192134988572576,485.66819691182144,0.9401768684944454,0.6678716951928467,8.161824487923505,0.3834363988969649,sakit
0.15603752434253693,0.2893894612789154,1.6082349368785203,0.1487465649843216,0.2773534059524536,1.6538634510499457,0.12981711328029633,0.24867570400238037,1.9162259679137974,0.6479258969623245,496.30993495709487,0.9506143135803337,0.698597802947791,7.337964424022928,0.4198197796976366,sakit
0.15103232860565186,0.25453945994377136,1.870820596440241,0.14887504279613495,0.25329288840293884,1.8996241892059977,0.1454974114894867,0.2433079183101654,1.8338573857368587,0.5246444136669337,361.3443203115828,0.9560168102173602,0.6074958135149751,6.889527148368916,0.27526645123374,sakit
0.4173848032951355,0.2578638195991516,0.13547080721032523,0.39324310421943665,0.2797751724720001,0.42601317835055563,0.3765348792076111,0.27695778012275696,0.4597888940529545,0.07283967446399207,800.2992138302365,0.9152361567182261,0.1974400990392532,14.980037430933265,0.005310782909955438,sakit
0.06094587966799736,0.15442880988121033,3.5346480738817845,0.06953933089971542,0.16643624007701874,3.272777380204944,0.07592856884002686,0.16359096765518188,2.695061527528989,0.6450814957055658,342.34484634408545,0.9006794308943364,0.7117519611332486,5.096071122654206,0.41614161593679827,sakit
0.22283081710338593,0.3189162015914917,1.173326809658502,0.20659025013446808,0.301175057888031,1.3184117823962327,0.19377537071704865,0.28699183464050293,1.4302501812900714,0.48275158243286126,439.61889062632645,0.9634859456504045,0.5551041438117507,8.242971787959691,0.233063269370172,sakit
0.10822317004203796,0.23182354867458344,2.4008448902032566,0.08266164362430573,0.19280655682086945,2.896647002612227,0.08540405333042145,0.20049342513084412,2.860663636863002,0.6582007675921252,393.5457501126566,0.9283032049336634,0.7268469850441567,5.342663799941526,0.43324428489890027,sakit
0.1485256403684616,0.28199028968811035,1.833045323211913,0.14193108677864075,0.27970221638679504,2.0300582372313785,0.1374441236257553,0.27681857347488403,2.1378749754636432,0.6169660517713879,556.5080829568084,0.9455812276194172,0.6863583853430347,7.334891599245854,0.38065845684558774,sakit
0.17772282660007477,0.22420407831668854,1.1114022930663823,0.1640254557132721,0.21400904655456543,1.3001485131987829,0.15971608459949493,0.21195179224014282,1.3567205129743132,0.4186851130635311,215.68149760324764,0.9645040450092924,0.5148126898334371,6.342736778784666,0.175318497553647,sakit
0.13033179938793182,0.2465025633573532,1.6951275460503235,0.12856081128120422,0.24435260891914368,1.7161259164013623,0.12490025162696838,0.24117688834667206,1.7839740501800245,0.668642130296834,306.2017923453855,0.9609000405826493,0.7210601590274687,4.922336861901341,0.4470913571291908,sakit
0.1582864224910736,0.2887611985206604,1.7193071658020478,0.15247008204460144,0.27988019585609436,1.7847582178186705,0.14743444323539734,0.2728428542613983,1.8380925036078495,0.5944915071953819,535.6035076151319,0.9483483254921635,0.6505439840597952,7.557405853657013,0.3534304730453461,sakit
0.3876802921295166,0.24673616886138916,-0.0050037088417938715,0.31307873129844666,0.21657001972198486,0.4407637304670234,0.2595077455043793,0.2016686350107193,0.736282144529617,0.10044183504320732,393.7882800735012,0.9379285591371834,0.2524212066954225,9.912819896805985,0.0100964441859282,sakit
0.2933175563812256,0.324856698513031,0.8600173653006116,0.26342689990997314,0.276874303817749,1.1311269979718577,0.25408241152763367,0.2725473940372467,1.2891798623530901,0.1240598637507984,496.8720362457064,0.9540343237427069,0.32642623993228476,9.432017536525317,0.015408642290654938,sakit
0.18023084104061127,0.16091234982013702,1.3734762783176415,0.16855639219284058,0.15225329995155334,1.431426284409435,0.16279500722885132,0.16581620275974274,1.625192094096533,0.08995832718530154,267.8877167710281,0.9154359860843361,0.3075615240874147,8.257140496266302,0.008105635497543518,sakit
0.4537702798843384,0.38586899638175964,-0.1367265947161387,0.3636109232902527,0.3192431926727295,0.1798805860179923,0.31455349922180176,0.29112520813941956,0.4053003467255225,0.11645499264175753,475.9960219850161,0.9670231135847164,0.33893617716570623,9.36147787593434,0.013575551516703048,sakit
0.24400654435157776,0.2647017538547516,0.8796215275075163,0.22276043891906738,0.2619072198867798,0.9403896342284838,0.25372081995010376,0.2390662282705307,0.810423229950533,0.11430015943691185,919.8806749722345,0.8946169784091458,0.32513293493100276,15.452897410351094,0.013077911180332538,sakit
0.29041945934295654,0.324672669172287,0.8826138383026703,0.26170235872268677,0.27650153636932373,1.145959778455709,0.2535187304019928,0.273098886013031,1.2953108721900752,0.12871055731838246,499.55477671685736,0.9537852079444606,0.3293387505114997,9.380354984836407,0.016584524092245926,sakit
0.32715240120887756,0.23133666813373566,0.06987890108417194,0.308611124753952,0.23084473609924316,0.16306541394811455,0.29806753993034363,0.2351624071598053,0.2786054854008496,0.11005683977937487,319.9935395819218,0.9536114858633362,0.2800049949265711,8.808827078590099,0.012119727912683361,sakit
0.37834593653678894,0.309644877910614,0.5421885284825143,0.3269943594932556,0.2821175456047058,0.6688744412464128,0.2688636779785156,0.22695066034793854,0.8562570888804191,0.0686760527712845,801.560231691466,0.9228633201364468,0.20485628890110696,15.94767366657481,0.004723183786677707,sakit
0.4392681121826172,0.31374168395996094,0.21726500385691075,0.38994133472442627,0.2930067479610443,0.5435471455182135,0.3568805456161499,0.27608799934387207,0.7599785483813575,0.07559737793596004,522.6652787241754,0.9533052922128277,0.19162469183689512,12.627116501855417,0.005720641944065808,sakit
0.3527543544769287,0.3281715214252472,0.9874291743168246,0.33960044384002686,0.3153102993965149,1.0914218843441235,0.29815375804901123,0.2873181998729706,1.3930390400046089,0.2396439626708455,330.3552100728442,0.9743186866887156,0.4782706052923396,7.648056842170358,0.05744832824046508,sakit
0.49491000175476074,0.3422725200653076,0.10181210020759654,0.45261096954345703,0.3168911933898926,0.1681069823852321,0.40977784991264343,0.28631526231765747,0.23272232944198484,0.07808336999146213,471.84818522632713,0.964236064065938,0.25204899888824156,10.435871345905431,0.006102815252156799,sakit
0.2911520004272461,0.20844098925590515,0.5641435341983408,0.2842911183834076,0.20052993297576904,0.32863427190146666,0.29453179240226746,0.21055176854133606,0.2482535511014692,0.08195337985343336,191.47473823306473,0.9637860412251622,0.33877790799286145,6.5694287477521405,0.006725261610579576,sakit
0.4779258072376251,0.4154079258441925,0.10982060650850034,0.48109591007232666,0.412984699010849,0.10710212541143019,0.44402018189430237,0.3937722146511078,0.1322894797329887,0.10571709217226817,621.7738463299053,0.9716846683021254,0.3865005214862955,10.074242132361169,0.011191765314520501,sakit
0.3558482527732849,0.371489554643631,0.4915035150923856,0.3292410373687744,0.35189804434776306,0.6700472923073096,0.29019418358802795,0.3146793842315674,0.9166783212350859,0.0987158193590942,488.5559150556224,0.9687004690767712,0.3581201295933331,8.943368350652168,0.00976940679697271,sakit
0.29646462202072144,0.3273894190788269,0.8474230278724975,0.2670428454875946,0.280796617269516,1.1322267763874547,0.2578530013561249,0.2770788073539734,1.286370543544782,0.12460784066647383,519.4048071861857,0.9531746185774312,0.32830308288810095,9.502184203303527,0.015544532817477176,sakit
0.5299833416938782,0.310915470123291,-0.6313328532146396,0.4857514500617981,0.29009923338890076,-0.5444858605277247,0.35673031210899353,0.23696096241474152,0.0258444843416546,0.09875777013500671,424.9782247397158,0.9604628148357617,0.25071373326268204,10.720733673033479,0.009761372190283642,sakit
0.45505619049072266,0.3872848451137543,-0.1350408495377397,0.36703312397003174,0.32271984219551086,0.18517797128189517,0.3181769847869873,0.2954901158809662,0.4144634383436631,0.11984096967215002,517.4355394640241,0.9647929474190061,0.33949792084926406,9.617060701636117,0.014374030826036626,sakit
0.24276721477508545,0.26296266913414,0.8770344648189995,0.22185969352722168,0.2607001066207886,0.9385489655655086,0.2522907257080078,0.2371312975883484,0.8086263911312793,0.11317054994740944,872.5687013674319,0.898860612899855,0.32400748592454603,15.153825559529764,0.012821314146598609,sakit
0.29410862922668457,0.3263731300830841,0.8694162264153582,0.26622918248176575,0.2809567153453827,1.1440429400500833,0.258373886346817,0.2778337001800537,1.2873630364836415,0.12475696253592165,513.9432349398245,0.9536619948136313,0.32571173502528916,9.502852053245707,0.015581492267817102,sakit
0.32509174942970276,0.23219400644302368,0.0886732874375041,0.3067474365234375,0.2314247339963913,0.17378555589268901,0.2964077591896057,0.23623554408550262,0.291954960715225,0.10811885625330818,329.90735238452885,0.9524612728669867,0.27685274747113214,8.963172489819295,0.011696894654244172,sakit
0.3088700771331787,0.2254146933555603,0.4589468978070614,0.296063631772995,0.22077500820159912,0.5983207239960965,0.2854722738265991,0.22136542201042175,0.6678619153655335,0.11587366806782147,259.79651254787734,0.9591545467302578,0.2531987942749219,8.733172501871165,0.013436401845460647,sakit
0.4561844766139984,0.38740503787994385,-0.14015580832118069,0.3673743009567261,0.32245102524757385,0.18567004437023343,0.3183213770389557,0.29522964358329773,0.4183255168031997,0.11328803800479782,515.1724103483418,0.9649183500923909,0.33340774903141196,9.635993856663333,0.012845948706478982,sakit
0.39433813095092773,0.23461498320102692,-0.20967416823980808,0.38315901160240173,0.24394981563091278,0.16984608109189733,0.3426084816455841,0.2367880642414093,0.3547792666075293,0.09873161108030602,722.768687011971,0.9001494788060452,0.19953864932433496,15.488881210536869,0.009754038764941903,sakit
0.3292607367038727,0.2753028869628906,0.41086524946589786,0.3124843239784241,0.2648279666900635,0.4752981468813944,0.2776736915111542,0.24390031397342682,0.5540927697434538,0.10772714810341283,975.748454894464,0.892893838328372,0.20727680210996088,16.786500086883763,0.01161173710676744,sakit
0.4896242022514343,0.24927890300750732,-0.7140414096519432,0.4199276268482208,0.22975201904773712,-0.3823697462295825,0.33114734292030334,0.2067859172821045,0.17129767493260356,0.09730632756770048,354.54885045807754,0.9475856889463213,0.23432811492945602,10.510446405247691,0.009475522670306706,sakit
0.39801985025405884,0.25884735584259033,0.08650998915233286,0.3732738494873047,0.27819666266441345,0.4276860464921261,0.3550783693790436,0.2734355032444,0.47053249276982506,0.0981081066462189,771.947409880625,0.9177654487445907,0.21854663634283802,14.59259827517427,0.00963229030611855,sakit
0.4430067241191864,0.23744866251945496,-0.6095409946493359,0.3948707580566406,0.22843068838119507,-0.356421024850891,0.40195900201797485,0.25166478753089905,-0.12948330992310852,0.10431779629720495,226.86552352814272,0.9672807573490765,0.27431587540520236,7.38175019326184,0.010888983923250446,sakit
0.36858153343200684,0.2976369559764862,0.6783577068701059,0.3609388768672943,0.281369149684906,0.6111104806381226,0.34940701723098755,0.2580496668815613,0.4944931888261445,0.10290071063875121,519.8520025348961,0.9495308234383408,0.21712371355198481,12.413852618836804,0.010595457201454462,sakit
0.3293333947658539,0.2313936948776245,0.030953654958392685,0.3119628429412842,0.2310071736574173,0.11820505314217952,0.3013108968734741,0.23528367280960083,0.23363108048027256,0.10841762718234395,330.2521595672578,0.9521822579273715,0.27705105621750475,8.967149707853379,0.01176111118262701,sakit
0.39665213227272034,0.26195940375328064,0.14602010131702575,0.37168407440185547,0.27985137701034546,0.45388964434099377,0.35462629795074463,0.276125431060791,0.49844502332752777,0.10085266649313317,783.7430986193275,0.9178667852989447,0.2229955090760732,14.567398518583758,0.010177696899570128,sakit
0.4363763928413391,0.26197996735572815,-0.08033818706152196,0.4286594092845917,0.26599064469337463,-0.005363622509645714,0.4192644953727722,0.27281829714775085,0.07785395302775354,0.07874335992456487,331.5355691877497,0.9634346344710765,0.24116993776162707,8.61886025249542,0.006205569006179304,sakit
0.1730538159608841,0.16254496574401855,1.3946627846547082,0.16173331439495087,0.15409614145755768,1.4635260655338718,0.15632493793964386,0.16662104427814484,1.642283252740752,0.12166629860287483,264.455416085424,0.9182809365288325,0.3297194800830147,8.059263836786203,0.014813915174334563,sakit
0.3985607922077179,0.31871381402015686,0.36164772862589883,0.372565895318985,0.3240240514278412,0.6579753469236606,0.35728082060813904,0.32359442114830017,0.8126811885190935,0.10763224856987826,649.0116318456822,0.9512991522661268,0.2855413417612087,12.28163038177386,0.011592495915410513,sakit
0.3566126525402069,0.30980199575424194,0.6198740749639627,0.3083268404006958,0.28201839327812195,0.7420817875030131,0.25418156385421753,0.22657667100429535,0.9120864492399541,0.10133893695056835,777.509840721695,0.9251782632409823,0.2314454106061075,15.377752146306264,0.010275966978504227,sakit
0.37864550948143005,0.29090985655784607,0.1409273020994217,0.33487072587013245,0.2540767192840576,0.08541272382738581,0.31090787053108215,0.23579029738903046,0.10217031049265617,0.0954652297903484,268.2630226090426,0.9693654633498956,0.27052541818106707,8.121595100411678,0.009121607253441685,sakit
0.4880637228488922,0.3221348226070404,-0.19628075555368793,0.46520745754241943,0.3103187680244446,-0.09269152750795084,0.4058212339878082,0.28765571117401123,0.3506696120337774,0.10228966781232172,836.0002519956655,0.9324482357086691,0.20517626716746037,16.085552418794443,0.010469504265693609,sakit
0.505565881729126,0.29643258452415466,-0.3402837250921356,0.3906201124191284,0.24314099550247192,-0.024397321843332202,0.2653827965259552,0.1892663836479187,0.5460649329889957,0.09539360295097708,626.4527727125623,0.9216573507855962,0.23046588227503242,13.400671850626663,0.009107304372641137,sakit
0.4459683299064636,0.3006623387336731,0.17435992349350965,0.4084639847278595,0.29133203625679016,0.29339296080943594,0.37678468227386475,0.2923097312450409,0.4542486132727835,0.08077128369746955,246.11454674978287,0.9779382503307703,0.2782988319382759,8.038120612208486,0.006530537451746272,sakit
0.18392622470855713,0.21263717114925385,1.9246372057989274,0.2074965536594391,0.22418375313282013,1.727180254601174,0.2351992428302765,0.20903444290161133,1.2057017815725872,0.07887551311509987,376.5893246983696,0.9388767576948425,0.27606605196205464,8.499256189678512,0.006233037385404345,sakit
0.304482638835907,0.3280424475669861,0.815695469733005,0.273360013961792,0.27844011783599854,1.0961698448556378,0.26353132724761963,0.27373868227005005,1.2554008364756093,0.09837034374510283,500.01822385023917,0.9542539485270914,0.30650423658249265,9.658039495399851,0.009696675516985312,sakit
0.3045269846916199,0.3283117711544037,0.8156720224035323,0.2732754051685333,0.27802571654319763,1.0950282891605077,0.2634980082511902,0.2740078866481781,1.2558004160328178,0.10403820860419703,513.7467668944321,0.9529823348531608,0.30949041431957425,9.731175871785704,0.010841049286828996,sakit
0.31672757863998413,0.21956250071525574,0.47991209993304784,0.3034276068210602,0.21540358662605286,0.6234164143302421,0.2921927869319916,0.21679478883743286,0.6889186109097998,0.08012102186833935,275.03216342587257,0.9544619894261449,0.22311654764451494,9.120818351635135,0.00642776660071297,sakit
0.47239717841148376,0.38213491439819336,-0.2326328257923583,0.3769921660423279,0.3158758878707886,0.11341474134829033,0.3246387541294098,0.28833523392677307,0.36042609422967214,0.099542518452704,468.4469066498034,0.9667943001775977,0.32784308136593726,9.439732580834749,0.00992190985589929,sakit
0.41153770685195923,0.22463686764240265,-0.26863897253798724,0.4000268280506134,0.23520006239414215,0.1402333499970175,0.3562575876712799,0.22838808596134186,0.32219333606166606,0.07048680160925908,723.7832544975314,0.8912182031817225,0.1722542912618129,15.918929425676966,0.004974325788683956,sakit
0.3465355336666107,0.2759532928466797,0.34821325956431926,0.32815152406692505,0.26470082998275757,0.41226400768705984,0.29058369994163513,0.24374163150787354,0.4917027342504963,0.07495612225575306,1006.22257695079,0.889427602426002,0.1794704400996802,17.34379818920349,0.005624907325593192,sakit
0.30585387349128723,0.3303240239620209,0.8199886861560574,0.2768070697784424,0.28306975960731506,1.1098474107395986,0.2682426869869232,0.27980172634124756,1.2555985937544407,0.10508612207200639,517.1356773826992,0.9541297027279027,0.315039815926804,9.620692015733598,0.011059989130847854,sakit
0.4602242708206177,0.2241436243057251,-0.6819540296797736,0.4092894494533539,0.2186313271522522,-0.38700179992160627,0.4170638918876648,0.24408362805843353,-0.14007673982326965,0.07497920160981236,232.15116841256997,0.9630903208116551,0.25412958419166526,7.484653654684014,0.005628649286418156,sakit
0.3398319184780121,0.22471983730793,0.01869930236682927,0.3215824067592621,0.22547681629657745,0.11084586256693484,0.3101857602596283,0.23064647614955902,0.22990069937286528,0.08038777923821075,339.234320694169,0.9482415038860901,0.2546977499437856,9.19455525010894,0.006467998175944033,sakit
0.5261980891227722,0.2837861478328705,-0.38790889680653556,0.4048508405685425,0.23336999118328094,-0.05066169481409374,0.2742888927459717,0.18270623683929443,0.5376177088429771,0.06594793859518001,605.5713399943764,0.9173617968660661,0.20948429612780553,13.345337768843365,0.004355897033661062,sakit
0.389492928981781,0.2580246031284332,0.2709832986430746,0.3707607090473175,0.2495056837797165,0.29520340545282986,0.38601458072662354,0.24806946516036987,0.12086300639582914,0.07349204913462987,541.5151563970383,0.9331581469940962,0.176636937038269,13.824302112865745,0.005407216580668965,sakit
0.4389580488204956,0.31372252106666565,0.21934319610547173,0.3902914226055145,0.2943989634513855,0.5398768921925876,0.358262300491333,0.27777940034866333,0.7441554566036341,0.07743585459005856,530.0312664420904,0.9529605794809233,0.19245324890106655,12.701760371550654,0.006001821878127645,sakit
0.43887093663215637,0.3138154149055481,0.2192287935890981,0.39046791195869446,0.29399147629737854,0.5392089844269724,0.3584213852882385,0.2775931656360626,0.7396670446549745,0.07796788611110181,553.5349290527001,0.9508963291324561,0.191276360397484,12.79799709942076,0.0060849347914354165,sakit
0.4824696481227875,0.4145488739013672,0.09282658269089206,0.4848887324333191,0.4124845564365387,0.0944857635281536,0.44707316160202026,0.39321795105934143,0.12368825274312067,0.10017092133482569,684.8250738633715,0.9687126028266334,0.37839801360203446,10.551385168691327,0.010049753831901018,sakit
0.3715755045413971,0.2666517496109009,0.4398122965845787,0.3396475315093994,0.25668609142303467,0.5071150916544535,0.31625908613204956,0.25654757022857666,0.7349747136113354,0.07184654567014831,590.3034880930396,0.930105459362354,0.19021378427333735,13.665630460931956,0.005167941995488169,sakit
0.4447346329689026,0.3015115559101105,0.17792026346402687,0.40785348415374756,0.29183658957481384,0.2964932984292453,0.375937819480896,0.29249218106269836,0.4508733068020636,0.0811230953544915,252.38908000082802,0.9774573927416924,0.27148368771277553,8.154610757024056,0.00658820490786248,sakit
0.1789238601922989,0.2084425538778305,1.9845436554834275,0.20177392661571503,0.21995937824249268,1.780416897127768,0.22975367307662964,0.2057032734155655,1.2340204403202308,0.0801488446211233,391.90620994968504,0.9340609374670662,0.2804347679878709,8.522195049316364,0.0064369948343966045,sakit
0.39923807978630066,0.267543762922287,0.03360302418081387,0.41721251606941223,0.2840491533279419,0.06986233019211734,0.38420766592025757,0.25352784991264343,-0.02347462696992717,0.0750877142873859,785.1926033851565,0.9192253613104912,0.178569346041601,16.309351321216596,0.005644704500993646,sakit
0.5033480525016785,0.34338533878326416,0.057044679709487664,0.4593852460384369,0.31805649399757385,0.13084572404622466,0.4147774577140808,0.28743448853492737,0.2005509348132188,0.07054205938139403,553.5974868775471,0.9583689620942882,0.24762638868156928,10.891198696126873,0.004984718999306685,sakit
0.3633943498134613,0.3458746671676636,0.6563190406471612,0.3115067481994629,0.30712828040122986,0.7350590751956675,0.2370360642671585,0.27782130241394043,0.9777503920215146,0.07553771524716886,439.90836096452904,0.9654549981410651,0.20473013876195903,11.719040772446855,0.0057131086282964485,sakit
0.5128786563873291,0.3216412365436554,-0.045299601077235796,0.4961547255516052,0.3201524317264557,0.041443878113997454,0.48466575145721436,0.3125944435596466,0.08102097137567955,0.0822640904197446,696.2966767551787,0.9470536115609405,0.23078591284446925,13.984361797936758,0.0067732744128069615,sakit
0.15142583847045898,0.2551793158054352,1.867133439199995,0.1490841656923294,0.2538518011569977,1.8993403328117835,0.14579354226589203,0.24361257255077362,1.8320975167870754,0.5286191181368084,364.9246210575737,0.9557583223105489,0.6123444882529018,6.868344617645146,0.27945284019949734,sakit
0.2230825424194336,0.3192956745624542,1.171058295420934,0.20693151652812958,0.30135878920555115,1.3133505754300405,0.1940460354089737,0.28761330246925354,1.4288652176940573,0.49273651785730693,437.05485833341965,0.9637521628508418,0.5607676412350072,8.205022857953539,0.24280379414851297,sakit
0.15805065631866455,0.28915852308273315,1.7236624357943366,0.15232795476913452,0.2803702652454376,1.7900877936151973,0.14737512171268463,0.27330365777015686,1.8420456294947083,0.5998185467026627,546.7734423443143,0.947434239522582,0.6560938474544608,7.533206610132375,0.3597911912578761,sakit
0.40575772523880005,0.24147315323352814,-0.023571666588378944,0.3296912908554077,0.2158936709165573,0.4563528629729234,0.27472758293151855,0.20435059070587158,0.7451362725984106,0.07063318954592696,409.76580024434037,0.9342162334192978,0.22728413230454478,10.273049143843915,0.004996330004873056,sakit
0.5089020133018494,0.3209491968154907,-0.014366775246306958,0.4924032390117645,0.319376677274704,0.07183169883199658,0.48082152009010315,0.31149405241012573,0.11144706186727159,0.08268200411943687,683.7408355281801,0.9477803999950015,0.24214108359452538,13.756969145802636,0.006841721524664355,sakit
0.37834274768829346,0.2639963626861572,0.2720968729400093,0.3589843213558197,0.25520533323287964,0.30774967100052897,0.3726308345794678,0.2543705999851227,0.14578378506442563,0.10143022641542888,514.478235618738,0.9394969118014297,0.20497591982273397,13.164080748690369,0.010295015686984493,sakit
0.34021028876304626,0.3160327672958374,0.567829684992748,0.3184777498245239,0.31211334466934204,0.6404677289939126,0.2926763892173767,0.30012455582618713,0.7678215301974026,0.11624678021814518,270.162503103414,0.9786259637506789,0.38840150930310785,6.7500617570693136,0.013525277680444663,sakit
0.4229082465171814,0.3185998797416687,0.25735684518714336,0.3726842999458313,0.2949051558971405,0.5772133668272643,0.34009185433387756,0.2764107584953308,0.7896163416187394,0.10397915351519364,522.2384040829266,0.9542559408959601,0.21856811897176961,12.294255737719164,0.010819102987533268,sakit
0.34381774067878723,0.33188188076019287,0.9888207788997279,0.3305647373199463,0.318874329328537,1.0889759504601628,0.2902814447879791,0.2909785211086273,1.383386090222938,0.23576677603085158,329.9264393075661,0.9749498552829433,0.4846007535517359,7.5529025314868505,0.055602503612510686,sakit
0.42179831862449646,0.31771400570869446,0.26280906955437255,0.373451292514801,0.2957451343536377,0.5769597356373329,0.34263625741004944,0.27810871601104736,0.776522475579847,0.10729061107253969,539.2124495399428,0.9529328700997047,0.21791768975320866,12.51840685334232,0.011517022350248249,sakit
0.369877427816391,0.28744152188301086,0.4156088190958259,0.35089561343193054,0.2824397087097168,0.48565182592753064,0.33643749356269836,0.25213271379470825,0.3840726107924208,0.10551852102173492,426.8106183573723,0.9577716246634774,0.23650065696929842,10.56617628669886,0.011140572766560664,sakit
0.3206811249256134,0.25424203276634216,0.3790988029823453,0.32220515608787537,0.25555241107940674,0.40484457115733236,0.32046833634376526,0.2502933740615845,0.4408976287411584,0.11405392753909416,514.4362427388897,0.9384717961760409,0.24032406932596187,12.350139784106446,0.013013995975262663,sakit
0.28367751836776733,0.21343141794204712,0.5450326760216548,0.27651435136795044,0.20532000064849854,0.3388552788690159,0.2861429452896118,0.2145385444164276,0.27009068918958884,0.11139650081366093,193.89326347577037,0.9650577447859331,0.3529738935459557,6.521878361061783,0.012418093578960907,sakit
0.3986089527606964,0.252554714679718,-0.01723793559508033,0.35618650913238525,0.24484580755233765,0.2707612338088379,0.33723872900009155,0.24982818961143494,0.46849173276122674,0.10469966889497699,317.5092832584713,0.9594988413395797,0.24467480710997747,10.313259801312666,0.010968940438674572,sakit
0.457385390996933,0.41753411293029785,0.19453850755846397,0.4609096944332123,0.41521620750427246,0.18797955216325837,0.42635881900787354,0.39568251371383667,0.21283127704046562,0.12956464228066772,632.3772747083182,0.9715129265120778,0.40394557445001755,10.029637239597774,0.016802337410037636,sakit
0.4008197486400604,0.3217412829399109,0.37393034708719747,0.37371015548706055,0.3270811438560486,0.6673946532057169,0.3586326539516449,0.3263145685195923,0.8132745391831046,0.10570015626152912,670.3354644919234,0.9506884392828665,0.28327663843271617,12.434445228210594,0.011181397054802719,sakit
0.33607250452041626,0.3674675226211548,0.5814269567040654,0.31002920866012573,0.3467860817909241,0.7587510667370598,0.27125072479248047,0.30922308564186096,1.0159041644561315,0.12213615693588807,475.21183708693326,0.968789388724716,0.37688739088580325,8.69301574762544,0.014939186226437133,sakit
0.354404091835022,0.2706282436847687,0.48690156143297875,0.322761595249176,0.2588084042072296,0.5481852786299025,0.29819127917289734,0.2563026249408722,0.7878897722679896,0.09976261916409819,583.6387729016452,0.9324435485921527,0.21459983016914955,13.322341584306018,0.009960039799590644,sakit
0.34987393021583557,0.34394317865371704,0.689985307860606,0.29720833897590637,0.3031415343284607,0.7759431093137394,0.22541743516921997,0.27144891023635864,1.029330842786178,0.10528797833827631,393.3465315938453,0.9683854300349074,0.23173491908075497,11.242611504501019,0.01109481910801171,sakit
0.3113897144794464,0.3316824734210968,0.7820553789269155,0.27921342849731445,0.2826750576496124,1.085087105981488,0.26901382207870483,0.2790827453136444,1.2463031474658242,0.09995283512464996,521.0701643290816,0.9537190074594885,0.30997585979556197,9.699872636142638,0.010009250105628151,sakit
0.4177544116973877,0.2696569561958313,-0.028416064095213307,0.4102464020252228,0.2729516327381134,0.042238173045626055,0.40116116404533386,0.2788238227367401,0.12701778866293362,0.1098267112869457,332.91739064502326,0.9651988154556327,0.2630909351797122,8.531260131627851,0.012067473571044143,sakit
0.43534088134765625,0.30906739830970764,0.1723847957496983,0.3984189033508301,0.2986904978752136,0.29966236573055266,0.3670746088027954,0.2982821464538574,0.46276468342717925,0.10945415151081243,253.23843887096984,0.9784378931918205,0.2908343868994925,8.068872588486963,0.011987467993761937,sakit
0.1688198447227478,0.20115116238594055,2.102415137394625,0.19099336862564087,0.21199434995651245,1.8582654105254588,0.22024884819984436,0.20383548736572266,1.276863706138641,0.10967500750784163,356.97577033508486,0.9355503690725181,0.2970318166464208,8.22695403403786,0.012040731566778056,sakit
0.381634384393692,0.2937696874141693,0.11251645627580956,0.33426499366760254,0.2544125020503998,0.07835136457848456,0.30980977416038513,0.23518571257591248,0.10248710364915231,0.09730536092915691,264.7456873044298,0.9700291253842782,0.2738224822332263,8.002382381992062,0.009476524136955803,sakit
0.5049189329147339,0.29605332016944885,-0.33649401857981065,0.3887362778186798,0.2420157939195633,-0.026942054376765816,0.26299408078193665,0.18662793934345245,0.5363129154751014,0.09702339112112729,609.6648110753013,0.923188279796283,0.2329543653420865,13.170469804882401,0.009421105808236874,sakit
0.39508795738220215,0.3245568573474884,0.2958767302767924,0.3768515884876251,0.3147771954536438,0.39467856578793736,0.3649243712425232,0.3051973283290863,0.45717794116604704,0.11849166039290572,549.2321744057161,0.9575036673715523,0.2635939070280195,11.347852684983579,0.014048317408590196,sakit
0.3377618193626404,0.31156572699546814,0.5812936443338957,0.3153671622276306,0.3069901168346405,0.652237468221637,0.2891193926334381,0.29521968960762024,0.7878613221251717,0.11666579341534604,239.64180733132835,0.98041237145944,0.389525764592722,6.521738092432294,0.013622301734807059,sakit
0.3009491264820099,0.27337542176246643,1.1516118847833339,0.2819109261035919,0.2624676525592804,1.2971645318161782,0.218501016497612,0.22752153873443604,1.5973684639729118,0.10829968438684522,377.2596577546626,0.9574834776684417,0.2528396960131309,10.48570301709515,0.011735338866765746,sakit
0.3915238082408905,0.2809757888317108,0.1052479167881306,0.3623807430267334,0.27067074179649353,0.1776156175899835,0.3644445240497589,0.26844462752342224,0.15012072169201437,0.10948655514164311,237.924250238884,0.9753196905349175,0.27242648413476306,7.7297986578173274,0.011994999215283257,sakit
0.3844042718410492,0.2727050185203552,0.08658909442491927,0.40106669068336487,0.28867220878601074,0.12041773438178364,0.37195754051208496,0.2604237198829651,0.033297440526227705,0.10746566835939257,773.1156040914098,0.9233939117601685,0.20588315748183836,15.893980381978265,0.01155478657863398,sakit
0.485736608505249,0.350429505109787,0.09985770027611364,0.44476020336151123,0.32575833797454834,0.16773736234305536,0.40373650193214417,0.2959379553794861,0.2181886598782065,0.10686875280712083,522.5539985559625,0.9625720139306777,0.26894758405123215,10.531841944437872,0.011427526047094088,sakit
0.35352128744125366,0.3451367914676666,0.6791450427188037,0.3011583685874939,0.3049577474594116,0.7619872715862537,0.22989436984062195,0.2745346128940582,1.0066175678683882,0.10418456930497134,412.1854852389074,0.9672897482249664,0.2296955933980422,11.447984891183795,0.010864338738234098,sakit
0.48610398173332214,0.3277532756328583,0.03344880363358722,0.4698694944381714,0.32485949993133545,0.11688101782505932,0.45833009481430054,0.31679341197013855,0.15438157418954263,0.10871726638191152,677.8679029819266,0.9501493708080271,0.258591468425243,13.591117696187416,0.011825101124544915,sakit
0.38653841614723206,0.29373273253440857,0.14909578384992622,0.3518790304660797,0.2680140733718872,0.25930946732615723,0.32783737778663635,0.2376895695924759,0.24743132302729634,0.10270492887266651,469.9070064001753,0.9508032523094333,0.2590117580723127,10.904036751616397,0.010555300380165384,sakit
0.40953248739242554,0.2247704416513443,-0.24413675912683208,0.3986712098121643,0.23478347063064575,0.15695805443687577,0.3560357391834259,0.22989578545093536,0.34565554949258026,0.07001611184707222,731.2651708861864,0.8902407109656774,0.17299189512181493,15.896479561064716,0.0049076076063038114,sakit
0.28069230914115906,0.3112342059612274,0.4612175520866917,0.23533762991428375,0.26932963728904724,0.6172339588203165,0.1765969693660736,0.21621520817279816,1.003431567196621,0.41260054916981953,399.38890845603174,0.9592145228411283,0.5149771121414206,7.905182578936542,0.17025794840277744,sakit
0.1346202790737152,0.2433660477399826,1.6663940316681431,0.14101916551589966,0.25560277700424194,1.6746706138232677,0.1293117254972458,0.23259982466697693,1.6450292314096735,0.6139699214119246,496.89988666826645,0.9387670866848105,0.6627306163147796,8.299785388184576,0.37697077410501967,sakit
0.15674827992916107,0.2899748980998993,1.6055465489231675,0.14947959780693054,0.27784809470176697,1.6472870372811932,0.13059626519680023,0.24912838637828827,1.9077266559575725,0.6375780230727462,519.2033143200812,0.9485681692684386,0.6922943032721744,7.5143355357276915,0.40651792165265327,sakit
0.15209338068962097,0.2545976936817169,1.8629994559898642,0.15040338039398193,0.2539128363132477,1.8843816880362954,0.14799752831459045,0.24481530487537384,1.8067967236883566,0.5129263797701985,385.83024613144374,0.9532680990703861,0.5988992988397507,7.123623881218353,0.26311029286450366,sakit
0.06176691874861717,0.15546046197414398,3.490751128595864,0.06990841776132584,0.16700924932956696,3.255272096102657,0.07657291740179062,0.16418354213237762,2.66959126264978,0.6396980731657663,349.5600830406733,0.8994507727598325,0.7074096086223981,5.210180509349239,0.40922714994738046,sakit
0.2251669466495514,0.31967002153396606,1.1588633108450657,0.2090122103691101,0.30215659737586975,1.3003527064015592,0.19575488567352295,0.2878776490688324,1.4128035165966417,0.4706666861339859,466.63358597680804,0.9614941847271589,0.5445731521748945,8.5418185872405,0.22154190140589902,sakit
0.10800871253013611,0.23181605339050293,2.40736838651686,0.08275607228279114,0.19289530813694,2.8926230829870483,0.08537334203720093,0.20088373124599457,2.858531503051362,0.6549347141358327,404.2175063619145,0.926428806600708,0.7255482138286012,5.372850512175308,0.42895665304339464,sakit
0.1496763527393341,0.2830275893211365,1.8231012102574016,0.14288869500160217,0.28053632378578186,2.0216801837141527,0.13832692801952362,0.27811765670776367,2.1333389796857527,0.6081968573610574,590.4877926358959,0.9427040188574686,0.6793990340340591,7.564623790853908,0.36991961570432963,sakit
0.18093112111091614,0.2249770313501358,1.0881331802370848,0.16651839017868042,0.21447394788265228,1.2856192549192758,0.16190777719020844,0.21242642402648926,1.3441708206976937,0.40276891397094555,231.0413708200456,0.9621642724156203,0.5016191238744189,6.587765832461428,0.16224067132022915,sakit
0.13083072006702423,0.24664248526096344,1.685512740005244,0.12886705994606018,0.24422049522399902,1.7068266948563071,0.12542462348937988,0.24113772809505463,1.7720870689021415,0.6605725402559007,320.2953888498087,0.9591003438840328,0.7164777854300324,5.020287964380219,0.436366313211029,sakit
0.1596808284521103,0.2902388274669647,1.7126177503430018,0.15378065407276154,0.28134843707084656,1.7791187195781775,0.1490197330713272,0.27430638670921326,1.8273164559853856,0.5842652752368797,574.5998893512797,0.945240286935904,0.6432874461309882,7.812189789361155,0.341377077520486,sakit
0.38692688941955566,0.24531559646129608,-0.007966197226345156,0.31181061267852783,0.21395592391490936,0.44093833681340117,0.2581898868083954,0.19901616871356964,0.7446963378540855,0.10036917454935652,436.30904418138584,0.9299045132979814,0.2506251555765692,10.125273987992182,0.010080891393913757,sakit
0.4725241959095001,0.26393499970436096,0.13123520570643404,0.4525596797466278,0.26197001338005066,0.3108094456946632,0.42798441648483276,0.25760361552238464,0.5269968987053031,0.0194164765893777,441.9606910070144,0.9495967560668975,0.18589250825358564,10.908865925304111,0.00038109966616127103,sakit
0.564877450466156,0.3126275837421417,-0.31881132452782507,0.5333495736122131,0.31162765622138977,-0.14262913533346352,0.49298030138015747,0.2992471754550934,0.0333052099009501,0.023309039488973993,524.4776533105239,0.9574993156319799,0.225019639089351,11.32553964149801,0.0005519581845322188,sakit
0.3351778984069824,0.31222566962242126,0.9764245739962246,0.31789565086364746,0.31208524107933044,1.0892920358106808,0.2840133607387543,0.3068753480911255,1.2597678022844792,0.052151325136262666,580.1907297553479,0.9534811182029498,0.23153691011959232,11.830010524964344,0.0027247918194998003,sakit
0.3132781386375427,0.1894393414258957,0.36342964278256895,0.32301586866378784,0.20032015442848206,0.3297737592414594,0.3647168278694153,0.2157782018184662,0.23562272452934246,0.016187513542487174,209.1608256694723,0.958186049062523,0.1814336092652594,8.235034198674153,0.0002657883789227573,sakit
0.4431135952472687,0.22847019135951996,0.41842217182081537,0.3806375563144684,0.18360982835292816,0.42763599094853344,0.392760306596756,0.17773036658763885,0.17125543549149952,0.010500971544941584,543.5644147031694,0.8806713747323497,0.08453782319649472,16.302840148689807,0.00011126995519643582,sakit
0.24912554025650024,0.21490556001663208,1.0216526198729254,0.21590158343315125,0.20297057926654816,1.282537519896406,0.2039455622434616,0.19309870898723602,1.3723701505660644,0.030383520505635284,257.1538304142771,0.951448849856711,0.21973604703417352,8.690225863704857,0.0009318898968667424,sakit
0.40706145763397217,0.25272321701049805,0.4264727288725784,0.40146979689598083,0.24676688015460968,0.4268228451685539,0.3953031897544861,0.24112631380558014,0.39128026601479976,0.017447850201640008,378.8245077281659,0.9523668076112305,0.20528030536553188,10.044570060788148,0.00030824170569257594,sakit
0.37754175066947937,0.29767897725105286,0.6576467443061529,0.35030654072761536,0.2932509183883667,0.8181634950730791,0.33089372515678406,0.28541678190231323,0.9272960036302312,0.019282960848892344,481.95448927938406,0.9565765521322338,0.16721725372826027,12.662244643581412,0.0003766163852200409,sakit
0.3465384244918823,0.2547525465488434,1.2421633917660566,0.29566073417663574,0.2563346028327942,1.3360992805762233,0.2840627431869507,0.2471800148487091,1.2768832852377858,0.0427674087960366,465.6407901931313,0.943849294999857,0.27196649722602506,9.821889251774666,0.0018448776108684845,sakit
0.4957273304462433,0.2473224550485611,-0.18899905628460306,0.4408433735370636,0.25005966424942017,0.09442566265011708,0.41283366084098816,0.24903981387615204,0.21446197230456418,0.015193824138173315,403.015445988939,0.9489050207060393,0.18010620447232037,10.912618489821996,0.00023479681313157025,sakit
0.6460930109024048,0.2702804207801819,-0.24756913307399148,0.6261531710624695,0.28294602036476135,-0.18936763295601342,0.6135998964309692,0.3020031750202179,-0.18414504054543648,0.08512224695009174,711.6135092521728,0.9284317235447365,0.20488930659058893,14.677030045343342,0.007256380857457397,sakit
0.4212261438369751,0.25797149538993835,0.6189693790544728,0.39850568771362305,0.2417861968278885,0.6746756812899994,0.39988061785697937,0.23727309703826904,0.6589379607187947,0.014296927220531018,338.13869392131096,0.9565471004836436,0.17898137181690965,10.246925528367836,0.00020782402514943514,sakit
0.43021875619888306,0.2261291742324829,0.35447141167591023,0.41642889380455017,0.21081411838531494,0.42105219383299625,0.4061996340751648,0.20395337045192719,0.5931159787480419,0.01347891870285283,345.9745410706769,0.9408215539639797,0.14591203778773834,11.094043271322741,0.00018313551324736766,sakit
0.39106622338294983,0.20723004639148712,0.8944044758904487,0.3583950996398926,0.255879282951355,0.5975651775427842,0.34713631868362427,0.2979988753795624,0.5998017119859501,0.03091421967959797,349.92073860735036,0.9536242946185082,0.25318651350872073,9.004403047570706,0.000970380158747395,sakit
0.5136702656745911,0.21711276471614838,-0.03293967685621907,0.4725933074951172,0.21218827366828918,0.16090980283813403,0.42608919739723206,0.19762656092643738,0.28095302879408274,0.012562725350318797,466.65520277717786,0.9187083138714248,0.14395598174610022,11.937963026170038,0.00016002327573818822,sakit
0.4607747197151184,0.2564469277858734,0.2903453745150722,0.3921314775943756,0.270911306142807,0.5477515925482054,0.37435606122016907,0.270841121673584,0.6484208897162884,0.018887012396683795,374.7178013869208,0.9587055302317983,0.19916645116916343,9.31814916299283,0.0003617170930900523,sakit
0.48948219418525696,0.3128430247306824,0.04938621344433726,0.4411800503730774,0.3186012804508209,0.268506391142783,0.45627424120903015,0.3256736993789673,0.2262364243783613,0.022612607828483358,443.15590570805335,0.9659437479199444,0.25416945689663467,8.90573532289733,0.0005191487163955251,sakit
0.48901379108428955,0.19208119809627533,-0.38038862228153913,0.4252459406852722,0.19212228059768677,0.08530790871137424,0.3980562686920166,0.19950470328330994,0.2682753330529979,0.016844677304731086,235.5466419290185,0.9486617772820894,0.19236875248697116,8.751520415697405,0.00028879898567486854,sakit
0.4742962121963501,0.22226037085056305,0.02362112776194792,0.4112667143344879,0.2178163081407547,0.629245768302629,0.3535337746143341,0.21969348192214966,1.1133408336058088,0.012557620838347529,573.8712461519068,0.9049399162084918,0.13964284716387323,13.397019485447403,0.00016001462810344422,sakit
0.4165123701095581,0.2512795329093933,-0.09660274759000824,0.394692063331604,0.2506527602672577,-0.06099403431558926,0.37469393014907837,0.2488691657781601,0.048350156453253426,0.020807758936833832,314.54001719707185,0.9606937374084937,0.19706565628521222,9.637613876473855,0.0004372508112759697,sakit
0.5626615285873413,0.26544541120529175,0.07529345104078472,0.5365741848945618,0.25787708163261414,0.31381796131766365,0.4904799461364746,0.23251110315322876,0.42295826126243796,0.015906179739812277,402.12945966511285,0.9518337315482753,0.14907408974815448,11.783671956732173,0.0002558228151815422,sakit
0.5073824524879456,0.26869121193885803,-0.2936914390882434,0.46037769317626953,0.2624208629131317,-0.06731098240630105,0.4513667821884155,0.27570968866348267,0.049089598685541254,0.030141939167624022,639.0209509560955,0.9295282116695812,0.2641512713372849,10.809504870764906,0.0009192726301676218,sakit
0.6315124034881592,0.2785652279853821,-0.377351668792747,0.6152923107147217,0.285709947347641,-0.2894514868372599,0.6134786605834961,0.30254387855529785,-0.3063065453961578,0.10239612602317771,841.0752290432548,0.9191890665928145,0.28545806774706767,11.770308221612318,0.010488112396066727,sakit
0.519193172454834,0.22344833612442017,-0.011410897271037666,0.4824984669685364,0.23419392108917236,0.14486290335185728,0.4663883447647095,0.25063878297805786,0.186490298433325,0.015749994008871362,607.9395947872504,0.9118968164004145,0.17465999590337808,12.8112230469482,0.00025153795000416797,sakit
0.5053322911262512,0.31007489562034607,0.06841829357147766,0.4364513158798218,0.28869563341140747,0.42930359111785715,0.34172284603118896,0.27757522463798523,1.036535324584949,0.055711386813812554,660.5980024512221,0.9399756791661956,0.22492003594575213,13.496495097716902,0.003109337539035179,sakit
0.5294819474220276,0.29225537180900574,-0.11346538419437105,0.44093218445777893,0.26053565740585327,0.23533273739886051,0.32243412733078003,0.23080973327159882,0.891149408775814,0.02536661078201595,730.3927024284554,0.9191536414757461,0.17376515094014053,15.501631551872938,0.0006482095658483103,sakit
0.5024698972702026,0.27472272515296936,-0.042536748329475696,0.4176664650440216,0.24708977341651917,0.2327708537589785,0.311340868473053,0.21472656726837158,0.7325247023838463,0.019295664878202813,674.6275672827492,0.916451457599666,0.1716539702247211,15.718549413007878,0.000376864881754975,sakit
0.4961341321468353,0.24731752276420593,0.6997720114626941,0.47834211587905884,0.25152790546417236,0.7183366236393418,0.4539995789527893,0.28530892729759216,0.42888739495461925,0.035830984371812244,600.2502082123153,0.9271544124450818,0.18903536439098353,13.219098146938554,0.001288618729919874,sakit
0.533983051776886,0.23670732975006104,0.30296932223491796,0.5112935900688171,0.23881031572818756,0.398753849627674,0.4656355381011963,0.2752774655818939,0.38058383378411037,0.02716341291359747,603.6046980274874,0.9175585860821043,0.19453844374519033,12.121070441101375,0.0007420538767712854,sakit
0.5006495714187622,0.27034440636634827,0.1975510447612356,0.49475228786468506,0.2732110023498535,0.2527005556344116,0.444754034280777,0.29230552911758423,0.5981029048842766,0.016072023638520557,731.764512742412,0.9223967392849538,0.19814432900129078,12.508116854045944,0.00026267924247976206,sakit
0.5818348526954651,0.1839895397424698,0.6146386608020424,0.5510337948799133,0.1986764520406723,0.5329742695404125,0.5149669051170349,0.23217004537582397,0.22964324428384505,0.025814472834085198,516.1039039384374,0.8939399298317671,0.1891353374317821,11.718581148700258,0.0006720147287511076,sakit
0.5785150527954102,0.2368447631597519,-0.139072108925005,0.5573511719703674,0.24511663615703583,-0.001693432975909862,0.49718421697616577,0.3019891679286957,0.07488336336535205,0.036056338564383505,461.5183088609336,0.9395400281557168,0.24931287522688614,10.402865064336757,0.0013059159544080504,sakit
0.4012875556945801,0.32121333479881287,0.5467999644787177,0.37034958600997925,0.3182509243488312,0.6502273952414137,0.36280861496925354,0.32254114747047424,0.728324466922418,0.023861815409287685,503.58180646240385,0.9617424682965091,0.19287056221231882,11.106952588282036,0.0005762310924415532,sakit
0.3563191294670105,0.24851849675178528,0.8033472318308548,0.3253812789916992,0.2542550265789032,0.8136885519135083,0.3190327286720276,0.2667921781539917,0.7020246512952475,0.02392865897144189,376.9580155990914,0.9546635345760272,0.21625242387098553,10.544169739383397,0.0005801244497502897,sakit
0.550982654094696,0.2543230950832367,-0.064798843354099,0.468525767326355,0.2671869993209839,0.35130492336590374,0.4436299204826355,0.28210631012916565,0.4555225372785971,0.015722003447625314,357.6211286667717,0.9600011535809223,0.15331376543034494,11.306092672909074,0.00024937347190126985,sakit
0.5635291934013367,0.2835262417793274,-0.18312384986342498,0.5514077544212341,0.2975357472896576,-0.1479295163722065,0.5585362315177917,0.30276909470558167,-0.1580935305133264,0.01751718761306252,533.242173896765,0.9520489906418926,0.17902888153676386,11.781607005808327,0.00031043492778664867,sakit
0.4288198947906494,0.23473143577575684,0.6013118034911547,0.42797043919563293,0.24537959694862366,0.49897574124792266,0.4221201539039612,0.2574971914291382,0.41340107111185553,0.015430843885320816,382.77072457861254,0.9499350213227324,0.15667774192527462,10.888576075513518,0.00024043923206184032,sakit
0.4078846573829651,0.19917668402194977,0.07041494568211705,0.39594292640686035,0.18970102071762085,-0.04553577562828983,0.3713220953941345,0.17915205657482147,-0.03914490322145171,0.01142499405093566,424.40066332255066,0.9101270244017666,0.09814655226535313,14.145918316345545,0.00013121874894879472,sakit
0.42377758026123047,0.1668226569890976,0.6051691226151799,0.3313412070274353,0.14587058126926422,0.9033284387682862,0.2235911786556244,0.1260737031698227,1.6057418318706715,0.011976995148880615,494.50794986803027,0.8270029808356728,0.07531826227309134,16.05108041263706,0.00014420086332472823,sakit
0.5004318952560425,0.23106612265110016,0.042817782512277754,0.3866237998008728,0.21318702399730682,0.3556627576932016,0.2657601833343506,0.17459693551063538,0.7762725364366118,0.011011515206171586,666.730138841557,0.887132807007602,0.09497704174319137,16.72355142836868,0.00012200437927273001,sakit
0.5368520021438599,0.17965130507946014,-0.9101698340662077,0.45502299070358276,0.1680404543876648,-0.8228541325579851,0.36432379484176636,0.1476699858903885,-0.5853433786459865,0.013467132763860308,423.4769807155587,0.8839082361936543,0.09232724869058585,14.146840809059375,0.00018258946383990427,sakit
0.5003635287284851,0.21913990378379822,-0.042856044648490195,0.4518639147281647,0.20728428661823273,0.14504041464133385,0.44355398416519165,0.21754847466945648,0.28199263641571976,0.013690646880395915,288.84099763662607,0.947907804536662,0.15532114522755866,10.168101610942344,0.0001897766349569336,sakit
0.48921865224838257,0.26407450437545776,-0.3690491592264911,0.4622088670730591,0.2483176440000534,-0.3392391096960493,0.40148496627807617,0.20742827653884888,-0.3118768346981664,0.013884581724131304,575.9190186008992,0.9279247355808278,0.09931829006160597,15.88446818934902,0.00019360781294597672,sakit
0.4854804575443268,0.30357328057289124,0.1312185439407537,0.46843504905700684,0.29221802949905396,0.22033546540245355,0.4366813004016876,0.2743200659751892,0.3584137616349962,0.016284857932949395,292.32606720788425,0.973761524990282,0.14712002611098637,10.490512666830545,0.00026625786112819343,sakit
0.47068700194358826,0.18272700905799866,-0.36559307016285286,0.4656962752342224,0.17817042768001556,-0.341568910213362,0.44245773553848267,0.16610094904899597,-0.260567352308871,0.010361999231525004,636.0974129349197,0.8451498652929859,0.0724510789704035,17.592829456382358,0.00010780900318830009,sakit
0.2782137989997864,0.24166357517242432,1.1353235684130252,0.2761777937412262,0.23725835978984833,1.202941191115463,0.26290351152420044,0.22711096704006195,1.2265375792972557,0.024275142533661767,675.5801493236321,0.9070250739844932,0.19089207211503778,14.208284572415655,0.0005955700014745941,sakit
0.4456378221511841,0.2516595721244812,0.20556345700827014,0.43183109164237976,0.23710012435913086,0.32896205433306486,0.4382939040660858,0.23240754008293152,0.32733094116500366,0.015331497290715049,420.1277165769383,0.943641884145691,0.16708836871457944,11.216301291557373,0.0002373045733230901,sakit
0.42002516984939575,0.2822026014328003,0.7869371417829985,0.40046030282974243,0.26554492115974426,0.8512221922520026,0.3717777132987976,0.2493215948343277,0.9892674576672551,0.018398855731014012,607.3629373716328,0.9338867405235612,0.16321786301608338,13.65502329133867,0.000342065984925032,sakit
0.28774046897888184,0.25060516595840454,1.2648044800275602,0.28750258684158325,0.2309698462486267,1.3124411829246483,0.28912708163261414,0.22718265652656555,1.2172025398062094,0.02230094618490545,220.50806421847093,0.969298198045138,0.1847574919583853,8.626859657144136,0.0005016302850286968,sakit
0.47643768787384033,0.21890504658222198,0.18708704643066704,0.4989106357097626,0.22586333751678467,0.20521352419262792,0.6082725524902344,0.24696794152259827,0.05665975863968975,0.012737022722262419,499.5265095610635,0.9190317339633903,0.14068141681438304,12.947175347500819,0.00016549234890406576,sakit
0.5466625094413757,0.2508070468902588,0.05557858398279151,0.5815747976303101,0.25773245096206665,0.04420308026408022,0.6544809937477112,0.27115651965141296,-0.18187595050547273,0.01373316122715288,710.176556634759,0.9110487210818315,0.15936988561468374,13.080532089607578,0.00019342441881341706,sakit
0.5557884573936462,0.23308411240577698,0.16018118975576626,0.5581851601600647,0.23323467373847961,0.17808419004073459,0.5955333113670349,0.2913397252559662,0.07332711402972987,0.03658272235207624,456.58665608424826,0.9341294123253122,0.24227323925472077,9.889497566209121,0.0013420439290190813,sakit
0.4782795011997223,0.21343550086021423,0.19189317780196707,0.4286636412143707,0.2133643627166748,0.5809002520078124,0.38124191761016846,0.20604518055915833,0.8215706713307531,0.013944838718126401,508.46715698190843,0.9118633211968651,0.14839179434904262,12.186846273489808,0.0001973137601562668,sakit
0.5265397429466248,0.18226169049739838,-0.05397152276969733,0.5357868671417236,0.1871216893196106,-0.13187396234831938,0.6196112036705017,0.24002905189990997,-0.05814962264655891,0.013914590563040417,366.44766427532977,0.9154703801974465,0.14219591939199125,11.124934407565767,0.0001967615151883223,sakit
0.4715273976325989,0.20780423283576965,0.09850279059342895,0.48069727420806885,0.20693813264369965,0.03115445214866291,0.5470924377441406,0.2592359483242035,0.056974850259619084,0.011837138151497296,511.9581340240711,0.9061079780626468,0.1273596779261056,13.310708899928372,0.00014227025928020858,sakit
0.4680480659008026,0.2088857889175415,0.1325138228476363,0.4766371250152588,0.2235749512910843,0.0471173997263494,0.5851148962974548,0.31754034757614136,-0.03962534994756431,0.01291833078149515,537.2767678362235,0.9135556394890254,0.14515062816889218,12.273030691793453,0.00016909110127245113,sakit
0.47076064348220825,0.1901329606771469,-0.10656569203344332,0.47778671979904175,0.22342978417873383,0.04948427430977772,0.5867515802383423,0.33312535285949707,-0.03384791757228089,0.01360724640939942,397.11985508284397,0.9344104691193379,0.14544049379868051,11.006152357843883,0.0001873501319881067,sakit
0.46755897998809814,0.2091745138168335,0.14639655672694038,0.45686596632003784,0.22962011396884918,0.19216483012287164,0.51313316822052,0.30529674887657166,0.28495736718738074,0.014038398421138937,535.952516342109,0.9183946397656167,0.1461715898085478,12.376679202580045,0.0001998557377354339,sakit
0.4650154411792755,0.2015388458967209,0.1628387789847374,0.5066037178039551,0.2052428126335144,-0.29229902296479443,0.6375767588615417,0.2877296507358551,-0.33541414451045604,0.014398952460114599,492.05470274489636,0.9092426736836438,0.15167488258240916,12.357111077077645,0.0002101976539617942,sakit
0.5003789663314819,0.2921472191810608,0.19293338928787254,0.5077366232872009,0.25962743163108826,0.31796024655752353,0.5023676753044128,0.3280598819255829,0.04773815628501521,0.02119644526027552,648.5445833018438,0.9311323592747157,0.14222529180378315,13.706767712086856,0.00045074272963371577,sakit
0.5034894347190857,0.20055541396141052,0.017146719049918612,0.4510996639728546,0.20287302136421204,0.5088012847357058,0.4647893011569977,0.20384499430656433,0.4155407718916685,0.011295074479762073,785.4374140427386,0.849790164634649,0.10257847236448565,17.996746526873235,0.00012854030760057014,sakit
0.5027464032173157,0.21619339287281036,0.3901327190696809,0.5055564641952515,0.2202167958021164,0.13357075955622533,0.6058679223060608,0.29146379232406616,-0.23845032086703447,0.013846871498789319,466.9534304239655,0.923260742532499,0.17393754322508959,10.625002491382233,0.00019511283380035927,sakit
0.5110654830932617,0.20664551854133606,0.2140812845530717,0.4766410291194916,0.20345397293567657,0.21400461577365465,0.46470528841018677,0.24697332084178925,0.3563369885387081,0.014130888781097764,551.6939425215571,0.8939682198298528,0.16552489185076477,11.717307071148731,0.00020294897044425728,sakit
0.5476508140563965,0.18922990560531616,-0.04120117989997869,0.48328709602355957,0.20255428552627563,0.03506326951787854,0.4575716257095337,0.2480848878622055,0.3143721896641096,0.014667091137450392,374.1326139016766,0.9269892314944624,0.16887252778283113,9.633135176553,0.00021910562814872787,sakit
0.48998939990997314,0.21313409507274628,0.40757832561177476,0.45224905014038086,0.20629644393920898,0.6158790989938698,0.37276291847229004,0.2015661895275116,0.9918600717704994,0.010108526676725984,910.8948466831513,0.8354691845307105,0.0783628447035609,19.517130775075746,0.00010297513377168421,sakit
0.4942413568496704,0.21173907816410065,0.46997386209477016,0.4519088566303253,0.20546412467956543,0.6783074938153167,0.37388452887535095,0.2027374804019928,1.0423632986184828,0.010180583366455569,851.2626487933447,0.8448176916572913,0.07858718589678369,18.872344406852502,0.00010445630648339714,sakit
0.5165716409683228,0.2283046543598175,0.12173785351614348,0.43767857551574707,0.19649384915828705,0.7515440640755152,0.3674279451370239,0.1907404363155365,1.363089711153919,0.0134440736402864,662.9219067297402,0.8711297255306296,0.1313473122949884,13.130875084705735,0.00018233131625278642,sakit
0.5718995332717896,0.24612325429916382,-0.35210331157134506,0.5348585247993469,0.22250980138778687,-0.34969058181715706,0.5979228019714355,0.2463325560092926,-0.3371915397345604,0.016833353030113917,339.20777747335165,0.9471166290494158,0.21511694077680077,8.707061375096407,0.00028846593965830967,sakit
0.5229836106300354,0.23316964507102966,0.181450251638925,0.515643835067749,0.21916842460632324,0.30842210924347085,0.5334904193878174,0.28123700618743896,0.1769581174555638,0.010944618004015578,533.5402399397309,0.9146586585968554,0.11413800700779986,14.206772884380344,0.00012184659681298872,sakit
0.5695807337760925,0.22205360233783722,-0.032909300826614,0.5149692296981812,0.22118858993053436,0.019234181465406203,0.6229398250579834,0.2648433446884155,-0.14868533523114716,0.025229577081934,185.03769119386962,0.9692938548027233,0.26463931078473246,6.534725268109472,0.0006440890602837673,sakit
0.5644519329071045,0.25566229224205017,0.10358161273858829,0.5176823139190674,0.2617812156677246,0.20273735717977262,0.5030454397201538,0.26990219950675964,0.25801517552507997,0.013488458307237433,695.243745167159,0.920010836228129,0.12680217441567201,14.9757648736269,0.0001847507634563906,sakit
0.49686238169670105,0.25611141324043274,0.27831953780285573,0.4411151111125946,0.26109835505485535,0.35956257003031356,0.4466414749622345,0.2901739776134491,0.34675268516954477,0.013291254136326446,532.8796778434523,0.9390693970774756,0.15757680988294218,12.097206832245336,0.00017973150687630363,sakit
0.48590269684791565,0.25239256024360657,0.3570841380343546,0.42767688632011414,0.2622877359390259,0.4655511656764163,0.41825151443481445,0.29212209582328796,0.47805684709056845,0.013236460047433675,557.0793495686115,0.9366376591668728,0.14091621724111983,13.09273909522885,0.00017760843390630823,sakit
0.48359769582748413,0.2797289788722992,0.19219548308556883,0.4438541829586029,0.271641343832016,0.3190045659584341,0.4571688771247864,0.30991315841674805,0.4639517867382378,0.013409471301120348,568.3159293865641,0.9422800215216977,0.1556939223582738,12.413778219706145,0.00018142695981749644,sakit
0.5125138163566589,0.27177155017852783,-0.13267263957186698,0.4803408682346344,0.2866460084915161,0.15025372873697407,0.5251255035400391,0.32717522978782654,0.1457772898099176,0.01206451546600848,764.3502076885726,0.9256561762887859,0.14093068871163625,15.020870490082531,0.00014791357777143083,sakit
0.6265758275985718,0.23183204233646393,-0.3390981404175938,0.5486262440681458,0.24768535792827606,-0.01791547451853685,0.6179989576339722,0.25672662258148193,-0.12295827052232663,0.01361724212002277,286.9781613654368,0.9609245327470551,0.1617231099746085,10.033035069330085,0.00018905016926093604,sakit
0.688210129737854,0.24457091093063354,-0.5876097326371796,0.6142683029174805,0.2523803114891052,-0.37685331126368343,0.6753628253936768,0.2524148225784302,-0.3917624056450767,0.031170994108949756,275.61233901811516,0.9637539446380489,0.18515797980838747,9.989862834326479,0.0009763517035692735,sakit
0.5412448644638062,0.18341965973377228,-0.007249751160591408,0.5551801323890686,0.19632117450237274,0.039664607842062306,0.5316179394721985,0.2727493345737457,0.39280650770999076,0.011451532305430603,1161.9944146362825,0.7535553409306797,0.10333105749457082,21.40991094974081,0.00013329697608292467,sakit
0.5847850441932678,0.18739713728427887,-0.00012499123337708255,0.5882617831230164,0.18281276524066925,-0.04718422526192837,0.4175926744937897,0.19121602177619934,0.6462264210140746,0.010574220760257373,1062.1599250903244,0.7416031681574462,0.07643189937996463,22.10756423682655,0.00011311152740269271,sakit
0.5459610819816589,0.22952862083911896,0.0626906908755482,0.5140696167945862,0.22639694809913635,0.1850271336240402,0.5587650537490845,0.230992391705513,0.10704800990409648,0.014930109647810191,416.9610848378147,0.9324377646505018,0.13563870698015612,12.117124169123395,0.00022595621420510087,sakit
0.47235071659088135,0.22729147970676422,0.6511589217175588,0.42088615894317627,0.24940575659275055,0.6695367167117965,0.43603235483169556,0.25306636095046997,0.7704118248640834,0.018153100421480415,342.8411655037128,0.9527169593184602,0.15505034478036206,11.221699046614157,0.0003331075853948029,sakit
0.4609397351741791,0.22729329764842987,0.5065435527254867,0.4052661657333374,0.2249554693698883,0.7897316794703291,0.3966011106967926,0.21352285146713257,0.8936606762090528,0.014320417420639183,312.39423498278984,0.9479165975078542,0.14913300925325104,10.659603890569292,0.00020995586369992934,sakit
0.5421964526176453,0.21061944961547852,0.3151108167488828,0.5034257173538208,0.20990638434886932,0.6812263473760627,0.5217525959014893,0.20480288565158844,0.7463855921262615,0.029934837950580228,368.0414014221796,0.9321465858691748,0.16391168764743952,10.149206815659173,0.0009012820897710892,sakit
0.46307435631752014,0.22084017097949982,0.7858054078146234,0.39163917303085327,0.25715577602386475,0.7318642317728927,0.46360456943511963,0.2966732680797577,0.5570713847879311,0.02918334865203798,607.7898319171268,0.9172793638949065,0.16568801631940702,12.642283283869595,0.0008537529489924139,sakit
0.4966411292552948,0.25843995809555054,0.6160157045970248,0.4707457423210144,0.2740127444267273,0.6459267457488499,0.5400227308273315,0.30244433879852295,0.2522356182072823,0.06507468075622673,379.9281123189985,0.9579628853698949,0.20983952778911322,10.607338020644045,0.004238412775128258,sakit
0.5253794193267822,0.20538827776908875,-0.5244864784190004,0.5132452249526978,0.2327902615070343,-0.4249057538194539,0.6327717304229736,0.3080386817455292,-0.34633514572963175,0.02149261333425982,236.13322833520124,0.9642691956761889,0.21566250891762204,8.251608422488701,0.00047058938353443277,sakit
0.550832986831665,0.2459009289741516,-0.13140389377315492,0.629998505115509,0.27970582246780396,-0.2580132800423789,0.743065595626831,0.2733815610408783,-0.4846537087030777,0.016654593818351528,496.7330734481398,0.9442803183620886,0.18198933889882254,12.056186710198162,0.0002828251030422778,sakit
0.5496028661727905,0.20297925174236298,0.35378253982334207,0.5252431631088257,0.20321930944919586,0.6784249485433593,0.5633202195167542,0.2510871887207031,0.4758937794460243,0.01935492539669752,443.238258925541,0.9122216917754922,0.14348751462408135,12.36371582127167,0.00037830386604908555,sakit
0.5640018582344055,0.23146697878837585,0.2626720985138013,0.4912688732147217,0.25634628534317017,0.19682494718901047,0.5529452562332153,0.2736109793186188,0.16316936716119726,0.01746191413249996,618.1726671379532,0.9164195208032372,0.14456632982701223,13.789377970207761,0.0003080277697914104,sakit
0.5708450675010681,0.25597015023231506,0.18508758071845627,0.49990928173065186,0.29514849185943604,0.2880377364464427,0.5863863229751587,0.315761536359787,0.017448738514307206,0.027395446915554376,684.4460855078422,0.9272931353773407,0.16945688906030623,14.298558488595743,0.0007557531150937945,sakit
0.6848177909851074,0.23426364362239838,-0.4779680268558714,0.6062499284744263,0.24406318366527557,-0.0344957276928243,0.6121864318847656,0.24703310430049896,-0.07129834032027797,0.06844224537543515,642.9724503767412,0.9119984237743125,0.20520605836486142,12.063625060724902,0.004691218738653074,sakit
0.6113350987434387,0.22116291522979736,-0.12920111062975864,0.5480203628540039,0.22939777374267578,0.16581658084886125,0.5658817291259766,0.24143756926059723,0.1034422369488076,0.035161514766361916,367.8475688876256,0.943275752577688,0.18048722799847816,10.858227188060539,0.0012417515663022073,sakit
0.6286508440971375,0.22017844021320343,-0.712655132145154,0.5507392883300781,0.2564534544944763,-0.3872562764140802,0.5777109861373901,0.2775997817516327,-0.19271614576422955,0.012621458322231145,506.6126078756857,0.9316783946937998,0.14190215587096502,11.986742687807544,0.0001617441263679694,sakit
0.5669100880622864,0.21499714255332947,-0.31835272813859267,0.5060145854949951,0.2193690687417984,-0.03432776357012955,0.5425689220428467,0.2347504198551178,-0.0452523215826803,0.013988527897353284,211.2536739409693,0.9653672981207224,0.16055012204939492,9.133519033348126,0.00019936047619310525,sakit
0.5890231132507324,0.24567049741744995,-0.2751759986038869,0.552990198135376,0.25151392817497253,-0.13474406962624033,0.6038405895233154,0.25926876068115234,-0.2843047031784043,0.022161008930375387,409.43586234312016,0.948249325908446,0.18047807723455453,9.747772935900208,0.0004959912575267157,sakit
0.598157525062561,0.20070822536945343,-0.5039084054735752,0.536668062210083,0.21452543139457703,-0.21220903428520996,0.5866708755493164,0.2537379264831543,0.06803107753613044,0.012175691811467158,552.9384218618555,0.8968464048066224,0.12934138834968453,13.066926924280802,0.00015016426919899,sakit
0.5645259022712708,0.19829332828521729,-0.20578395298642793,0.5309223532676697,0.21158479154109955,-0.002901852402752259,0.5938313007354736,0.26079580187797546,0.09566036967937572,0.0124336347648418,461.1826445697521,0.9108465694874472,0.13339312047712162,12.31982829282858,0.00015648503619116724,sakit
0.5971139669418335,0.2561432421207428,-0.06946827291838253,0.6694183349609375,0.26408541202545166,-0.27068694007680083,0.7790934443473816,0.24100448191165924,-0.583617488106148,0.02658938130828421,526.3297727051284,0.9361592050126366,0.1729534853361441,12.50189129266356,0.0007132301405607102,sakit
0.5394238233566284,0.16058404743671417,-0.1322669692147351,0.5222879648208618,0.19678431749343872,-0.1876118451755536,0.6433014869689941,0.2563915252685547,-0.16558799567670796,0.01634008489064696,289.27891604585744,0.9326324759540806,0.18145684125153708,9.638206109296158,0.00027096119500598495,sakit
0.5482447147369385,0.1666199415922165,0.06949197003642608,0.5356244444847107,0.19794364273548126,-0.08931801726087518,0.6461190581321716,0.25311464071273804,-0.11695227473780886,0.015822175278330408,312.5259524825137,0.9292933169912551,0.17609827643647316,9.946464753302658,0.00025420374939097396,sakit
0.46297889947891235,0.28597092628479004,0.13976756449297625,0.5484980940818787,0.3338718116283417,-0.05699625017369862,0.6422221660614014,0.3496072590351105,-0.2578398766926082,0.018541370721720386,827.827127885416,0.936328359295603,0.1968221571973052,13.337518524885082,0.00034839751630255205,sakit
0.3964995741844177,0.24239295721054077,0.5996607046629439,0.4347272217273712,0.2703494131565094,0.7463473097309138,0.5225357413291931,0.2951337397098541,0.4691277402255496,0.014910720944878358,557.3310931960069,0.9359008296958725,0.15527424458795172,12.923470311293217,0.00022652722103627196,sakit
0.5784976482391357,0.2471579909324646,-0.09043478212685019,0.5764213800430298,0.2433505654335022,-0.13941868840102817,0.5801281929016113,0.2539427578449249,-0.18177909631874167,0.012932593480536561,891.2700404765269,0.8835996412974604,0.09914414673880985,18.28810855461091,0.0001695206630290437,sakit
0.28627678751945496,0.3152860105037689,0.43723580179720434,0.23970067501068115,0.2721036970615387,0.5894963691187622,0.17897602915763855,0.2180473804473877,0.9788237979579892,0.4501181290442931,337.77035544964235,0.96618975334201,0.5500133982154017,7.222824968492039,0.2026344224297387,sakit
0.16119052469730377,0.2935402989387512,1.7033287183474635,0.1553533375263214,0.2848097085952759,1.7701282676995675,0.1502675563097,0.2778201103210449,1.8244588266737227,0.606931863259264,543.2547229136458,0.9493020144196141,0.6713760005157462,7.317867746919952,0.36838436122557133,sakit
0.2271505445241928,0.32167673110961914,1.1411050854473967,0.21114729344844818,0.30451470613479614,1.2824819302302277,0.19765092432498932,0.2905064523220062,1.398892402612956,0.5207018374661556,404.4657597738363,0.967010643997349,0.5820695584079636,7.92548790504657,0.27115358345188373,sakit
0.5607512593269348,0.3116874396800995,-0.11601305342780495,0.48654818534851074,0.32177186012268066,0.15854882715861884,0.46249157190322876,0.3276159167289734,0.2553103368568721,0.0438033708663596,594.3668776032091,0.9544473810864665,0.18452818770177937,13.344999648411532,0.001924384068254518,sakit
0.4597766697406769,0.2366742044687271,0.25713130685482927,0.3796633183956146,0.22734901309013367,0.5573170572494633,0.3636123836040497,0.21954740583896637,0.5665324872590257,0.014316805832599555,498.496971406937,0.9254185813517487,0.17690681061821725,12.354179458345106,0.00020846035156694046,sakit
0.5577120780944824,0.2912561595439911,-0.3983120076741942,0.5030396580696106,0.2992803752422333,-0.17355601892654252,0.46080783009529114,0.3082562983036041,0.05759961138263805,0.020624881981318847,426.332364449886,0.9623711255450752,0.2130926988687155,9.886318848916085,0.00043195623140104573,sakit
0.4293556809425354,0.1966789960861206,0.4980269479507669,0.36555933952331543,0.20402032136917114,0.7599260694191324,0.3579527735710144,0.19879774749279022,0.6184447499954253,0.015093915782618464,198.03310494253057,0.9609679198407058,0.17814720879887083,8.624399391044754,0.0002324180755090808,sakit
0.38237589597702026,0.2325913906097412,0.418406405891535,0.34056827425956726,0.24360929429531097,0.7101713874152367,0.31931763887405396,0.24665826559066772,0.8145351080382423,0.020559982611522035,371.54475522441095,0.9499566830347587,0.2062105292347536,10.048480278480584,0.0004291367233841536,sakit
0.4506385922431946,0.3075912892818451,0.17897232880801614,0.37999165058135986,0.29844221472740173,0.5082738388106947,0.3634610176086426,0.3055357038974762,0.5460157206347267,0.032390629984620466,492.6825080712813,0.9575232225271004,0.24262240637781143,9.979468690575404,0.0010581776355190788,sakit
0.5817226767539978,0.23923727869987488,-0.03554682278758952,0.49097830057144165,0.23066867887973785,0.08748780023745059,0.41648027300834656,0.23816142976284027,0.11502350845847911,0.010749742315565384,623.0893553679578,0.9051504990236575,0.10949870482898555,14.683526528706542,0.00011692303240414854,sakit
0.3228675425052643,0.24886025488376617,0.9022120295384788,0.28645145893096924,0.22608838975429535,1.2209758557454844,0.2647620737552643,0.21021203696727753,1.3806591156112453,0.027718066741719293,267.8843012265703,0.9603139052567647,0.23363862103827937,8.359918510411328,0.000777662629074377,sakit
0.3753378689289093,0.3132458031177521,0.1655182833752067,0.3377130627632141,0.2851656973361969,0.3237056055575795,0.34202858805656433,0.2698778510093689,0.36046294526365363,0.053553687895432876,351.418337808391,0.9677111025199115,0.27690584991849426,9.171272596724243,0.002887657982297133,sakit
0.4773738384246826,0.31898489594459534,0.23238092247662445,0.42514610290527344,0.29179587960243225,0.5649923524667256,0.4113890826702118,0.2946896553039551,0.7531078314227169,0.02997156268561325,441.09672531882455,0.9606485797384225,0.2293292709585414,10.237851126228895,0.0009072005895604257,sakit
0.42530614137649536,0.2610378861427307,0.31521811408830747,0.38435813784599304,0.23789221048355103,0.5808139190027607,0.34445449709892273,0.22659297287464142,0.7151908221953853,0.019080728459068486,205.87974181238482,0.9729220551423712,0.1870482852997872,8.30967762301995,0.0003679445208963211,sakit
0.44439032673835754,0.2611514627933502,-0.05436367444221151,0.4148067235946655,0.25141018629074097,0.10788269466425886,0.38609403371810913,0.233742356300354,0.18974899285810307,0.02261433747301404,328.8519436179203,0.9596390434374836,0.2288265305271947,8.524118101935914,0.0005178090688737404,sakit
0.35040199756622314,0.1862727552652359,0.4214112411965517,0.28386572003364563,0.17572994530200958,0.9405050218647102,0.2612895369529724,0.16077303886413574,0.9610864165886412,0.018662085323039816,249.87568635988012,0.935226499065268,0.189280225818798,7.98881224045878,0.00035407189944101496,sakit
