image_name,label_name,label,avg_red,avg_green,avg_blue,mean_hue,mean_saturation,mean_value,std_hue,std_saturation,std_value,contrast,homogeneity,correlation,energy,dissimilarity,ASM,hist_r_0,hist_r_1,hist_r_2,hist_r_3,hist_r_4,hist_r_5,hist_r_6,hist_r_7,hist_g_0,hist_g_1,hist_g_2,hist_g_3,hist_g_4,hist_g_5,hist_g_6,hist_g_7,hist_b_0,hist_b_1,hist_b_2,hist_b_3,hist_b_4,hist_b_5,hist_b_6,hist_b_7,hu_moment_1,hu_moment_2,hu_moment_3,hu_moment_4,hu_moment_5,hu_moment_6,hu_moment_7
-33-_jpg.rf.40846681f33019bb2ce036dcb06e24fd.jpg,sakit,0,70.10308837890625,70.14692687988281,68.55294799804688,43.504364013671875,9.368988037109375,73.0335693359375,78.50982666015625,19.613632202148438,105.458984375,1804.4907215079863,0.7292258879423432,0.912586061946434,0.6325598676496796,12.829640438983278,0.4002429132182588,0.6650390625,0.0,0.0,6.103515625e-05,0.0399322509765625,0.072906494140625,0.06378173828125,0.1582794189453125,0.6650390625,0.0,0.0,6.103515625e-05,0.0736541748046875,0.0581512451171875,0.020751953125,0.182342529296875,0.6650390625,0.0,0.0005645751953125,0.037811279296875,0.0644683837890625,0.0342254638671875,0.01678466796875,0.1811065673828125,2.695224115091065,7.049883731425539,9.308243860592581,8.995241550928451,-9.999999999248917,9.999390799154352,-9.999999997758843
"1 day vesicle, cow, teat.jpg",sakit,0,38.637420654296875,16.426071166992188,14.725814819335938,28.974395751953125,45.49848937988281,38.637420654296875,94.67762756347656,72.69734954833984,62.847694396972656,198.1215092526185,0.7335309908062116,0.9303283188833569,0.6923420842375375,4.563707727510482,0.4793733581544734,0.7169189453125,0.0,0.008392333984375,0.1006622314453125,0.1172943115234375,0.0550994873046875,0.0016326904296875,0.0,0.7183685302734375,0.1855621337890625,0.087554931640625,0.0084228515625,9.1552734375e-05,0.0,0.0,0.0,0.7170562744140625,0.2549591064453125,0.02752685546875,0.000457763671875,0.0,0.0,0.0,0.0,2.9972967647741946,6.385704234493166,9.416204834516407,9.899105583913407,9.99999999999022,9.999927499079595,9.999999999999954
123qe-58-_jpg.rf.614b8ae66b57dcdcbf3f8aab355b11d2.jpg,sakit,0,77.87800598144531,71.3936767578125,61.088592529296875,16.13519287109375,21.63104248046875,78.03019714355469,29.426668167114258,38.89596939086914,105.43212890625,531.9654917933344,0.7195348976749191,0.9730063043127477,0.6223436578409177,5.821526380432164,0.38733893642267536,0.6370697021484375,0.0,0.0006561279296875,0.007598876953125,0.0253753662109375,0.0619049072265625,0.055389404296875,0.212005615234375,0.6370697021484375,0.0,0.0025634765625,0.0471038818359375,0.045623779296875,0.03662109375,0.0638580322265625,0.1671600341796875,0.6370697021484375,0.0070648193359375,0.04339599609375,0.0518341064453125,0.0434417724609375,0.0512237548828125,0.103790283203125,0.0621795654296875,3.0479871855124125,7.927597261083473,9.690314940634856,9.931895795514468,-9.999999999999181,9.999993098104415,9.999999999997012
123qe-82-_jpg.rf.c8d3bc199c59dc9b2a6f77ede30ac3b3.jpg,sakit,0,98.06533813476562,99.83203125,98.57122802734375,72.57009887695312,15.988632202148438,104.09361267089844,91.88422393798828,23.05169677734375,98.93318939208984,603.7329616778757,0.5876860810404562,0.9664267297964778,0.4369017938505126,6.977681027605311,0.19092239581578566,0.455718994140625,0.0,0.0027008056640625,0.0350189208984375,0.120452880859375,0.1678009033203125,0.1572265625,0.0610809326171875,0.455718994140625,0.0,0.0,0.040130615234375,0.143951416015625,0.126007080078125,0.1082000732421875,0.1259918212890625,0.455718994140625,0.0,0.00848388671875,0.074676513671875,0.1133270263671875,0.1110076904296875,0.0975494384765625,0.1392364501953125,3.0031917786703906,7.506023945659648,9.374187497015592,9.872193688269396,9.99999999998631,9.999994040800928,9.9999999999925
123qe-86-_jpg.rf.4181f69a98a4a661c21a4670c2577d37.jpg,sakit,0,72.22918701171875,70.20498657226562,66.2933349609375,34.5364990234375,11.87530517578125,73.43388366699219,68.83369445800781,22.72504234313965,95.35438537597656,1513.6508754696863,0.6717289197413933,0.9103181750645225,0.5816546378048082,12.245949350956863,0.3384132806244755,0.61273193359375,0.0,0.0,0.007110595703125,0.120819091796875,0.120819091796875,0.043792724609375,0.0947265625,0.61273193359375,0.0,0.0,0.002227783203125,0.1583709716796875,0.1075897216796875,0.033599853515625,0.085479736328125,0.61273193359375,0.0,0.0014801025390625,0.060577392578125,0.1304473876953125,0.08758544921875,0.0280914306640625,0.0790863037109375,2.70079617341165,7.308773705999072,9.744401843946978,9.838045156209603,9.99999999999163,-9.999961834258059,-9.999999999991664
13-contagious-ovine-digital-dermatitis-codd_jpg.rf.12e4f18746a7b74bf28ab0f08c5cf574.jpg,sakit,0,40.06367492675781,159.37451171875,101.85000610351562,90.80728149414062,134.9306640625,162.78515625,79.30595397949219,116.02804565429688,108.58704376220703,1453.774662022659,0.6510687925631774,0.8748897863876696,0.3148254086210005,12.60150216936218,0.09919373244606873,0.76171875,0.0218963623046875,0.006744384765625,0.006805419921875,0.0673828125,0.0644989013671875,0.04998779296875,0.020965576171875,0.2900848388671875,0.0,0.0,0.0157012939453125,0.0852508544921875,0.0674285888671875,0.0597076416015625,0.4818267822265625,0.2900848388671875,0.0,0.0096435546875,0.1393280029296875,0.471527099609375,0.06195068359375,0.02734375,0.0001220703125,2.984813064109653,8.554593293766459,9.977432282789161,9.866679646558689,9.999999999998963,9.99999204500947,9.999999999998105
15_jpg.rf.0c4dfb2ed31edae315b1272570e30e4f.jpg,sakit,0,52.35838317871094,49.19671630859375,34.65684509277344,24.65167236328125,36.91749572753906,55.05711364746094,40.491268157958984,55.35781478881836,74.04166412353516,2027.8652209964187,0.572865031349886,0.7624049876253648,0.549881078558084,21.595330888140253,0.30244976772034265,0.624237060546875,0.0014190673828125,0.046356201171875,0.1156768798828125,0.1099853515625,0.0492706298828125,0.04547119140625,0.0075836181640625,0.624237060546875,1.52587890625e-05,0.031890869140625,0.1788482666015625,0.0904541015625,0.050994873046875,0.023040771484375,0.000518798828125,0.6250762939453125,0.082244873046875,0.1450347900390625,0.0891265869140625,0.0331573486328125,0.0211029052734375,0.0041351318359375,0.0001220703125,2.819696905698599,8.271394618009285,9.220774828651683,9.422477626167193,-9.99999999993185,-9.999953396368854,-9.99999999955432
"2 day vesicle, steer, foot, 2.jpg",sakit,0,44.2027587890625,40.435211181640625,32.2698974609375,14.128662109375,21.559066772460938,46.34150695800781,34.708255767822266,44.53828811645508,82.15438842773438,1292.0643567565614,0.7370870526620742,0.87720861536463,0.7149066359625476,12.039304469696178,0.5111320019089046,0.7491302490234375,0.0002593994140625,0.0229034423828125,0.0222320556640625,0.0449676513671875,0.043365478515625,0.063140869140625,0.0540008544921875,0.7491302490234375,0.0,0.0019989013671875,0.0504608154296875,0.082733154296875,0.04583740234375,0.0621490478515625,0.0076904296875,0.7491302490234375,0.01287841796875,0.0676727294921875,0.059539794921875,0.0377960205078125,0.0330963134765625,0.03741455078125,0.002471923828125,2.6252688612875126,6.25757796230221,8.605025252388094,9.002350150870262,-9.999999996968688,-9.99743933953172,-9.999999995205123
"2 day vesicle, steer, foot.jpg",sakit,0,47.74980163574219,41.82917785644531,36.77000427246094,9.2421875,14.140823364257812,47.909881591796875,25.683103561401367,31.578227996826172,86.8562240600586,525.0757042275808,0.7939650582052131,0.9567309859952685,0.7500258236742559,4.9736196925356735,0.562543110463327,0.7627716064453125,0.0,0.0,0.00091552734375,0.0237274169921875,0.0516510009765625,0.103912353515625,0.0570220947265625,0.7627716064453125,0.0,1.52587890625e-05,0.0109100341796875,0.0454864501953125,0.111785888671875,0.0684051513671875,0.0006256103515625,0.7627716064453125,0.00128173828125,0.01318359375,0.03839111328125,0.0651702880859375,0.0811614990234375,0.037933349609375,0.0001068115234375,2.781240721886021,6.700435182700215,8.361283473494993,8.39578567512239,9.999999931091818,9.992908557109159,-9.999999990923301
"2 day vesicle, steer, heel bulb, 2.jpg",sakit,0,58.3427734375,51.313720703125,35.27384948730469,22.216278076171875,44.785552978515625,59.64305114746094,34.66514587402344,57.97675323486328,72.73975372314453,1613.7111388347387,0.5359602470513277,0.798249955966838,0.5087614544013296,19.350321720335952,0.2588948569623074,0.5786590576171875,0.0031890869140625,0.03509521484375,0.136932373046875,0.1339111328125,0.0775299072265625,0.032806396484375,0.0018768310546875,0.5781402587890625,6.103515625e-05,0.0887298583984375,0.1782073974609375,0.101318359375,0.043365478515625,0.0100555419921875,0.0001220703125,0.5781402587890625,0.110137939453125,0.2054901123046875,0.066162109375,0.02801513671875,0.010650634765625,0.00140380859375,0.0,2.965734815125712,6.828994379206841,9.28399143693247,9.875588599304882,-9.999999999994216,9.999998245769383,9.99999999998401
"2 day vesicle, steer, heel bulb.jpg",sakit,0,49.44956970214844,44.60235595703125,36.95631408691406,15.357147216796875,18.370803833007812,50.00038146972656,42.59683609008789,41.310768127441406,86.05738067626953,1205.9506345488523,0.7473954916244073,0.9018041234581684,0.7154602748495892,10.165886524650931,0.5119093071833397,0.7431182861328125,0.0,1.52587890625e-05,0.0027618408203125,0.0325775146484375,0.0756683349609375,0.121673583984375,0.0241851806640625,0.7431182861328125,0.0,0.0,0.028564453125,0.06707763671875,0.0665283203125,0.085723876953125,0.0089874267578125,0.7431182861328125,0.005340576171875,0.062255859375,0.049285888671875,0.033721923828125,0.030670166015625,0.0664215087890625,0.009185791015625,2.669337337854591,6.138001082154589,9.17548374978407,8.95465726980264,9.999999997900707,9.996280577896211,-9.999999997426169
2346-128-_jpg.rf.2b458f808811a8c2edc380ed6bb3c717.jpg,sakit,0,52.784637451171875,46.56993103027344,37.6986083984375,10.89984130859375,19.918746948242188,52.88768005371094,23.503280639648438,43.446537017822266,92.05923461914062,355.08391653798486,0.7895493503607892,0.975000004659131,0.7342654328061671,4.449372765245587,0.5391613965831847,0.745025634765625,0.0,0.0008544921875,0.008087158203125,0.0204010009765625,0.0491485595703125,0.05328369140625,0.123199462890625,0.745025634765625,0.0,0.0095367431640625,0.043365478515625,0.035186767578125,0.0309600830078125,0.053924560546875,0.082000732421875,0.745269775390625,0.0221405029296875,0.043487548828125,0.0357513427734375,0.032318115234375,0.038238525390625,0.061767578125,0.021026611328125,2.920761590436586,6.328119529141215,9.513178299372543,9.54329567031988,9.999999999856595,9.999447964067773,9.999999999932019
2346-58-_jpg.rf.6d026120b14637e74e79cad115a04865.jpg,sakit,0,83.81529235839844,76.29908752441406,63.989990234375,16.98541259765625,23.63885498046875,83.99021911621094,31.13640785217285,42.214725494384766,112.2039566040039,639.5576920203815,0.7232638528902718,0.9710043510939895,0.6178775687420608,6.252050814661633,0.3818038947301819,0.6334228515625,0.0,0.000396728515625,0.0037841796875,0.01593017578125,0.0373077392578125,0.066253662109375,0.2429046630859375,0.6334228515625,0.0,0.0003509521484375,0.0308074951171875,0.0537109375,0.03546142578125,0.0457305908203125,0.2005157470703125,0.6334228515625,0.00787353515625,0.0377960205078125,0.0550537109375,0.0417633056640625,0.043731689453125,0.079498291015625,0.100860595703125,3.048047670866727,7.859499263911925,9.676091205264788,9.925123751508337,9.999999999999998,9.999990701815301,-9.999999999996268
2346-58-_jpg.rf.6d026120b14637e74e79cad115a04865.jpg,sakit,0,83.791748046875,76.34111022949219,64.02424621582031,16.839874267578125,23.593963623046875,83.96414184570312,30.12344741821289,42.101016998291016,112.09188842773438,603.2813535817983,0.7177582817430904,0.9726258425611629,0.6177788547333652,6.11982178681328,0.38168188550146115,0.6330108642578125,0.0,0.0003204345703125,0.0037841796875,0.016754150390625,0.0379638671875,0.06549072265625,0.24267578125,0.6330108642578125,0.0,0.0003204345703125,0.0308990478515625,0.0539093017578125,0.0360107421875,0.0455474853515625,0.2003021240234375,0.6330108642578125,0.007598876953125,0.037628173828125,0.05609130859375,0.041259765625,0.044525146484375,0.079742431640625,0.1001434326171875,3.04871813581976,7.870036813659362,9.6791534393145,9.92521813917934,-9.999999999999972,9.999990806552175,-9.999999999996302
2346-86-_jpg.rf.d84a66d9ddc4dd6e39ac4cfd3cb54bd1.jpg,sakit,0,57.63294982910156,54.77763366699219,49.5147705078125,36.768341064453125,20.411972045898438,58.99400329589844,69.4542236328125,34.665836334228516,73.95423126220703,812.2174618263898,0.6141078858100433,0.9161945954794031,0.5483186865484453,10.371255191188768,0.3007903372395265,0.584442138671875,0.0001068115234375,0.034210205078125,0.1769561767578125,0.1042022705078125,0.038818359375,0.0499267578125,0.0113372802734375,0.584442138671875,0.0001220703125,0.0533599853515625,0.19476318359375,0.0845947265625,0.0308837890625,0.0509033203125,0.0009307861328125,0.584442138671875,0.0261993408203125,0.1114654541015625,0.1397705078125,0.065643310546875,0.026824951171875,0.045166015625,0.00048828125,2.768616880824364,7.32855748059385,9.819751424079394,9.863125737214842,9.999999999999888,-9.99998391042553,-9.999999999992976
2346-86-_jpg.rf.d84a66d9ddc4dd6e39ac4cfd3cb54bd1.jpg,sakit,0,57.63209533691406,54.78082275390625,49.52813720703125,36.801849365234375,20.420272827148438,59.00621032714844,69.38053131103516,34.75935745239258,73.97616577148438,847.7523209623373,0.6180414403903111,0.9125678193749356,0.5475374004324988,10.575673299865402,0.29993257207519475,0.5844268798828125,0.0001068115234375,0.03472900390625,0.1764068603515625,0.1036529541015625,0.0388946533203125,0.05267333984375,0.0091094970703125,0.5844268798828125,0.000152587890625,0.05322265625,0.19482421875,0.0836639404296875,0.0316009521484375,0.05145263671875,0.0006561279296875,0.5844268798828125,0.026092529296875,0.1115875244140625,0.14007568359375,0.0653533935546875,0.0265655517578125,0.0457000732421875,0.0001983642578125,2.7685003128647128,7.32110411008864,9.8227350653564,9.858687749472322,9.999999999999629,-9.999983930147597,-9.999999999992657
4-day-lesions-steer-tongue-and-gum-_jpg.rf.729c255aa5151999a0b2c1c235e5c7e7.jpg,sakit,0,139.35389709472656,114.49333190917969,86.59843444824219,28.501739501953125,68.14349365234375,139.4187774658203,47.57361602783203,54.908912658691406,95.13130187988281,725.3372776623568,0.36992698793558176,0.9453440632540674,0.2845468867260431,11.428010822526735,0.08100279938489907,0.304473876953125,0.0,4.57763671875e-05,0.0146942138671875,0.0608673095703125,0.1202239990234375,0.36370849609375,0.135986328125,0.304473876953125,3.0517578125e-05,0.0069122314453125,0.072662353515625,0.202056884765625,0.293182373046875,0.11181640625,0.0088653564453125,0.304473876953125,0.01873779296875,0.1603240966796875,0.2191009521484375,0.1522369384765625,0.113494873046875,0.02880859375,0.0028228759765625,3.1354082330880564,7.843828226989882,9.895093643205549,9.998522333828966,-9.999999999999996,-9.999999894383308,9.999999999999996
4-foot-mouth-disease-fmd-vesicles-tongue-ulceration_jpg.rf.9d694269a3a8aa837f9903651cc45707.jpg,sakit,0,163.3760528564453,153.90274047851562,150.4568634033203,92.171142578125,20.708175659179688,164.50677490234375,113.94488525390625,23.874866485595703,86.1095962524414,932.7728052860704,0.29862557686701874,0.9333161854666372,0.1817661229882885,11.735636357186168,0.03306414654250505,0.2011260986328125,0.0,0.0,3.0517578125e-05,0.0468597412109375,0.2144317626953125,0.312530517578125,0.2250213623046875,0.2011260986328125,0.0,6.103515625e-05,0.036376953125,0.12237548828125,0.2047119140625,0.2516326904296875,0.1837158203125,0.2011260986328125,0.0,0.0044708251953125,0.0560150146484375,0.118377685546875,0.2145233154296875,0.2510833740234375,0.1544036865234375,3.1013996303936713,8.07874342442365,9.94417471088579,9.959075478390494,-9.999999999999552,-9.99999640632114,-9.999999999999778
41426512934_19949712d4_o.jpg,sakit,0,145.4593963623047,127.13674926757812,104.08583068847656,21.870574951171875,46.262237548828125,145.4684295654297,18.92302894592285,46.37364959716797,113.29609680175781,1756.9615009638171,0.49977100617020337,0.9163556463975199,0.3461407243842636,12.866395031272406,0.1199057123612115,0.3745880126953125,0.0,0.0,0.0,9.1552734375e-05,0.003814697265625,0.1721649169921875,0.4493408203125,0.3745880126953125,0.0,0.0,0.0,0.036651611328125,0.190032958984375,0.216217041015625,0.1825103759765625,0.3745880126953125,0.0,0.0081024169921875,0.127044677734375,0.1652069091796875,0.1241607666015625,0.1385650634765625,0.0623321533203125,2.974132150424264,8.46459752208089,9.677005572953314,9.981307740316376,-9.999999999999678,9.999998959926883,-9.99999999999973
41912628725_7148b00db3_o.jpg,sakit,0,114.6395263671875,107.92330932617188,102.86119079589844,33.4844970703125,17.615921020507812,115.37640380859375,67.1399917602539,28.211843490600586,107.05884552001953,1393.9003548132323,0.5859652093316653,0.9341246479310316,0.42638200211292254,11.321786299576663,0.18185882122828423,0.4525909423828125,0.0,0.0,0.0,0.016326904296875,0.1573944091796875,0.1880950927734375,0.1855926513671875,0.4525909423828125,0.0,0.0,0.0023956298828125,0.1231842041015625,0.115203857421875,0.15179443359375,0.1548309326171875,0.4525909423828125,0.0,0.0007781982421875,0.0763092041015625,0.090911865234375,0.09271240234375,0.151458740234375,0.1352386474609375,3.001455895374431,6.8223931095904,9.824363303091257,9.938188769713985,-9.999999999998453,-9.999975068702538,9.999999999999014
44315801095_36718b76ba_o.jpg,sakit,0,99.54815673828125,92.26943969726562,88.46922302246094,79.72555541992188,26.229415893554688,103.10438537597656,107.0851058959961,34.96867370605469,85.5427017211914,4159.633930260068,0.3338178826018401,0.6555965591402874,0.2963115840835346,35.419386886497975,0.08806371688030107,0.391357421875,0.0,0.0,0.04595947265625,0.27337646484375,0.173797607421875,0.084991455078125,0.030517578125,0.391357421875,0.0,4.57763671875e-05,0.090728759765625,0.3248291015625,0.148193359375,0.037628173828125,0.0072174072265625,0.391357421875,6.103515625e-05,0.02325439453125,0.141693115234375,0.2610931396484375,0.144317626953125,0.0346832275390625,0.0035400390625,2.934672231890542,7.607440129174785,9.98479111808749,9.996496805238014,-9.999999999999998,9.999999708501877,-9.999999999999995
44315801095_36718b76ba_o.jpg,sakit,0,99.54815673828125,92.26943969726562,88.46922302246094,79.72555541992188,26.229415893554688,103.10438537597656,107.0851058959961,34.96867370605469,85.5427017211914,4159.633930260068,0.3338178826018401,0.6555965591402874,0.2963115840835346,35.419386886497975,0.08806371688030107,0.391357421875,0.0,0.0,0.04595947265625,0.27337646484375,0.173797607421875,0.084991455078125,0.030517578125,0.391357421875,0.0,4.57763671875e-05,0.090728759765625,0.3248291015625,0.148193359375,0.037628173828125,0.0072174072265625,0.391357421875,6.103515625e-05,0.02325439453125,0.141693115234375,0.2610931396484375,0.144317626953125,0.0346832275390625,0.0035400390625,2.934672231890542,7.607440129174785,9.98479111808749,9.996496805238014,-9.999999999999998,9.999999708501877,-9.999999999999995
45226462811_6261ff1699_o.jpg,sakit,0,75.55714416503906,79.96157836914062,80.39248657226562,50.827850341796875,14.796768188476562,83.97915649414062,77.1236801147461,27.561004638671875,101.4864501953125,736.488454517321,0.6424159753894115,0.959578595803416,0.5684475250884575,8.121740911848375,0.32314238565994663,0.5811309814453125,0.0,0.0025787353515625,0.0444793701171875,0.05999755859375,0.17840576171875,0.067901611328125,0.0655059814453125,0.5811309814453125,0.0,6.103515625e-05,0.003753662109375,0.0729217529296875,0.17547607421875,0.0736236572265625,0.0930328369140625,0.5811309814453125,0.0,0.0006256103515625,0.011016845703125,0.0794830322265625,0.145599365234375,0.071380615234375,0.1107635498046875,2.834176099824572,6.352304910944965,8.88624750187074,9.137038722965514,9.999999997630473,9.999425291813582,-9.999999999839648
49579784131_6c43cf94f5_o.jpg,sakit,0,102.54460144042969,97.02313232421875,141.14645385742188,137.71807861328125,67.99418640136719,147.0390167236328,121.70759582519531,57.18989944458008,101.76239776611328,1271.0513924844042,0.39135444402658526,0.8754125033490099,0.260639985831405,14.567308712574416,0.06805500620584333,0.2991790771484375,7.62939453125e-05,0.0863494873046875,0.1674346923828125,0.1515960693359375,0.2352752685546875,0.031524658203125,0.028564453125,0.2991790771484375,1.52587890625e-05,0.009368896484375,0.2391204833984375,0.354461669921875,0.066070556640625,0.019195556640625,0.0125885009765625,0.2991790771484375,0.0001068115234375,0.009674072265625,0.0795440673828125,0.0851287841796875,0.05218505859375,0.134613037109375,0.339569091796875,3.088243827982824,8.007063158463511,9.879816192421945,9.998136771618292,9.999999999999998,9.999999849324434,9.999999999999993
49579785846_dd72889678_o.jpg,sakit,0,74.04949951171875,78.928466796875,113.38870239257812,113.81317138671875,59.68754577636719,120.16754150390625,127.54984283447266,68.47144317626953,110.38538360595703,1590.8585472296902,0.4959963197536667,0.8551598518440744,0.3882988639510098,15.888132551754898,0.15090341181820213,0.4369354248046875,0.0,0.1657562255859375,0.1093292236328125,0.10845947265625,0.1219635009765625,0.0547027587890625,0.0028533935546875,0.4369354248046875,0.0,0.0049285888671875,0.2106781005859375,0.215667724609375,0.1081390380859375,0.02252197265625,0.001129150390625,0.4369354248046875,0.0,0.0164642333984375,0.061798095703125,0.083648681640625,0.0721893310546875,0.044708251953125,0.2842559814453125,2.9274450295498537,7.865667858815008,9.94065836429205,9.92035095432968,-9.99999999999908,-9.999996561116822,-9.999999999998815
"5 day vesicle, steer, foot.jpg",sakit,0,83.91070556640625,61.0867919921875,43.213043212890625,24.21881103515625,59.83418273925781,83.96115112304688,61.453304290771484,69.0658187866211,89.87493896484375,1509.4455151778166,0.5055737135530595,0.8520256223097191,0.46833123478337635,17.765482809835355,0.21940952039551978,0.5236663818359375,0.0,0.0,0.0211944580078125,0.10858154296875,0.1974945068359375,0.1441802978515625,0.0048828125,0.5236663818359375,0.0001068115234375,0.0701446533203125,0.16796875,0.1673736572265625,0.0667266845703125,0.003692626953125,0.0003204345703125,0.5236968994140625,0.1131439208984375,0.203460693359375,0.08819580078125,0.03656005859375,0.028350830078125,0.0062713623046875,0.0003204345703125,2.8940709829910385,7.3760430154171015,9.788854873151331,9.76703999207451,9.999999999980417,9.99994199767026,-9.999999999993763
"5-7 day lesion, foot.jpeg",sakit,0,65.70729064941406,58.456298828125,47.77534484863281,17.551177978515625,24.943710327148438,65.76901245117188,44.49578094482422,40.35978698730469,91.51241302490234,4184.764016954957,0.5886823747391005,0.6969365813782721,0.5737072182307758,30.710860869518736,0.3292509889272096,0.6457061767578125,0.0,0.0,0.00616455078125,0.1012115478515625,0.1065673828125,0.0682525634765625,0.0720977783203125,0.6457061767578125,0.0,0.0,0.069183349609375,0.1160736083984375,0.07672119140625,0.05523681640625,0.037078857421875,0.6460113525390625,0.00531005859375,0.047698974609375,0.116851806640625,0.096710205078125,0.0532989501953125,0.0236053466796875,0.0105133056640625,2.636975055901854,6.525933080269615,8.834953610032258,9.256932571873186,-9.999999998574943,-9.998967480239047,9.999999999396067
5-day-old-lesions-on-cattle-gums_png.rf.cf368acef98039bf6457d2fc5d717825.jpg,sakit,0,58.5987548828125,49.33258056640625,41.066680908203125,16.49920654296875,23.7349853515625,58.74006652832031,42.204978942871094,46.04395294189453,87.91816711425781,964.1988270353587,0.7017748356911783,0.917412297783229,0.6444962029571552,9.34270024519175,0.4154714715725496,0.6734771728515625,0.0,0.0,0.0388336181640625,0.105072021484375,0.048736572265625,0.0366058349609375,0.0972747802734375,0.6734771728515625,4.57763671875e-05,0.0086822509765625,0.093475341796875,0.1030731201171875,0.0737457275390625,0.0266571044921875,0.020843505859375,0.673492431640625,0.0142364501953125,0.059661865234375,0.12811279296875,0.063507080078125,0.0190277099609375,0.0374755859375,0.004486083984375,2.647625577933207,6.9543437207370316,9.699719896536825,9.557674835305791,9.99999999996075,-9.999767010597786,-9.999999999905846
5-day-vesicle-steer-foot_jpg.rf.9f6a5b070e044c782556866eac3d3bbe.jpg,sakit,0,86.70556640625,62.523590087890625,43.667144775390625,21.428955078125,63.10308837890625,86.72380065917969,53.71086120605469,69.31381225585938,89.94467163085938,1361.1903583788283,0.49919445464393064,0.865046308303222,0.4554591554062029,16.394404559217538,0.2075341280465681,0.50750732421875,0.0,0.0,0.0216827392578125,0.1138763427734375,0.2024078369140625,0.1496734619140625,0.004852294921875,0.50750732421875,4.57763671875e-05,0.0749053955078125,0.178253173828125,0.17596435546875,0.05999755859375,0.0030517578125,0.000274658203125,0.507598876953125,0.1087799072265625,0.2311553955078125,0.0948486328125,0.02874755859375,0.02392578125,0.0046234130859375,0.0003204345703125,2.8832477512493546,7.469453661462001,9.762224252235006,9.718292775298659,9.9999999999688,9.999935513530245,-9.99999999999147
5198047453_ab0d6212d0_bWM-1.jpg,sakit,0,72.04248046875,84.350341796875,70.14707946777344,73.04022216796875,34.653289794921875,90.25408935546875,97.32791137695312,44.094970703125,97.4162368774414,5076.146496419845,0.4494584209854499,0.6558500058215727,0.4244841228757492,38.30780212360004,0.18043596150543326,0.5257110595703125,0.0,0.010650634765625,0.101104736328125,0.1963653564453125,0.106170654296875,0.0389556884765625,0.0210418701171875,0.5257110595703125,0.0,0.0003662109375,0.055419921875,0.121551513671875,0.10858154296875,0.1182403564453125,0.07012939453125,0.5257110595703125,0.0067596435546875,0.03900146484375,0.10009765625,0.150177001953125,0.1135101318359375,0.045867919921875,0.0188751220703125,2.8261412257247924,6.826696092942777,9.651517166174026,9.984142538972774,9.999999999999757,-9.999998407420518,-9.999999999999755
52133782123_1e9c78c422_o.jpg,sakit,0,97.81632995605469,106.63682556152344,111.30870056152344,72.59506225585938,23.052947998046875,115.18887329101562,91.11747741699219,34.06600570678711,110.90974426269531,3646.3033199969063,0.4829744353096403,0.8172716955159127,0.4149874433804286,24.24811913198862,0.17235960690933874,0.470245361328125,0.0,0.0057525634765625,0.007720947265625,0.068572998046875,0.22271728515625,0.1964569091796875,0.028533935546875,0.470245361328125,0.0,0.0,3.0517578125e-05,0.00848388671875,0.2017059326171875,0.2032470703125,0.1162872314453125,0.470245361328125,0.0,0.0,1.52587890625e-05,0.0411529541015625,0.172943115234375,0.0919342041015625,0.2237091064453125,2.8429520034269276,7.573517149745414,9.497281203833065,9.76289646482543,-9.999999999974255,-9.99999899463149,9.999999999969772
52134001899_4a63b9a0db_o.jpg,sakit,0,93.42520141601562,93.62779235839844,66.94264221191406,53.972381591796875,48.66026306152344,98.92127990722656,75.94579315185547,65.70683288574219,88.7697525024414,1406.548757479378,0.4583458674289884,0.8927087189498754,0.3806579908434155,15.572962982272848,0.14497596331465992,0.4228973388671875,0.0,0.0008544921875,0.089813232421875,0.1985321044921875,0.1802520751953125,0.08282470703125,0.0248260498046875,0.4228973388671875,0.00048828125,0.000823974609375,0.1098175048828125,0.1844329833984375,0.1392059326171875,0.122528076171875,0.019805908203125,0.428863525390625,0.1084136962890625,0.0863037109375,0.137786865234375,0.1269073486328125,0.06671142578125,0.034881591796875,0.0101318359375,3.0768899293273355,7.095928816988365,9.993404511383147,9.990547860695752,-9.999999999999984,9.99999794538771,-9.999999999999995
52134237745_30504ed072_o.jpg,sakit,0,88.53315734863281,84.72337341308594,80.32908630371094,27.408477783203125,16.31707763671875,91.31552124023438,63.45743942260742,31.127193450927734,112.03048706054688,2494.1600807637215,0.664958367193006,0.8881734630431536,0.5632567095565303,17.028896497806315,0.3173197018533365,0.5949249267578125,0.0,0.0,0.000457763671875,0.016082763671875,0.0714263916015625,0.125640869140625,0.19146728515625,0.5949249267578125,0.0,0.0,0.0,0.0402984619140625,0.11175537109375,0.09075927734375,0.162261962890625,0.5949249267578125,0.0,0.0041351318359375,0.0348052978515625,0.07415771484375,0.067047119140625,0.0583648681640625,0.16656494140625,2.691248424080179,5.95192449560039,9.962170388899485,9.920049389063841,9.99999999999988,-9.999931027037237,-9.999999999998815
52134253640_e7a835f97a_o.jpg,sakit,0,85.30448913574219,76.14823913574219,65.69514465332031,26.282867431640625,34.85581970214844,89.37388610839844,53.16761016845703,45.986167907714844,106.0614242553711,1839.4860953004345,0.5868542223642449,0.8942613061301709,0.532414104332598,16.682109059495176,0.28354918053019096,0.570892333984375,0.0,0.0,0.007904052734375,0.0704498291015625,0.1255340576171875,0.0844879150390625,0.1407318115234375,0.570892333984375,0.0,0.0009307861328125,0.0464630126953125,0.13238525390625,0.0938720703125,0.076934814453125,0.078521728515625,0.570892333984375,0.00115966796875,0.0502471923828125,0.1315765380859375,0.08514404296875,0.0573577880859375,0.0278167724609375,0.0758056640625,2.8289168600069057,7.083994683164866,9.294699989010907,9.53780363136359,9.999999999787194,-9.999902407487042,9.999999999914566
52700773853_e789b12f2e_o.jpg,sakit,0,83.245849609375,87.30445861816406,105.50222778320312,98.22000122070312,33.910491943359375,109.29316711425781,117.1531753540039,41.322811126708984,112.19316864013672,1865.146671719778,0.5812370813701287,0.8855137321392826,0.4631085193478474,14.608096064377735,0.21457822020954695,0.5021514892578125,0.0,0.0,0.0325469970703125,0.19219970703125,0.167205810546875,0.0849761962890625,0.0209197998046875,0.5021514892578125,0.0,0.0,0.00128173828125,0.168060302734375,0.1934051513671875,0.10821533203125,0.026885986328125,0.5021514892578125,0.0,0.0,0.0111541748046875,0.0713653564453125,0.0825042724609375,0.06365966796875,0.2691650390625,2.877233995399158,6.781482167223437,9.684878315896603,9.88356582328363,-9.999999999993685,-9.999951069972857,9.99999999999569
5531557979_25a7aaedba_o.jpg,sakit,0,69.47349548339844,64.60159301757812,60.539154052734375,18.139556884765625,11.519378662109375,69.659423828125,49.91371154785156,23.732336044311523,99.8419418334961,1867.5303156571035,0.6958151046136729,0.8951163570729833,0.6292866910071316,13.923237213895389,0.3961007252206114,0.6633758544921875,0.0,0.0,0.0,0.042999267578125,0.071441650390625,0.102935791015625,0.1192474365234375,0.6633758544921875,0.0,0.0,0.0016937255859375,0.0781707763671875,0.0902862548828125,0.0936126708984375,0.0728607177734375,0.66351318359375,0.0004425048828125,0.00177001953125,0.022613525390625,0.1035003662109375,0.08001708984375,0.0706634521484375,0.0574798583984375,2.705204196800105,6.811440638498943,9.340434524631652,9.125515475629259,-9.999999999485288,-9.99971634590764,-9.999999998745466
5532139940_fe0a0d609c_o.jpg,sakit,0,81.68130493164062,76.38023376464844,70.14044189453125,14.567718505859375,16.161651611328125,82.78810119628906,28.826438903808594,34.046592712402344,109.34181213378906,1969.3864428267043,0.6728320687120695,0.9077349455417963,0.5975952245175254,13.811950535544716,0.35720293929968916,0.6287078857421875,0.0041351318359375,0.002044677734375,0.0010528564453125,0.015350341796875,0.0558929443359375,0.071929931640625,0.22088623046875,0.6287078857421875,0.0,0.0,0.002838134765625,0.0706634521484375,0.0685882568359375,0.0481719970703125,0.1810302734375,0.6289215087890625,0.0010223388671875,0.0041961669921875,0.0493927001953125,0.0721893310546875,0.0471954345703125,0.05072021484375,0.1463623046875,2.757187916299056,6.508402402014282,9.061214866721473,9.760378080392899,-9.99999999995978,-9.999862429141999,-9.999999999935438
5532140186_6df807b836_o.jpg,sakit,0,68.11726379394531,62.80232238769531,58.21131896972656,16.39727783203125,15.005050659179688,69.3414306640625,48.794742584228516,33.251216888427734,101.10205078125,1911.5593330424297,0.6926074512627293,0.892051383743853,0.6389413552975379,14.064656533032698,0.4083225037099289,0.6710205078125,0.00323486328125,0.0029754638671875,0.001220703125,0.0382232666015625,0.06903076171875,0.0710296630859375,0.1432647705078125,0.6710205078125,0.0,0.0,0.0102386474609375,0.08807373046875,0.08416748046875,0.0364837646484375,0.110015869140625,0.671142578125,0.001373291015625,0.0066986083984375,0.042633056640625,0.0975799560546875,0.0584716796875,0.0287322998046875,0.0933685302734375,2.73172302025597,6.525205177184289,8.89714884231733,9.400214378009203,9.999999999635639,-9.999523190604936,9.99999999932969
6504831909_7447b65b1f_o.jpg,sakit,0,114.48518371582031,100.46533203125,100.32087707519531,72.59420776367188,19.661361694335938,114.73822021484375,122.71324920654297,37.315773010253906,113.06419372558594,505.253159378539,0.6070920270035419,0.977451699646907,0.4771091576901802,5.87351668639256,0.22764818859026273,0.488616943359375,0.0,0.0,0.0004119873046875,0.0048370361328125,0.0358123779296875,0.1406402587890625,0.329681396484375,0.488616943359375,0.0,0.006439208984375,0.0596923828125,0.083984375,0.0551605224609375,0.0376434326171875,0.268463134765625,0.488616943359375,0.0,0.003387451171875,0.057586669921875,0.0789794921875,0.0675506591796875,0.045989990234375,0.2578887939453125,3.1101286574679117,7.24626902269057,9.648835323434227,9.992914344253553,9.999999999999972,-9.999999847778213,9.999999999999902
6504837725_a891f42abf_o.jpg,sakit,0,81.00167846679688,57.4649658203125,37.290557861328125,20.42681884765625,80.68130493164062,81.12176513671875,34.85349655151367,73.83074188232422,73.32382202148438,618.2152271010942,0.445566684224842,0.902394983052515,0.3778854349999472,11.50211238946081,0.1428679786836571,0.4169769287109375,0.0003509521484375,0.0513763427734375,0.17987060546875,0.1932830810546875,0.104248046875,0.0527496337890625,0.0011444091796875,0.4170074462890625,0.029815673828125,0.2476043701171875,0.24127197265625,0.048095703125,0.0137176513671875,0.0024871826171875,0.0,0.47161865234375,0.240509033203125,0.23126220703125,0.0445709228515625,0.0088958740234375,0.0030517578125,9.1552734375e-05,0.0,3.026940754177525,7.416068029392168,9.976572309889,9.940728372795242,9.999999999999744,9.999988911776502,-9.999999999999488
6504843309_4eb8e2bdd9_o.jpg,sakit,0,84.7559814453125,83.74766540527344,83.21878051757812,56.830047607421875,4.5346832275390625,85.75865173339844,88.94768524169922,13.882648468017578,101.4450454711914,1324.4095083688705,0.638343597877505,0.933285543559753,0.5459559935344757,10.963325632165128,0.29812235904002166,0.5729827880859375,0.0,0.0,4.57763671875e-05,0.0587615966796875,0.1175689697265625,0.133331298828125,0.1173095703125,0.5729827880859375,0.0,0.0001068115234375,0.005401611328125,0.074554443359375,0.1085052490234375,0.112884521484375,0.1255645751953125,0.5729827880859375,0.0,0.0009002685546875,0.0115509033203125,0.0739288330078125,0.1036224365234375,0.113250732421875,0.1237640380859375,2.7837313557446848,6.383288620839187,9.324971036701722,9.391287969552252,9.99999999957025,9.999254718316053,-9.999999999868336
6504895081_0e2c5c742d_o.jpg,sakit,0,143.4590301513672,139.52706909179688,138.4297637939453,108.4288330078125,8.426773071289062,144.5042266845703,129.15121459960938,16.09790802001953,116.77346801757812,1840.8483604692635,0.6080340707345607,0.9292904584396585,0.37862025693434215,11.94362097011656,0.14341731710587305,0.3914947509765625,0.0,0.0,0.0,0.0,0.0169677734375,0.116729736328125,0.4748077392578125,0.3914947509765625,0.0,0.0,0.0,0.0015869140625,0.0695343017578125,0.115234375,0.422149658203125,0.3914947509765625,0.0,0.0,0.000152587890625,0.017425537109375,0.076324462890625,0.113555908203125,0.4010467529296875,2.9696312256269874,7.639246241803926,9.845859153103712,9.880390209350978,9.999999999995662,9.999980483021883,9.999999999997394
6504918421_f877baa6d6_o.jpg,sakit,0,107.40097045898438,101.97412109375,96.67120361328125,61.97015380859375,20.41119384765625,109.48199462890625,101.17134094238281,24.84625816345215,98.29212951660156,2105.626475172969,0.4826888603731143,0.8787615201527063,0.38686294940436444,17.777525537012604,0.14974989171614392,0.4305877685546875,0.0,0.0,0.001708984375,0.1216583251953125,0.180633544921875,0.18548583984375,0.079925537109375,0.4305877685546875,0.0,0.0,0.011749267578125,0.179412841796875,0.20025634765625,0.0995941162109375,0.078399658203125,0.4305877685546875,0.0,0.001312255859375,0.0945587158203125,0.1749267578125,0.1319732666015625,0.0870819091796875,0.079559326171875,2.8595666160690776,7.387270819272183,9.969971210850474,9.868399150439599,9.99999999999937,9.999996168079072,9.999999999997636
6504934353_e2ca149f89_o.jpg,sakit,0,110.46562194824219,104.39996337890625,100.05220031738281,59.38690185546875,15.300811767578125,111.14805603027344,106.31683349609375,23.823240280151367,107.75148010253906,3606.9897591272816,0.5384058330085814,0.8313723925583033,0.42314726706418987,24.80573928095725,0.17920186935620908,0.47509765625,0.0,0.0,0.00048828125,0.0041961669921875,0.1667327880859375,0.1871185302734375,0.1663665771484375,0.47509765625,0.0,0.0,7.62939453125e-05,0.06927490234375,0.19378662109375,0.121429443359375,0.1403350830078125,0.47509765625,0.0,0.0,0.0151824951171875,0.1375885009765625,0.137237548828125,0.101837158203125,0.133056640625,2.9320854010813084,7.389230354628991,9.847829004085105,9.821191374260792,-9.999999999997655,-9.99999880233756,9.999999999990044
6504944167_822d54b0cc_o.jpg,sakit,0,119.13180541992188,115.05854797363281,115.01185607910156,97.61474609375,12.894363403320312,121.56857299804688,125.95892333984375,16.937761306762695,96.01795959472656,1073.3981152360482,0.49365619482902784,0.9373710314116077,0.3470998345373397,10.661293568580358,0.12052143936191567,0.3690948486328125,0.0,0.0,0.0070953369140625,0.107513427734375,0.239715576171875,0.1664886474609375,0.1100921630859375,0.3690948486328125,0.0,3.0517578125e-05,0.0277557373046875,0.145172119140625,0.203643798828125,0.1667022705078125,0.0876007080078125,0.3690948486328125,0.0,0.0012664794921875,0.0327911376953125,0.155242919921875,0.17498779296875,0.17572021484375,0.0908966064453125,3.0020090970337625,7.172959362817929,9.629130301148008,9.95256026950816,-9.999999999998058,-9.9999890510064,-9.999999999999618
6505014903_baf5ac6936_o.jpg,sakit,0,97.53349304199219,89.11872863769531,80.50399780273438,31.26251220703125,23.43255615234375,98.1678466796875,66.33483123779297,30.703834533691406,102.3346176147461,1377.8195644814923,0.5435721869123427,0.9235057684417406,0.47547544091174015,13.514594418596245,0.22613134084409572,0.5052337646484375,0.0,0.0005035400390625,0.009552001953125,0.0860595703125,0.117523193359375,0.1322174072265625,0.1489105224609375,0.5052337646484375,0.0,0.0,0.0358428955078125,0.1244659423828125,0.129547119140625,0.1587066650390625,0.04620361328125,0.5052337646484375,1.52587890625e-05,0.0075225830078125,0.0922393798828125,0.143951416015625,0.1461181640625,0.0694122314453125,0.0355072021484375,2.988009505637893,6.7261233832725065,9.983618279292697,9.989886057151784,-9.99999999999997,-9.999997834901391,9.999999999999991
6505021519_a2d4767d0d_o.jpg,sakit,0,114.19041442871094,110.11665344238281,106.27983093261719,48.166046142578125,15.45013427734375,116.88618469238281,83.70277404785156,21.367034912109375,113.27015686035156,2719.1573282563236,0.5125600722398876,0.8831890548034411,0.4356764605340455,19.699898008646297,0.18990653665894466,0.4763031005859375,0.0,0.0,0.0,0.0127410888671875,0.1044769287109375,0.1536712646484375,0.2528076171875,0.4763031005859375,0.0,0.0,1.52587890625e-05,0.036407470703125,0.1134796142578125,0.16888427734375,0.2049102783203125,0.4763031005859375,0.0,0.0,0.006103515625,0.0679779052734375,0.128021240234375,0.14837646484375,0.1732177734375,2.945267180990709,7.380013537502229,9.205510343846257,9.775436491696565,-9.999999999976152,-9.999960287121063,9.999999999950063
6505078883_926e586df6_o.jpg,sakit,0,126.23442077636719,115.510498046875,108.37803649902344,28.22430419921875,24.997756958007812,127.54740905761719,51.968807220458984,23.946239471435547,99.7288589477539,686.7680062663884,0.48457633557145363,0.9597374981673212,0.3551990483919829,7.827667710762236,0.1261999288885555,0.3719329833984375,0.0,0.0,0.00262451171875,0.0469970703125,0.144622802734375,0.317352294921875,0.1164703369140625,0.3719329833984375,0.0,0.0,0.0026702880859375,0.1035308837890625,0.265960693359375,0.248687744140625,0.0072174072265625,0.3719329833984375,0.0,0.00018310546875,0.0333251953125,0.1414642333984375,0.300140380859375,0.1510009765625,0.001953125,3.106252265815907,8.261274160542253,9.679659636410205,9.941471095224264,-9.999999999998495,-9.999996304727581,9.999999999998021
6505107517_a511c153fe_o.jpg,sakit,0,84.94377136230469,78.42308044433594,76.13876342773438,43.6798095703125,11.506210327148438,85.36734008789062,98.28805541992188,21.866147994995117,110.58518981933594,674.2919857336105,0.735662299497863,0.9690709525671987,0.6107777214973399,5.683326381740588,0.3730697591817102,0.620391845703125,0.0,0.0,0.0,0.0027008056640625,0.07171630859375,0.0928192138671875,0.212371826171875,0.620391845703125,0.0,0.0,0.0,0.043701171875,0.1028289794921875,0.092376708984375,0.1407012939453125,0.620391845703125,1.52587890625e-05,0.000152587890625,0.0053253173828125,0.06292724609375,0.0977630615234375,0.0884246826171875,0.125,2.9611161523580343,6.292324376975775,9.803333532661172,9.843303997490649,9.999999999992413,9.999897342606296,-9.999999999994428
6505112637_57c59a26f0_o.jpg,sakit,0,130.46737670898438,104.46299743652344,90.92044067382812,19.415435791015625,50.831817626953125,130.48890686035156,43.374271392822266,43.52399826049805,95.28270721435547,2257.502144485723,0.4122455371057172,0.8288053982558291,0.29761744398522355,18.199790294842547,0.08868774378019183,0.3439788818359375,0.0,0.0,0.0,0.00738525390625,0.18341064453125,0.430328369140625,0.0348968505859375,0.3439788818359375,0.0,0.0,1.52587890625e-05,0.3751373291015625,0.243011474609375,0.0360107421875,0.0018463134765625,0.3439788818359375,0.0,0.01434326171875,0.2156219482421875,0.2945404052734375,0.1191253662109375,0.0121917724609375,0.0001983642578125,3.019842098140332,7.211914452708929,9.822238028808387,9.964775535258664,9.999999999999881,9.999991023225517,-9.99999999999925
6505117911_e2613606ca_o.jpg,sakit,0,108.82476806640625,97.60066223144531,93.61865234375,44.5771484375,18.666275024414062,109.22479248046875,94.98492431640625,27.16482162475586,114.06268310546875,2115.2855236147216,0.6367654969267061,0.905521663584072,0.48780317143201346,13.922372319288892,0.23804714047919603,0.516754150390625,0.0,0.0,0.0,9.1552734375e-05,0.0494842529296875,0.1529693603515625,0.28070068359375,0.516754150390625,0.0,0.0,0.0,0.0224151611328125,0.2098846435546875,0.116485595703125,0.13446044921875,0.516754150390625,0.0,0.0,0.00311279296875,0.0829925537109375,0.2058258056640625,0.0691986083984375,0.1221160888671875,2.906081272506701,7.05753975755378,9.77644314217499,9.590033527805847,9.999999999968251,-9.999915628826326,-9.999999999937486
6505241815_e880d499bd_o.jpg,sakit,0,119.15817260742188,114.76719665527344,112.40959167480469,74.06939697265625,10.770004272460938,119.93656921386719,119.44681549072266,19.346967697143555,112.3807373046875,1685.0555144724592,0.6209052815323745,0.9297542882514699,0.43916345581058236,12.827100029608479,0.19291441408853283,0.4548492431640625,0.0,0.0,4.57763671875e-05,0.0316619873046875,0.1130828857421875,0.1284637451171875,0.2718963623046875,0.4548492431640625,0.0,0.0,0.000701904296875,0.075592041015625,0.128173828125,0.088043212890625,0.2526397705078125,0.4548492431640625,0.0,0.0004730224609375,0.0139923095703125,0.0986328125,0.11444091796875,0.0708770751953125,0.246734619140625,2.872140317958624,7.839891125639815,9.722061291720602,9.58722006750072,9.99999999991938,-9.999991963366533,9.99999999998396
6505259117_0d725fcd0d_o.jpg,sakit,0,132.6347198486328,124.11944580078125,118.77238464355469,71.04769897460938,21.194122314453125,134.1891632080078,109.81301879882812,24.13978385925293,107.53572845458984,1883.449854655961,0.502593921241108,0.9096182771670797,0.35365984990903127,15.58133299419471,0.12515868875778238,0.377044677734375,0.0,0.0,0.0,0.071380615234375,0.10589599609375,0.1490936279296875,0.2965850830078125,0.377044677734375,0.0,0.0,0.0003509521484375,0.113861083984375,0.1507110595703125,0.179840087890625,0.178192138671875,0.377044677734375,0.0,0.0002288818359375,0.016082763671875,0.12017822265625,0.2214508056640625,0.1317138671875,0.13330078125,3.040802416609688,8.096166780222463,9.953261369086794,9.95752676930503,-9.999999999999682,9.999996583067091,-9.999999999999638
6505370887_fd25bd8cd1_4k.jpg,sakit,0,133.50677490234375,134.37350463867188,133.9859161376953,96.1878662109375,12.529739379882812,139.52122497558594,124.67926025390625,21.430408477783203,119.44003295898438,2731.0159534309264,0.6100556138718959,0.8972210422532263,0.4029233764917708,16.435799693143423,0.1624074669509543,0.4190826416015625,0.0,0.0,0.0,3.0517578125e-05,0.08428955078125,0.11566162109375,0.3809356689453125,0.4190826416015625,0.0,0.0,0.0,0.0,0.040985107421875,0.1592254638671875,0.380706787109375,0.4190826416015625,0.0,0.0,0.000152587890625,0.010833740234375,0.0656280517578125,0.1201934814453125,0.3841094970703125,2.8469095357925482,8.271778183793247,9.842028507540542,9.881994595673518,9.999999999996097,9.999990394215558,-9.999999999996845
6505412251_ed4ffe65ec_o.jpg,sakit,0,109.69264221191406,103.02493286132812,100.38606262207031,68.96798706054688,13.305465698242188,110.66975402832031,116.38435363769531,23.812612533569336,114.29249572753906,890.6736572862127,0.6149537184072255,0.9623069261417087,0.4953573411965599,8.037715201027321,0.24540379119828346,0.51031494140625,0.0,0.0,0.0003814697265625,0.0105438232421875,0.0469818115234375,0.1593780517578125,0.27239990234375,0.51031494140625,0.0,0.0,0.002349853515625,0.0319671630859375,0.08935546875,0.193328857421875,0.1726837158203125,0.51031494140625,0.0,0.0001373291015625,0.0161590576171875,0.0544586181640625,0.0810546875,0.1744537353515625,0.163421630859375,3.0807077961754534,7.329537321710637,9.952105436537085,9.973119612704021,9.999999999999803,-9.999994027175857,9.999999999999865
6505480647_9c85c017db_o.jpg,sakit,0,89.46089172363281,84.95939636230469,81.385498046875,49.856689453125,12.501220703125,90.38127136230469,99.29771423339844,20.870445251464844,108.5643539428711,1869.911511866476,0.6522237389801506,0.9133092011975389,0.5515250582844643,14.261837851940475,0.30424548223914377,0.5798797607421875,0.0,0.0001068115234375,0.000823974609375,0.0376434326171875,0.08843994140625,0.1039276123046875,0.189178466796875,0.5798797607421875,0.0,0.0,0.000152587890625,0.0826263427734375,0.0865936279296875,0.0965423583984375,0.154205322265625,0.5798797607421875,0.0,0.0002288818359375,0.01739501953125,0.095611572265625,0.0969696044921875,0.0835113525390625,0.12640380859375,2.8597047339730577,7.1969084241480115,9.856177614590022,9.394259225732675,-9.999999999964013,-9.999994541563249,9.999999999860767
6505490489_e93841e094_o.jpg,sakit,0,107.35833740234375,102.25514221191406,97.15785217285156,49.53009033203125,12.605133056640625,107.65571594238281,96.42340087890625,20.585763931274414,116.15322875976562,3609.41944784004,0.6175685233572216,0.8555559690249557,0.49169134817466426,21.560482186283078,0.24187288252005412,0.532684326171875,0.0,0.0,1.52587890625e-05,0.0003204345703125,0.0389404296875,0.142242431640625,0.285797119140625,0.532684326171875,0.0,0.0,0.0,9.1552734375e-05,0.122467041015625,0.11273193359375,0.232025146484375,0.532684326171875,0.0,0.0,0.000701904296875,0.044097900390625,0.1379241943359375,0.1009063720703125,0.183685302734375,2.811774097374806,8.384051342041952,9.97266938990924,9.64170012972214,9.999999999984432,9.9999734627261,9.999999999996037
6505582061_61336a3b84_o.jpg,sakit,0,143.2021942138672,132.2048797607422,124.43133544921875,68.31637573242188,23.781448364257812,143.44845581054688,111.6294174194336,27.21600914001465,107.38372802734375,1664.4094553327998,0.5000871748191399,0.919884534974697,0.33512601227597383,14.281200412171442,0.11239471993360438,0.3473052978515625,0.0,0.0,0.0,0.019744873046875,0.120391845703125,0.1867218017578125,0.325836181640625,0.3473052978515625,0.0,0.0,0.0005340576171875,0.0826263427734375,0.190460205078125,0.17596435546875,0.2031097412109375,0.3473052978515625,0.0,0.000701904296875,0.020233154296875,0.1468505859375,0.210845947265625,0.1126251220703125,0.16143798828125,3.0224035349914273,8.141301650221473,9.944322617226296,9.978809808676854,9.999999999999956,9.999998726540023,9.999999999999826
6505582911_99b29f7736_o.jpg,sakit,0,109.31071472167969,101.91177368164062,100.38673400878906,64.5596923828125,13.098480224609375,109.82881164550781,117.6819839477539,19.59189796447754,102.62044525146484,3965.419942038871,0.4366731299477779,0.7909115184920624,0.38847323074756496,28.847768689768774,0.15113051085993692,0.45745849609375,0.0,0.0,0.0,0.013214111328125,0.2009429931640625,0.214691162109375,0.1136932373046875,0.45745849609375,0.0,0.0,0.0011444091796875,0.103607177734375,0.2025299072265625,0.1703033447265625,0.0649566650390625,0.45745849609375,0.0,0.0,0.0061798095703125,0.11798095703125,0.1975555419921875,0.1606292724609375,0.0601959228515625,2.9286885264208005,7.748975054724709,9.5238680667161,9.895277787965634,9.99999999999192,9.99998471370549,9.999999999996692
6505583959_cdba5556b2_o.jpg,sakit,0,124.82998657226562,113.19023132324219,102.57875061035156,40.403564453125,32.426422119140625,126.04608154296875,73.13472747802734,35.88254928588867,101.24505615234375,1106.5148624625438,0.5028841310677209,0.9372453044745775,0.3632490192858053,11.037581768882298,0.13198797077233995,0.3851776123046875,0.0,0.0,0.0,0.00457763671875,0.1761322021484375,0.3256072998046875,0.1085052490234375,0.3851776123046875,0.0,0.0,0.0022125244140625,0.1445465087890625,0.2101898193359375,0.1842498779296875,0.0736236572265625,0.3851776123046875,0.0,0.0256500244140625,0.1029052734375,0.1391448974609375,0.18475341796875,0.0719451904296875,0.090423583984375,2.931351059977618,7.627470070568677,9.920831056315214,9.844854416378459,9.999999999999861,-9.99997167275765,9.999999999994538
6505583959_cdba5556b2_o.jpg,sakit,0,124.82998657226562,113.19023132324219,102.57875061035156,40.403564453125,32.426422119140625,126.04608154296875,73.13472747802734,35.88254928588867,101.24505615234375,1106.5148624625438,0.5028841310677209,0.9372453044745775,0.3632490192858053,11.037581768882298,0.13198797077233995,0.3851776123046875,0.0,0.0,0.0,0.00457763671875,0.1761322021484375,0.3256072998046875,0.1085052490234375,0.3851776123046875,0.0,0.0,0.0022125244140625,0.1445465087890625,0.2101898193359375,0.1842498779296875,0.0736236572265625,0.3851776123046875,0.0,0.0256500244140625,0.1029052734375,0.1391448974609375,0.18475341796875,0.0719451904296875,0.090423583984375,2.931351059977618,7.627470070568677,9.920831056315214,9.844854416378459,9.999999999999861,-9.99997167275765,9.999999999994538
6505584445_e23fc6527a_o.jpg,sakit,0,93.50617980957031,88.54948425292969,83.3775634765625,40.47406005859375,11.965362548828125,93.76902770996094,86.31880187988281,22.22137451171875,115.3624267578125,3078.8388665083744,0.6966655902313641,0.8732665553101575,0.564425805848278,17.356301983763476,0.3186587954032782,0.5988922119140625,0.0,0.0,0.0,0.0,0.010711669921875,0.1231689453125,0.2672271728515625,0.5988922119140625,0.0,0.0,0.0,0.0,0.0799102783203125,0.1257171630859375,0.1954803466796875,0.5988922119140625,0.0,0.0,0.0003204345703125,0.02691650390625,0.13018798828125,0.097625732421875,0.14605712890625,2.7970251330177027,7.0037542170187645,9.590739914614721,9.402628907803862,9.999999999727883,-9.999768605765718,-9.999999999951772
6505585975_88ece06ecf_o.jpg,sakit,0,108.86235046386719,97.68222045898438,93.681396484375,44.515716552734375,18.65838623046875,109.26849365234375,94.78974914550781,27.137889862060547,114.03231811523438,2110.806590200937,0.6349384452171121,0.9057148609378487,0.48736785980528924,13.918821243479243,0.23762179328741528,0.5164031982421875,0.0,0.0,0.0,3.0517578125e-05,0.050079345703125,0.153717041015625,0.2797698974609375,0.5164031982421875,0.0,0.0,0.0,0.02178955078125,0.210845947265625,0.1163330078125,0.1346282958984375,0.5164031982421875,0.0,0.0,0.0032806396484375,0.082916259765625,0.2064208984375,0.0684356689453125,0.1225433349609375,2.9063464962136814,7.05615915791149,9.773495393345627,9.59087939226356,9.999999999968137,-9.999916244285703,-9.99999999993726
6505588249_e901a5a1ee_o.jpg,sakit,0,139.5383758544922,126.58424377441406,124.32769775390625,88.75146484375,19.052444458007812,140.25912475585938,132.2137908935547,26.028209686279297,114.56558227539062,967.5115487633069,0.562678253593117,0.9575779617090286,0.3775652535577161,9.14528915441935,0.14259458834872105,0.386322021484375,0.0,0.0,0.0001068115234375,0.0533599853515625,0.0818634033203125,0.0507049560546875,0.427642822265625,0.386322021484375,0.0,0.0,0.0025482177734375,0.083038330078125,0.1302032470703125,0.187469482421875,0.210418701171875,0.386322021484375,0.0,1.52587890625e-05,0.0099029541015625,0.0901336669921875,0.15625,0.152618408203125,0.2047576904296875,3.102061372579024,7.025608089539541,9.892973035203898,9.956941643673789,9.99999999999925,9.99998868594832,9.999999999999815
6505588629_a07a7822a2_o.jpg,sakit,0,87.81822204589844,79.96159362792969,79.13040161132812,52.405181884765625,14.260467529296875,88.03924560546875,113.45501708984375,23.33849334716797,95.14983367919922,1023.923871955414,0.5982072650353499,0.9366875731483053,0.49866386152495573,10.264658763890006,0.24872529387448264,0.5256805419921875,0.0,0.0,0.0099639892578125,0.0966796875,0.18988037109375,0.096038818359375,0.081756591796875,0.5256805419921875,0.0,0.0017547607421875,0.076904296875,0.1263427734375,0.141754150390625,0.0660247802734375,0.0615386962890625,0.5256805419921875,0.0,0.0111083984375,0.0677947998046875,0.130706787109375,0.1432952880859375,0.068572998046875,0.0528411865234375,2.922115216916584,6.623467521366223,9.609038328772485,9.854547343959142,-9.999999999987075,-9.999923352818577,-9.999999999997481
6505589471_6b81b495d3_o.jpg,sakit,0,138.9873046875,124.12471008300781,117.19099426269531,31.26226806640625,30.429977416992188,140.7271728515625,62.58506774902344,25.935871124267578,97.65226745605469,704.3586513397759,0.47093049875959886,0.9553894306798085,0.3054713471556049,7.64406357900381,0.09334055385993761,0.320068359375,0.0,0.0,0.0,0.0410003662109375,0.1114654541015625,0.42889404296875,0.09857177734375,0.320068359375,0.0,0.0,0.0,0.078521728515625,0.395538330078125,0.1947479248046875,0.0111236572265625,0.320068359375,0.0,0.0,0.0248260498046875,0.1456451416015625,0.3943023681640625,0.10858154296875,0.0065765380859375,3.1304250507700964,7.768762273693643,9.931247017521331,9.989698706066527,9.999999999999996,-9.999999125928234,-9.999999999999932
6778892962_a3aea04c4f_bWM-1.jpg,sakit,0,54.27445983886719,52.2159423828125,49.10943603515625,34.84808349609375,11.537216186523438,55.840545654296875,81.3559799194336,26.944198608398438,88.38529968261719,1552.093727618144,0.7038037383611145,0.8885207153459742,0.6658640981704779,13.393594903430603,0.4434891286581548,0.7020416259765625,0.0,0.0018768310546875,0.0322265625,0.071319580078125,0.06256103515625,0.057708740234375,0.072265625,0.7020416259765625,0.0,0.0,0.0497283935546875,0.08209228515625,0.053375244140625,0.05279541015625,0.059967041015625,0.7020416259765625,0.0027618408203125,0.01239013671875,0.05609130859375,0.08050537109375,0.055023193359375,0.0394134521484375,0.0517730712890625,2.6540551902606793,6.16971477851716,8.505039917475292,9.868469088648629,9.999999999968498,9.999876981653985,-9.99999999996084
7-day-vesicle-steer-foot-2_jpg.rf.043438f61b68fccc38a4a573a52da95b.jpg,sakit,0,29.076492309570312,26.958770751953125,20.840286254882812,7.356842041015625,10.5069580078125,29.22894287109375,19.569189071655273,32.30485916137695,74.05058288574219,963.723315944927,0.8604585239240631,0.8978607707328896,0.8412125160173107,7.305553415313583,0.7076575324110926,0.862030029296875,0.0,0.0,0.001861572265625,0.01556396484375,0.0160980224609375,0.0340728759765625,0.07037353515625,0.862030029296875,0.0,1.52587890625e-05,0.0020599365234375,0.0330963134765625,0.0263519287109375,0.0307769775390625,0.0456695556640625,0.862030029296875,0.0018310546875,0.0261993408203125,0.0318756103515625,0.01910400390625,0.01702880859375,0.020050048828125,0.021881103515625,2.5290159259084364,5.490304058178043,8.736571302648754,9.378999868874205,9.999999999149969,9.997658636709044,-9.999999999427672
7-foot-mouth-disease-fmd-vesicle-coronary-band-lesion-lameness_jpg.rf.20c1d98aab173f0706dfe1eea6c08d2e.jpg,sakit,0,80.5706787109375,79.54951477050781,77.18719482421875,55.0467529296875,14.681854248046875,83.73112487792969,87.3128662109375,21.01329803466797,88.40506744384766,2532.546631479933,0.5025663030101176,0.8225925218143213,0.4481731386916092,22.18976552818118,0.20095633342478858,0.5105133056640625,0.0,0.0,0.0501861572265625,0.19970703125,0.12945556640625,0.0784759521484375,0.0316619873046875,0.5105133056640625,0.0,0.0,0.0648040771484375,0.211029052734375,0.10797119140625,0.07342529296875,0.032257080078125,0.5105133056640625,0.0,0.0055999755859375,0.1083526611328125,0.1626434326171875,0.1144256591796875,0.07171630859375,0.0267486572265625,2.8734812191627457,6.910698137954451,9.6286828986431,9.901181601546027,-9.999999999994344,-9.999961128156947,-9.999999999996756
8401474270_6334d27db1_o.jpg,sakit,0,76.04940795898438,74.54612731933594,75.25932312011719,67.6539306640625,9.7862548828125,78.93040466308594,108.478515625,18.930767059326172,92.24132537841797,1758.1231941451108,0.6019690862347188,0.8868093324419718,0.5280229084013318,14.773081498015705,0.2789173964448356,0.5665130615234375,0.0,3.0517578125e-05,0.01318359375,0.128509521484375,0.1625823974609375,0.09942626953125,0.029754638671875,0.5665130615234375,0.0,0.0,0.026885986328125,0.137115478515625,0.151519775390625,0.0919952392578125,0.025970458984375,0.5665130615234375,7.62939453125e-05,0.0007476806640625,0.038360595703125,0.1124267578125,0.1497955322265625,0.1015167236328125,0.0305633544921875,2.8678489584644304,7.458772601518679,9.232288795713337,9.996482102097833,9.999999999999934,9.999999591010791,-9.999999999999977
8556484617_a275fe6de6_bWM-1.jpg,sakit,0,80.83500671386719,72.05076599121094,61.5511474609375,18.171417236328125,32.00971984863281,81.00410461425781,23.2076416015625,33.283390045166016,79.42301177978516,2185.6174466123107,0.4640816976637958,0.7907398464242973,0.4196750651482383,21.597766031805293,0.17623897697245117,0.4809112548828125,0.0,0.0,0.03387451171875,0.28704833984375,0.1761474609375,0.013336181640625,0.0086822509765625,0.4809112548828125,0.0,0.0,0.1792144775390625,0.263763427734375,0.063446044921875,0.0063629150390625,0.0063018798828125,0.4809112548828125,0.00146484375,0.0551910400390625,0.31494140625,0.1304473876953125,0.010345458984375,0.0043487548828125,0.002349853515625,3.016622431489266,7.3757938021439,9.748699018869546,9.872432714672774,-9.999999999993452,-9.999990220368156,-9.999999999996007
9-foot-mouth-disease-fmd-lesions-palate_jpg.rf.ee6267def11c42df80f0216650087bec.jpg,sakit,0,130.08546447753906,113.31732177734375,114.27210998535156,160.09579467773438,31.171539306640625,130.25802612304688,159.7309112548828,31.982376098632812,76.52420043945312,392.67103208621984,0.36522857023528604,0.9615313964795789,0.2150921994076569,7.448486610147185,0.04627954410259202,0.226654052734375,0.0,0.001007080078125,0.0733642578125,0.272430419921875,0.2525634765625,0.108001708984375,0.06597900390625,0.226654052734375,0.00262451171875,0.0455322265625,0.2139739990234375,0.277252197265625,0.128143310546875,0.0616455078125,0.0441741943359375,0.226654052734375,0.0028839111328125,0.0589141845703125,0.174774169921875,0.2788543701171875,0.1523895263671875,0.069488525390625,0.036041259765625,3.122256959626918,7.308521692934952,9.882714651399544,9.975210029156745,9.999999999999938,-9.999998241499657,9.99999999999966
Burnt-teat-e1515283231199-400x284.jpg,sakit,0,93.83033752441406,78.13838195800781,63.328887939453125,21.05194091796875,40.06732177734375,94.00462341308594,50.266273498535156,54.36684036254883,102.00543212890625,465.5862240736805,0.5763437963931497,0.9708416935127594,0.5110054432155149,7.792526846108578,0.2611459541310729,0.525421142578125,0.0,0.0005035400390625,0.0197906494140625,0.06622314453125,0.11083984375,0.1066741943359375,0.1705474853515625,0.525421142578125,0.0,0.018798828125,0.0948028564453125,0.1030426025390625,0.094512939453125,0.1495361328125,0.013885498046875,0.532440185546875,0.0374755859375,0.0587921142578125,0.0999755859375,0.1106109619140625,0.11273193359375,0.04541015625,0.0025634765625,2.974013922571678,7.063025454843959,8.909179431729786,9.770109437964546,9.99999999995408,9.999987537548899,-9.999999999928237
Capture1_png.rf.70fbf14ae8ff044f5fada8ec078ed6df.jpg,sakit,0,85.84175109863281,89.8812255859375,89.96711730957031,74.85263061523438,43.255340576171875,102.10511779785156,114.31895446777344,69.31291198730469,82.79137420654297,934.1027026929856,0.4701585866682354,0.9124598182222834,0.35314530589519016,11.346359094479963,0.12483689852011703,0.4682769775390625,0.003204345703125,0.0025787353515625,0.038787841796875,0.194000244140625,0.2401123046875,0.0527191162109375,0.0003204345703125,0.38568115234375,0.0,0.00689697265625,0.1424407958984375,0.260650634765625,0.1951141357421875,0.0088653564453125,0.0003509521484375,0.385711669921875,0.0034942626953125,0.043548583984375,0.1357879638671875,0.183807373046875,0.2088623046875,0.0379180908203125,0.0008697509765625,3.0482109681149967,7.842643689017279,9.668256049237828,9.966307032645513,-9.999999999999257,9.999998724818786,9.999999999999234
Capture3_png.rf.89bb532a6a3a360a76f029913cd5232a.jpg,sakit,0,50.12864685058594,89.01945495605469,92.60392761230469,71.99075317382812,99.9552001953125,107.66941833496094,89.27177429199219,106.44144439697266,88.685302734375,429.4556279119525,0.5846906506149815,0.9486436204353739,0.37350714181203437,6.390526094515427,0.1395513922564303,0.6867523193359375,0.007537841796875,0.0033416748046875,0.018402099609375,0.0992431640625,0.1784210205078125,0.00628662109375,1.52587890625e-05,0.3923187255859375,0.0,0.0152435302734375,0.1232757568359375,0.29315185546875,0.1735076904296875,0.0024871826171875,1.52587890625e-05,0.392913818359375,0.009124755859375,0.07708740234375,0.143524169921875,0.062896728515625,0.1579132080078125,0.1470947265625,0.0094451904296875,2.9761194383764584,8.598262204426984,9.802003373637984,9.879460751897316,9.999999999995065,-9.999993557782346,-9.999999999996637
Capture_png.rf.837b0dcc2fd178a7cdd7eea78194423a.jpg,sakit,0,49.58610534667969,49.758819580078125,52.3489990234375,62.30133056640625,19.083740234375,56.1021728515625,104.28129577636719,28.214879989624023,73.05035400390625,583.6526215412255,0.6838843074358198,0.9327570125160859,0.593898447123323,7.093645048888553,0.35277004732790324,0.6177978515625,0.0,0.07470703125,0.1435699462890625,0.0542144775390625,0.1000518798828125,0.0094757080078125,0.00018310546875,0.6177978515625,0.0,0.0154266357421875,0.2028045654296875,0.095855712890625,0.0673065185546875,0.000762939453125,4.57763671875e-05,0.6177978515625,0.0004119873046875,0.020111083984375,0.1031494140625,0.1858673095703125,0.071258544921875,0.0011749267578125,0.0002288818359375,2.95665984742463,6.442417188195047,9.993298988717754,9.992473761148231,9.999999999999988,-9.999998853117344,9.999999999999996
Chemcial-burn-e1515283477137-400x284.jpg,sakit,0,44.3377685546875,37.968414306640625,35.43836975097656,4.807037353515625,13.280136108398438,44.3377685546875,10.418582916259766,30.035375595092773,76.60012817382812,290.93888239770376,0.8381417882646636,0.9692112796360535,0.7390427478929884,3.0591241331723036,0.546191054386211,0.7468109130859375,0.0,0.0,0.0016021728515625,0.0447845458984375,0.17779541015625,0.0290069580078125,0.0,0.7468109130859375,0.0,0.0130157470703125,0.0558929443359375,0.0568695068359375,0.1273651123046875,4.57763671875e-05,0.0,0.7468109130859375,0.0042572021484375,0.0297088623046875,0.0471954345703125,0.077301025390625,0.0947265625,0.0,0.0,2.590864701277355,5.990268390926883,9.269150644285636,8.647293501551196,9.999999993711207,-9.998095209299212,9.999999993451631
Chemcial-burn3-e1515283623745-400x284.jpg,sakit,0,56.559112548828125,46.855682373046875,40.725494384765625,6.60467529296875,20.56561279296875,56.559112548828125,10.733986854553223,38.04348373413086,90.91390228271484,460.43416464029764,0.8043405441502626,0.9632023049843134,0.7086968075995403,4.341373563990689,0.5022615810982963,0.71844482421875,0.0,0.0,0.0,0.0078125,0.0728759765625,0.17254638671875,0.0283203125,0.71844482421875,0.0,0.0,0.0417938232421875,0.0635528564453125,0.111297607421875,0.064910888671875,0.0,0.71881103515625,0.008148193359375,0.02667236328125,0.051177978515625,0.060028076171875,0.1316070556640625,0.0035552978515625,0.0,2.564671947134909,6.1104179708168544,8.165300331907975,8.574160602155727,9.999999981522205,-9.993880282415416,-9.99999995752311
Chemcial-burn4-e1515283733588-400x284.jpg,sakit,0,46.56040954589844,39.49287414550781,34.68428039550781,6.280517578125,17.073348999023438,46.56040954589844,11.15023136138916,32.829261779785156,80.53852844238281,143.95642482001787,0.8541650515719043,0.9858540132306809,0.7435240654684406,1.8344670078431298,0.5528295804319765,0.74652099609375,0.0,0.0,0.0018768310546875,0.0366973876953125,0.099884033203125,0.115020751953125,0.0,0.74652099609375,0.0,0.0037078857421875,0.0479736328125,0.0665740966796875,0.11749267578125,0.017730712890625,0.0,0.7465362548828125,0.0035552978515625,0.0285491943359375,0.06719970703125,0.083160400390625,0.0709991455078125,0.0,0.0,2.6654164106712317,5.679764408886781,8.97435038785808,9.092141393331897,-9.999999999344624,-9.995623478598207,-9.999999997545453
Chemical-burn-6-400x284.jpg,sakit,0,67.80548095703125,58.254669189453125,51.21588134765625,9.736358642578125,24.227645874023438,67.80548095703125,12.812604904174805,33.266658782958984,87.42742919921875,156.45549472696277,0.7753853252109365,0.9872366246311374,0.6128492688957102,2.320624839729365,0.3755896802762979,0.6189422607421875,0.0,0.0,0.004486083984375,0.0894317626953125,0.1717529296875,0.115386962890625,0.0,0.6189422607421875,0.0,0.005523681640625,0.0644378662109375,0.1249847412109375,0.180999755859375,0.0051116943359375,0.0,0.6190643310546875,0.0030975341796875,0.0252685546875,0.117401123046875,0.1742401123046875,0.0609283447265625,0.0,0.0,2.961032581685238,6.4912324236352905,9.632982849743458,9.797463278785326,-9.999999999988605,-9.99986401626857,-9.999999999980108
Chlorine-pre-dip-used-at-4-parts-chlorine-1-part-waters-manure-solids-bedding-e1515285965121-400x284.jpg,sakit,0,116.45106506347656,114.58433532714844,109.01100158691406,36.747650146484375,11.2645263671875,116.92646789550781,63.79978942871094,20.445831298828125,109.47476959228516,638.5995263098727,0.6046633788043884,0.9724963283911466,0.43791886304004524,8.03240133713138,0.19183704343393185,0.444854736328125,0.0,0.0,0.0059814453125,0.096221923828125,0.103271484375,0.0880584716796875,0.2616119384765625,0.444854736328125,0.0,0.0,0.011077880859375,0.10528564453125,0.101898193359375,0.0930938720703125,0.2437896728515625,0.444854736328125,0.0,0.0048675537109375,0.0691070556640625,0.0888671875,0.08642578125,0.0800323486328125,0.2258453369140625,3.1068561802755297,6.831130000220055,9.944565470210945,9.998538736466195,9.999999999999998,9.99999948071012,9.999999999999998
Creased-blue-teats-low-rest-phase-high-vacuumKE-400x284.jpg,sakit,0,68.00129699707031,56.2335205078125,49.99943542480469,11.631103515625,21.026824951171875,68.01486206054688,42.67903137207031,35.55971908569336,104.60762023925781,448.181451528048,0.7489055245740173,0.9728603433206812,0.6873908681978351,4.729625938851739,0.4725197446742351,0.6947021484375,0.0,0.0,0.0015716552734375,0.0245819091796875,0.0449981689453125,0.050323486328125,0.1838226318359375,0.6947021484375,0.0,0.0,0.016937255859375,0.0666656494140625,0.082244873046875,0.097808837890625,0.0416412353515625,0.6947021484375,0.0,0.00946044921875,0.0628662109375,0.072509765625,0.0803375244140625,0.049163818359375,0.0309600830078125,2.9520120571195263,6.404277742754604,9.377776651867837,9.855273369847595,-9.99999999998498,-9.999977049277648,-9.999999999987892
DSCN8982.JPG,sakit,0,107.93585205078125,95.13677978515625,83.46310424804688,29.962554931640625,35.943695068359375,108.73291015625,60.04207229614258,36.80573654174805,94.40847778320312,3516.3107633778704,0.38967917110976064,0.7582930092690828,0.34995208934402866,29.463061749789933,0.12257905166048512,0.418853759765625,3.0517578125e-05,0.0001983642578125,0.0019989013671875,0.0802764892578125,0.27728271484375,0.171630859375,0.0497283935546875,0.418853759765625,0.0,0.0,0.02508544921875,0.279327392578125,0.1840667724609375,0.0683746337890625,0.0242919921875,0.418853759765625,0.0001678466796875,0.0177154541015625,0.1805419921875,0.236663818359375,0.08935546875,0.0384063720703125,0.0182952880859375,2.9670069232142517,7.715780803637077,9.752553728397269,9.846009791539691,-9.999999999991967,-9.999982121019253,9.999999999993138
Diseased dental pad 21.jpg,sakit,0,98.50627136230469,86.51553344726562,79.33030700683594,25.881256103515625,26.700775146484375,98.55532836914062,63.9692268371582,35.87803268432617,97.43577575683594,1344.3770218517354,0.5301262891940183,0.9158465241317458,0.4484859985199187,13.718870983804498,0.20125485612403374,0.4834747314453125,0.0,0.0,0.0137939453125,0.0662841796875,0.1558074951171875,0.237091064453125,0.043548583984375,0.4834747314453125,0.0,0.0018463134765625,0.0823211669921875,0.1276702880859375,0.15264892578125,0.143157958984375,0.008880615234375,0.4835662841796875,0.006500244140625,0.0371246337890625,0.09259033203125,0.130401611328125,0.1518402099609375,0.0978240966796875,0.000152587890625,2.982494979950734,7.8048013310263755,9.460639838642704,9.84839011543528,9.999999999999586,9.999993807239639,-9.999999999981602
Diseased dental pad 23.jpg,sakit,0,119.36471557617188,114.94676208496094,112.55628967285156,76.91757202148438,11.062957763671875,120.21995544433594,120.80826568603516,20.077320098876953,112.44720458984375,1692.2229716100144,0.6392058729845259,0.9294944554095372,0.44759330005623915,12.812279780603111,0.20039655895480904,0.4540557861328125,0.0,0.0,0.00018310546875,0.0313568115234375,0.1135711669921875,0.1286468505859375,0.272186279296875,0.4540557861328125,0.0,0.0,0.0008392333984375,0.0758056640625,0.1275787353515625,0.0887298583984375,0.25299072265625,0.4540557861328125,4.57763671875e-05,0.000732421875,0.0154876708984375,0.097747802734375,0.113861083984375,0.0705413818359375,0.247528076171875,2.8723736739421835,7.856129139421483,9.725787002709449,9.588862311649295,9.999999999920757,-9.999991671823073,9.999999999984723
Diseased dental pad 27.jpg,sakit,0,84.69700622558594,94.46476745605469,140.80697631835938,160.28482055664062,73.95137023925781,145.48330688476562,127.2569351196289,70.4642105102539,103.29153442382812,1151.6309631000734,0.4088814434005103,0.870515153334583,0.26900312971936585,13.430324893684377,0.07242905859472194,0.3043975830078125,1.52587890625e-05,0.227325439453125,0.1863250732421875,0.146453857421875,0.115631103515625,0.014068603515625,0.0057830810546875,0.3043975830078125,0.0,0.002899169921875,0.2703704833984375,0.332366943359375,0.07342529296875,0.0098876953125,0.00665283203125,0.3050994873046875,0.0005340576171875,0.00457763671875,0.0832672119140625,0.107818603515625,0.080657958984375,0.0399169921875,0.3781280517578125,3.034760912113598,7.601449694756716,9.933828067899473,9.999685750719143,-10.0,9.999999950385643,10.0
Diseased dental pad 29.jpg,sakit,0,89.8438720703125,80.43574523925781,116.04562377929688,115.02264404296875,44.87005615234375,118.96884155273438,125.37448120117188,52.58525848388672,114.91771697998047,2006.0454317415579,0.5534008356057027,0.8642604756249148,0.4237985412307223,16.80007211718824,0.17972154980678123,0.4702301025390625,0.0,9.1552734375e-05,0.0298004150390625,0.2456817626953125,0.1363677978515625,0.03179931640625,0.086029052734375,0.4702301025390625,0.0,6.103515625e-05,0.12255859375,0.2769927978515625,0.0416107177734375,0.0343780517578125,0.054168701171875,0.470428466796875,9.1552734375e-05,0.0034637451171875,0.018585205078125,0.04638671875,0.048065185546875,0.07452392578125,0.3384552001953125,2.8801266173926074,7.123942105956576,9.568116926051635,9.790675275112307,9.999999999997296,-9.999971925850302,9.99999999997251
Diseased dental pad 30.jpg,sakit,0,70.29484558105469,65.87960815429688,87.82789611816406,87.08126831054688,37.0802001953125,92.88424682617188,119.2698974609375,51.32438278198242,106.94490814208984,1409.292182605369,0.599540976852324,0.8940523724456386,0.5187134132575258,13.924100768792018,0.26914634138263765,0.55413818359375,0.0,0.01715087890625,0.132293701171875,0.0861358642578125,0.090484619140625,0.087646484375,0.0321502685546875,0.55413818359375,0.0,0.017425537109375,0.1468048095703125,0.1072540283203125,0.1079254150390625,0.0504302978515625,0.016021728515625,0.5543975830078125,0.0009613037109375,0.003814697265625,0.0489349365234375,0.0703125,0.0504150390625,0.1069183349609375,0.16424560546875,2.8866263416495745,6.8250753101389385,9.438405048306262,9.926794261382307,9.999999999996769,-9.999984231299514,-9.999999999995481
Diseased dental pad 48.jpg,sakit,0,93.50337219238281,93.77574157714844,66.91357421875,55.3831787109375,49.37994384765625,99.24813842773438,77.15545654296875,66.2475814819336,89.00863647460938,1455.6504975668413,0.4564646504015717,0.8891998159442146,0.3797999323822767,15.910875959337831,0.14431547709377004,0.422943115234375,0.0,0.0009765625,0.0869598388671875,0.201416015625,0.1800994873046875,0.0826873779296875,0.0249176025390625,0.422943115234375,0.00054931640625,0.00079345703125,0.1085968017578125,0.183258056640625,0.1398468017578125,0.1231536865234375,0.0208587646484375,0.4303741455078125,0.1097869873046875,0.0869140625,0.132720947265625,0.1269378662109375,0.066253662109375,0.0361785888671875,0.010833740234375,3.076653031233503,7.0942598579820135,9.993299146316309,9.990295419543914,-9.999999999999982,9.999997895624315,-9.999999999999995
Diseased foot 1- (15).jpg,sakit,0,74.1468505859375,80.26312255859375,84.50433349609375,70.709716796875,17.402084350585938,86.88182067871094,98.65068817138672,32.60716247558594,110.8346939086914,2246.9808707037223,0.644604388384516,0.8908869853315414,0.5744746824241233,15.449020639263063,0.33013035473678826,0.6134490966796875,0.0,0.000518798828125,0.037261962890625,0.050079345703125,0.0767974853515625,0.1146697998046875,0.1072235107421875,0.6134490966796875,0.0,0.0,0.0,0.0316619873046875,0.0937957763671875,0.1043853759765625,0.156707763671875,0.6134490966796875,0.0001373291015625,0.0016937255859375,0.0138702392578125,0.03125,0.0332489013671875,0.0714569091796875,0.234893798828125,2.7994328092927656,7.434980683192309,8.928270363950364,9.680511364528105,-9.999999999939456,-9.999921119084869,9.999999999850083
Diseased foot 1- (16).jpg,sakit,0,58.89178466796875,57.24116516113281,55.06730651855469,10.6021728515625,5.20111083984375,59.26527404785156,40.8255615234375,16.97704315185547,104.6345443725586,2445.0886856677294,0.8488104658365696,0.8822471144773326,0.7326065730048055,13.239504601483581,0.5367547128999249,0.755584716796875,0.0,0.0,0.0,0.000762939453125,0.007232666015625,0.040863037109375,0.195556640625,0.755584716796875,0.0,0.0,0.0,0.0,0.032318115234375,0.0433197021484375,0.1687774658203125,0.755584716796875,3.0517578125e-05,0.0001373291015625,0.002197265625,0.0217132568359375,0.03363037109375,0.0312042236328125,0.1555023193359375,2.700902319676387,6.267911880440644,8.833356179329849,9.391322099412768,9.999999999215994,9.999036239905834,9.999999999645725
Diseased foot 1- (18).jpg,sakit,0,113.61177062988281,96.51666259765625,83.10453796386719,23.23236083984375,42.87461853027344,113.67706298828125,46.58655548095703,40.274932861328125,95.51001739501953,1235.4530033999688,0.4234108770251635,0.9149286665883943,0.3641005547113212,14.82800997264018,0.1326138385608146,0.39630126953125,0.0,0.0,0.0064849853515625,0.1303558349609375,0.1935577392578125,0.16326904296875,0.1100311279296875,0.39630126953125,0.0,0.0015869140625,0.13201904296875,0.195556640625,0.13177490234375,0.119293212890625,0.023468017578125,0.39630126953125,0.000640869140625,0.067535400390625,0.2187652587890625,0.1335906982421875,0.13037109375,0.0431976318359375,0.0095977783203125,3.0490539785931245,7.463457681491939,9.97307046802601,9.97188082558381,9.999999999999952,9.999997762402046,-9.999999999999815
Diseased foot 1- (19).jpg,sakit,0,100.70773315429688,92.50230407714844,86.81884765625,27.068145751953125,21.71417236328125,101.65115356445312,63.58723831176758,25.903564453125,92.77356719970703,4920.730915028399,0.3786677277964639,0.6718297070398465,0.34012959367922885,37.38553973807766,0.11604460773515402,0.445159912109375,0.0,0.0,0.00714111328125,0.12347412109375,0.20977783203125,0.19683837890625,0.017608642578125,0.445159912109375,0.0,0.0,0.0117034912109375,0.2354583740234375,0.1887054443359375,0.113616943359375,0.0053558349609375,0.445159912109375,0.000518798828125,0.0045623779296875,0.0925445556640625,0.215057373046875,0.160186767578125,0.0769805908203125,0.0049896240234375,3.004571125640009,7.6967637063516126,9.885292678607318,9.870904654797293,-9.999999999997243,9.999993431825786,-9.999999999995994
Diseased foot 1- (20).jpg,sakit,0,103.63067626953125,99.43507385253906,96.26065063476562,61.045867919921875,11.088836669921875,104.40003967285156,108.76203155517578,19.37093734741211,111.11895751953125,3835.7103472334184,0.6028367925416266,0.8335564663123826,0.4784032647559109,24.162442752870447,0.2290035638113335,0.52423095703125,0.0,0.0,0.000274658203125,0.001861572265625,0.09442138671875,0.1868133544921875,0.1923980712890625,0.52423095703125,0.0,0.0,0.0,0.0035552978515625,0.1755523681640625,0.134490966796875,0.16217041015625,0.52423095703125,0.0,0.0,0.0022125244140625,0.063018798828125,0.1508331298828125,0.1070709228515625,0.1526336669921875,2.8644860787292736,7.2091451343523625,9.439209197284711,9.706717834691911,-9.999999999933229,-9.999936868747685,9.99999999999742
Diseased foot 1- (21).jpg,sakit,0,85.83244323730469,77.36355590820312,68.04316711425781,26.9271240234375,25.600555419921875,86.64524841308594,59.05872344970703,35.613956451416016,98.53241729736328,1541.8256858211405,0.568601535808429,0.9051431321926251,0.5105472457486883,14.93111534603794,0.2607285731796959,0.546630859375,0.0001678466796875,0.00067138671875,0.023956298828125,0.1017608642578125,0.09002685546875,0.1382598876953125,0.0985260009765625,0.546630859375,0.0,0.00067138671875,0.07061767578125,0.1183319091796875,0.11395263671875,0.114532470703125,0.0352630615234375,0.546630859375,0.001953125,0.030426025390625,0.11572265625,0.127197265625,0.1204833984375,0.027496337890625,0.03009033203125,2.961559202524727,6.686992943221763,9.98338317623431,9.979708026332652,-9.999999999999915,9.99999552717061,-9.999999999999972
Diseased foot 1- (22).jpg,sakit,0,70.99484252929688,83.19601440429688,68.91023254394531,71.83450317382812,34.082000732421875,88.81001281738281,96.23904418945312,43.296669006347656,96.4499740600586,4421.5833603860265,0.46567985478559293,0.6949403254196352,0.4378437246091866,34.44493889984142,0.19201596059708492,0.5290679931640625,0.0,0.009674072265625,0.1006927490234375,0.2032012939453125,0.1035614013671875,0.036468505859375,0.017333984375,0.5290679931640625,0.0,0.0004425048828125,0.0569305419921875,0.122406005859375,0.1085968017578125,0.1179046630859375,0.0646514892578125,0.5290679931640625,0.0052642822265625,0.0375823974609375,0.1042938232421875,0.1560211181640625,0.113128662109375,0.0409393310546875,0.013702392578125,2.82346665597111,6.7960339140737664,9.618846001753896,9.981038824880518,9.999999999999751,-9.999996919529375,-9.999999999999583
Diseased foot 1- (23).jpg,sakit,0,91.07377624511719,85.02781677246094,79.05401611328125,25.059417724609375,19.057586669921875,91.5743408203125,50.8616828918457,21.996374130249023,87.63896942138672,3542.679621750676,0.42200801250460557,0.7395925425927096,0.3833675545879958,29.875401299161812,0.14717768609886692,0.457122802734375,0.0,0.0,0.02655029296875,0.25360107421875,0.1400604248046875,0.0706024169921875,0.05206298828125,0.457122802734375,0.0,4.57763671875e-05,0.0930633544921875,0.261444091796875,0.104095458984375,0.05572509765625,0.02850341796875,0.457122802734375,0.00018310546875,0.003265380859375,0.1653289794921875,0.23663330078125,0.0869140625,0.0362701416015625,0.0142822265625,2.889224383036372,7.213146977009336,9.60315841908043,9.77422357112115,-9.999999999970706,-9.999927335308675,-9.999999999994104
Diseased foot 1- (9).jpg,sakit,0,75.66310119628906,80.07810974121094,80.49920654296875,48.214324951171875,14.831069946289062,84.09600830078125,74.6592025756836,27.676280975341797,101.52418518066406,755.2862049387451,0.64799641473804,0.9585995155170277,0.5680382016295857,8.230233335302357,0.32267634233260395,0.5807037353515625,0.0,0.0026092529296875,0.0439910888671875,0.061309814453125,0.178131103515625,0.0675811767578125,0.065673828125,0.5807037353515625,0.0,4.57763671875e-05,0.0039825439453125,0.07232666015625,0.175811767578125,0.07415771484375,0.0929718017578125,0.5807037353515625,0.0,0.0007476806640625,0.0106353759765625,0.0796661376953125,0.146331787109375,0.0703887939453125,0.1115264892578125,2.834704414300474,6.352257499864012,8.886952797594978,9.139499595965672,9.999999997655996,9.999423976445158,-9.999999999838087
Diseased foot 1.jpg,sakit,0,47.03997802734375,46.544769287109375,46.47871398925781,41.453277587890625,4.24853515625,48.531158447265625,88.29232788085938,14.626153945922852,94.8463134765625,579.2227280681946,0.8922270348595923,0.9652664608508724,0.7823707284723728,4.036859415592007,0.6121086138398808,0.7911529541015625,0.0,0.0,0.0,6.103515625e-05,0.0131988525390625,0.0339202880859375,0.1616668701171875,0.7911529541015625,0.0,0.0,0.0,0.0077667236328125,0.0168304443359375,0.0242767333984375,0.15997314453125,0.7911529541015625,4.57763671875e-05,0.0013427734375,0.009368896484375,0.0147552490234375,0.0113525390625,0.009735107421875,0.1622467041015625,2.8027003528134014,6.064826648084585,8.611120783348175,8.856791469048444,9.999999990600084,9.9959828670525,9.999999997380346
Diseased foot 10.jpg,sakit,0,60.29815673828125,60.2857666015625,60.64994812011719,35.46392822265625,12.0743408203125,65.58183288574219,78.78157043457031,26.78883171081543,103.4300308227539,4358.4800447070165,0.7081963105267403,0.7632657979826192,0.6441947164081908,25.782601662626888,0.4151389131137484,0.7093048095703125,0.0,0.0,0.0,0.0247650146484375,0.0712127685546875,0.10150146484375,0.0932159423828125,0.7093048095703125,0.0,0.0,0.0,0.0088958740234375,0.11614990234375,0.05596923828125,0.10968017578125,0.7093048095703125,0.0,0.0,0.0202484130859375,0.0467376708984375,0.0332183837890625,0.037384033203125,0.153106689453125,2.7715622212971915,6.986100635956055,9.436832053655229,9.060576626203295,9.999999998518428,9.999028778298255,9.999999999697645
Diseased foot 18.jpg,sakit,0,113.61177062988281,96.51666259765625,83.10453796386719,23.23236083984375,42.87461853027344,113.67706298828125,46.58655548095703,40.274932861328125,95.51001739501953,1235.4530033999688,0.4234108770251635,0.9149286665883943,0.3641005547113212,14.82800997264018,0.1326138385608146,0.39630126953125,0.0,0.0,0.0064849853515625,0.1303558349609375,0.1935577392578125,0.16326904296875,0.1100311279296875,0.39630126953125,0.0,0.0015869140625,0.13201904296875,0.195556640625,0.13177490234375,0.119293212890625,0.023468017578125,0.39630126953125,0.000640869140625,0.067535400390625,0.2187652587890625,0.1335906982421875,0.13037109375,0.0431976318359375,0.0095977783203125,3.0490539785931245,7.463457681491939,9.97307046802601,9.97188082558381,9.999999999999952,9.999997762402046,-9.999999999999815
Diseased foot 19.jpg,sakit,0,100.70773315429688,92.50230407714844,86.81884765625,27.068145751953125,21.71417236328125,101.65115356445312,63.58723831176758,25.903564453125,92.77356719970703,4920.730915028399,0.3786677277964639,0.6718297070398465,0.34012959367922885,37.38553973807766,0.11604460773515402,0.445159912109375,0.0,0.0,0.00714111328125,0.12347412109375,0.20977783203125,0.19683837890625,0.017608642578125,0.445159912109375,0.0,0.0,0.0117034912109375,0.2354583740234375,0.1887054443359375,0.113616943359375,0.0053558349609375,0.445159912109375,0.000518798828125,0.0045623779296875,0.0925445556640625,0.215057373046875,0.160186767578125,0.0769805908203125,0.0049896240234375,3.004571125640009,7.6967637063516126,9.885292678607318,9.870904654797293,-9.999999999997243,9.999993431825786,-9.999999999995994
Diseased foot 2.jpg,sakit,0,65.627685546875,55.05888366699219,47.66380310058594,39.901397705078125,28.932861328125,67.26203918457031,84.28327178955078,57.97356414794922,97.68250274658203,961.926299594035,0.7483282967571817,0.9345876519707805,0.6465373099943987,8.539611019670259,0.41803506533961365,0.6709136962890625,0.0,0.0,0.000274658203125,0.0244140625,0.101531982421875,0.11993408203125,0.0829315185546875,0.6709136962890625,0.0,0.0,0.1166839599609375,0.05853271484375,0.018310546875,0.0568389892578125,0.0787200927734375,0.6720428466796875,0.0569305419921875,0.089019775390625,0.032440185546875,0.00927734375,0.0037689208984375,0.0215301513671875,0.114990234375,2.655332293634686,6.4549975990900474,8.557100655923167,9.501249300297488,-9.999999999703853,-9.999525610486042,-9.999999999355389
Diseased foot 4.jpg,sakit,0,106.9901123046875,87.73251342773438,74.00456237792969,19.218170166015625,44.825653076171875,107.12911987304688,35.89759826660156,51.00349044799805,98.13622283935547,2749.648878133772,0.4433411670128217,0.813727160278769,0.3782476746285717,24.1942617752927,0.14335770331836709,0.4408416748046875,0.0,0.0,0.010589599609375,0.0891265869140625,0.1888427734375,0.172454833984375,0.09814453125,0.4408416748046875,0.0,0.0,0.142303466796875,0.2183380126953125,0.084564208984375,0.06561279296875,0.04833984375,0.4408416748046875,0.000701904296875,0.115264892578125,0.20849609375,0.0980987548828125,0.0614013671875,0.0448760986328125,0.0303192138671875,2.913527631464179,7.279989983020762,9.90319908162503,9.998452469764187,-10.0,-9.999999768411474,-9.999999999999995
Diseased foot 6.jpg,sakit,0,78.54849243164062,75.09471130371094,68.83409118652344,53.872222900390625,22.688705444335938,81.81163024902344,92.82557678222656,32.01797103881836,88.78416442871094,4008.916557200963,0.4664096293123579,0.7023977907991957,0.4388962282938531,32.22308980345001,0.19295227742556223,0.5283203125,0.0,0.000732421875,0.041046142578125,0.1624603271484375,0.1650543212890625,0.090911865234375,0.011474609375,0.5283203125,0.0,0.0,0.0601654052734375,0.201507568359375,0.1418304443359375,0.056732177734375,0.011444091796875,0.5284271240234375,0.0004119873046875,0.0269012451171875,0.1403350830078125,0.1480560302734375,0.0982513427734375,0.037628173828125,0.019989013671875,2.941200940514302,7.453089000031136,9.685271748461703,9.73206632126602,9.99999999997724,-9.999962348162196,-9.999999999973006
Diseased foot 7.jpg,sakit,0,64.62875366210938,62.90095520019531,62.936309814453125,51.507598876953125,7.133453369140625,66.13188171386719,100.21939849853516,13.051969528198242,92.21117401123047,1428.9783713613353,0.6577895008772593,0.9093274480201479,0.6176999720972965,12.046841969207597,0.3816076149088315,0.648345947265625,0.0,0.0,0.003631591796875,0.092132568359375,0.11663818359375,0.0902557373046875,0.0489959716796875,0.648345947265625,0.0,0.0,0.0177001953125,0.1154327392578125,0.091156005859375,0.0693511962890625,0.058013916015625,0.648345947265625,0.0,4.57763671875e-05,0.0308074951171875,0.1124267578125,0.0799407958984375,0.0549163818359375,0.073516845703125,2.857848516635863,6.6072590509447116,9.391775922074325,9.093541283065072,9.99999999894396,9.99911525025437,-9.999999999042995
Diseased foot 8.jpg,sakit,0,99.49627685546875,92.41487121582031,88.90342712402344,80.31600952148438,27.31195068359375,103.68354797363281,106.24797821044922,35.521942138671875,85.99860382080078,4318.9959208752825,0.33066760233057196,0.6437671904108826,0.29385925491572334,36.45979473538041,0.08657759708437758,0.3914794921875,0.0,0.0,0.04925537109375,0.2703704833984375,0.1729888916015625,0.085601806640625,0.030303955078125,0.3914794921875,0.0,0.0001068115234375,0.09100341796875,0.321441650390625,0.1488800048828125,0.039398193359375,0.0076904296875,0.3914794921875,0.000152587890625,0.0249176025390625,0.1407470703125,0.252166748046875,0.14520263671875,0.0407562255859375,0.00457763671875,2.9348441959874014,7.616351312185747,9.984930659688137,9.996477362576307,-10.0,9.999999657074842,-9.999999999999995
Diseased tongue 1.jpeg,sakit,0,83.38853454589844,77.31219482421875,74.18038940429688,25.17254638671875,12.353378295898438,83.61277770996094,61.047645568847656,23.266143798828125,102.99597930908203,3444.8772933568785,0.5934264340098773,0.818087372282971,0.5397222455121159,23.366175375428057,0.29131300298381757,0.5965118408203125,0.0,0.0,0.0,0.02166748046875,0.0848541259765625,0.166107177734375,0.130859375,0.5965118408203125,0.0,0.0,0.0,0.0736541748046875,0.1768035888671875,0.0247344970703125,0.1282958984375,0.5965118408203125,0.0,7.62939453125e-05,0.0083770751953125,0.1376190185546875,0.110137939453125,0.021484375,0.12579345703125,2.6441543488028545,7.973704399412119,9.830856592429122,9.129649742798957,9.999999999662462,9.999834702172762,9.999999999648393
Diseased tongue 12.jpg,sakit,0,132.77540588378906,112.16127014160156,99.76397705078125,37.95635986328125,46.42143249511719,133.12738037109375,78.8685531616211,46.76877975463867,96.80150604248047,1241.211208550542,0.4444820495763279,0.9187279688752507,0.30471972914889955,12.877380162579657,0.0929075019008433,0.3314361572265625,0.0,0.0,0.0,0.042724609375,0.275360107421875,0.2018585205078125,0.14862060546875,0.3314361572265625,0.0,0.0002288818359375,0.088104248046875,0.2417755126953125,0.1924285888671875,0.0649566650390625,0.0810699462890625,0.332000732421875,0.0059967041015625,0.06524658203125,0.20916748046875,0.1595306396484375,0.06915283203125,0.0930328369140625,0.0658721923828125,2.967215052609007,7.790422419185856,9.902830733798641,9.954858439672483,9.999999999999938,9.999994371096461,-9.999999999999215
Diseased tongue 13.jpg,sakit,0,113.87921142578125,107.37306213378906,102.470703125,30.469329833984375,17.065948486328125,114.60365295410156,64.16300201416016,27.978979110717773,107.31071472167969,1397.6159877284629,0.5982821926960452,0.9343712389665834,0.43316380231692403,11.209742741735129,0.18768795944653063,0.457366943359375,0.0,0.0,0.0,0.0147857666015625,0.155029296875,0.185546875,0.1872711181640625,0.457366943359375,0.0,0.0,0.001983642578125,0.1182861328125,0.1148834228515625,0.1519927978515625,0.155487060546875,0.4574737548828125,0.0,0.000701904296875,0.071929931640625,0.0902099609375,0.092864990234375,0.1486663818359375,0.138153076171875,2.999295616679308,6.804030129247825,9.832825954352902,9.937763907650805,-9.999999999998424,-9.999974584541125,9.999999999999131
Diseased tongue 7.jpg,sakit,0,119.9066162109375,104.81208801269531,92.75857543945312,37.829681396484375,38.05043029785156,120.51622009277344,74.86842346191406,46.763343811035156,94.06835174560547,1641.9550893596318,0.4367523134148826,0.8866368713160443,0.33332154688816207,15.496292330559422,0.11120302110269516,0.3722381591796875,0.0,0.0,0.0005340576171875,0.0449676513671875,0.238128662109375,0.332550048828125,0.0115814208984375,0.3722381591796875,0.0,0.0,0.0513916015625,0.1940460205078125,0.2552642822265625,0.1254425048828125,0.001617431640625,0.3722381591796875,0.0035552978515625,0.0647125244140625,0.14910888671875,0.14324951171875,0.1630706787109375,0.0998992919921875,0.0041656494140625,3.0579652330549516,7.525182684989494,9.82396707295989,9.989430793391268,-9.999999999999888,-9.999998707450544,-9.999999999999961
Diseased udder 11.jpg,sakit,0,83.96913146972656,78.932373046875,71.69352722167969,15.041595458984375,15.711715698242188,84.17709350585938,26.852272033691406,25.035369873046875,106.59510040283203,1219.9200758670866,0.6264193959355714,0.9407549935152163,0.5902163751394528,12.021890166408673,0.3483760753660417,0.608062744140625,0.0,0.0,0.0018310546875,0.0279388427734375,0.064117431640625,0.10400390625,0.1940460205078125,0.608062744140625,0.0,0.0,0.013671875,0.0495758056640625,0.0749053955078125,0.12054443359375,0.13323974609375,0.608062744140625,0.0,0.005950927734375,0.0431976318359375,0.0684051513671875,0.0799713134765625,0.1300201416015625,0.06439208984375,2.7031965997889555,5.797849569584468,9.547218849846978,9.91259049398481,9.999999999994914,9.999909155902325,9.99999999999646
Diseased udder 2.jpg,sakit,0,56.15550231933594,51.78776550292969,37.91386413574219,11.027679443359375,19.222381591796875,56.16804504394531,22.373382568359375,41.11110305786133,103.60236358642578,917.8998582652216,0.8236781295134126,0.9500725980260701,0.7588562460893543,5.951445423370768,0.5758925450519573,0.771728515625,0.0,0.0,0.0,0.0,0.0050048828125,0.0225067138671875,0.2007598876953125,0.771728515625,0.0,0.0,0.0,0.011505126953125,0.0354156494140625,0.019256591796875,0.1620941162109375,0.771728515625,0.0002288818359375,0.026519775390625,0.0238037109375,0.0350189208984375,0.084197998046875,0.029144287109375,0.02935791015625,2.535280616687392,5.339999583123432,8.401109103946062,8.290513491163999,9.9999999055767,9.956284399878054,-9.999999981709319
Diseased udder 3.jpg,sakit,0,100.24964904785156,87.14363098144531,72.92642211914062,12.757232666015625,39.01948547363281,100.2607421875,19.582082748413086,51.18561553955078,82.88787841796875,1215.6477502848488,0.6125877745330599,0.8855896287289874,0.41428916082008066,12.891864343084512,0.1716827899337339,0.3781585693359375,0.0,0.0,0.0055389404296875,0.333251953125,0.143218994140625,0.10113525390625,0.0386962890625,0.3781585693359375,0.0,0.000885009765625,0.1186065673828125,0.36822509765625,0.095489501953125,0.0370941162109375,0.0015411376953125,0.3781585693359375,0.0056304931640625,0.1258697509765625,0.1524810791015625,0.31207275390625,0.0220947265625,0.0034332275390625,0.0002593994140625,2.9601158858634142,7.093576348631302,9.670540109872617,9.891304291950513,-9.999999999995927,-9.999968538619667,9.999999999994285
Diseased udder 4.jpg,sakit,0,71.82693481445312,65.84768676757812,60.29795837402344,36.155181884765625,25.7374267578125,74.38357543945312,72.85302734375,42.46592330932617,89.24344635009766,514.1400386986734,0.6309224928629347,0.9610288812869783,0.5528152437972434,6.733494431394326,0.3056421066510298,0.5702972412109375,0.0,0.0001220703125,0.040252685546875,0.14947509765625,0.1240234375,0.1120452880859375,0.0037841796875,0.5702972412109375,0.0,0.005218505859375,0.1527099609375,0.0999755859375,0.0738067626953125,0.0653228759765625,0.0326690673828125,0.5703582763671875,0.01617431640625,0.109039306640625,0.102935791015625,0.0420074462890625,0.057403564453125,0.0422515869140625,0.0598297119140625,2.8930737966121005,7.101212235762532,9.397248928969567,9.318668203958627,9.999999999456117,-9.999539911865057,9.999999999875177
Diseased udder 5.jpg,sakit,0,84.07823181152344,78.715087890625,68.32978820800781,16.99285888671875,19.44146728515625,84.18893432617188,25.014909744262695,26.71554946899414,104.39411163330078,3406.496775739399,0.5935492360303755,0.8242444969232202,0.5494550739101867,22.02936430840197,0.30198675450668694,0.6021575927734375,0.0,0.0,0.0,0.001129150390625,0.0842132568359375,0.181365966796875,0.131134033203125,0.6021575927734375,0.0,0.0,0.0,0.0153045654296875,0.139251708984375,0.187469482421875,0.055816650390625,0.6021575927734375,0.0,0.0,0.0144805908203125,0.124053955078125,0.1535186767578125,0.099700927734375,0.0060882568359375,2.8352325145978368,6.539093253509705,9.625954368440501,9.804721589136063,-9.999999999993703,-9.999875488743912,-9.999999999979217
Diseased udder 6.jpg,sakit,0,102.72425842285156,90.82978820800781,79.68421936035156,19.355072021484375,30.488540649414062,103.69480895996094,38.17671203613281,35.896488189697266,107.71448516845703,1616.7026092037613,0.556596065908152,0.9154459267310949,0.4771631388330701,13.588892623012223,0.22776137010787834,0.50823974609375,0.0,0.0,0.0006866455078125,0.016937255859375,0.14605712890625,0.1615142822265625,0.16656494140625,0.50823974609375,0.0,0.0,0.0030517578125,0.165252685546875,0.13677978515625,0.0736083984375,0.113067626953125,0.50823974609375,0.0,0.00628662109375,0.0873870849609375,0.1675262451171875,0.1290130615234375,0.0563812255859375,0.045166015625,2.960942051484173,6.855533311357861,9.376332321575612,9.813492324571854,9.999999999971866,9.999985661167837,-9.999999999988116
Diseased udder 7.jpg,sakit,0,93.74089050292969,90.79347229003906,77.55938720703125,31.809417724609375,20.723220825195312,95.33137512207031,63.769020080566406,30.593666076660156,112.99185180664062,2612.052872989078,0.6220014858269711,0.8872250175813448,0.5433663719608556,17.20800496226333,0.29531129440138065,0.5795135498046875,0.0,0.0,0.0,0.0001373291015625,0.040191650390625,0.1723480224609375,0.2078094482421875,0.5795135498046875,0.0,0.0,0.0,0.00042724609375,0.1425628662109375,0.0706787109375,0.206817626953125,0.5795135498046875,0.000152587890625,0.00128173828125,0.0151519775390625,0.1162261962890625,0.1307525634765625,0.070220947265625,0.086700439453125,2.86938620982719,7.603636243189178,9.79901675837892,9.992519399740624,-9.999999999999936,-9.999999339695625,9.99999999999996
Diseased-dental-pad-32_jpg.rf.237d8e030fd1ba04ec5604912d653314.jpg,sakit,0,110.92793273925781,105.21781921386719,102.06533813476562,21.79327392578125,12.483718872070312,111.06173706054688,61.23647689819336,23.377511978149414,80.30176544189453,857.6394403451771,0.700317054446629,0.925759577609366,0.4451723005797034,8.843221805606632,0.1981976655939007,0.3002777099609375,0.0,0.000213623046875,0.0391845703125,0.3991546630859375,0.0605926513671875,0.1248931884765625,0.07568359375,0.3002777099609375,0.0,0.0004425048828125,0.0657806396484375,0.4150238037109375,0.074066162109375,0.12677001953125,0.01763916015625,0.3002777099609375,0.0001220703125,0.0133056640625,0.0775299072265625,0.4149932861328125,0.0743865966796875,0.1170654296875,0.0023193359375,3.0501977924685164,7.806036618018154,9.706917529351724,9.933643521795808,9.99999999999946,-9.999999052953319,9.999999999997192
Diseased-dental-pad-46_jpg.rf.d86da8c137dac19f16654c8bbc313a4b.jpg,sakit,0,89.34794616699219,84.16207885742188,81.3702392578125,39.1402587890625,13.3377685546875,90.15020751953125,75.34358978271484,24.1044864654541,99.76197814941406,1145.8871214184828,0.620922611349845,0.9372288560944152,0.5111194174950705,10.552582638079022,0.26129090045478415,0.53717041015625,0.0,0.0,0.0005035400390625,0.0735931396484375,0.187591552734375,0.112396240234375,0.0887451171875,0.53717041015625,0.0,0.0,0.038543701171875,0.1048736572265625,0.159149169921875,0.0863800048828125,0.073883056640625,0.53717041015625,0.0,0.0052032470703125,0.0693817138671875,0.10125732421875,0.12896728515625,0.0889739990234375,0.0690460205078125,2.974396182908263,7.196613160579773,9.426925804170537,9.509269195345997,9.999999999784524,9.99987635490853,-9.999999999966027
Diseased-dental-pad-48_jpg.rf.67e56cc9b53b8b3a55ded8ab9cd7181f.jpg,sakit,0,94.97633361816406,93.31535339355469,68.12550354003906,53.47882080078125,46.976409912109375,98.94160461425781,76.73992156982422,64.6653823852539,86.14921569824219,1106.3385427059902,0.44384379280760017,0.9106970844742914,0.3648581121787775,13.904577235069091,0.13322295531138567,0.4022216796875,0.0,0.0012359619140625,0.1204681396484375,0.20098876953125,0.1663360595703125,0.0802001953125,0.0285491943359375,0.4022216796875,0.00048828125,0.0034637451171875,0.1511077880859375,0.1862030029296875,0.134033203125,0.1042633056640625,0.018218994140625,0.4094696044921875,0.11224365234375,0.0901336669921875,0.1512451171875,0.1336669921875,0.0666656494140625,0.028656005859375,0.0079193115234375,3.102897798365144,7.3405153152848595,9.999567223007215,9.989450084658587,9.999999999999998,9.999998602415728,9.999999999999995
Diseased-foot-13_jpg.rf.a7a1c706c7128a6a1c532e5511162df4.jpg,sakit,0,160.60890197753906,156.00929260253906,139.7242431640625,79.0074462890625,28.165756225585938,162.25990295410156,81.5343017578125,48.26430892944336,109.25094604492188,1667.7585972710442,0.556102461464093,0.9257821284084247,0.33949681271649285,12.952844820704344,0.11532190797597903,0.304473876953125,0.0,0.0,0.0,0.00152587890625,0.0568695068359375,0.15289306640625,0.4842376708984375,0.304473876953125,0.0,0.0,0.0,0.02642822265625,0.111419677734375,0.15142822265625,0.40625,0.310546875,0.017547607421875,0.029815673828125,0.0478973388671875,0.0826568603515625,0.076202392578125,0.0770721435546875,0.3582611083984375,3.0461701188434813,7.560455576794754,9.880560781636254,9.966035985271196,-9.999999999999888,-9.999997334078863,-9.999999999999444
Diseased-foot-14_jpg.rf.aa09d0132e684019bff881d3f1850e5d.jpg,sakit,0,76.40678405761719,73.64404296875,67.45150756835938,41.72662353515625,24.619400024414062,79.62588500976562,70.48638916015625,34.87809753417969,85.95207214355469,948.2280220811798,0.5582204569487905,0.9272000532725614,0.4923607257901821,11.0879509717029,0.2424887354368276,0.5207977294921875,0.0,0.0088348388671875,0.0903167724609375,0.1492919921875,0.1468963623046875,0.0579376220703125,0.0259246826171875,0.5207977294921875,0.0,0.0006256103515625,0.1326446533203125,0.1531829833984375,0.1212005615234375,0.0486297607421875,0.022918701171875,0.52117919921875,0.0057830810546875,0.054779052734375,0.1356658935546875,0.1435699462890625,0.0774078369140625,0.0411376953125,0.020477294921875,3.035638665141516,6.940078917813756,9.584654992258805,9.947800524331646,9.999999999997513,9.999982203317321,-9.999999999999668
Diseased-foot-15_jpg.rf.6c2a03a5491e2492b4ee4e9936782e2b.jpg,sakit,0,74.02445983886719,79.99452209472656,84.32470703125,70.7420654296875,17.137222290039062,86.60891723632812,99.29071807861328,32.0972785949707,110.71845245361328,2191.1264900847405,0.6467332106369231,0.8934660006924232,0.5762562899145763,15.0998526054732,0.3321854046047364,0.61444091796875,0.0,0.0003204345703125,0.03704833984375,0.051361083984375,0.07470703125,0.11322021484375,0.1089019775390625,0.61444091796875,0.0,0.0,0.0,0.0324859619140625,0.093963623046875,0.1026611328125,0.1564483642578125,0.61444091796875,1.52587890625e-05,0.0009765625,0.01263427734375,0.0336761474609375,0.033966064453125,0.0697479248046875,0.2345428466796875,2.7985161921617134,7.410886314453008,8.917429255393502,9.679799817192027,-9.999999999935934,-9.999918134010187,9.9999999998483
Diseased-foot-16_jpg.rf.669d0d22550b680555d32b1f0d296e04.jpg,sakit,0,58.28678894042969,56.65666198730469,54.5233154296875,15.74090576171875,5.15802001953125,58.68739318847656,51.22721862792969,16.38087272644043,104.31922912597656,2262.7441311016855,0.83774845091488,0.890238608602688,0.7330048433119646,12.357991612142898,0.5373376135410631,0.75811767578125,0.0,0.0,0.0,0.0008697509765625,0.0070343017578125,0.0390625,0.194915771484375,0.75811767578125,0.0,0.0,0.0,0.0,0.03082275390625,0.0430145263671875,0.1680450439453125,0.75811767578125,0.0,7.62939453125e-05,0.001129150390625,0.0205230712890625,0.034576416015625,0.0316925048828125,0.1538848876953125,2.698685175730696,6.2445207595689425,8.799017725334602,9.371284961410835,9.999999999093063,9.998947710303526,9.999999999620456
Diseased-foot-18_jpg.rf.c49b89ed4c7d42b7ac5e2b324ba31270.jpg,sakit,0,113.45155334472656,96.47355651855469,83.11384582519531,23.095306396484375,42.696563720703125,113.5086669921875,46.18263626098633,39.72678756713867,95.40499877929688,1171.8769821098097,0.42550715521745625,0.9191491241007236,0.3650983502479462,14.272538404159247,0.13334757533757804,0.39630126953125,0.0,0.0,0.0055084228515625,0.1343841552734375,0.1929779052734375,0.16314697265625,0.1076812744140625,0.39630126953125,0.0,0.0010986328125,0.13128662109375,0.19769287109375,0.1311492919921875,0.1204376220703125,0.02203369140625,0.39630126953125,0.000732421875,0.0675811767578125,0.2155303955078125,0.1368560791015625,0.1322174072265625,0.0426788330078125,0.0081024169921875,3.049098819301163,7.468027519153642,9.972458039898651,9.971606442507705,9.999999999999952,9.999997681150237,-9.99999999999981
Diseased-foot-18_jpg.rf.c49b89ed4c7d42b7ac5e2b324ba31270.jpg,sakit,0,113.34588623046875,96.35768127441406,83.01980590820312,23.164642333984375,42.65022277832031,113.40728759765625,46.52193832397461,39.966270446777344,95.51741027832031,1270.6597261453383,0.4225554112526931,0.9125420566483072,0.36430695007459907,15.110686119328838,0.1327649337206848,0.3973541259765625,0.0,0.0,0.0058441162109375,0.132537841796875,0.1920166015625,0.163421630859375,0.10882568359375,0.3973541259765625,0.0,0.0011444091796875,0.1309051513671875,0.1957855224609375,0.132232666015625,0.1197357177734375,0.0228424072265625,0.3973541259765625,0.00067138671875,0.0680084228515625,0.214385986328125,0.136505126953125,0.130462646484375,0.043853759765625,0.008758544921875,3.0481800211294883,7.461782962621269,9.97325817718438,9.971249061756849,9.999999999999952,9.999997679557984,-9.99999999999981
Diseased-foot-19_jpg.rf.5332c0f68cd5dbd13b0266a3d1a722fa.jpg,sakit,0,98.80348205566406,90.75,85.23587036132812,22.5491943359375,20.622634887695312,99.50544738769531,55.16160583496094,24.157495498657227,92.9932861328125,4710.824099403358,0.3960147702171428,0.6881826820743706,0.3563173251560548,35.743211654996486,0.12736089193446737,0.4571075439453125,0.0,0.0,0.0048065185546875,0.1211395263671875,0.2039794921875,0.19256591796875,0.0204010009765625,0.4571075439453125,0.0,0.0,0.00439453125,0.2361602783203125,0.186737060546875,0.1107330322265625,0.0048675537109375,0.4571075439453125,4.57763671875e-05,0.0030517578125,0.08123779296875,0.22064208984375,0.1611480712890625,0.073028564453125,0.0037384033203125,2.9986770167273833,7.6219031755760875,9.87055873104869,9.853839596944669,-9.999999999996934,9.999991068934037,-9.999999999994296
Diseased-foot-20_jpg.rf.0fd4a82a468532ed5ba3e031d83cbee7.jpg,sakit,0,103.57008361816406,99.26806640625,96.00698852539062,57.789886474609375,11.066436767578125,104.22421264648438,106.38270568847656,18.999645233154297,110.99241638183594,3667.6404736652353,0.5978855196653065,0.8405545625212564,0.4775256443940073,23.259700538595254,0.22817619742367456,0.5245208740234375,0.0,0.0,0.00018310546875,0.0017242431640625,0.0932159423828125,0.1890716552734375,0.1912841796875,0.5245208740234375,0.0,0.0,1.52587890625e-05,0.003662109375,0.17779541015625,0.1326751708984375,0.1613311767578125,0.5245208740234375,0.0,0.0,0.0016326904296875,0.0636749267578125,0.1530914306640625,0.1059112548828125,0.1511688232421875,2.864067597430811,7.200171132533993,9.434209893116439,9.704139286938844,-9.999999999931468,-9.999934663338879,9.999999999997364
Diseased-foot-5_jpg.rf.f965aaf3ee544a7b4f4431c7c5f637de.jpg,sakit,0,87.39033508300781,97.12353515625,100.13629150390625,67.01568603515625,27.916488647460938,105.96807861328125,90.98770141601562,37.361793518066406,115.44629669189453,1302.48437786837,0.5989534826241066,0.9395918596841236,0.5102374510354285,11.28313979747891,0.26039252846403443,0.5338287353515625,0.0,0.0003662109375,0.0236968994140625,0.0594329833984375,0.194549560546875,0.110870361328125,0.0772552490234375,0.5338287353515625,0.0,0.0,0.0,0.081573486328125,0.072723388671875,0.105926513671875,0.2059478759765625,0.5338287353515625,0.0,0.0006256103515625,0.053192138671875,0.0597076416015625,0.0073394775390625,0.0487518310546875,0.2965545654296875,2.9481561287486717,6.61355333245896,9.22172942824191,9.803577379753513,-9.999999999959726,-9.999903471561705,-9.999999999988061
Diseased-foot-8_jpg.rf.5dd0210298ef0dbf2e4e99cc0ee96cbb.jpg,sakit,0,99.73707580566406,92.43479919433594,88.50759887695312,78.96078491210938,26.100357055664062,103.15969848632812,106.40414428710938,34.87495803833008,85.22117614746094,4002.7881494597127,0.3359027182280421,0.6667468647895901,0.29714188766342375,34.35658340241056,0.08856553133094212,0.3894500732421875,0.0,0.0,0.0440826416015625,0.27850341796875,0.17449951171875,0.0844879150390625,0.0289764404296875,0.3894500732421875,0.0,7.62939453125e-05,0.090423583984375,0.32781982421875,0.1492462158203125,0.0361328125,0.0068511962890625,0.3894500732421875,0.0001068115234375,0.022857666015625,0.14337158203125,0.2646026611328125,0.1436309814453125,0.0327606201171875,0.0032196044921875,2.935945808245557,7.603497929521378,9.984923394894475,9.996573540720922,-9.999999999999998,9.999999717183933,-9.999999999999995
Diseased-foot-8_jpg.rf.5dd0210298ef0dbf2e4e99cc0ee96cbb.jpg,sakit,0,99.33259582519531,92.18168640136719,88.45649719238281,78.78778076171875,26.548370361328125,103.11653137207031,105.54202270507812,35.058128356933594,85.85411834716797,4371.993823107658,0.3303426141419635,0.6399593041184888,0.2944340181493435,36.82626587741451,0.08691599604053553,0.393035888671875,0.0,0.0,0.0461578369140625,0.2717132568359375,0.17291259765625,0.084686279296875,0.031494140625,0.393035888671875,0.0,0.0001068115234375,0.0905609130859375,0.320892333984375,0.148406982421875,0.039520263671875,0.007476806640625,0.393035888671875,6.103515625e-05,0.02392578125,0.1397247314453125,0.25726318359375,0.1450653076171875,0.0369720458984375,0.0039520263671875,2.9337827377875803,7.6092564274864785,9.984419537362522,9.996622826044522,-10.0,9.99999967490501,-9.999999999999995
Diseased-foot-9_jpg.rf.682ce915347993a671da52b3be60de48.jpg,sakit,0,75.564697265625,79.9906005859375,80.37544250488281,50.85089111328125,14.698471069335938,83.92282104492188,76.82196807861328,27.389007568359375,101.3597183227539,716.1600355863447,0.6435889432790279,0.9606801269193616,0.5686759251773125,7.930948794511683,0.32340181636385096,0.581024169921875,0.0,0.0026702880859375,0.0436553955078125,0.06085205078125,0.179168701171875,0.0673828125,0.06524658203125,0.581024169921875,0.0,6.103515625e-05,0.0037384033203125,0.07220458984375,0.17596435546875,0.07373046875,0.0932769775390625,0.581024169921875,0.0,0.000518798828125,0.01031494140625,0.0786285400390625,0.147918701171875,0.0707244873046875,0.110870361328125,2.834096855269517,6.351037530737146,8.88608081772121,9.137659902238598,9.999999997636392,9.999430449318048,-9.99999999983243
Diseased-foot-9_jpg.rf.682ce915347993a671da52b3be60de48.jpg,sakit,0,75.57830810546875,79.97755432128906,80.35906982421875,48.978668212890625,14.721359252929688,83.93403625488281,75.4014663696289,27.522422790527344,101.39786529541016,767.0621060857715,0.6468022752349843,0.9579047307598855,0.5681574980161695,8.32864309760429,0.3228115971184775,0.581085205078125,0.0,0.0027313232421875,0.0436859130859375,0.0610809326171875,0.178314208984375,0.0674896240234375,0.06561279296875,0.581085205078125,0.0,6.103515625e-05,0.0037384033203125,0.0725250244140625,0.175445556640625,0.0742340087890625,0.0929107666015625,0.581085205078125,0.0,0.0006866455078125,0.0106658935546875,0.0793304443359375,0.1468048095703125,0.0703582763671875,0.1110687255859375,2.834210662843389,6.352259480149865,8.885195333839695,9.136317787010972,9.999999997620403,9.999414974235302,-9.999999999840503
FMD-Knuckles-_1-Copy_jpeg.rf.a6c0b0bbd7efde45389b55a85282afe2.jpg,sakit,0,89.01144409179688,87.43907165527344,80.91780090332031,29.027740478515625,11.357009887695312,89.79122924804688,53.399227142333984,18.941396713256836,107.21986389160156,3477.90823145003,0.5819705621287984,0.8395445615499181,0.5312093506531257,22.687782552079472,0.2822899862459424,0.581787109375,0.0,0.0,0.0,0.0105133056640625,0.0884246826171875,0.1633148193359375,0.1559600830078125,0.581787109375,0.0,0.0,0.0,0.0027618408203125,0.126068115234375,0.15380859375,0.1355743408203125,0.581787109375,0.0,0.0001220703125,0.0068359375,0.0612030029296875,0.145843505859375,0.10931396484375,0.0948944091796875,2.7941659423731657,6.440431237937223,8.83913437914292,9.409869008623543,-9.999999999806722,-9.999482527879625,-9.999999999240051
FMD-Knuckles-_144-Copy_jpeg.rf.8731ac1b8203c1084e09c96c25724cce.jpg,sakit,0,115.42135620117188,112.31773376464844,107.79983520507812,44.905914306640625,18.930419921875,119.02821350097656,74.93781280517578,19.30543327331543,89.64897918701172,4039.4674132001546,0.33297736701612307,0.7227370811895324,0.2723442257232418,31.8021674127129,0.0742776533733408,0.3528900146484375,0.0,0.000518798828125,0.011016845703125,0.1363525390625,0.290130615234375,0.2001953125,0.0088958740234375,0.3528900146484375,0.0,0.0,0.007110595703125,0.18817138671875,0.2996826171875,0.140655517578125,0.0114898681640625,0.3528900146484375,0.0,3.0517578125e-05,0.0464630126953125,0.2184906005859375,0.2711944580078125,0.0963592529296875,0.0145721435546875,2.974022307924664,7.5792774576220125,9.933630510910158,9.994366601554503,9.999999999999975,9.999999611104,-9.999999999999993
FMD-Knuckles-_152_jpeg.rf.d80182ccd7da06ca6203f45d04629c57.jpg,sakit,0,119.28688049316406,115.02528381347656,107.99015808105469,42.008087158203125,23.37591552734375,121.39714050292969,54.99105453491211,23.645954132080078,83.6326904296875,1593.91195299357,0.3407157423234455,0.8765136081464822,0.26946102989586546,17.463802405088042,0.07272812659118863,0.3089141845703125,0.0,7.62939453125e-05,0.02923583984375,0.175628662109375,0.3258209228515625,0.1465606689453125,0.013763427734375,0.3089141845703125,0.0,0.0,0.05645751953125,0.2386016845703125,0.2657470703125,0.1135101318359375,0.0167694091796875,0.3089141845703125,0.0,0.00274658203125,0.1395111083984375,0.2518310546875,0.1899261474609375,0.0914306640625,0.0156402587890625,3.0625950612210606,8.696805585955046,9.918934692514497,9.97170485497353,-9.999999999999808,9.999999384744891,-9.999999999999716
FMD-Knuckles-_155_jpeg.rf.09c767669dfde6e4d89320485ad147a4.jpg,sakit,0,68.51005554199219,68.57167053222656,70.56924438476562,69.84426879882812,10.3758544921875,73.37178039550781,111.2616195678711,17.791330337524414,100.22724151611328,912.2806861098379,0.6553236341858208,0.9488358178366548,0.6224551880665498,9.653113116329308,0.3874820328032511,0.6419830322265625,0.0,0.0,0.01080322265625,0.0740966796875,0.0975799560546875,0.0875396728515625,0.0879974365234375,0.6419830322265625,0.0,0.0,0.002227783203125,0.072540283203125,0.1024169921875,0.1065673828125,0.0742645263671875,0.6419830322265625,0.0,0.0005035400390625,0.0145263671875,0.0497894287109375,0.0803680419921875,0.1142425537109375,0.0985870361328125,2.8974448644285733,6.480240830086821,9.429591585519834,9.89982489168077,9.999999999996653,9.999950380425956,9.999999999991148
FMD-Knuckles-_183_jpeg.rf.8716e58777da89cb517b31e275868c1a.jpg,sakit,0,102.81517028808594,102.58341979980469,93.71485900878906,40.935302734375,15.897415161132812,105.39115905761719,54.53620529174805,19.616653442382812,104.1631851196289,4056.3265516328847,0.4780715642370479,0.8004390585067377,0.4192330481229267,28.557278670296473,0.17615428017218138,0.48345947265625,0.0,0.0,0.0,0.0410308837890625,0.170257568359375,0.1840667724609375,0.121185302734375,0.48345947265625,0.0,0.0,0.0,0.078399658203125,0.14892578125,0.1501007080078125,0.1391143798828125,0.48345947265625,0.0,7.62939453125e-05,0.0227508544921875,0.132781982421875,0.1570587158203125,0.129241943359375,0.0746307373046875,2.9850754433149556,7.672662930947827,9.752765560609218,9.912934489339325,9.999999999998927,-9.999995743622005,-9.99999999999617
FMD-Knuckles-_192_jpeg.rf.4871a640e847028768f94b1222f50303.jpg,sakit,0,103.77558898925781,101.61271667480469,96.77421569824219,63.392181396484375,20.039688110351562,107.38706970214844,85.87104034423828,23.52715492248535,88.42433166503906,2733.523973462977,0.40052537809509553,0.8053078846316518,0.3315590755742528,23.076170776929075,0.11011279162063846,0.3904571533203125,0.0,0.0,0.006195068359375,0.2764892578125,0.189605712890625,0.095977783203125,0.0412750244140625,0.3904571533203125,0.0,0.0,0.00164794921875,0.287872314453125,0.223358154296875,0.0703125,0.0263519287109375,0.3904571533203125,0.0,0.000579833984375,0.0687713623046875,0.2659454345703125,0.196929931640625,0.0691986083984375,0.00811767578125,2.91178848764628,7.230151920512567,9.956080204815885,9.922618423215601,9.999999999998913,-9.999991855122554,-9.999999999999444
FMD-Knuckles-_201_jpeg.rf.ac980f8d6fde51b9ec61e07277b6336b.jpg,sakit,0,76.96762084960938,73.94683837890625,72.82453918457031,45.63201904296875,11.086669921875,78.50205993652344,87.82847595214844,15.608436584472656,88.01463317871094,2349.223150513613,0.5248663924024158,0.8335144959862936,0.48430442744136876,20.991030259948612,0.2348156198038359,0.5438079833984375,0.0,0.0,0.0201873779296875,0.1576995849609375,0.200042724609375,0.0600738525390625,0.0181884765625,0.5438079833984375,0.0,1.52587890625e-05,0.0605010986328125,0.1630401611328125,0.171356201171875,0.0381317138671875,0.0231475830078125,0.5438079833984375,0.0,0.001220703125,0.0804290771484375,0.1668243408203125,0.1398468017578125,0.0365142822265625,0.0313568115234375,2.880396096159113,6.815035997183382,9.778896497363515,9.958766849494875,-9.999999999998893,-9.99999270818531,-9.999999999999899
FMD-Knuckles-_204_jpeg.rf.53149a77f660ee57b801821985b56070.jpg,sakit,0,104.6053466796875,98.18363952636719,95.0126953125,39.965789794921875,14.865402221679688,105.31439208984375,79.91365814208984,17.61202049255371,95.47386169433594,2105.0530083895674,0.5043099225142594,0.8710583822719687,0.40732623182157185,16.092351038409436,0.16599128877462885,0.4444580078125,0.0,0.0,0.0,0.0382080078125,0.2766265869140625,0.211517333984375,0.0291900634765625,0.4444580078125,0.0,0.0,0.0,0.122772216796875,0.307281494140625,0.1138763427734375,0.0116119384765625,0.4444580078125,0.0,0.0,0.000213623046875,0.2072906494140625,0.2426300048828125,0.0897979736328125,0.0156097412109375,2.8253258865123327,7.8227240189012095,9.859693494477163,9.805495919978666,9.999999999992607,-9.999984974697185,9.999999999991337
FMD-Knuckles-_208_jpeg.rf.209ee7f4f5439cf0577004f6e9204505.jpg,sakit,0,59.98976135253906,57.654998779296875,57.13848876953125,35.62994384765625,8.502532958984375,61.66033935546875,85.18722534179688,16.87002182006836,89.59339904785156,3970.830136312104,0.6201549831470444,0.7245044244008261,0.5960667661123039,27.37865764604932,0.3554721512770164,0.6711273193359375,0.0,0.0,0.003387451171875,0.0750274658203125,0.148162841796875,0.0594482421875,0.0428466796875,0.6711273193359375,0.0,0.0,0.00018310546875,0.119873046875,0.1320953369140625,0.0444183349609375,0.0323028564453125,0.6711273193359375,0.0,3.0517578125e-05,0.004241943359375,0.125518798828125,0.11859130859375,0.048553466796875,0.0319366455078125,2.813759017249422,7.058920296084386,9.477802378933522,9.89721123526685,9.999999999992088,-9.999969751772008,9.999999999995415
FMD-Knuckles-_208_jpeg.rf.209ee7f4f5439cf0577004f6e9204505.jpg,sakit,0,60.53392028808594,58.23150634765625,57.69615173339844,36.224090576171875,8.714752197265625,62.31257629394531,85.71276092529297,17.384519577026367,90.24239349365234,4597.872925465321,0.6070820783803231,0.685112525004238,0.5856499385598449,31.03361347324025,0.34311346425736144,0.6695098876953125,0.0,0.0,0.0041961669921875,0.0733184814453125,0.146331787109375,0.0607757568359375,0.045867919921875,0.6695098876953125,0.0,0.0,0.0002288818359375,0.1183624267578125,0.1295013427734375,0.0481109619140625,0.0342864990234375,0.6695098876953125,0.0,6.103515625e-05,0.0045623779296875,0.1231231689453125,0.11761474609375,0.05084228515625,0.0342864990234375,2.8116006300314558,7.068913244432268,9.472262971520575,9.89447412837552,9.999999999991747,-9.999969047418386,9.999999999995008
FMD-Knuckles-_210_jpeg.rf.96613305f968eb7b13dd5a6aa7b8d05f.jpg,sakit,0,61.22254943847656,53.32786560058594,46.17486572265625,21.908599853515625,25.954635620117188,62.36036682128906,45.94591522216797,39.913665771484375,83.0433349609375,1283.9341508192142,0.628872197019455,0.8797574917237926,0.5818531726018431,13.255766248052117,0.33865462719950784,0.6240997314453125,0.0,0.000244140625,0.0690765380859375,0.1229095458984375,0.1021270751953125,0.0514678955078125,0.0300750732421875,0.6240997314453125,0.0,0.0004119873046875,0.1333770751953125,0.1658172607421875,0.0490570068359375,0.0182342529296875,0.009002685546875,0.6240997314453125,0.0030670166015625,0.0736846923828125,0.16119384765625,0.084716796875,0.0391693115234375,0.0086517333984375,0.0054168701171875,2.8547206046319165,7.268232785507789,9.528820497906494,9.878929922521234,9.999999999992891,-9.999973545536365,9.999999999991498
FMD-Knuckles-_216_jpeg.rf.44394318bb06f66f542b3343bf79463c.jpg,sakit,0,107.09912109375,102.90180969238281,97.15110778808594,59.195037841796875,29.120681762695312,112.26490783691406,82.0555419921875,28.781612396240234,89.00005340576172,3040.6517505126553,0.36192221002646296,0.7749559155020244,0.30643192031482086,26.29659808587078,0.09434807564326612,0.372650146484375,0.0,0.0,0.0325775146484375,0.1751556396484375,0.2822265625,0.1311187744140625,0.0062713623046875,0.372650146484375,0.0,0.0,0.0478057861328125,0.240875244140625,0.243011474609375,0.083221435546875,0.0124359130859375,0.373046875,0.0009002685546875,0.0107879638671875,0.1353607177734375,0.235015869140625,0.1391754150390625,0.0722503662109375,0.0334625244140625,3.0019507136501,8.38282395477094,9.970882287248175,9.905896962836072,9.999999999999847,-9.999997237113254,9.999999999998648
FMD-Knuckles-_225_jpeg.rf.0e0efefc55ca171a1137b34a35cfdcc8.jpg,sakit,0,76.57537841796875,72.44654846191406,68.402587890625,41.93487548828125,19.817657470703125,77.68162536621094,70.2149658203125,24.661542892456055,71.57742309570312,1282.4200222279164,0.4650354819648003,0.8611768929670919,0.3920857767829438,15.224918198437079,0.15387779706073768,0.4414825439453125,0.0,0.01239013671875,0.1885986328125,0.2995147705078125,0.039703369140625,0.005096435546875,0.013214111328125,0.4414825439453125,0.0,0.0164337158203125,0.273406982421875,0.2233734130859375,0.0279083251953125,0.004119873046875,0.013275146484375,0.4414825439453125,0.0,0.082305908203125,0.2857208251953125,0.145477294921875,0.0283203125,0.003753662109375,0.012939453125,2.994021208016099,7.241839529119444,9.471240966354078,9.854029035978309,9.999999999983212,9.999991600645343,9.999999999997941
FMD-Knuckles-_24-Copy_jpeg.rf.c7c41b90b34789945d5660418a885473.jpg,sakit,0,128.3739013671875,126.61763000488281,125.12129211425781,75.419677734375,7.89501953125,129.8237762451172,104.60834503173828,14.608216285705566,106.82457733154297,2945.5637685797014,0.4302888404168917,0.8661590047859588,0.35206200280269356,21.61284925838079,0.12402710993485926,0.396331787109375,0.0,0.0,0.0,0.0091400146484375,0.121673583984375,0.22821044921875,0.2446441650390625,0.396331787109375,0.0,0.0,0.0,0.02978515625,0.12884521484375,0.21148681640625,0.233551025390625,0.396331787109375,0.0,1.52587890625e-05,0.0075531005859375,0.0543670654296875,0.1088409423828125,0.2042388916015625,0.2286529541015625,2.8953527116102635,7.719270059575983,9.959880991310454,9.999213115227557,-9.999999999999998,9.999999891500224,10.0
FMD-Knuckles-_25-Copy_jpeg.rf.67c459d4fed6da714e97423457b3287c.jpg,sakit,0,127.41490173339844,97.34352111816406,55.94482421875,28.98883056640625,94.92056274414062,128.56320190429688,38.58315658569336,75.3023452758789,96.96778106689453,1351.7171780824635,0.3988286498322871,0.887753626905153,0.31545436646555675,15.04123183148405,0.09957830922609512,0.3527679443359375,0.0,0.000518798828125,0.012054443359375,0.0452423095703125,0.1891937255859375,0.3069305419921875,0.093292236328125,0.3527679443359375,0.0,0.001983642578125,0.1105194091796875,0.3374176025390625,0.1588134765625,0.0226593017578125,0.015838623046875,0.3545684814453125,0.1222991943359375,0.383331298828125,0.06781005859375,0.032073974609375,0.031707763671875,0.00811767578125,9.1552734375e-05,3.067413964875142,7.883642520358001,9.803869498772169,9.964517268879291,9.99999999999938,-9.999999576491255,-9.99999999999947
FMD-Knuckles-_33-Copy_jpeg.rf.f8bc77dfb4b224463f72b89763e2d9bc.jpg,sakit,0,50.61540222167969,43.80287170410156,36.470062255859375,18.85791015625,27.643142700195312,50.80986022949219,41.62529373168945,43.064327239990234,67.47267150878906,954.1674846807481,0.6197654026796383,0.8681171652067694,0.5793786174915515,12.280072755565989,0.3357741585963099,0.6237640380859375,0.0,0.015777587890625,0.1569976806640625,0.1367340087890625,0.052734375,0.0138397216796875,0.000152587890625,0.6237640380859375,0.0001220703125,0.0970916748046875,0.16058349609375,0.0885162353515625,0.0291290283203125,0.00079345703125,0.0,0.624298095703125,0.04736328125,0.1564178466796875,0.10821533203125,0.04791259765625,0.014801025390625,0.0009918212890625,0.0,2.90150630381819,8.594654350742521,9.556614711425254,9.856523486517046,-9.999999999987379,9.999996141496876,9.999999999993546
FMD-Knuckles-_34-Copy_jpeg.rf.fd915204062efe9e9bb9bff61a1ad1bb.jpg,sakit,0,92.30500793457031,80.24429321289062,62.3582763671875,15.45697021484375,34.81121826171875,92.31069946289062,19.028406143188477,48.01161193847656,111.61129760742188,1854.676765396833,0.6513732218847376,0.9071583406728675,0.5598471864785617,13.027987437058842,0.3134745472763715,0.5900726318359375,0.0,0.0,0.0,0.0,0.0164947509765625,0.186065673828125,0.207366943359375,0.5900726318359375,0.0,0.0,0.0,0.06585693359375,0.140167236328125,0.0994873046875,0.1044158935546875,0.5900726318359375,0.000152587890625,0.0226898193359375,0.125030517578125,0.0963592529296875,0.07763671875,0.049591064453125,0.0384674072265625,2.8339195892625892,7.480408897721701,9.468958418534866,9.246642785251842,-9.999999999337982,-9.999657075761718,-9.999999999854275
FMD-Knuckles-_41-Copy_jpeg.rf.58042bb1462d3f09371ebf6ec19eca08.jpg,sakit,0,93.35494995117188,89.60914611816406,87.24526977539062,38.56378173828125,13.914657592773438,95.16949462890625,74.17438507080078,17.81391143798828,91.80966186523438,2977.0675032441554,0.44857855549840236,0.8049627067392846,0.4060579338698553,24.999887397754335,0.16515695338067746,0.4681396484375,0.0,0.0,0.0179290771484375,0.143341064453125,0.2135772705078125,0.136260986328125,0.020751953125,0.4681396484375,0.0,0.0,0.0363922119140625,0.180023193359375,0.203033447265625,0.092193603515625,0.0202178955078125,0.4681396484375,0.0005340576171875,0.00103759765625,0.0622100830078125,0.190093994140625,0.1826934814453125,0.0683746337890625,0.02691650390625,2.9753385418507876,8.692026856093301,9.887267578259355,9.877569050406926,-9.999999999997717,-9.999995541316567,9.999999999996245
FMD-Knuckles-_43-Copy_jpeg.rf.bf5277a8092f2021137c0fc93b88fa9b.jpg,sakit,0,115.0704345703125,112.84928894042969,107.35661315917969,41.66650390625,14.253280639648438,116.55766296386719,61.9190788269043,19.06495475769043,91.45953369140625,3427.4409809911103,0.35531116552862957,0.7841188026976759,0.30616774971915467,28.324653731199778,0.09384803196096858,0.3702545166015625,0.0,4.57763671875e-05,0.0101776123046875,0.1168365478515625,0.25628662109375,0.211944580078125,0.034454345703125,0.3702545166015625,0.0,0.0,0.0074462890625,0.1532745361328125,0.25164794921875,0.188018798828125,0.02935791015625,0.3702545166015625,7.62939453125e-05,0.0020294189453125,0.056365966796875,0.1716766357421875,0.2317657470703125,0.1477203369140625,0.020111083984375,2.9524368824301055,7.747630203708028,9.825712337394114,9.851551651361703,9.999999999992088,9.999993305725301,9.999999999999346
FMD-Knuckles-_48-Copy_jpeg.rf.8120ad7a99c9b3aa9c597f73cef43d01.jpg,sakit,0,93.7227783203125,87.85575866699219,81.2947998046875,38.00225830078125,21.130508422851562,95.30702209472656,71.98692321777344,27.484037399291992,97.96846008300781,3327.334588786421,0.48202917412166957,0.802478290441235,0.4403565962299756,25.967529293452213,0.19413677609539337,0.503082275390625,3.0517578125e-05,0.0003662109375,0.0004425048828125,0.07537841796875,0.2084197998046875,0.15228271484375,0.05999755859375,0.503082275390625,0.0,0.0,0.0027618408203125,0.16656494140625,0.177764892578125,0.1053009033203125,0.044525146484375,0.503082275390625,0.0,0.0033416748046875,0.086395263671875,0.164825439453125,0.121246337890625,0.0828399658203125,0.03826904296875,2.854644364834698,8.7333967343282,9.829029563966357,9.870333859955535,9.999999999995833,9.999993819593849,9.999999999995422
FMD-Knuckles-_53-Copy_jpeg.rf.a2ab4ce5cb80267879355caa72979699.jpg,sakit,0,89.31448364257812,83.97358703613281,80.91030883789062,38.422119140625,14.91583251953125,90.4937744140625,72.1684799194336,20.838476181030273,90.58070373535156,3043.5256162277437,0.45861432592888646,0.7900997993309669,0.4175551948915721,25.573472924662877,0.17454553774994833,0.488067626953125,0.0,0.0,0.0079193115234375,0.182342529296875,0.1589202880859375,0.1335296630859375,0.0292205810546875,0.488067626953125,0.0,0.0,0.008453369140625,0.250396728515625,0.1591949462890625,0.0918731689453125,0.00201416015625,0.488067626953125,0.0,1.52587890625e-05,0.0387725830078125,0.2476348876953125,0.1769561767578125,0.0479888916015625,0.0005645751953125,2.913573854943215,7.703264777159032,9.535957766472574,9.865529344316611,9.999999999996431,-9.999981127895712,9.999999999987368
FMD-Knuckles-_54-Copy_jpeg.rf.99ae59840ac60a16331a3077ed782973.jpg,sakit,0,111.78791809082031,107.05633544921875,106.22453308105469,87.79046630859375,11.746856689453125,112.96078491210938,122.79867553710938,14.160843849182129,96.65663146972656,4782.026799821494,0.35023584490773135,0.7228484447834821,0.32027483277649177,37.4999330424221,0.10277976314675154,0.4061126708984375,0.0,0.0,0.004547119140625,0.1358184814453125,0.174713134765625,0.1692657470703125,0.1095428466796875,0.4061126708984375,0.0,0.0,0.015411376953125,0.1671142578125,0.1809234619140625,0.171661376953125,0.05877685546875,0.4061126708984375,0.0,0.0,0.0181427001953125,0.16290283203125,0.194122314453125,0.17425537109375,0.044464111328125,2.973603791702045,7.2876806855031555,9.882622392244631,9.886966966540427,-9.999999999998789,9.999999209032731,-9.99999999999627
FMD-Knuckles-_57_jpeg.rf.0d19b8c85bb0dc34a0c97e457f187e2a.jpg,sakit,0,36.52333068847656,31.832183837890625,26.881912231445312,11.8421630859375,19.059036254882812,36.74092102050781,29.08250617980957,38.43331527709961,63.379798889160156,827.1422985716739,0.7234976272895749,0.8731636216296915,0.699918634038331,10.088673110550975,0.48995990365177594,0.7368927001953125,0.0,0.01025390625,0.1006622314453125,0.0901947021484375,0.0411376953125,0.02069091796875,0.0001678466796875,0.7368927001953125,0.0,0.074737548828125,0.0874786376953125,0.0591888427734375,0.0363311767578125,0.00531005859375,6.103515625e-05,0.7370758056640625,0.0399017333984375,0.095306396484375,0.0568389892578125,0.0458831787109375,0.0214996337890625,0.00341796875,7.62939453125e-05,2.7648775438348396,5.9953736045970425,9.348878522286833,9.596784880330558,9.999999999928779,9.999517237613338,-9.999999999864167
FMD-Knuckles-_64-Copy_jpeg.rf.117a77252cd52b1bb5b67f6465d5aa4f.jpg,sakit,0,137.7466278076172,118.8011474609375,95.02543640136719,20.619140625,48.90574645996094,137.7466278076172,16.470407485961914,43.643714904785156,110.31775665283203,2788.2328840446353,0.44701529984502725,0.8551086386443455,0.34246122665348383,19.47203532152898,0.11737020131411306,0.3865509033203125,0.0,0.0,0.0,0.0,0.0218963623046875,0.2446136474609375,0.3469390869140625,0.3865509033203125,0.0,0.0,0.0,0.0102081298828125,0.3113861083984375,0.2078094482421875,0.08404541015625,0.3865509033203125,0.0,0.001556396484375,0.11865234375,0.2514190673828125,0.1436309814453125,0.09796142578125,0.0002288818359375,2.95516480834573,7.673457114981108,9.944480115470835,9.76160852419493,-9.999999999996472,-9.999960668770578,9.999999999990608
FMD-Knuckles-_7-Copy_jpeg.rf.1df23e54b2e811276749502dc5d1ba9f.jpg,sakit,0,98.28410339355469,93.37246704101562,89.25968933105469,41.065216064453125,20.518890380859375,100.87692260742188,75.20194244384766,26.05438995361328,88.74927520751953,5205.487836647913,0.3468403960363056,0.623982240483575,0.3108169059101846,40.372111192303215,0.0970183955980433,0.4224853515625,0.0,0.0,0.0188140869140625,0.235260009765625,0.178314208984375,0.115753173828125,0.0293731689453125,0.4224853515625,0.0,0.0,0.03399658203125,0.27862548828125,0.1703643798828125,0.081268310546875,0.0132598876953125,0.4242706298828125,0.00164794921875,0.003173828125,0.0979461669921875,0.2376251220703125,0.162353515625,0.0686492919921875,0.00433349609375,2.8995237163733707,8.11127961097639,9.971768085246845,9.942281941649465,9.999999999999954,-9.999999364167307,-9.999999999999398
FMD-foot-lesions-10-150x225.jpg,sakit,0,68.47552490234375,48.05793762207031,43.52470397949219,32.849578857421875,35.92558288574219,68.62351989746094,93.01292419433594,52.36088943481445,92.3684310913086,492.18804594730074,0.6611274107550202,0.9539222868609921,0.6093458216011872,7.018382102292887,0.37136504473343446,0.6328887939453125,0.0,1.52587890625e-05,0.026214599609375,0.0583038330078125,0.0908355712890625,0.1448822021484375,0.0468597412109375,0.6328887939453125,0.0,0.0477752685546875,0.1377410888671875,0.1161956787109375,0.0464935302734375,0.018829345703125,7.62939453125e-05,0.6328887939453125,0.0062255859375,0.1294403076171875,0.1094512939453125,0.0508270263671875,0.043212890625,0.0264739990234375,0.0014801025390625,3.1040485245046128,8.275613709785716,9.99586273687627,9.964877886033499,9.999999999999986,9.999999548365665,9.999999999999897
FMD-foot-lesions-11-Copy-10-_jpg.rf.2a4e9bab39ab3df41ec9c0856e1026be.jpg,sakit,0,49.59922790527344,44.768341064453125,40.657806396484375,11.2711181640625,12.2601318359375,49.633575439453125,36.900814056396484,26.1468563079834,86.03853607177734,718.7696793404081,0.7338472658309741,0.9436686275050264,0.7171533211272264,8.796330777431352,0.5143297788641528,0.7394256591796875,0.0,0.0,0.0221099853515625,0.0443115234375,0.0558929443359375,0.0706787109375,0.0675811767578125,0.7394256591796875,0.0,4.57763671875e-05,0.0457916259765625,0.062255859375,0.0586395263671875,0.0637664794921875,0.0300750732421875,0.7394256591796875,0.0001068115234375,0.017822265625,0.0626678466796875,0.0581512451171875,0.0576324462890625,0.048980712890625,0.0152130126953125,3.1067845965846375,7.349080543994673,9.926130086150456,9.948872048617934,-9.999999999999398,9.999993255031006,-9.999999999999435
FMD-foot-lesions-11-Copy-10-_jpg.rf.2a4e9bab39ab3df41ec9c0856e1026be.jpg,sakit,0,49.68077087402344,44.8431396484375,40.75471496582031,11.393798828125,12.268310546875,49.72389221191406,37.0771369934082,26.19945526123047,86.15245819091797,815.6968678137026,0.7297830652856271,0.9362433146285224,0.7148550214461391,9.713101338037925,0.5110354697418137,0.7390289306640625,0.0,0.0,0.0221405029296875,0.0455322265625,0.055084228515625,0.0695953369140625,0.0686187744140625,0.7390289306640625,0.0,7.62939453125e-05,0.04620361328125,0.0626678466796875,0.0591278076171875,0.0613555908203125,0.0315399169921875,0.7390289306640625,0.000244140625,0.01806640625,0.06268310546875,0.058074951171875,0.0572052001953125,0.0481109619140625,0.0165863037109375,3.102174938793168,7.343822379030021,9.91955298841795,9.94191647849446,-9.99999999999932,9.99999326796389,-9.999999999999186
FMD-foot-lesions-13-150x224 (2).jpg,sakit,0,128.4516143798828,102.918701171875,99.48849487304688,82.3040771484375,43.056365966796875,128.99598693847656,135.45835876464844,36.37581253051758,94.97099304199219,1440.1391571177164,0.36164348852078243,0.8946814873980196,0.2994647163856438,17.24828976284143,0.08978564102374091,0.336334228515625,0.0,0.0,0.01141357421875,0.0807647705078125,0.2233428955078125,0.2296905517578125,0.1184539794921875,0.336334228515625,0.0,0.0013580322265625,0.14251708984375,0.2757720947265625,0.1454925537109375,0.057647705078125,0.0408782958984375,0.336334228515625,0.0,0.0142059326171875,0.173370361328125,0.2541046142578125,0.133514404296875,0.0625762939453125,0.0258941650390625,3.045730297928638,7.58036085749917,9.640201397393083,9.993842779365417,9.999999999999963,9.999998997112078,9.999999999999924
FMD-foot-lesions-13-150x224.jpg,sakit,0,128.4516143798828,102.918701171875,99.48849487304688,82.3040771484375,43.056365966796875,128.99598693847656,135.45835876464844,36.37581253051758,94.97099304199219,1440.1391571177164,0.36164348852078243,0.8946814873980196,0.2994647163856438,17.24828976284143,0.08978564102374091,0.336334228515625,0.0,0.0,0.01141357421875,0.0807647705078125,0.2233428955078125,0.2296905517578125,0.1184539794921875,0.336334228515625,0.0,0.0013580322265625,0.14251708984375,0.2757720947265625,0.1454925537109375,0.057647705078125,0.0408782958984375,0.336334228515625,0.0,0.0142059326171875,0.173370361328125,0.2541046142578125,0.133514404296875,0.0625762939453125,0.0258941650390625,3.045730297928638,7.58036085749917,9.640201397393083,9.993842779365417,9.999999999999963,9.999998997112078,9.999999999999924
FMD-foot-lesions-3-150x210.jpg,sakit,0,62.87922668457031,56.06318664550781,51.4354248046875,12.525909423828125,15.267562866210938,62.89288330078125,40.03429412841797,27.96460723876953,93.3620376586914,491.65310883463263,0.6983492006108144,0.966839406509903,0.6602389051494147,6.352264921576734,0.4359434526063121,0.6775360107421875,0.0,0.0,0.01220703125,0.050323486328125,0.076873779296875,0.0949859619140625,0.08807373046875,0.6775360107421875,0.0,0.0,0.043212890625,0.0806884765625,0.079254150390625,0.0897216796875,0.0295867919921875,0.6775360107421875,0.0,0.0132598876953125,0.0701141357421875,0.0796661376953125,0.073577880859375,0.07342529296875,0.012420654296875,3.1203554502003263,7.388362933272929,9.982554867090034,9.927873947584265,-9.999999999999734,9.999987925963648,-9.99999999999938
FMD-foot-lesions-4-150x121 (2).jpg,sakit,0,131.9552764892578,101.006591796875,98.85650634765625,102.78585815429688,47.32185363769531,132.099853515625,149.97674560546875,44.42952346801758,95.37982940673828,606.356681118622,0.40014161091401745,0.9531955814088541,0.30664950006777014,9.841945925652142,0.09408264655881882,0.324615478515625,0.0,6.103515625e-05,0.0173492431640625,0.0862579345703125,0.1855926513671875,0.23675537109375,0.1493682861328125,0.324615478515625,3.0517578125e-05,0.02581787109375,0.1657562255859375,0.2190093994140625,0.1864776611328125,0.0753631591796875,0.0029296875,0.324615478515625,4.57763671875e-05,0.0771331787109375,0.1646881103515625,0.1708831787109375,0.154205322265625,0.1044158935546875,0.0040130615234375,3.087502638569997,7.397134540068129,9.871157431875877,9.979442055742373,9.999999999999924,9.999998966270955,9.999999999999739
FMD-foot-lesions-4-150x121.jpg,sakit,0,131.9552764892578,101.006591796875,98.85650634765625,102.78585815429688,47.32185363769531,132.099853515625,149.97674560546875,44.42952346801758,95.37982940673828,606.356681118622,0.40014161091401745,0.9531955814088541,0.30664950006777014,9.841945925652142,0.09408264655881882,0.324615478515625,0.0,6.103515625e-05,0.0173492431640625,0.0862579345703125,0.1855926513671875,0.23675537109375,0.1493682861328125,0.324615478515625,3.0517578125e-05,0.02581787109375,0.1657562255859375,0.2190093994140625,0.1864776611328125,0.0753631591796875,0.0029296875,0.324615478515625,4.57763671875e-05,0.0771331787109375,0.1646881103515625,0.1708831787109375,0.154205322265625,0.1044158935546875,0.0040130615234375,3.087502638569997,7.397134540068129,9.871157431875877,9.979442055742373,9.999999999999924,9.999998966270955,9.999999999999739
FMD-foot-lesions-4-Copy-10-_jpg.rf.1b97f766980c72d0b27c2310dcc142b1.jpg,sakit,0,133.74993896484375,100.23762512207031,97.73501586914062,98.0880126953125,49.29161071777344,133.93736267089844,147.44512939453125,48.25960159301758,100.94624328613281,1477.1433643758455,0.35474821540181606,0.895576745822045,0.3109542409947154,18.646400520795797,0.09675570518681376,0.3450164794921875,0.0,7.62939453125e-05,0.0101318359375,0.0667572021484375,0.1478729248046875,0.21160888671875,0.218536376953125,0.3450164794921875,0.000152587890625,0.0223236083984375,0.1597900390625,0.1849212646484375,0.183258056640625,0.0925140380859375,0.01202392578125,0.3450164794921875,0.0012969970703125,0.081329345703125,0.146148681640625,0.146697998046875,0.1491241455078125,0.1147918701171875,0.015594482421875,3.0760196889061127,7.416230386266565,9.868838014813782,9.979919831501375,9.999999999999961,9.999999339542585,9.999999999999737
FMD-foot-lesions-4-Copy-10-_jpg.rf.1b97f766980c72d0b27c2310dcc142b1.jpg,sakit,0,133.12905883789062,99.72879028320312,97.2073974609375,97.416015625,49.01942443847656,133.33326721191406,147.05126953125,48.52112579345703,101.65989685058594,1673.8241474541808,0.3538586897824006,0.8832599509972167,0.3137082068200569,20.278895547110263,0.0984706507807787,0.3507232666015625,0.0,6.103515625e-05,0.008941650390625,0.0645294189453125,0.144927978515625,0.2081146240234375,0.2227020263671875,0.3507232666015625,7.62939453125e-05,0.0212860107421875,0.1585845947265625,0.179473876953125,0.1827392578125,0.093597412109375,0.013519287109375,0.3507232666015625,0.0016021728515625,0.0806427001953125,0.1416473388671875,0.145477294921875,0.1469268798828125,0.1161346435546875,0.016845703125,3.071328430674982,7.4060410030872275,9.866267668207762,9.980318741970306,9.999999999999975,9.999999514923806,9.99999999999974
FMD-foot-lesions-6-150x203.jpg,sakit,0,92.62948608398438,92.79754638671875,85.31755065917969,34.690155029296875,11.96258544921875,93.78213500976562,47.2504768371582,19.302946090698242,100.95857238769531,1446.2677479379154,0.5684139367849423,0.9265495518096386,0.4962161947110166,13.482440980617556,0.2463076837175007,0.5249176025390625,0.0,0.0,0.0,0.0757293701171875,0.1446990966796875,0.16021728515625,0.0944366455078125,0.5249176025390625,0.0,0.0,0.0003204345703125,0.0870361328125,0.119720458984375,0.1656341552734375,0.1023712158203125,0.5249176025390625,0.001708984375,0.006378173828125,0.032257080078125,0.10198974609375,0.157806396484375,0.1063690185546875,0.068572998046875,2.8995921847465587,7.486090379245513,9.08063515779531,9.361311394425726,9.999999999383093,9.999872815226883,9.999999999628008
FMD-foot-lesions-7-150x191 (1).jpg,sakit,0,138.6859893798828,130.6664581298828,100.81779479980469,34.579620361328125,50.09779357910156,138.80630493164062,32.14964294433594,48.479034423828125,101.43962097167969,1033.9245393314425,0.4267137491011384,0.9443117448015457,0.31126247936976487,12.146316567369782,0.09693713605573695,0.3320159912109375,0.0,0.0,0.000946044921875,0.049102783203125,0.1724700927734375,0.22796630859375,0.217498779296875,0.3320159912109375,0.0,0.0,0.0163421630859375,0.1004638671875,0.2193603515625,0.1546478271484375,0.1771697998046875,0.3320465087890625,0.010986328125,0.09002685546875,0.1771240234375,0.143035888671875,0.065460205078125,0.0764923095703125,0.104827880859375,3.0705228242110607,7.502824202504298,9.83054385871348,9.967752848956097,9.99999999999983,9.999995543986843,-9.999999999999382
FMD-foot-lesions-7-150x191.jpg,sakit,0,138.6859893798828,130.6664581298828,100.81779479980469,34.579620361328125,50.09779357910156,138.80630493164062,32.14964294433594,48.479034423828125,101.43962097167969,1033.9245393314425,0.4267137491011384,0.9443117448015457,0.31126247936976487,12.146316567369782,0.09693713605573695,0.3320159912109375,0.0,0.0,0.000946044921875,0.049102783203125,0.1724700927734375,0.22796630859375,0.217498779296875,0.3320159912109375,0.0,0.0,0.0163421630859375,0.1004638671875,0.2193603515625,0.1546478271484375,0.1771697998046875,0.3320465087890625,0.010986328125,0.09002685546875,0.1771240234375,0.143035888671875,0.065460205078125,0.0764923095703125,0.104827880859375,3.0705228242110607,7.502824202504298,9.83054385871348,9.967752848956097,9.99999999999983,9.999995543986843,-9.999999999999382
FMD-foot-lesions-9-150x193 (2).jpg,sakit,0,111.76698303222656,101.1995849609375,86.05259704589844,24.843475341796875,30.735565185546875,111.81454467773438,45.63029861450195,35.31964111328125,111.63530731201172,1034.8287687059244,0.5607687194639239,0.9514283329212286,0.4663310282866168,9.900593482723206,0.21752772244360907,0.4901275634765625,0.0,0.0,0.0,0.01898193359375,0.085052490234375,0.137298583984375,0.2685394287109375,0.4901275634765625,0.0,0.0,0.0068511962890625,0.071014404296875,0.1136627197265625,0.199249267578125,0.1190948486328125,0.4901275634765625,0.0,0.011260986328125,0.059722900390625,0.1199188232421875,0.19549560546875,0.086944580078125,0.036529541015625,3.0661141147521493,7.321163898552884,9.893433757006763,9.9246346170052,-9.999999999998156,9.99999907729462,-9.999999999999584
FMD-foot-lesions-9-150x193.jpg,sakit,0,111.76698303222656,101.1995849609375,86.05259704589844,24.843475341796875,30.735565185546875,111.81454467773438,45.63029861450195,35.31964111328125,111.63530731201172,1034.8287687059244,0.5607687194639239,0.9514283329212286,0.4663310282866168,9.900593482723206,0.21752772244360907,0.4901275634765625,0.0,0.0,0.0,0.01898193359375,0.085052490234375,0.137298583984375,0.2685394287109375,0.4901275634765625,0.0,0.0,0.0068511962890625,0.071014404296875,0.1136627197265625,0.199249267578125,0.1190948486328125,0.4901275634765625,0.0,0.011260986328125,0.059722900390625,0.1199188232421875,0.19549560546875,0.086944580078125,0.036529541015625,3.0661141147521493,7.321163898552884,9.893433757006763,9.9246346170052,-9.999999999998156,9.99999907729462,-9.999999999999584
FMD-foot-lesions-9_jpg.rf.531e95121d9a237adaaa74144862d71a.jpg,sakit,0,101.03659057617188,91.15008544921875,77.13815307617188,24.7135009765625,31.807449340820312,101.1051025390625,45.68986511230469,37.09699249267578,101.89505767822266,1159.6396858378364,0.5227657835402454,0.9345098951537029,0.4585768065058991,12.691287868776827,0.2103749123498969,0.4917449951171875,0.0,0.0,0.0082855224609375,0.0642242431640625,0.1114349365234375,0.181488037109375,0.142822265625,0.4917449951171875,0.0,0.0006866455078125,0.0509796142578125,0.0882720947265625,0.167510986328125,0.142059326171875,0.058746337890625,0.4917755126953125,0.001495361328125,0.0394744873046875,0.088623046875,0.1548919677734375,0.162017822265625,0.040191650390625,0.0215301513671875,3.0789891213228415,7.060206617796913,9.970941292693118,9.9471948696709,-9.999999999999483,9.999988064633218,9.999999999999876
FMD-foot-lesions-9_jpg.rf.5e120a4fab553082a463b789d5ae295a.jpg,sakit,0,114.69740295410156,103.9058837890625,88.46748352050781,25.98297119140625,31.566787719726562,114.79130554199219,47.64491653442383,35.895999908447266,111.46844482421875,1788.749874721919,0.5053369190192479,0.9158856493456743,0.4381822898989556,16.08493636401684,0.19207297264834633,0.4752044677734375,0.0,0.0,4.57763671875e-05,0.02325439453125,0.0938262939453125,0.1344451904296875,0.273223876953125,0.4752044677734375,0.0,0.0,0.0108642578125,0.074462890625,0.1208648681640625,0.19171142578125,0.12689208984375,0.4752044677734375,0.0002288818359375,0.013580322265625,0.0634307861328125,0.12677001953125,0.1863555908203125,0.0962982177734375,0.0381317138671875,3.064396985518626,7.360525085471172,9.911168765003108,9.929745874517788,-9.999999999998572,9.99999878969862,-9.999999999999474
FMD41.jpg,sakit,0,76.99290466308594,65.50096130371094,65.32807922363281,72.44247436523438,33.11279296875,80.5677490234375,121.93575286865234,43.44084167480469,84.09709167480469,1972.6306574183225,0.47316706257947244,0.815061662759177,0.41944011372472584,21.362867722242868,0.1761213016533951,0.48968505859375,0.0036468505859375,0.033416748046875,0.12994384765625,0.1466827392578125,0.10772705078125,0.0454559326171875,0.0434417724609375,0.48968505859375,0.0019683837890625,0.079132080078125,0.23907470703125,0.1123809814453125,0.033203125,0.010284423828125,0.034271240234375,0.4913330078125,0.02154541015625,0.12591552734375,0.139801025390625,0.1120147705078125,0.0535125732421875,0.01715087890625,0.038726806640625,2.9269648950915945,7.386964731787234,9.612782258047053,9.907040545334212,-9.999999999996254,-9.99998825926312,9.999999999995216
FMD42.jpg,sakit,0,66.34208679199219,65.4461669921875,59.139984130859375,34.803192138671875,17.938018798828125,69.3265380859375,59.64348602294922,28.163528442382812,91.0784912109375,1272.1460020930492,0.6262509362515764,0.9135087005174086,0.5850983842662297,12.54463744230091,0.34242668162801654,0.61846923828125,0.0,0.0,0.05242919921875,0.1177978515625,0.0745391845703125,0.07269287109375,0.0640716552734375,0.61846923828125,0.0,0.0,0.013336181640625,0.1660308837890625,0.0996856689453125,0.056793212890625,0.045684814453125,0.61846923828125,3.0517578125e-05,0.0098876953125,0.07745361328125,0.144012451171875,0.0909271240234375,0.0327301025390625,0.0264892578125,2.8755561910963396,7.1445756733964805,8.919176045783574,9.539545190542169,9.999999999674753,9.999784440084946,-9.99999999981505
FMD_005_jpg.rf.a607ab26c23a39659b417becbb86d144.jpg,sakit,0,76.15679931640625,52.38703918457031,45.07228088378906,25.193206787109375,51.561737060546875,76.15733337402344,78.68284606933594,61.8635368347168,80.49083709716797,1302.2176079159974,0.5162633471658511,0.8382218543267811,0.45981398728479306,15.843952291191522,0.21149089113044076,0.515533447265625,0.0,9.1552734375e-05,0.061492919921875,0.2031097412109375,0.1776123046875,0.038726806640625,0.0034332275390625,0.515533447265625,0.0015716552734375,0.1923675537109375,0.177490234375,0.0802001953125,0.0287933349609375,0.0028533935546875,0.001190185546875,0.5156707763671875,0.120758056640625,0.16705322265625,0.1047515869140625,0.061859130859375,0.0260772705078125,0.002593994140625,0.0012359619140625,2.9741976267005708,7.798058455039424,9.8571333507534,9.83776255210917,9.999999999992168,9.999976762384224,-9.999999999997371
FMD_008_jpg.rf.486a03cbb2d68995fce523dd8e9d23ca.jpg,sakit,0,114.84378051757812,90.04649353027344,113.24981689453125,203.1824951171875,39.57763671875,116.75888061523438,142.86460876464844,29.128765106201172,82.50843811035156,1512.561096382887,0.38736314972539404,0.8503201164432067,0.28706597979405063,15.783425743630898,0.08250277845316258,0.3275604248046875,0.0,0.0,0.000274658203125,0.1549072265625,0.4781036376953125,0.0374603271484375,0.0016937255859375,0.3275604248046875,0.0,0.0003662109375,0.2514801025390625,0.3746795654296875,0.0431671142578125,0.00213623046875,0.0006103515625,0.3275604248046875,0.0,0.0,0.016143798828125,0.1867523193359375,0.39617919921875,0.07086181640625,0.00250244140625,3.1006225949390998,7.383473773851185,9.96697665574382,9.997566472289598,-9.999999999999996,-9.999999549676927,-9.999999999999996
FMD_010_jpg.rf.04bb23b1931708a8fb0183ffb7364671.jpg,sakit,0,86.02137756347656,68.68243408203125,69.9586181640625,78.42401123046875,26.870208740234375,86.29258728027344,137.3711700439453,34.28033447265625,100.11563873291016,409.182044032179,0.6038891096378749,0.9728972114982516,0.5476995174671955,6.912672050347697,0.29999583122174367,0.561279296875,0.0,9.1552734375e-05,0.020263671875,0.0496673583984375,0.0896453857421875,0.1919708251953125,0.0870819091796875,0.561279296875,0.0,0.031005859375,0.0809783935546875,0.0993804931640625,0.148590087890625,0.0649871826171875,0.0137786865234375,0.561279296875,0.0001373291015625,0.0176849365234375,0.0850830078125,0.11187744140625,0.1290435791015625,0.073394775390625,0.0214996337890625,2.9373259042971327,6.360916009668972,9.549126993596376,9.973894167334862,-9.999999999999782,-9.999982310570315,9.999999999999122
FMD_012_jpg.rf.8f8589771189c93edc1807d1bd2a2894.jpg,sakit,0,129.67623901367188,97.60542297363281,124.06619262695312,188.95382690429688,44.33027648925781,132.2029571533203,149.7689666748047,35.73915481567383,100.1298828125,1190.2176057575232,0.4379549022580442,0.9173079645593866,0.32581028768777237,12.423269998392028,0.10622450732481654,0.3551483154296875,0.0,0.0,6.103515625e-05,0.0587158203125,0.1548614501953125,0.3048248291015625,0.1263885498046875,0.3551483154296875,0.0,0.0001373291015625,0.1467132568359375,0.2780609130859375,0.161163330078125,0.038360595703125,0.020416259765625,0.3551483154296875,0.0,0.00347900390625,0.0229949951171875,0.08270263671875,0.1878204345703125,0.2191009521484375,0.128753662109375,2.9810191201498757,7.362810926636075,9.63199316956913,9.922972729672647,-9.999999999997845,-9.999983824979461,9.999999999996295
FMD_014_jpg.rf.c6b2904b274bb96a8251e4dd9acd2ee7.jpg,sakit,0,59.85624694824219,37.860504150390625,29.239410400390625,5.250946044921875,41.00538635253906,59.85624694824219,9.330945014953613,62.483978271484375,90.04164123535156,1667.6767815507735,0.6564194129075821,0.8097620409394254,0.6291085611416009,16.269625968070034,0.3958815469266342,0.687744140625,0.0,0.0,0.0002899169921875,0.0458221435546875,0.107177734375,0.1188812255859375,0.0400848388671875,0.687744140625,0.0,0.0648651123046875,0.1284637451171875,0.08319091796875,0.0336456298828125,0.001922607421875,0.0001678466796875,0.687744140625,0.0313262939453125,0.1558990478515625,0.0874176025390625,0.0333404541015625,0.003631591796875,0.0004730224609375,0.0001678466796875,2.759410168547435,6.258050975849454,8.65044399210285,9.781021660407157,-9.999999999950802,9.9999449257398,-9.999999999905455
FMD_016_jpg.rf.e30dea55b7acb06a99ec04d85364cf71.jpg,sakit,0,103.87983703613281,68.56411743164062,57.09812927246094,7.2325439453125,56.54771423339844,103.87983703613281,11.890886306762695,59.97437286376953,107.09039306640625,1899.639185924276,0.5259436461128429,0.8552532847884265,0.4596040427749221,17.61137302541375,0.21129889701082002,0.51092529296875,0.0,0.0,0.00018310546875,0.000946044921875,0.0854644775390625,0.243316650390625,0.1591644287109375,0.51092529296875,0.0,0.0006866455078125,0.1645355224609375,0.2086029052734375,0.1113739013671875,0.0036773681640625,0.0001983642578125,0.51092529296875,0.0002593994140625,0.1214599609375,0.189453125,0.161407470703125,0.0158233642578125,0.0004730224609375,0.0001983642578125,3.0139014355883846,7.113102372397487,9.50408516572627,9.923270760388437,9.999999999994676,-9.999985858075867,9.999999999999174
FMD_027_jpg.rf.f1613382dba4091ca3b802f9269c8fed - Copy.jpg,sakit,0,54.407379150390625,52.31602478027344,41.59075927734375,15.135223388671875,19.969619750976562,55.43341064453125,28.163759231567383,36.67720031738281,88.90748596191406,2044.703916880566,0.6906980088830985,0.8539074316327618,0.6541578887706277,16.972540286499257,0.42799495093303547,0.7059173583984375,0.0,0.0001678466796875,0.0385894775390625,0.0651702880859375,0.0525970458984375,0.0499114990234375,0.087646484375,0.7059173583984375,0.0,0.000274658203125,0.0375823974609375,0.0877685546875,0.058441162109375,0.0406036376953125,0.0694122314453125,0.7059478759765625,0.0110626220703125,0.04388427734375,0.0832672119140625,0.063018798828125,0.030853271484375,0.0306549072265625,0.03131103515625,2.6289652152447642,5.841953499167276,8.550817769974937,8.85021063373173,9.999999989904325,9.993547316587549,-9.999999996311484
FMD_041_jpg.rf.b541132b95a8f052457bd5725e3463b6.jpg,sakit,0,79.66940307617188,70.47154235839844,58.49810791015625,17.90057373046875,30.824356079101562,79.75405883789062,25.156076431274414,45.21605682373047,93.91028594970703,686.6251197415887,0.6445476181771431,0.9536161931663615,0.5486684134799661,7.486560209187637,0.3010699358071067,0.569091796875,0.0,0.0,0.006072998046875,0.1023406982421875,0.1389923095703125,0.1110992431640625,0.0724029541015625,0.569091796875,0.0,0.0016937255859375,0.076904296875,0.15277099609375,0.090423583984375,0.0534210205078125,0.055694580078125,0.5701904296875,0.009307861328125,0.074554443359375,0.1512451171875,0.0668792724609375,0.0441436767578125,0.064971923828125,0.018707275390625,3.0139346949789627,6.774530702711072,9.660832083517853,9.887716691806348,9.999999999992834,-9.999954764144773,9.999999999997554
FMD_041_jpg.rf.b541132b95a8f052457bd5725e3463b6.jpg,sakit,0,79.64842224121094,70.46224975585938,58.492431640625,18.016632080078125,30.785171508789062,79.73434448242188,25.91912841796875,45.05965805053711,93.94713592529297,668.7704565153755,0.6450269790682244,0.9548556818287653,0.5493908554478902,7.328850476265772,0.3018635036351913,0.5693817138671875,0.0,0.0,0.006072998046875,0.102783203125,0.13787841796875,0.111053466796875,0.0728302001953125,0.5693817138671875,0.0,0.0015869140625,0.07672119140625,0.15240478515625,0.0904083251953125,0.0525970458984375,0.0569000244140625,0.570343017578125,0.008575439453125,0.074127197265625,0.152313232421875,0.0670318603515625,0.0438385009765625,0.0653839111328125,0.0183868408203125,3.013959732289321,6.769462874521218,9.659899184873431,9.889376497441356,9.99999999999302,-9.99995530895219,9.999999999997549
FMD_0_157.jpg,sakit,0,43.29638671875,33.856109619140625,28.683013916015625,22.59808349609375,27.232421875,43.77459716796875,54.340660095214844,51.02585983276367,65.85533905029297,397.7485002244819,0.7038360027167595,0.9307683698802932,0.6404932702415124,6.913378470779526,0.4102721432660787,0.6602935791015625,0.0005340576171875,0.09423828125,0.101318359375,0.05511474609375,0.0528411865234375,0.027496337890625,0.0081634521484375,0.6602935791015625,0.020538330078125,0.150604248046875,0.1191253662109375,0.0289764404296875,0.0144805908203125,0.00537109375,0.0006103515625,0.6676177978515625,0.069488525390625,0.1548919677734375,0.0847320556640625,0.01617431640625,0.0063018798828125,0.0007781982421875,1.52587890625e-05,2.8521983623025524,6.297950744958467,8.966789461898022,9.733696560943455,-9.999999999934602,-9.999967703772345,-9.999999999916808
FMD_0_1909.jpg,sakit,0,124.80506896972656,109.11195373535156,93.5439453125,31.243408203125,42.33982849121094,125.18460083007812,57.58944320678711,42.312042236328125,92.13291931152344,1638.253721969646,0.40196425072075614,0.8812407881781446,0.3043394161056497,15.904977240554999,0.09279472441315578,0.34185791015625,0.0,0.0,3.0517578125e-05,0.078094482421875,0.252471923828125,0.290496826171875,0.03704833984375,0.34185791015625,0.0,0.0,0.0485076904296875,0.241363525390625,0.22918701171875,0.13348388671875,0.0055999755859375,0.34234619140625,0.0051422119140625,0.03509521484375,0.1828765869140625,0.2373504638671875,0.1598052978515625,0.0348052978515625,0.0025787353515625,3.0234369519292454,7.414620288878617,9.960413551754593,9.977181028764088,9.999999999999854,9.999995938453496,9.999999999999917
FMD_0_2447.jpg,sakit,0,48.693939208984375,47.25083923339844,45.46870422363281,13.335540771484375,4.6512603759765625,48.87229919433594,45.7725830078125,13.299178123474121,91.56414031982422,955.2649305930372,0.8361919576421794,0.9395956482707594,0.7565725457633018,6.974270443850557,0.5724350842417594,0.7730712890625,0.0,0.0,0.0,0.0164642333984375,0.0532989501953125,0.0307159423828125,0.1264495849609375,0.7730712890625,0.0,0.0,0.000274658203125,0.0387115478515625,0.03973388671875,0.026947021484375,0.1212615966796875,0.7730712890625,0.0,0.0,0.0117950439453125,0.0483856201171875,0.025421142578125,0.027557373046875,0.11376953125,2.6435681338084476,6.797194941101924,9.581509507790326,8.625679511952825,-9.999999999623228,9.996111097513737,9.999999994040673
FMD_0_2493.jpg,sakit,0,60.20896911621094,56.61674499511719,49.05168151855469,28.09783935546875,22.688385009765625,62.01124572753906,51.49692916870117,34.7127685546875,82.25243377685547,1444.3428337803568,0.6118420658070778,0.8729337822388842,0.5725612800932843,14.784574949782177,0.32796211321983243,0.6187744140625,0.0,0.000244140625,0.0890045166015625,0.154541015625,0.055389404296875,0.0413055419921875,0.040740966796875,0.6187744140625,0.0,0.000152587890625,0.117279052734375,0.1577911376953125,0.06121826171875,0.0280914306640625,0.016693115234375,0.6187744140625,0.0007171630859375,0.074676513671875,0.1341552734375,0.0966796875,0.050445556640625,0.0147247314453125,0.00982666015625,2.9206333545916086,8.525096831104896,9.807553619731376,9.917140496158611,-9.999999999999975,-9.999999836685253,-9.999999999996875
FMD_0_2705.jpg,sakit,0,69.88467407226562,85.94351196289062,95.72523498535156,80.27880859375,34.84489440917969,98.61444091796875,103.49118041992188,52.079315185546875,109.74002838134766,1096.7314761100113,0.6505041112940378,0.9336466857872253,0.5168848768777786,9.663215999442556,0.26721272970913174,0.5397491455078125,0.0001220703125,0.0266571044921875,0.10174560546875,0.123992919921875,0.1345977783203125,0.06781005859375,0.0053253173828125,0.5397491455078125,0.0,0.0,0.01397705078125,0.0743255615234375,0.1695404052734375,0.1368865966796875,0.065521240234375,0.539764404296875,0.00018310546875,0.0004425048828125,0.022003173828125,0.059783935546875,0.08056640625,0.0716552734375,0.2256011962890625,2.8496639343635866,6.898788420384692,9.074228036754874,9.509138202011782,-9.999999999806047,-9.99987831642137,-9.999999999697534
FMD_0_379.jpg,sakit,0,114.0211181640625,103.83171081542969,99.24267578125,57.9521484375,20.4254150390625,114.0855712890625,113.14823913574219,26.938159942626953,97.86063385009766,1034.7713597338163,0.5183016629216284,0.9383002144110494,0.38337614793172997,10.675418535929298,0.14704496762097627,0.409210205078125,0.0,0.0,0.0004730224609375,0.078582763671875,0.24615478515625,0.145751953125,0.1198272705078125,0.409210205078125,0.0,0.0,0.03924560546875,0.1364593505859375,0.24688720703125,0.114654541015625,0.0535430908203125,0.409210205078125,7.62939453125e-05,0.001739501953125,0.088287353515625,0.14532470703125,0.2071685791015625,0.1083984375,0.039794921875,3.0260156679401335,7.125077785138194,9.616528984088639,9.949031603127727,-9.999999999997762,-9.999985737717948,9.999999999999604
FMD_0_391_ (1).jpg,sakit,0,121.27238464355469,102.28359985351562,86.966064453125,33.751861572265625,48.5804443359375,121.7645263671875,66.52425384521484,47.59553146362305,88.92292022705078,1121.9063134880337,0.40398409495112214,0.9079624143297077,0.3071321446421125,13.289817183825702,0.09441734728306041,0.336883544921875,0.0,0.0,0.0012664794921875,0.126678466796875,0.2807159423828125,0.233551025390625,0.020904541015625,0.336883544921875,0.0,0.0007171630859375,0.112701416015625,0.27264404296875,0.2156524658203125,0.059356689453125,0.002044677734375,0.33734130859375,0.009552001953125,0.09490966796875,0.1990966796875,0.2200469970703125,0.11663818359375,0.0216522216796875,0.000762939453125,3.0332343881018984,7.919855090602848,9.941166600778859,9.981593610211918,-9.99999999999998,-9.999998051018636,9.999999999999853
FMD_0_391_ (21).jpg,sakit,0,93.341064453125,78.30499267578125,65.77311706542969,17.085784912109375,35.99427795410156,93.34992980957031,33.099361419677734,43.997413635253906,97.24797821044922,1152.406046067894,0.5476877294296029,0.9196118903660548,0.4759595337478278,11.94170506429189,0.22666533071911488,0.506591796875,0.0,0.0,0.006591796875,0.08880615234375,0.175048828125,0.12701416015625,0.095947265625,0.506591796875,0.0,0.001983642578125,0.07806396484375,0.1785736083984375,0.168212890625,0.0554962158203125,0.011077880859375,0.506591796875,0.0,0.0422210693359375,0.1707000732421875,0.197906494140625,0.0706634521484375,0.0106353759765625,0.00128173828125,2.9134086500884315,7.685774873622905,9.666268163569315,9.851483111356691,9.999999999995683,-9.999975180591003,9.999999999988633
FMD_0_391_ (4).jpg,sakit,0,89.47427368164062,79.39227294921875,67.54641723632812,49.989288330078125,38.98893737792969,94.68336486816406,75.62069702148438,61.56068801879883,100.43887329101562,1459.2429334901824,0.5339596763878315,0.9055461771890085,0.47197016022437804,16.104530766163453,0.22289378046782607,0.51202392578125,0.0,0.01611328125,0.063995361328125,0.0633697509765625,0.070556640625,0.208404541015625,0.0655364990234375,0.51202392578125,0.0009765625,0.0316619873046875,0.1091766357421875,0.104156494140625,0.07916259765625,0.08984375,0.072998046875,0.52276611328125,0.0679931640625,0.041656494140625,0.061614990234375,0.098388671875,0.11004638671875,0.0910797119140625,0.0064544677734375,3.0070732164721674,6.907931150202215,9.514841687132147,9.873075689219315,9.999999999992434,9.99999749013837,-9.999999999990282
FMD_0_4245.jpg,sakit,0,87.99461364746094,73.38386535644531,59.51226806640625,43.2706298828125,46.19157409667969,92.47097778320312,68.63525390625,72.28804779052734,98.80061340332031,1175.4651436555853,0.5572358428445275,0.9167203570670649,0.4789533635117476,13.941085671639046,0.2295042096725651,0.5156402587890625,6.103515625e-05,0.0279693603515625,0.05548095703125,0.0479278564453125,0.0631866455078125,0.24981689453125,0.0399169921875,0.5156402587890625,0.0034332275390625,0.0599365234375,0.136322021484375,0.0875396728515625,0.06024169921875,0.0746917724609375,0.06219482421875,0.554534912109375,0.0972442626953125,0.03643798828125,0.0572052001953125,0.0784759521484375,0.090911865234375,0.0839080810546875,0.00128173828125,3.0013250504597626,6.736219779017117,9.684131064288293,9.878571752489343,9.999999999991996,9.999940528887501,-9.99999999999809
FMD_0_4246.jpg,sakit,0,97.283935546875,99.49578857421875,72.30589294433594,49.397491455078125,55.6240234375,107.16067504882812,54.07771301269531,62.41901779174805,92.971923828125,889.3657718981422,0.48940933324261265,0.9386098000792006,0.3837512413917028,11.439516764444127,0.14732635529250296,0.411651611328125,1.52587890625e-05,0.013763427734375,0.082183837890625,0.1455535888671875,0.1757049560546875,0.161895751953125,0.0092315673828125,0.411651611328125,0.0,0.013031005859375,0.0986785888671875,0.146240234375,0.11865234375,0.157501220703125,0.0542449951171875,0.4185943603515625,0.1107025146484375,0.13043212890625,0.0852813720703125,0.06201171875,0.0802764892578125,0.09808349609375,0.014617919921875,3.001288809565861,6.748687160382853,9.412686122892191,9.889140498788914,9.999999999999815,-9.999972535472391,-9.999999999988471
FMD_0_4293.jpg,sakit,0,41.87974548339844,41.56764221191406,41.63591003417969,31.292510986328125,1.8328399658203125,42.36961364746094,80.70944213867188,4.969262599945068,82.74073791503906,1174.656544226407,0.7867065288969718,0.9123411841403565,0.7601725211479774,9.760636996048227,0.5778770291616239,0.7834625244140625,0.0,0.0,0.0001220703125,0.0628662109375,0.050567626953125,0.0354766845703125,0.0675048828125,0.7834625244140625,0.0,0.0,1.52587890625e-05,0.0671539306640625,0.0510711669921875,0.032623291015625,0.065673828125,0.7834625244140625,0.0,0.0,0.0007781982421875,0.064453125,0.053314208984375,0.0322723388671875,0.0657196044921875,3.11632670738096,7.64370176040135,9.915206337739965,9.986181592729203,-9.999999999999886,-9.9999991113227,-9.999999999999973
FMD_0_4294.jpg,sakit,0,104.14668273925781,104.61225891113281,67.76283264160156,47.944305419921875,76.32261657714844,114.39042663574219,43.79343032836914,69.83546447753906,83.97802734375,810.2949640390563,0.41425145769696425,0.9299736704270224,0.2972889920556425,11.932045930678948,0.08844868391128306,0.32513427734375,0.0004119873046875,0.025634765625,0.15557861328125,0.1864166259765625,0.187591552734375,0.1102447509765625,0.0089874267578125,0.32513427734375,0.0,0.0460662841796875,0.1554107666015625,0.173675537109375,0.1299591064453125,0.1445770263671875,0.025177001953125,0.34423828125,0.2179412841796875,0.1473846435546875,0.084228515625,0.0575714111328125,0.1003570556640625,0.0442352294921875,0.0040435791015625,3.081582313243812,7.2375329129656665,9.836305447852677,9.979930249622603,-9.999999999999803,-9.999995063128601,9.99999999999977
FMD_0_4308.jpg,sakit,0,41.959014892578125,37.94105529785156,34.205810546875,11.628814697265625,13.563980102539062,42.11647033691406,31.818531036376953,30.871252059936523,73.38626861572266,995.4901105445853,0.7332010903857559,0.8919312433535459,0.7007664353535624,10.686526888284648,0.4911326598908507,0.733184814453125,0.0,0.0003204345703125,0.0785980224609375,0.09185791015625,0.039459228515625,0.02398681640625,0.0325927734375,0.733184814453125,0.0,0.0134124755859375,0.1194305419921875,0.0692901611328125,0.023406982421875,0.010833740234375,0.0304412841796875,0.733184814453125,0.007598876953125,0.0672760009765625,0.093017578125,0.04852294921875,0.013427734375,0.007720947265625,0.0292510986328125,2.5457137144123507,7.263570058519715,8.74572634315947,9.1117672700875,9.999999999406063,9.999346082584442,9.999999996933836
FMD_0_4333.jpg,sakit,0,135.39295959472656,123.87272644042969,88.87452697753906,32.027740478515625,63.23759460449219,135.40516662597656,22.727123260498047,49.90113830566406,91.19572448730469,760.416291131069,0.4275147884935995,0.9461666596364458,0.2802477874941827,9.99584456914576,0.07858176770387267,0.2995452880859375,0.0,0.0,0.01275634765625,0.062164306640625,0.252044677734375,0.281005859375,0.0924835205078125,0.2995452880859375,0.0,0.000152587890625,0.0378265380859375,0.133544921875,0.29730224609375,0.2087860107421875,0.0228424072265625,0.2995452880859375,0.005126953125,0.15557861328125,0.259185791015625,0.1131134033203125,0.1066436767578125,0.056427001953125,0.0043792724609375,3.0628854482771986,7.62702978064438,9.977389201698148,9.968629768200268,-9.999999999999801,-9.999996333114625,9.999999999999945
FMD_0_4343.jpg,sakit,0,112.90299987792969,102.01832580566406,86.97859191894531,61.096893310546875,45.46427917480469,119.32119750976562,78.18426513671875,61.75343322753906,101.15534210205078,1658.5052033725005,0.4428009684975391,0.8967177758883026,0.3588703022938573,17.92641438057375,0.12894214309501814,0.4007110595703125,0.0,0.0045013427734375,0.069061279296875,0.081787109375,0.0914306640625,0.2485809326171875,0.1039276123046875,0.4007110595703125,3.0517578125e-05,0.0230865478515625,0.1019287109375,0.13311767578125,0.124114990234375,0.12127685546875,0.095733642578125,0.406097412109375,0.062255859375,0.0703125,0.0678863525390625,0.1064453125,0.142913818359375,0.1318511962890625,0.012237548828125,3.0551013737941206,7.920878880696879,9.636323059533785,9.987173346644346,9.999999999999753,-9.999998719975563,9.999999999999924
FMD_0_4352.jpg,sakit,0,59.33137512207031,55.75189208984375,52.916839599609375,22.828826904296875,17.246856689453125,62.42048645019531,56.18667984008789,34.728759765625,93.27073669433594,1146.1457671270857,0.7253776046570902,0.9208324903349191,0.6503157007144301,10.471373807964785,0.4229668647190552,0.6768646240234375,0.0,0.0,0.00555419921875,0.0731353759765625,0.136474609375,0.0470428466796875,0.0609283447265625,0.6768646240234375,0.0,0.0,0.0637969970703125,0.092529296875,0.0530242919921875,0.053558349609375,0.0602264404296875,0.6768646240234375,0.0022735595703125,0.0344390869140625,0.0786285400390625,0.0704803466796875,0.02972412109375,0.0116424560546875,0.095947265625,2.751570263125625,6.1869581793565445,9.021481501086514,9.428113669507065,-9.999999999428683,-9.999071441217964,-9.999999999968294
FMD_0_4494.jpg,sakit,0,40.750396728515625,43.81974792480469,46.73948669433594,54.46771240234375,14.151504516601562,48.11354064941406,90.944091796875,26.057933807373047,76.37985229492188,836.9228623251802,0.7150000511396016,0.9130791680301638,0.6744853243716163,9.204364239791845,0.45497749478271504,0.6992034912109375,0.0,0.0429229736328125,0.1282958984375,0.064483642578125,0.0268402099609375,0.0113677978515625,0.026885986328125,0.6992034912109375,0.0,0.0014801025390625,0.1301727294921875,0.0841064453125,0.045013427734375,0.012908935546875,0.0271148681640625,0.6992034912109375,0.0,0.0011749267578125,0.0683441162109375,0.123199462890625,0.05694580078125,0.031707763671875,0.0194244384765625,2.586278421308327,5.87601754011665,8.062867203568022,8.859877554205292,9.999999984373341,9.99605442158549,-9.999999990268293
FMD_0_4502.jpg,sakit,0,92.70860290527344,96.25064086914062,110.85635375976562,90.99835205078125,39.91328430175781,118.77569580078125,116.96446990966797,52.546836853027344,102.65072631835938,1131.8967583529136,0.47261210331171005,0.9186891853248883,0.37835178717387247,12.428323345138834,0.14324144968497593,0.4073486328125,0.0001678466796875,0.05938720703125,0.10186767578125,0.1176605224609375,0.186370849609375,0.1070098876953125,0.0201873779296875,0.4073486328125,0.0,0.0,0.086822509765625,0.192840576171875,0.215850830078125,0.0713043212890625,0.0258331298828125,0.4073486328125,0.0,0.0013580322265625,0.05828857421875,0.1584625244140625,0.1149749755859375,0.0612640380859375,0.19830322265625,2.9222448820431572,8.269649974110818,9.95882581184422,9.972510353922234,9.99999999999981,-9.9999981737884,9.999999999999874
FMD_0_4513.jpg,sakit,0,97.96086120605469,72.81452941894531,55.176239013671875,40.00689697265625,63.20875549316406,101.78340148925781,65.48294067382812,85.3145523071289,99.03536987304688,958.6303604636904,0.5468024630390163,0.9249042945871694,0.4379540551081176,12.201616963470338,0.19188007419597675,0.4695281982421875,0.0002899169921875,0.0295867919921875,0.0468902587890625,0.041839599609375,0.0694427490234375,0.3090362548828125,0.03338623046875,0.4695281982421875,0.0159912109375,0.1175079345703125,0.153778076171875,0.07440185546875,0.0517425537109375,0.063812255859375,0.0532379150390625,0.553924560546875,0.1393890380859375,0.0373687744140625,0.0528717041015625,0.0673980712890625,0.0765228271484375,0.0714111328125,0.0011138916015625,2.969279870103501,6.440700734709225,9.799969595026475,9.930039102289118,9.999999999998055,9.99996863258086,9.999999999998547
FMD_0_4923.jpg,sakit,0,68.30622863769531,64.879150390625,61.24046325683594,38.094512939453125,15.326889038085938,70.04351806640625,77.76334381103516,25.708049774169922,90.48162841796875,816.1426009173093,0.6370916309931735,0.9438076292311743,0.5884711449235337,9.234974075500025,0.34635440894730746,0.6117401123046875,0.0,0.0001068115234375,0.035003662109375,0.113525390625,0.1055145263671875,0.081390380859375,0.0527191162109375,0.6117401123046875,0.0,7.62939453125e-05,0.056396484375,0.125823974609375,0.1109619140625,0.0584716796875,0.036529541015625,0.6117401123046875,0.0,0.010711669921875,0.0746612548828125,0.130889892578125,0.103973388671875,0.0440673828125,0.023956298828125,3.031176843927917,7.118954191931136,9.994731439178732,9.961315530736913,-9.999999999999874,9.999989067855447,9.999999999999947
FMD_0_4925.jpg,sakit,0,101.83613586425781,85.92585754394531,71.95306396484375,56.056884765625,51.31254577636719,107.71234130859375,79.28611755371094,72.74958038330078,99.78065490722656,1318.4331395241625,0.49341538730230755,0.9096750823190116,0.40823767643520886,15.754119716353353,0.16675171002277156,0.4438018798828125,0.0,0.0211639404296875,0.0615692138671875,0.0693206787109375,0.0855560302734375,0.2585906982421875,0.05999755859375,0.4438018798828125,0.003692626953125,0.0605926513671875,0.143280029296875,0.1010589599609375,0.089874267578125,0.08746337890625,0.0702362060546875,0.4809722900390625,0.1022186279296875,0.0418701171875,0.0594940185546875,0.0900115966796875,0.112640380859375,0.100250244140625,0.012542724609375,3.0114461980685716,7.220399920544008,9.360669711410187,9.890831514393879,9.999999999989022,9.999976396410897,-9.999999999994772
FMD_0_4928.jpg,sakit,0,93.23410034179688,93.33073425292969,92.69482421875,78.43951416015625,8.691268920898438,95.73614501953125,95.73927307128906,12.557428359985352,85.07062530517578,1197.470341050128,0.5035292588467478,0.9130060802123533,0.3954045828178528,12.240623736647263,0.15638714805979595,0.425262451171875,0.0,0.0,0.0477752685546875,0.2509918212890625,0.18829345703125,0.070098876953125,0.017578125,0.425262451171875,0.0,0.0,0.0430908203125,0.2597503662109375,0.1796417236328125,0.071868896484375,0.0203857421875,0.425262451171875,0.0,0.0001678466796875,0.0649566650390625,0.24298095703125,0.16741943359375,0.0716705322265625,0.0275421142578125,2.9241148760193507,6.9775587402726975,9.323825119229982,9.678251136732179,9.999999999906638,9.999971679906004,-9.999999999974992
FMD_0_5027.jpg,sakit,0,84.79533386230469,89.43026733398438,62.71299743652344,42.0423583984375,47.369476318359375,94.30305480957031,49.86887741088867,60.158573150634766,94.99506378173828,1658.7283651026785,0.5339606389627881,0.8898727516668875,0.4512467494546994,15.337587899771378,0.2037827506669294,0.4939422607421875,0.0,4.57763671875e-05,0.076141357421875,0.1261444091796875,0.1536712646484375,0.1395111083984375,0.0105438232421875,0.4939422607421875,0.0,0.0,0.0286712646484375,0.1506805419921875,0.1416168212890625,0.151580810546875,0.03350830078125,0.4986419677734375,0.0643768310546875,0.1297149658203125,0.0877838134765625,0.0583343505859375,0.0836639404296875,0.068115234375,0.009368896484375,2.9100716262902844,6.488792247294207,9.822990905483406,9.951225500000513,-9.99999999999895,-9.999980078765951,-9.9999999999993
FMD_0_5244.jpg,sakit,0,57.58404541015625,55.20027160644531,51.173736572265625,31.389495849609375,15.2999267578125,60.007415771484375,66.34922790527344,26.5577392578125,89.60916137695312,1247.8437332701224,0.6786313772845002,0.9096199715105637,0.6447074218293953,12.049474245299535,0.4157781618344389,0.6752471923828125,0.0,0.0009002685546875,0.047637939453125,0.0960693359375,0.0576324462890625,0.0450592041015625,0.07745361328125,0.6752471923828125,0.0,0.0,0.0466766357421875,0.1147613525390625,0.064422607421875,0.05047607421875,0.0484161376953125,0.6752471923828125,0.0,0.0071563720703125,0.0634918212890625,0.1180419921875,0.07049560546875,0.047332763671875,0.0182342529296875,2.801868585840329,6.564187907498675,9.550128431889593,9.162798574472182,9.999999999224249,9.998759237236671,9.999999999695108
FMD_0_5252.jpg,sakit,0,75.17048645019531,72.05894470214844,69.15480041503906,42.442413330078125,14.28106689453125,77.05134582519531,81.5511245727539,23.26790428161621,92.33119201660156,927.071343857348,0.6056626570791006,0.939802415588589,0.5491750299373924,10.11800994720862,0.3016772562111128,0.5753936767578125,0.0,4.57763671875e-05,0.025848388671875,0.13623046875,0.117919921875,0.0872344970703125,0.0573272705078125,0.5753936767578125,0.0,0.0,0.048583984375,0.143707275390625,0.1224212646484375,0.0634307861328125,0.0464630126953125,0.5753936767578125,0.0,0.0068817138671875,0.0698089599609375,0.136077880859375,0.120025634765625,0.0568084716796875,0.035003662109375,3.0622245738287566,8.121204033149969,9.97191469842815,9.998856541231646,-9.999999999999998,-9.999999908941275,-10.0
FMD_0_5372.jpg,sakit,0,57.47601318359375,46.024749755859375,39.16426086425781,28.278594970703125,35.524322509765625,58.277435302734375,57.45083999633789,52.20265579223633,69.6905746459961,511.09538944685784,0.6007557050158198,0.922291443707966,0.5156064274250972,8.891405442199028,0.2659339062756047,0.5430450439453125,0.0013427734375,0.1414794921875,0.1309661865234375,0.0724639892578125,0.06195068359375,0.0364227294921875,0.0123291015625,0.5430450439453125,0.01910400390625,0.223907470703125,0.1409149169921875,0.0421600341796875,0.021514892578125,0.008819580078125,0.0005340576171875,0.5489349365234375,0.082733154296875,0.232666015625,0.101593017578125,0.02545166015625,0.007568359375,0.0010528564453125,0.0,2.9379995935679806,6.900900916714083,9.313679514758016,9.873962142774616,9.999999999999726,9.99998271427965,-9.999999999983338
FMD_0_5985.jpg,sakit,0,89.59124755859375,84.95004272460938,77.90896606445312,38.220184326171875,19.13421630859375,91.07304382324219,71.94554138183594,26.92001724243164,100.27967834472656,1118.464952650019,0.5823525558351996,0.9375716147042813,0.5090872659456459,10.814040841446946,0.2592381938177506,0.5355072021484375,0.0,0.0,0.0063934326171875,0.1015167236328125,0.113525390625,0.130584716796875,0.1124725341796875,0.5355072021484375,0.0,0.0,0.004913330078125,0.1376495361328125,0.137298583984375,0.1092681884765625,0.0753631591796875,0.5355072021484375,0.0,0.00225830078125,0.048553466796875,0.151336669921875,0.15185546875,0.0812225341796875,0.029266357421875,3.001249997985775,6.882179135001123,9.859050560289639,9.967007755620497,9.99999999999995,9.999991990706894,-9.999999999999405
FMD_0_608.jpg,sakit,0,66.68199157714844,69.66436767578125,71.78109741210938,51.25439453125,18.561264038085938,76.83511352539062,92.8125228881836,38.02726745605469,98.56512451171875,1071.405192243476,0.664213988968719,0.9315287108291455,0.5851520731747265,9.863743151956458,0.3424455788435332,0.60906982421875,0.00018310546875,0.020660400390625,0.0507049560546875,0.085601806640625,0.0833587646484375,0.1044158935546875,0.0460052490234375,0.60906982421875,0.0,0.0,0.0262603759765625,0.0967559814453125,0.12652587890625,0.1019134521484375,0.0394744873046875,0.6091156005859375,0.0006103515625,0.0008697509765625,0.05035400390625,0.07244873046875,0.0788421630859375,0.1070404052734375,0.080718994140625,2.7538549602962163,6.48789433305274,9.402450687760025,9.18942675466675,9.999999999775177,9.999249527508098,9.999999999072468
FMD_0_631.jpg,sakit,0,77.53361511230469,74.13311767578125,70.90185546875,49.42938232421875,16.360610961914062,79.75042724609375,88.91699981689453,25.44564437866211,90.96881103515625,951.1433544072552,0.5861235532999113,0.9355482358533345,0.5248014684613319,10.469868112488179,0.275525576218963,0.5513153076171875,0.0,0.0,0.0357513427734375,0.1497039794921875,0.12689208984375,0.091705322265625,0.0446319580078125,0.5513153076171875,0.0,1.52587890625e-05,0.0594482421875,0.1621246337890625,0.133514404296875,0.058349609375,0.0352325439453125,0.5513153076171875,0.0,0.01019287109375,0.0802764892578125,0.157196044921875,0.1291961669921875,0.0443878173828125,0.027435302734375,2.9640188244057346,6.894287235228986,9.579902375123062,9.75563231824973,9.999999999972252,9.999885861859537,-9.999999999976426
FMD_0_7028.jpg,sakit,0,59.76261901855469,60.29689025878906,60.905029296875,36.6865234375,14.537338256835938,66.22373962402344,74.12702941894531,27.637969970703125,99.39323425292969,1242.0949539375354,0.7493702897347766,0.9240432862870055,0.6554052078212168,10.281516347680403,0.4295938267813115,0.6812591552734375,0.0,0.0,0.001861572265625,0.054840087890625,0.144317626953125,0.0511932373046875,0.0665283203125,0.6812591552734375,0.0,0.0,0.0182647705078125,0.0787200927734375,0.049285888671875,0.0980377197265625,0.074432373046875,0.6812591552734375,0.0,0.0090179443359375,0.04742431640625,0.0675201416015625,0.027923583984375,0.0166168212890625,0.150238037109375,2.6971861206932983,6.313432502006627,8.39592224576253,8.886819101191366,-9.999999988802934,-9.996801750262918,-9.999999998729045
FMD_0_7051.jpg,sakit,0,89.1365966796875,87.0169677734375,82.18251037597656,48.3709716796875,17.141006469726562,91.01249694824219,76.4461898803711,20.76434898376465,82.27474975585938,1289.3971435353715,0.48211068808937907,0.8967018583574506,0.3917457008784316,14.11028680634373,0.1535736223244077,0.430450439453125,0.0,0.0,0.104583740234375,0.22027587890625,0.16534423828125,0.0624237060546875,0.0169219970703125,0.430450439453125,0.0,3.0517578125e-05,0.12652587890625,0.242279052734375,0.1372222900390625,0.0419921875,0.0214996337890625,0.430450439453125,3.0517578125e-05,0.0149383544921875,0.180908203125,0.2189483642578125,0.101654052734375,0.0379638671875,0.015106201171875,2.973179705530438,6.957448737520206,9.984799523218209,9.840273412617638,9.999999999997764,9.999959059016799,-9.999999999999051
FMD_0_7094.jpg,sakit,0,100.95327758789062,85.63496398925781,71.98928833007812,19.320526123046875,37.842620849609375,100.97938537597656,34.6212158203125,43.96128845214844,98.04762268066406,1053.7667176659731,0.5519253230655904,0.929015121136083,0.4439181640636884,10.954138829638055,0.1971354823383834,0.46905517578125,0.0,0.0,0.005859375,0.1096954345703125,0.1618499755859375,0.1352081298828125,0.1183319091796875,0.46905517578125,0.0,0.001190185546875,0.0677032470703125,0.2061004638671875,0.1681365966796875,0.05792236328125,0.0298919677734375,0.46905517578125,0.0,0.0341796875,0.216156005859375,0.172698974609375,0.0745086669921875,0.02691650390625,0.0064849853515625,2.9041285454979393,6.948943430437219,9.27433201895341,9.753124299565146,9.999999999947459,9.999910240993806,-9.999999999970129
FMD_0_7096.jpg,sakit,0,62.33380126953125,56.39204406738281,58.145172119140625,62.948822021484375,16.154052734375,65.55610656738281,117.03103637695312,28.29375648498535,94.94080352783203,1775.7258979398148,0.6895715485338004,0.8794241768329081,0.6162711400297388,15.004573768623338,0.37986441869567195,0.6627197265625,0.0,9.1552734375e-05,0.0087432861328125,0.085174560546875,0.1095123291015625,0.052642822265625,0.08111572265625,0.6627197265625,0.0,0.00189208984375,0.0921630859375,0.1104888916015625,0.0306549072265625,0.0100250244140625,0.0920562744140625,0.6627197265625,0.0004119873046875,0.015106201171875,0.075469970703125,0.0765838623046875,0.0577392578125,0.0114898681640625,0.1004791259765625,2.6946983759042777,6.838643632384573,8.643614566030385,9.349245810605758,-9.99999999914706,-9.999426067583663,-9.999999999004576
FMD_0_7111.jpg,sakit,0,67.22654724121094,57.852874755859375,48.3310546875,35.8426513671875,32.27940368652344,70.89248657226562,66.70233154296875,61.211936950683594,95.17810821533203,986.8749020482711,0.6505254111897509,0.9263687705153574,0.6002624372416447,11.593459106141951,0.3603723443614076,0.6287689208984375,0.0,0.0208892822265625,0.046112060546875,0.0429534912109375,0.05078125,0.1696319580078125,0.040863037109375,0.6287689208984375,0.0023956298828125,0.03948974609375,0.092926025390625,0.0733184814453125,0.0509033203125,0.0611724853515625,0.051025390625,0.6478729248046875,0.06219482421875,0.030120849609375,0.049774169921875,0.0651397705078125,0.075531005859375,0.0665435791015625,0.0028228759765625,2.9796696891478747,6.59232928568556,9.418772359991184,9.704749309351865,9.9999999999302,9.999797110446309,-9.999999999995172
FMD_0_7138.jpg,sakit,0,60.99504089355469,60.738616943359375,55.08833312988281,34.433746337890625,16.180572509765625,63.87977600097656,59.3633918762207,26.299135208129883,87.1957778930664,1078.848584641407,0.6534742277089532,0.9204812498229827,0.6059493721450874,11.01599999629597,0.3672478165388559,0.6356658935546875,0.0,0.0,0.062744140625,0.125518798828125,0.067901611328125,0.0584564208984375,0.049713134765625,0.6356658935546875,0.0,0.0,0.02581787109375,0.1681976318359375,0.08843994140625,0.0462646484375,0.035614013671875,0.6356658935546875,1.52587890625e-05,0.0090789794921875,0.086181640625,0.1419525146484375,0.0809173583984375,0.0255126953125,0.0206756591796875,2.828626868254079,6.809143834604191,8.772890722588775,9.447873818428132,9.999999999291573,9.999574275733858,9.999999999940137
FMD_0_7543.jpg,sakit,0,138.5443878173828,127.66963195800781,93.36552429199219,33.13629150390625,61.457977294921875,138.61297607421875,22.819459915161133,46.792354583740234,89.51488494873047,1055.2220053348617,0.4196979526510876,0.9231684888785908,0.25942437770081367,11.335374273941298,0.06736037104867063,0.283660888671875,0.0,0.0,0.0006256103515625,0.06280517578125,0.2863006591796875,0.2877655029296875,0.0788421630859375,0.283660888671875,0.0,0.0,0.0045013427734375,0.1807403564453125,0.2805023193359375,0.2328948974609375,0.0177001953125,0.283660888671875,0.00115966796875,0.1207122802734375,0.2809600830078125,0.13165283203125,0.1238861083984375,0.054962158203125,0.0030059814453125,3.083056575398161,7.807513336599621,9.910175619172733,9.97773126656739,-9.99999999999975,-9.99999722000519,9.999999999999982
FMD_0_7589.jpg,sakit,0,91.86726379394531,81.14501953125,68.85179138183594,50.32110595703125,40.78123474121094,97.1558837890625,74.68718719482422,63.309967041015625,99.81800079345703,1406.1836962608115,0.5232133255113827,0.9077309780987788,0.45582611571605924,15.870089885126857,0.20790994406643157,0.4957122802734375,0.0,0.01885986328125,0.0663909912109375,0.063446044921875,0.0705718994140625,0.2296600341796875,0.05535888671875,0.4957122802734375,0.0011444091796875,0.029693603515625,0.1251220703125,0.1087646484375,0.0776824951171875,0.08966064453125,0.0722198486328125,0.5070648193359375,0.077362060546875,0.0453338623046875,0.06036376953125,0.0977630615234375,0.111541748046875,0.0940399169921875,0.00653076171875,3.0251044036781005,7.002578042944013,9.654135341041561,9.952319403569234,9.999999999998293,9.999999368329746,9.999999999999178
FMD_0_7591.jpg,sakit,0,65.43669128417969,75.22633361816406,81.05093383789062,60.372650146484375,26.356414794921875,84.95301818847656,95.8057861328125,46.861045837402344,105.39622497558594,1007.6301466857554,0.6571996271946713,0.9379506035569364,0.5726714073301445,9.260068823474557,0.3279862394465127,0.5941009521484375,0.000396728515625,0.0310516357421875,0.064422607421875,0.092803955078125,0.1043548583984375,0.0863037109375,0.0265655517578125,0.5941009521484375,0.0,0.0,0.0188751220703125,0.071380615234375,0.1317901611328125,0.13165283203125,0.0522003173828125,0.5941009521484375,0.000152587890625,0.000335693359375,0.02685546875,0.061920166015625,0.08148193359375,0.0828704833984375,0.15228271484375,2.740905089686881,6.635486483495002,8.993418065302858,9.555320237109338,9.99999999990246,-9.999632409457304,9.999999999702487
FMD_0_7650.jpg,sakit,0,69.74214172363281,66.082763671875,59.93896484375,26.378448486328125,17.217117309570312,71.54898071289062,55.08524703979492,27.67620086669922,98.91488647460938,1420.2866077765182,0.654215008699621,0.916888134171057,0.6120586417742403,12.940729495306833,0.37474789902011824,0.64312744140625,0.0,0.0,0.018768310546875,0.0812835693359375,0.0711822509765625,0.0576934814453125,0.1279449462890625,0.64312744140625,0.0,0.0,0.01287841796875,0.1142730712890625,0.074798583984375,0.0668182373046875,0.088104248046875,0.64312744140625,0.0,0.002044677734375,0.063507080078125,0.0991058349609375,0.085723876953125,0.062896728515625,0.0435943603515625,2.9091430080165055,7.398346025294004,9.650216190685661,9.453993277508314,-9.999999999853546,9.999890283653373,9.999999999874644
FMD_0_7659.jpg,sakit,0,89.94976806640625,77.74319458007812,65.34814453125,18.52825927734375,32.095977783203125,89.97645568847656,36.73820877075195,41.862857818603516,99.05935668945312,1148.128260581167,0.5858341731394071,0.9268294182352287,0.5085198720135673,11.349187428695894,0.2586761412989897,0.5357666015625,0.0,0.0,0.002777099609375,0.0721435546875,0.14666748046875,0.1378326416015625,0.1048126220703125,0.5357666015625,0.0,0.001068115234375,0.06146240234375,0.1443328857421875,0.14080810546875,0.0809326171875,0.0356292724609375,0.5357666015625,0.0,0.03106689453125,0.1559600830078125,0.1446990966796875,0.0933837890625,0.0295867919921875,0.0095367431640625,2.815384911456735,7.005200756137229,9.111981137530515,9.922081467380483,9.999999999990493,9.999975825775914,9.999999999997566
FMD_0_802.jpg,sakit,0,63.23069763183594,58.358062744140625,60.58341979980469,66.09902954101562,14.663955688476562,66.77659606933594,118.20063018798828,25.25583267211914,96.47396087646484,1722.4625486318319,0.7006630240421998,0.8887916179576149,0.6187294358545692,14.32164363537643,0.38288851621677056,0.6623687744140625,0.0,1.52587890625e-05,0.0081329345703125,0.0733489990234375,0.111114501953125,0.0625152587890625,0.0825042724609375,0.6623687744140625,0.0,0.001312255859375,0.069183349609375,0.1185455322265625,0.03570556640625,0.0108184814453125,0.1020660400390625,0.6623687744140625,7.62939453125e-05,0.006378173828125,0.061737060546875,0.0821075439453125,0.061279296875,0.016448974609375,0.1096038818359375,2.748742497818622,6.67866300705486,8.822599895388336,9.48925356493689,9.999999999570703,-9.99975882175935,-9.999999999662291
FMD_0_846.jpg,sakit,0,56.68318176269531,54.60771179199219,52.493896484375,17.332611083984375,7.0767669677734375,57.08805847167969,49.24686050415039,19.973100662231445,92.79974365234375,996.4692200816161,0.7644892427708306,0.9382166815467321,0.6909676078806729,8.66153457653815,0.47746118501873225,0.7111358642578125,0.0,0.0,0.003631591796875,0.074798583984375,0.0732574462890625,0.0301361083984375,0.1070404052734375,0.7111358642578125,0.0,0.0,0.0224456787109375,0.08831787109375,0.0528411865234375,0.0191650390625,0.1060943603515625,0.7111358642578125,0.0,0.008819580078125,0.045196533203125,0.07611083984375,0.04071044921875,0.0142974853515625,0.103729248046875,2.521910236506972,6.0890938528386345,8.488750843212129,8.312953257562036,9.999999946827282,9.981832554884397,9.999999940089804
FMD_0_8793.jpg,sakit,0,38.669708251953125,34.74488830566406,31.1368408203125,10.909912109375,13.441207885742188,38.90071105957031,31.888751983642578,30.255172729492188,71.0214614868164,927.7353257136629,0.7484553235714345,0.890114713608107,0.7211284928641445,10.119070746877817,0.5200817056515548,0.7519989013671875,0.0,0.00030517578125,0.0769195556640625,0.080963134765625,0.0375213623046875,0.027069091796875,0.0252227783203125,0.7519989013671875,0.0,0.01788330078125,0.1084136962890625,0.0606689453125,0.02630615234375,0.0122833251953125,0.0224456787109375,0.7519989013671875,0.007781982421875,0.06683349609375,0.0853424072265625,0.04388427734375,0.014312744140625,0.007049560546875,0.022796630859375,2.521482837223776,7.251060285259316,8.786496647180737,8.737131502579407,9.999999991846385,9.998375119237853,9.999999990841623
FMD_0_8820.jpg,sakit,0,119.96943664550781,101.7098388671875,89.71272277832031,33.526336669921875,42.70368957519531,120.49955749511719,68.71855926513672,42.370689392089844,90.19512176513672,1701.9416996222635,0.4047816365672232,0.865991076033039,0.30891569580541417,16.527709195125315,0.0956177569039942,0.3507537841796875,0.0,0.0,0.000152587890625,0.091796875,0.2967529296875,0.2473297119140625,0.013214111328125,0.3507537841796875,0.0,0.0,0.0801239013671875,0.289306640625,0.2091064453125,0.0692596435546875,0.0014495849609375,0.3507537841796875,0.0019073486328125,0.0489349365234375,0.198211669921875,0.23681640625,0.1351165771484375,0.02764892578125,0.0006103515625,3.0162324707315635,8.437360928730538,9.883033660599537,9.991540452089295,-9.999999999999943,-9.999999585256287,-9.999999999999964
FMD_0_8829.jpg,sakit,0,114.83537292480469,94.92161560058594,81.74552917480469,24.213470458984375,45.62541198730469,115.14738464355469,51.50580978393555,46.97657775878906,93.03682708740234,1208.897965925232,0.4662102358474531,0.9074850941669935,0.35561742807590657,13.024009192162211,0.12655214992315006,0.38592529296875,0.0,0.0,0.00018310546875,0.084228515625,0.2679901123046875,0.2335357666015625,0.02813720703125,0.38592529296875,0.0,0.00018310546875,0.0955657958984375,0.2712860107421875,0.18646240234375,0.0584259033203125,0.0021514892578125,0.38592529296875,0.003448486328125,0.0802459716796875,0.173828125,0.2216339111328125,0.1124420166015625,0.0217742919921875,0.000701904296875,3.030789845029018,7.4003875380544715,9.744393585487975,9.999600033581558,10.0,9.99999992783671,-10.0
FMD_0_8863.jpg,sakit,0,119.28817749023438,102.939697265625,89.46566772460938,31.377227783203125,43.16609191894531,119.80764770507812,59.36570358276367,41.39700698852539,88.20020294189453,1412.6400060347744,0.4021468973415721,0.8867586499837449,0.3039522384826155,15.056162525669505,0.09252058294515246,0.3401031494140625,0.0,0.0,0.000579833984375,0.14495849609375,0.27862548828125,0.2176513671875,0.0180816650390625,0.3401031494140625,0.0,7.62939453125e-05,0.1143951416015625,0.2681427001953125,0.1820831298828125,0.092437744140625,0.0027618408203125,0.3401031494140625,0.0012969970703125,0.0710906982421875,0.2073516845703125,0.2236328125,0.1308135986328125,0.0247802734375,0.0009307861328125,3.0211328208594854,7.136942438684011,9.871887409703021,9.994514224626215,9.999999999999973,9.999999952221733,-9.999999999999975
FMD_0_8946.jpg,sakit,0,46.40631103515625,46.036712646484375,46.09660339355469,33.26116943359375,2.2135467529296875,46.98982238769531,81.53614807128906,5.791561126708984,84.8935775756836,1597.9992359275784,0.7527710838865063,0.8864706022259975,0.7236380411938108,12.486822715785424,0.5236801273940049,0.755584716796875,0.0,0.0,0.0,0.0830230712890625,0.0542755126953125,0.036712646484375,0.070404052734375,0.755584716796875,0.0,0.0,0.0,0.0890960693359375,0.0528106689453125,0.034088134765625,0.06842041015625,0.755584716796875,0.0,0.0,0.000732421875,0.0859222412109375,0.0559539794921875,0.0336151123046875,0.0681915283203125,3.0029744072835403,7.0816095941219706,9.406946710307635,9.655766806325284,9.999999999911667,9.999877215192454,9.999999999956097
FMD_0_8974.jpg,sakit,0,57.19859313964844,55.28898620605469,53.17724609375,20.31170654296875,8.370010375976562,58.30879211425781,51.5567741394043,21.617521286010742,95.7337646484375,1098.6645686040151,0.7649567675856922,0.9347736529244087,0.6971956934243112,9.186744834803534,0.48610633038689577,0.717987060546875,0.0,0.0,0.000244140625,0.0506744384765625,0.0765228271484375,0.0405426025390625,0.1140289306640625,0.717987060546875,0.0,0.0,0.0098876953125,0.0796966552734375,0.049774169921875,0.028778076171875,0.1138763427734375,0.717987060546875,0.0,0.0063629150390625,0.039581298828125,0.067901611328125,0.0329437255859375,0.017791748046875,0.117431640625,2.4598613435888654,5.962991859183964,8.162239857057529,8.823899431739656,9.999999988768936,9.998524938964858,9.99999998500242
FMD_0_9027.jpg,sakit,0,60.174285888671875,60.66127014160156,61.8868408203125,48.98370361328125,5.96282958984375,63.1392822265625,86.0315933227539,14.410277366638184,91.25921630859375,1025.3154935447105,0.7008342565405261,0.9339164709700959,0.6406524096047074,9.640307453926146,0.4104865288242654,0.665283203125,0.0,0.0,0.031890869140625,0.0836639404296875,0.0989532470703125,0.0529632568359375,0.0672454833984375,0.665283203125,0.0,0.000244140625,0.022430419921875,0.0899505615234375,0.0940399169921875,0.0594940185546875,0.0685577392578125,0.665283203125,0.0,0.0,0.01531982421875,0.0813446044921875,0.10345458984375,0.0607452392578125,0.0738525390625,2.6290025446346803,6.280437271966948,8.322072513702405,9.113646063876704,9.999999997077392,-9.999649839320085,-9.999999995770985
FMD_0_9032.jpg,sakit,0,58.829803466796875,47.81526184082031,41.175384521484375,34.3572998046875,34.519561767578125,59.816070556640625,62.498878479003906,52.181846618652344,69.16950225830078,494.96923701646483,0.5819368215701073,0.9236765111279265,0.49375143370284924,8.90649824347252,0.2438675007052974,0.52081298828125,0.000762939453125,0.1656341552734375,0.1378173828125,0.0644683837890625,0.06005859375,0.0356903076171875,0.0147552490234375,0.52081298828125,0.0211029052734375,0.233734130859375,0.155853271484375,0.0385894775390625,0.0208740234375,0.008575439453125,0.000457763671875,0.52801513671875,0.07666015625,0.2465972900390625,0.1176910400390625,0.0219879150390625,0.007904052734375,0.001129150390625,1.52587890625e-05,2.957355553234485,6.780481746344685,9.435992747483397,9.942005028246186,-9.999999999996176,-9.999980768618366,-9.999999999999826
FMD_0_9242.jpg,sakit,0,100.81965637207031,96.8697509765625,91.32321166992188,82.56732177734375,35.72271728515625,108.45440673828125,109.18101501464844,43.173282623291016,92.69288635253906,1179.2441292583135,0.44475101590492877,0.9172728953518331,0.3727184110562803,14.33918494408811,0.1390251006143488,0.406494140625,0.0,0.0018463134765625,0.0307159423828125,0.162750244140625,0.27862548828125,0.11444091796875,0.005126953125,0.406494140625,4.57763671875e-05,0.0118255615234375,0.1256256103515625,0.14605712890625,0.137420654296875,0.135101318359375,0.0374298095703125,0.4071044921875,0.0186767578125,0.070343017578125,0.0974273681640625,0.1143798828125,0.138885498046875,0.1115875244140625,0.041595458984375,3.0436693236249592,6.892371158872697,9.66023053912857,9.92639490556587,9.99999999999625,9.999971627458919,-9.999999999999819
FMD_0_9244.jpg,sakit,0,96.75625610351562,99.06484985351562,68.35343933105469,46.1640625,58.81939697265625,106.23777770996094,49.55914306640625,64.76424407958984,92.00654602050781,1027.1149727865884,0.47577163385524385,0.9270281237099941,0.3822901402312216,12.49814358832082,0.14621365807268666,0.4132843017578125,0.0,0.008544921875,0.094696044921875,0.1392974853515625,0.1834869384765625,0.1518707275390625,0.008819580078125,0.4132843017578125,0.0,0.008758544921875,0.0771484375,0.1755218505859375,0.1350860595703125,0.1539306640625,0.0362701416015625,0.425811767578125,0.109100341796875,0.1447296142578125,0.092864990234375,0.060302734375,0.0797576904296875,0.079803466796875,0.00762939453125,3.0000111091745394,6.678745214538758,9.692359616792832,9.896090169754187,9.999999999995342,-9.999997061727132,9.999999999995914
FMD_0_9345.jpg,sakit,0,97.09645080566406,98.65423583984375,66.17646789550781,46.371856689453125,64.95835876464844,107.02336120605469,49.52082443237305,67.80650329589844,89.92294311523438,1107.799143366442,0.45212118053765876,0.9161258967559647,0.3614125966046054,13.495759794915847,0.1307263018690524,0.396240234375,6.103515625e-05,0.0123443603515625,0.1121368408203125,0.1654815673828125,0.1630401611328125,0.140594482421875,0.010101318359375,0.396240234375,0.0,0.01141357421875,0.1082305908203125,0.182159423828125,0.138397216796875,0.1226806640625,0.0408782958984375,0.411865234375,0.1456298828125,0.150115966796875,0.08709716796875,0.0615386962890625,0.0579833984375,0.075469970703125,0.0102996826171875,3.0136211602301883,6.796566989246739,9.974378381698841,9.97072672877599,-9.999999999999844,-9.999989795008076,-9.99999999999988
FMD_0_9506.jpg,sakit,0,62.50440979003906,53.93232727050781,44.15733337402344,18.372772216796875,22.045654296875,62.61726379394531,47.866912841796875,45.12604904174805,96.576416015625,749.8865384243094,0.7442726741879057,0.9480744257122121,0.6807004109812468,6.870092397072277,0.4633915665004202,0.695281982421875,0.0,0.0,1.52587890625e-05,0.039581298828125,0.0764617919921875,0.0598297119140625,0.1288299560546875,0.695281982421875,0.0,0.0,0.0113067626953125,0.0822601318359375,0.1190032958984375,0.0591278076171875,0.03302001953125,0.695281982421875,0.0007781982421875,0.0410003662109375,0.084686279296875,0.080810546875,0.0296783447265625,0.0414581298828125,0.02630615234375,2.526102575200349,7.3315669041215585,8.53898476199659,9.318287597794498,9.999999999288212,9.999855206304137,9.999999998452882
FMD_0_9507.jpg,sakit,0,71.5716552734375,66.42105102539062,62.37556457519531,38.4437255859375,17.418365478515625,72.82110595703125,79.86800384521484,28.57988739013672,92.06322479248047,955.0582050130233,0.6251973430546033,0.9352457518021083,0.5739104125145119,10.257339118132517,0.3294485274346717,0.600860595703125,0.0,1.52587890625e-05,0.02667236328125,0.1160430908203125,0.1072998046875,0.0856781005859375,0.0634307861328125,0.600860595703125,0.0,3.0517578125e-05,0.06549072265625,0.1255340576171875,0.1066436767578125,0.0658416748046875,0.0355987548828125,0.600860595703125,0.0,0.0179595947265625,0.07745361328125,0.127044677734375,0.105377197265625,0.0491180419921875,0.022186279296875,2.999847922927296,6.928545987464706,9.879090927053973,9.920238333211008,-9.999999999998005,-9.999978031836847,9.999999999999009
FMD_11_jpg.rf.f0ba93d1467b09c749a3abc8c889f092.jpg,sakit,0,96.77348327636719,87.861083984375,80.72608947753906,31.563568115234375,23.586868286132812,97.26824951171875,64.98187255859375,33.420806884765625,102.37210845947266,646.1197095896447,0.5881731191585079,0.9647874382385666,0.4928520935760576,7.8254953912388325,0.24294328897401848,0.5090179443359375,0.0,1.52587890625e-05,0.014434814453125,0.0887908935546875,0.0924530029296875,0.1359710693359375,0.1593170166015625,0.5090179443359375,0.0002593994140625,0.0038909912109375,0.0579986572265625,0.127899169921875,0.0899658203125,0.1082763671875,0.102691650390625,0.509033203125,0.0015716552734375,0.0330657958984375,0.1183624267578125,0.0886688232421875,0.0753021240234375,0.09869384765625,0.0753021240234375,3.14618734285685,7.773099760072217,9.88486679759533,9.98820314803393,9.999999999999892,9.999998589499809,-9.999999999999993
FMD_120_jpg.rf.78c543f4b218a18f1155f2b6d32519f0.jpg,sakit,0,79.4146728515625,69.77818298339844,77.18077087402344,117.9326171875,21.147369384765625,82.26290893554688,142.51121520996094,26.71637535095215,87.40319061279297,1430.244629211007,0.5251280591411356,0.8848170767038259,0.46631508467219934,15.32404220249991,0.217634719665994,0.513153076171875,0.0,0.00042724609375,0.091033935546875,0.1587066650390625,0.1023712158203125,0.11981201171875,0.014495849609375,0.513153076171875,7.62939453125e-05,0.0131378173828125,0.188995361328125,0.127044677734375,0.1002960205078125,0.0565032958984375,0.00079345703125,0.513153076171875,0.0,0.0021820068359375,0.072113037109375,0.2019805908203125,0.127166748046875,0.07086181640625,0.012542724609375,2.8816583177091486,7.6496167456461714,9.929732661251968,9.771920688527757,-9.999999999994014,-9.99995565528351,9.999999999991436
FMD_12_jpg.rf.ebcd761b20d5a2c9317b0bb1cb67b70e.jpg,sakit,0,122.40150451660156,106.03909301757812,81.87799072265625,23.65802001953125,55.09223937988281,122.42910766601562,24.84120750427246,50.172019958496094,96.14967346191406,863.8587405805129,0.417149950732866,0.940936351497772,0.34183863992066815,12.026189317006734,0.11692729159709103,0.366180419921875,0.0,0.0,0.0244140625,0.0771636962890625,0.141876220703125,0.30810546875,0.0822601318359375,0.366180419921875,0.0,0.0059051513671875,0.0773162841796875,0.1578216552734375,0.2387237548828125,0.1424560546875,0.0115966796875,0.3662109375,0.0207061767578125,0.1235504150390625,0.17767333984375,0.1521759033203125,0.1169281005859375,0.0423736572265625,0.0003814697265625,3.1175418146400866,7.572699664952878,9.83159510724704,9.994155093355117,-9.999999999999956,-9.999999438102186,9.999999999999982
FMD_165_jpg.rf.0f460dc236c146f42e8923ef78c00e35.jpg,sakit,0,110.33085632324219,94.70352172851562,82.30543518066406,19.394622802734375,40.626220703125,110.45233154296875,21.014516830444336,39.35906982421875,91.34992218017578,1215.3450928426366,0.44927546059618617,0.9089467998971648,0.35170527971160603,13.455980488313799,0.12376154428465769,0.387603759765625,0.0,0.0,0.0191802978515625,0.1711578369140625,0.1976776123046875,0.1512603759765625,0.0731201171875,0.387603759765625,0.0,0.0,0.1457366943359375,0.2341156005859375,0.1407470703125,0.073638916015625,0.018157958984375,0.387603759765625,0.0003509521484375,0.077728271484375,0.226318359375,0.157440185546875,0.0899810791015625,0.0591278076171875,0.0014495849609375,3.0388048284557163,7.24783978291485,9.967483616190325,9.927586372555725,-9.999999999999067,-9.9999819239968,-9.999999999999915
FMD_17_jpg.rf.11949ccdf2b9783eae5ab0acf167952f.jpg,sakit,0,102.60809326171875,90.57858276367188,79.4063720703125,21.730621337890625,32.8046875,102.61442565917969,46.98625946044922,37.10868453979492,96.65088653564453,840.6033584221979,0.49543427339767443,0.9460537277609262,0.41990155768773785,10.840741010370307,0.17639385492630735,0.446136474609375,0.0,0.0,0.0462493896484375,0.1048431396484375,0.1759185791015625,0.099151611328125,0.1277008056640625,0.446136474609375,0.0,0.0024871826171875,0.103118896484375,0.193115234375,0.10748291015625,0.0904388427734375,0.057220458984375,0.446136474609375,0.0006866455078125,0.0522918701171875,0.206268310546875,0.1114654541015625,0.0731658935546875,0.0956878662109375,0.0142974853515625,3.0549545250802783,7.789929442486618,9.846332335535187,9.88891015150502,-9.99999999999724,9.999984112587082,9.999999999996506
FMD_17_jpg.rf.12d3739e802668f9dab7bf6c9bf13d53.jpg,sakit,0,102.12312316894531,89.29180908203125,77.37028503417969,21.595947265625,34.68937683105469,102.1326904296875,47.04120635986328,39.47134017944336,97.3563461303711,769.547969468862,0.5039438932818313,0.950619018749875,0.42895899575032775,10.32021625117704,0.18406563986941646,0.452545166015625,0.0,0.0,0.043182373046875,0.1011962890625,0.1717987060546875,0.10113525390625,0.1301422119140625,0.452545166015625,0.0,0.002655029296875,0.1041259765625,0.19122314453125,0.1049346923828125,0.0890960693359375,0.055419921875,0.452545166015625,0.0011138916015625,0.0613861083984375,0.20306396484375,0.1069488525390625,0.06939697265625,0.09466552734375,0.0108795166015625,3.0582691760392264,7.750155926115533,9.874236844978876,9.88878131472624,-9.999999999998023,9.999983151591287,-9.99999999999656
FMD_18_jpg.rf.d430b0cf9349e408974dd2c5c9c27a34.jpg,sakit,0,25.4183349609375,24.28057861328125,23.66583251953125,14.209747314453125,4.3779296875,25.747528076171875,52.39875793457031,14.387857437133789,60.79670715332031,339.2603517760642,0.8393214800046538,0.9507521600773482,0.8220051903224818,4.367433891179613,0.6757108281700743,0.8353118896484375,0.0,0.014892578125,0.0393218994140625,0.03717041015625,0.03759765625,0.020111083984375,0.015594482421875,0.8353118896484375,0.0,0.0320587158203125,0.0326690673828125,0.0342254638671875,0.0318756103515625,0.017333984375,0.0165252685546875,0.8353118896484375,0.0006256103515625,0.035430908203125,0.033843994140625,0.0330047607421875,0.0298004150390625,0.0164337158203125,0.0155487060546875,2.868354203055587,6.124043494500566,9.169361527433606,9.210394598951785,9.999999998777273,9.998080439083338,-9.999999999974966
FMD_23_jpg.rf.37f8a64244cd049572585a208d6c34f7.jpg,sakit,0,85.96260070800781,77.39608764648438,69.59616088867188,41.21051025390625,24.321334838867188,87.23724365234375,76.9246826171875,42.815940856933594,98.793701171875,1032.4351886193197,0.6037293431851044,0.9360439376080852,0.5133276479955262,10.51399055218374,0.263611127274687,0.5431671142578125,0.0,0.0023651123046875,0.036376953125,0.075592041015625,0.12384033203125,0.1121826171875,0.106475830078125,0.5431671142578125,0.0,0.003662109375,0.076019287109375,0.093963623046875,0.14996337890625,0.0952606201171875,0.0379638671875,0.543243408203125,0.003875732421875,0.045745849609375,0.1069793701171875,0.10858154296875,0.0724945068359375,0.08148193359375,0.03759765625,2.9435266496676364,7.024780978367948,9.940476072158598,9.98622077566134,-9.999999999999975,9.99999701920332,9.999999999999908
FMD_40_jpg.rf.27d44bd4374a32cad80948d77c317f0d.jpg,sakit,0,52.86088562011719,50.95184326171875,47.0167236328125,34.1947021484375,11.512283325195312,54.226165771484375,79.28443145751953,19.861474990844727,84.76103973388672,854.6713474997913,0.7219116297306326,0.9338689770574078,0.6672452017589974,8.77526502637104,0.445304884067526,0.6941680908203125,0.0,0.000213623046875,0.051422119140625,0.0735931396484375,0.07958984375,0.0370330810546875,0.0639801025390625,0.6941680908203125,0.0,0.00836181640625,0.07183837890625,0.0418548583984375,0.07000732421875,0.104248046875,0.009521484375,0.6941680908203125,1.52587890625e-05,0.0132598876953125,0.0678253173828125,0.1027069091796875,0.0529937744140625,0.0610198974609375,0.0080108642578125,2.8651084064531918,7.312239461424797,9.751725472791607,9.36826403361259,-9.999999999951356,9.999699891150382,9.999999999778417
FMD_4_jpg.rf.13f5a1681600357180448da7ee520df3.jpg,sakit,0,140.78121948242188,118.63206481933594,92.31903076171875,23.119171142578125,59.272003173828125,140.7949676513672,26.36733055114746,50.615726470947266,102.09844207763672,662.180735080676,0.42034920267385595,0.9591262596156122,0.31708156225918593,9.50217977458244,0.10058741226906308,0.3376007080078125,0.0,0.0,0.0001983642578125,0.0264434814453125,0.070709228515625,0.3364715576171875,0.22857666015625,0.3376007080078125,0.0,0.0035858154296875,0.0675811767578125,0.0899200439453125,0.195526123046875,0.2909698486328125,0.0148162841796875,0.3376007080078125,0.0029754638671875,0.0981903076171875,0.140167236328125,0.241912841796875,0.1089019775390625,0.06683349609375,0.00341796875,3.1571929173986906,7.45635410277673,9.958903595749053,9.99824211009702,-9.999999999999996,9.999999976234683,-9.999999999999998
FMD_4_jpg.rf.1902a88d44f61359badb88bfa162361b.jpg,sakit,0,136.91265869140625,115.54879760742188,90.20378112792969,21.963470458984375,57.21229553222656,136.92071533203125,23.05654525756836,50.52393341064453,103.30152130126953,558.5826290351225,0.43853037613505874,0.966435957391615,0.3377926426504083,8.711814904874943,0.11413679851376324,0.3552093505859375,0.0,0.0,0.0013885498046875,0.0304107666015625,0.063751220703125,0.3238067626953125,0.225433349609375,0.3552093505859375,0.0,0.0070953369140625,0.0655059814453125,0.0826568603515625,0.183624267578125,0.2913055419921875,0.0146026611328125,0.3552093505859375,0.0040283203125,0.095001220703125,0.1294708251953125,0.23919677734375,0.107513427734375,0.06658935546875,0.00299072265625,3.1679228471528273,7.547647854007955,9.98160077114632,9.999568544658423,-10.0,-9.999999994617419,-10.0
FMD_4_jpg.rf.9b0eb8788b38ed14249abc74245b2a0d.jpg,sakit,0,140.99562072753906,119.04849243164062,92.65792846679688,22.59735107421875,58.76319885253906,141.00521850585938,23.08965301513672,50.371097564697266,102.67731475830078,686.0659946861,0.42109198561692623,0.9581605498012905,0.31934695200026825,9.723448322454177,0.10202986223214051,0.340057373046875,0.0,0.0,3.0517578125e-05,0.02093505859375,0.0702362060546875,0.3267669677734375,0.241973876953125,0.340057373046875,0.0,0.001861572265625,0.0621185302734375,0.0904998779296875,0.192169189453125,0.297515869140625,0.015777587890625,0.340057373046875,0.0017242431640625,0.0927734375,0.1403961181640625,0.240997314453125,0.1121978759765625,0.0681304931640625,0.00372314453125,3.1524651213614776,7.41694403080692,9.954242686800288,9.997542229578338,-9.999999999999995,9.999999961239617,-9.999999999999996
FMD__14_jpg.rf.9260d4c5f5d1f89f12be4ecb981d16be.jpg,sakit,0,95.60063171386719,76.88343811035156,67.06083679199219,20.166961669921875,38.9219970703125,95.61521911621094,57.20883560180664,46.22939682006836,98.31068420410156,738.7444965116871,0.5562957920588328,0.9488037609273294,0.47899581484561066,9.314817861566686,0.22949984338177568,0.502716064453125,0.0,0.0,0.0143280029296875,0.0621337890625,0.1337127685546875,0.215576171875,0.071533203125,0.502716064453125,0.0,0.014007568359375,0.1155242919921875,0.1447906494140625,0.1348724365234375,0.0829925537109375,0.005096435546875,0.502716064453125,0.001983642578125,0.0858306884765625,0.1437835693359375,0.1185150146484375,0.1046905517578125,0.0412445068359375,0.0012359619140625,3.0323557304682245,6.885862479499256,9.96756513429831,9.935909805398381,9.999999999999257,9.999977641555603,9.999999999999808
FMD__15_jpg.rf.abbd5210b67846fd6fead7405c7bd676.jpg,sakit,0,89.06034851074219,96.31875610351562,101.48095703125,84.213134765625,45.29011535644531,111.91970825195312,105.72289276123047,45.995689392089844,93.22885131835938,718.8947205314172,0.4373865995788105,0.9411023758397604,0.34091719304305906,11.028557680834384,0.11629876875866398,0.3680419921875,0.000396728515625,0.075714111328125,0.2028350830078125,0.15325927734375,0.1206207275390625,0.0577545166015625,0.0213775634765625,0.3680419921875,0.0,0.0388641357421875,0.1721954345703125,0.1667327880859375,0.1301422119140625,0.0806427001953125,0.0433807373046875,0.3680419921875,0.00067138671875,0.0595245361328125,0.164306640625,0.131927490234375,0.074981689453125,0.078857421875,0.1216888427734375,3.11058946706342,7.258589953485051,9.807878757869366,9.977086275604197,9.999999999999703,9.999996079096091,-9.999999999999718
FMD__16_jpg.rf.a6ef6cba4462a5ff35dffe448481d51c.jpg,sakit,0,166.44703674316406,145.46397399902344,115.59965515136719,30.193145751953125,60.866607666015625,166.47850036621094,39.6591796875,42.053489685058594,92.93024444580078,846.8959571423902,0.33616295156563564,0.9384267027601879,0.2091846070890319,10.685359348156046,0.043814819104736814,0.2290496826171875,0.0,0.0,0.0020294189453125,0.0266876220703125,0.0767364501953125,0.3122100830078125,0.3532867431640625,0.2290496826171875,0.0,3.0517578125e-05,0.0219268798828125,0.076904296875,0.25567626953125,0.3905487060546875,0.0258636474609375,0.2290496826171875,0.00048828125,0.03363037109375,0.1766357421875,0.2653656005859375,0.1912078857421875,0.0992889404296875,0.00433349609375,3.136137701214202,7.814014062824668,9.934457355477454,9.998317068451675,-9.999999999999996,-9.999999876355652,-9.999999999999996
FMD__1_jpg.rf.36e50a28a896756596b239cc7b4d5d03.jpg,sakit,0,67.37216186523438,59.46673583984375,50.160003662109375,12.73974609375,20.724609375,67.42103576660156,31.510122299194336,36.85270309448242,101.72589111328125,757.7517400573947,0.7066711923622001,0.955954362230436,0.6728362663726678,7.89828620103819,0.4527513502867529,0.689666748046875,0.0,0.0,0.0045013427734375,0.01556396484375,0.0281829833984375,0.096099853515625,0.165985107421875,0.689666748046875,0.0,0.001129150390625,0.025115966796875,0.038665771484375,0.057159423828125,0.127105712890625,0.0611572265625,0.689666748046875,0.0005645751953125,0.0213165283203125,0.0531158447265625,0.0675506591796875,0.0790252685546875,0.073394775390625,0.0153656005859375,2.8587547515173295,6.020315258846873,9.205375972007648,9.770053556867364,9.999999999951267,9.999783271557089,9.999999999968674
Facial-eczma-on-teats-e1515294568304-400x284.jpg,sakit,0,15.568572998046875,15.563385009765625,15.340377807617188,2.721893310546875,0.29595947265625,15.604995727539062,18.98160171508789,2.306638240814209,60.54987335205078,289.94580208893916,0.9779093916030953,0.9603344053980848,0.9350742513535238,1.481015099575698,0.8743676370569343,0.9375152587890625,0.0,0.0,0.0,0.0,0.001251220703125,0.0033416748046875,0.057891845703125,0.9375152587890625,0.0,0.0,0.0,0.0,0.001556396484375,0.00299072265625,0.0579376220703125,0.9375152587890625,0.0,0.0,0.0,0.0,0.003021240234375,0.0045013427734375,0.054962158203125,2.672178786892863,6.365665009281475,7.682663037641464,7.874231398035835,9.999999048330388,9.973471311566113,9.999999946862548
Hyperkeratosis-e1515371480240-332x284.jpg,sakit,0,65.81991577148438,43.2353515625,38.17326354980469,31.19024658203125,54.56732177734375,65.84048461914062,88.00791931152344,59.4227294921875,69.53453826904297,522.4948794053552,0.5281568984448805,0.9037339083317493,0.46002011343058896,9.796099563730575,0.21169322782922528,0.4974212646484375,0.0,0.070159912109375,0.197906494140625,0.1213836669921875,0.091522216796875,0.0195159912109375,0.0020904541015625,0.4974212646484375,0.07086181640625,0.286102294921875,0.1249237060546875,0.016082763671875,0.002288818359375,0.002044677734375,0.000274658203125,0.504913330078125,0.1683349609375,0.22607421875,0.07830810546875,0.0173187255859375,0.002838134765625,0.0022125244140625,0.0,2.915794748617219,7.601241876121258,9.447009077458844,9.550756846291163,9.999999999847173,9.999877333315549,9.999999999925281
IMG_2691WM.jpg,sakit,0,106.55636596679688,102.55793762207031,99.22662353515625,77.40219116210938,17.587326049804688,109.10752868652344,104.37077331542969,26.698528289794922,100.60455322265625,1957.704289087552,0.5004040230203638,0.8937578580592024,0.4103572347439144,16.76921439032104,0.1684297033718143,0.4469757080078125,0.0,0.0,0.00439453125,0.073089599609375,0.1710357666015625,0.233489990234375,0.071014404296875,0.4469757080078125,0.0,0.000152587890625,0.0336761474609375,0.1065521240234375,0.141632080078125,0.1995849609375,0.0714263916015625,0.4469757080078125,1.52587890625e-05,0.01348876953125,0.085662841796875,0.1095123291015625,0.0829620361328125,0.1091461181640625,0.1522369384765625,2.9481163895199876,6.947694562050538,9.653038976852404,9.987903218974846,9.99999999999978,9.999996847543738,-9.999999999999938
LS-31_JPG_jpg.rf.97116d437e4b9db06e4798b3ab38eea3.jpg,sakit,0,31.240249633789062,20.487258911132812,17.219970703125,24.913726806640625,46.138946533203125,31.255096435546875,75.80826568603516,63.3319091796875,41.5959358215332,119.47180267589569,0.6442105609741008,0.9397757692578638,0.5866909420072794,4.53542508877834,0.3442599705492632,0.61614990234375,0.0889434814453125,0.19268798828125,0.0974578857421875,0.0047607421875,0.0,0.0,0.0,0.643768310546875,0.2546844482421875,0.0963287353515625,0.005218505859375,0.0,0.0,0.0,0.0,0.7300567626953125,0.200408935546875,0.06500244140625,0.0045318603515625,0.0,0.0,0.0,0.0,3.0875627349832984,7.013090830994939,9.98496846171815,9.97721638281415,9.999999999999972,-9.999994042447963,9.999999999999902
LSD-83-_png_jpg.rf.ff3da07149b6e07e2a9bf67b960b5f6d.jpg,sakit,0,106.84112548828125,101.09379577636719,98.52175903320312,38.8353271484375,12.462936401367188,107.44346618652344,69.3935546875,21.21834373474121,105.4153823852539,1677.3264919807668,0.5251931525800421,0.9189428928800026,0.4525541597421596,14.610504935288992,0.20489591947225028,0.4822998046875,0.0,0.0,0.0,0.024993896484375,0.1284942626953125,0.2001495361328125,0.1640625,0.4822998046875,0.0,0.0,0.0129852294921875,0.1086273193359375,0.0925750732421875,0.1512298583984375,0.15228271484375,0.4822998046875,0.0,0.0,0.0316925048828125,0.10821533203125,0.0927276611328125,0.163970947265625,0.12109375,2.8009297687933197,7.05161666727756,9.598507178130827,9.648962429848835,-9.999999999934445,-9.999840196529401,-9.999999999965002
Large-Rough-Ring-1-2-e1515372034493-400x284.jpg,sakit,0,19.701080322265625,74.07562255859375,74.18226623535156,93.68490600585938,127.28392028808594,78.77534484863281,87.07987213134766,117.49125671386719,60.6717529296875,279.8626040120481,0.5182805539811289,0.9255853680934615,0.3136561696675973,6.226291422865498,0.09844620149419064,0.7955322265625,0.028839111328125,0.0884246826171875,0.056488037109375,0.0306549072265625,4.57763671875e-05,1.52587890625e-05,0.0,0.3407135009765625,0.029571533203125,0.16107177734375,0.2430877685546875,0.21881103515625,0.0066986083984375,4.57763671875e-05,0.0,0.3415374755859375,0.0668487548828125,0.1368408203125,0.1945648193359375,0.2365570068359375,0.023529052734375,0.0001220703125,0.0,3.048496328135485,7.755901283110247,9.786221504939572,9.998580095928183,9.999999999999996,9.999999861559443,-9.999999999999995
Lumpy_Skin_283_png.rf.01ed125fe3609a6053a44697d50ba47a.jpg,sakit,0,150.10235595703125,100.61885070800781,64.19345092773438,17.46832275390625,100.3309326171875,150.10235595703125,12.167774200439453,69.88604736328125,103.08728790283203,1524.424275297446,0.36592581080443876,0.872201802131296,0.2750196737559501,15.766507364436757,0.07577351486354865,0.3140106201171875,0.0,0.0,0.0,0.0051727294921875,0.0816650390625,0.2682952880859375,0.3308563232421875,0.3140106201171875,0.0,0.0,0.1681060791015625,0.299835205078125,0.2070770263671875,0.0109710693359375,0.0,0.3140106201171875,0.042266845703125,0.3309478759765625,0.281951904296875,0.028900146484375,0.001922607421875,0.0,0.0,3.0299932353436323,7.728689578733157,9.857711357733667,9.911556629068572,-9.9999999999996,-9.999988857692054,-9.999999999997126
Mouth_4-5_days_3WM.jpg,sakit,0,106.60862731933594,106.96102905273438,105.82568359375,50.773406982421875,14.62060546875,112.68733215332031,83.408935546875,25.67410659790039,119.16361236572266,3184.5617403215915,0.6326980144821251,0.8772261845862191,0.4870077809688664,19.848485230767963,0.23730673470482277,0.5234527587890625,0.0,0.0,0.0,0.0237274169921875,0.0818939208984375,0.0984039306640625,0.27252197265625,0.5234527587890625,0.0,0.0,0.0,0.0032806396484375,0.093963623046875,0.108001708984375,0.27130126953125,0.5234527587890625,0.0,0.0002288818359375,0.0118255615234375,0.037841796875,0.04522705078125,0.088226318359375,0.2931976318359375,2.8690147684720793,7.631954417104753,9.172245885061942,9.447920196621906,9.999999999580618,9.999831544544074,9.999999999919941
NMC-TCP-chemical-damage1-e1515281879220-400x284.jpeg,sakit,0,57.669586181640625,45.2969970703125,37.89143371582031,7.33416748046875,27.796768188476562,57.669586181640625,11.19787883758545,43.42018508911133,86.09552001953125,279.7545482263357,0.8006993244782841,0.9732540607143086,0.6775829919488107,3.131397425229229,0.45912881299636754,0.6860198974609375,0.0,0.0,0.0,0.0507049560546875,0.1336212158203125,0.128875732421875,0.0007781982421875,0.6860198974609375,0.0,0.008392333984375,0.0898590087890625,0.1143646240234375,0.101318359375,4.57763671875e-05,0.0,0.6860198974609375,0.005401611328125,0.0575103759765625,0.1226043701171875,0.0961456298828125,0.032318115234375,0.0,0.0,2.742861620361456,6.4362947095147,8.821666385654545,8.86285405895693,9.999999992806742,-9.999105042429049,9.999999998321144
P1010992WM-1.jpg,sakit,0,90.30281066894531,82.19725036621094,80.75944519042969,51.251922607421875,15.621109008789062,90.974365234375,103.24149322509766,26.215360641479492,102.59159088134766,1507.8592753438888,0.5952992053536598,0.9194212071328637,0.5180279236390474,13.033408838006316,0.26841574785196093,0.549041748046875,0.0,3.0517578125e-05,0.0020904541015625,0.0335693359375,0.170013427734375,0.1183929443359375,0.126861572265625,0.549041748046875,0.0,0.0,0.0201416015625,0.16522216796875,0.0914459228515625,0.0619659423828125,0.1121826171875,0.549041748046875,0.0015106201171875,0.002288818359375,0.0609130859375,0.1368255615234375,0.070892333984375,0.063018798828125,0.115509033203125,2.8642383697847955,6.716709742929146,9.737802958703227,9.788555124449971,-9.999999999990685,-9.99988103666443,-9.999999999982707
Petechail-hemoraghing-e1515364651809-400x284.jpg,sakit,0,161.57275390625,112.48240661621094,97.30461120605469,12.118194580078125,85.31260681152344,161.5747528076172,13.25221061706543,42.62907409667969,75.60306549072266,391.94669583663887,0.37800346090896003,0.9451847750219392,0.15758606045908624,6.669563279886773,0.024868136227761573,0.1705322265625,0.0,0.0,0.0003662109375,0.0638885498046875,0.2308197021484375,0.505889892578125,0.02850341796875,0.1705322265625,0.0,0.0408172607421875,0.21539306640625,0.5003204345703125,0.06512451171875,0.0064697265625,0.0013427734375,0.1705322265625,0.0082855224609375,0.1493988037109375,0.4103851318359375,0.2299041748046875,0.025299072265625,0.00518798828125,0.001007080078125,3.1482948222166574,7.830093130830446,9.965416665323497,9.993906592825075,9.999999999999979,9.99999925639656,-9.999999999999996
Picture11-400x284.jpg,sakit,0,105.02421569824219,74.99880981445312,68.85037231445312,28.15478515625,59.010009765625,105.02484130859375,80.7284927368164,45.8472900390625,77.21226501464844,764.4551035040819,0.3993411109641889,0.896528386898726,0.2921732200705533,11.750257608049916,0.08544161325936699,0.3268280029296875,0.0,0.0003814697265625,0.1266326904296875,0.2501068115234375,0.2163238525390625,0.0647125244140625,0.0150146484375,0.3268280029296875,0.001129150390625,0.16778564453125,0.3472747802734375,0.1498870849609375,0.0070648193359375,3.0517578125e-05,0.0,0.3273162841796875,0.015411376953125,0.2599639892578125,0.305694580078125,0.08612060546875,0.0054931640625,0.0,0.0,3.0548134513110115,7.748782117263517,9.97476147339744,9.981213702670754,-9.999999999999988,-9.999998072151,-9.999999999999902
Picture12-400x284.jpg,sakit,0,70.42929077148438,49.337677001953125,45.93101501464844,11.16595458984375,33.20643615722656,70.42947387695312,51.23662567138672,45.08818817138672,94.29629516601562,689.022320413761,0.6570285481831969,0.9373819233451145,0.6063013325463883,8.6897880268978,0.3676362502070989,0.6291351318359375,0.0,0.0,0.0123138427734375,0.0781402587890625,0.0864715576171875,0.1121063232421875,0.0818328857421875,0.6291351318359375,0.0,0.0499420166015625,0.1007843017578125,0.147705078125,0.068328857421875,0.0040740966796875,3.0517578125e-05,0.6291351318359375,0.0017852783203125,0.0780181884765625,0.1119842529296875,0.1314544677734375,0.0464019775390625,0.001220703125,0.0,2.905172908527673,6.5893836094475455,9.42215632157665,9.730457474911532,-9.999999999956165,-9.99999650624336,9.999999999962334
Picture13-400x284.jpg,sakit,0,148.31454467773438,125.75810241699219,95.40373229980469,23.319793701171875,57.3743896484375,148.34255981445312,24.59264373779297,54.44300842285156,116.15764617919922,682.7303306346607,0.4486268908590498,0.9673678649250071,0.3589488266501388,9.192497000139698,0.12887585891847084,0.374176025390625,0.0,0.0,0.0001220703125,0.01068115234375,0.0268402099609375,0.09136962890625,0.4968109130859375,0.374176025390625,0.0,0.0001373291015625,0.0157623291015625,0.0550384521484375,0.159393310546875,0.2188262939453125,0.176666259765625,0.374359130859375,0.0048675537109375,0.043731689453125,0.1405029296875,0.19305419921875,0.114898681640625,0.0816497802734375,0.04693603515625,3.1440694031392082,7.508531469931144,9.916306249392862,9.998919104758729,9.999999999999998,-9.999999812182121,10.0
Picture20-1-400x284.jpg,sakit,0,123.33450317382812,105.57391357421875,93.73384094238281,17.136474609375,37.73712158203125,123.37237548828125,26.397275924682617,38.407230377197266,102.19017791748047,951.1842175663896,0.44090704369807643,0.9426653547995381,0.36588272404019095,11.960715303177048,0.1339002105224214,0.3892364501953125,0.0,0.0,0.011016845703125,0.0791015625,0.13671875,0.17047119140625,0.2134552001953125,0.3892364501953125,0.0,0.0001983642578125,0.0586395263671875,0.1783905029296875,0.16192626953125,0.1837158203125,0.02789306640625,0.3892364501953125,0.00079345703125,0.031005859375,0.147735595703125,0.159637451171875,0.1472320556640625,0.11602783203125,0.008331298828125,3.074451613340132,7.411225313702252,9.902882338217772,9.890295545212943,-9.9999999999971,-9.999979102695692,9.999999999998325
Picture22-400x284.jpg,sakit,0,188.32513427734375,106.16096496582031,41.824432373046875,20.35028076171875,150.7463836669922,188.32513427734375,12.299609184265137,95.38523864746094,106.18974304199219,274.5338438826988,0.495680092035917,0.9741925707142407,0.22778393157792468,4.57343025715187,0.051899443083243825,0.2367401123046875,0.0,0.0,0.000640869140625,0.005828857421875,0.0205841064453125,0.0421600341796875,0.6940460205078125,0.2367401123046875,0.006927490234375,0.1072998046875,0.195220947265625,0.1918182373046875,0.2089385986328125,0.052001953125,0.0010528564453125,0.5702362060546875,0.1215972900390625,0.132293701171875,0.102142333984375,0.047210693359375,0.026519775390625,0.0,0.0,3.169237445435188,7.625576164075069,9.936026572355974,9.999954400540025,10.0,-9.999999997178087,10.0
Picture25-1-400x284.jpg,sakit,0,83.43655395507812,59.468292236328125,54.76551818847656,5.157318115234375,34.441070556640625,83.51606750488281,19.35975456237793,44.4633674621582,105.6547622680664,564.097020502497,0.7055187350036541,0.9597950780246828,0.5991204691083344,5.507070888283756,0.35896772653297043,0.6111297607421875,0.0,0.0,0.0003204345703125,0.005859375,0.066680908203125,0.1410369873046875,0.1749725341796875,0.6111297607421875,0.0,0.0001068115234375,0.0555267333984375,0.1635284423828125,0.16363525390625,0.006072998046875,0.0,0.6111297607421875,0.0,0.0119171142578125,0.1031951904296875,0.1859283447265625,0.0851898193359375,0.0026397705078125,0.0,2.8421779812198538,6.633780733035222,9.206211944404783,9.320730227931026,9.999999999296577,-9.999796106117925,-9.99999999980969
Picture25-400x284.jpg,sakit,0,102.29307556152344,92.217041015625,74.57911682128906,19.41900634765625,35.443084716796875,102.61250305175781,23.037738800048828,38.93345642089844,106.29715728759766,1744.266490995661,0.5237663049439479,0.9068396959805849,0.4723012865985548,16.008463435627945,0.22319478024511485,0.506805419921875,0.0,0.0,0.0001068115234375,0.04388427734375,0.12060546875,0.1330413818359375,0.195556640625,0.506805419921875,0.0,0.0,0.000396728515625,0.1039276123046875,0.150726318359375,0.1915435791015625,0.046600341796875,0.506805419921875,0.0,0.0321807861328125,0.116241455078125,0.12396240234375,0.1456756591796875,0.0723114013671875,0.0028228759765625,3.0654055467621895,6.727171267433568,9.83800163538045,9.995638887533834,-9.999999999999982,-9.999999724353636,-9.999999999999975
Picture27-400x284.jpg,sakit,0,73.58821105957031,52.650665283203125,48.91450500488281,11.5814208984375,33.39569091796875,73.58824157714844,50.69603729248047,44.13264083862305,94.99468994140625,737.5113340354714,0.6383193485565526,0.9355418791489991,0.5893228444042575,9.401713553781084,0.3473376625405263,0.6122589111328125,0.0,0.0,0.0127410888671875,0.0788421630859375,0.0953369140625,0.121368408203125,0.0794525146484375,0.6122589111328125,0.0,0.0425262451171875,0.102325439453125,0.1575469970703125,0.0781402587890625,0.0071868896484375,1.52587890625e-05,0.6122589111328125,0.0010986328125,0.071136474609375,0.1194305419921875,0.141265869140625,0.0530242919921875,0.0017852783203125,0.0,2.913310657690541,6.619288915024025,9.452055897381767,9.724063238700763,-9.999999999942242,9.999993861527074,9.999999999997991
Picture29-1-400x284.jpg,sakit,0,28.773666381835938,28.656692504882812,27.8372802734375,6.81365966796875,1.123077392578125,28.8536376953125,30.476364135742188,5.289632797241211,79.44120788574219,551.367524196497,0.9425729872394871,0.9551818333091626,0.8793452281893805,2.99365720493687,0.773254799797961,0.882904052734375,0.0,0.0,0.0,0.0,0.0037994384765625,0.00885009765625,0.1044464111328125,0.882904052734375,0.0,0.0,0.0,0.0,0.0040435791015625,0.011138916015625,0.1019134521484375,0.882904052734375,0.0,0.0,1.52587890625e-05,0.0006561279296875,0.00830078125,0.0190277099609375,0.0890960693359375,2.635049605469823,6.026108255661304,8.00181386434275,8.142638158514144,9.99999974275636,9.971815066516545,9.999999980273504
Picture31-400x284.jpg,sakit,0,77.73687744140625,74.31948852539062,70.54132080078125,57.795806884765625,17.785842895507812,79.78569030761719,98.17442321777344,26.394594192504883,90.93180084228516,1545.3602036182408,0.5609093003072024,0.8952645296504818,0.5116021376176612,15.315673795245837,0.2618977209934649,0.5488128662109375,0.0,0.0001373291015625,0.0387420654296875,0.1370086669921875,0.1317291259765625,0.113067626953125,0.0305023193359375,0.5488128662109375,0.0,0.000152587890625,0.11016845703125,0.102264404296875,0.0960235595703125,0.1167449951171875,0.0258331298828125,0.5488128662109375,0.0011138916015625,0.0239715576171875,0.10528564453125,0.1132659912109375,0.0982208251953125,0.088836669921875,0.0204925537109375,2.8375944542347975,6.890115595270076,9.248459542418127,9.741858376536252,-9.99999999993526,-9.999911124458325,-9.99999999997772
Picture32-400x284.jpg,sakit,0,58.158294677734375,58.194183349609375,59.05479431152344,60.083282470703125,7.2982330322265625,61.021728515625,108.61673736572266,16.60811424255371,93.314208984375,721.7267584038678,0.7803561351993862,0.9550019756062342,0.6773445523587563,6.398622782351001,0.4588277833449994,0.6910400390625,0.0,0.0010528564453125,0.010223388671875,0.08154296875,0.0849761962890625,0.035186767578125,0.095977783203125,0.6910400390625,0.0,0.0,0.0136871337890625,0.06390380859375,0.105926513671875,0.0384521484375,0.0869903564453125,0.6910400390625,0.0,0.000885009765625,0.0245208740234375,0.041412353515625,0.111480712890625,0.04034423828125,0.0903167724609375,2.8092656004465586,6.172735409423342,8.617501413872928,9.090178474372687,9.999999999144704,9.999638947935518,-9.999999996121119
Picture34-1-400x284.jpg,sakit,0,78.77561950683594,56.49043273925781,51.90800476074219,7.08233642578125,38.22007751464844,78.77694702148438,28.191055297851562,47.107295989990234,94.29365539550781,542.5456158366316,0.6180866939244898,0.9525224538832063,0.5450830523674445,7.686368883197301,0.2971954938270957,0.5688323974609375,0.0,0.0034027099609375,0.04278564453125,0.0889892578125,0.0890350341796875,0.1198883056640625,0.087066650390625,0.5688323974609375,0.0,0.083251953125,0.120452880859375,0.123077392578125,0.1008758544921875,0.003509521484375,0.0,0.5688323974609375,0.014068603515625,0.1201171875,0.1035919189453125,0.115875244140625,0.076385498046875,0.001129150390625,0.0,3.0031515549237273,6.941364650479575,9.732338147404914,9.951155090080421,9.99999999999861,9.999982519918744,-9.999999999999119
Picture4-400x284.jpg,sakit,0,90.35897827148438,107.3765869140625,111.32107543945312,76.28277587890625,75.51945495605469,129.6688232421875,91.14029693603516,59.17011260986328,93.47481536865234,460.03371966522167,0.5662102075238166,0.9588013918374939,0.32267419962544114,5.481175180139537,0.10414556410284755,0.33392333984375,0.018157958984375,0.1936492919921875,0.1417236328125,0.060455322265625,0.0874786376953125,0.1612091064453125,0.0034027099609375,0.33392333984375,0.0,0.0034027099609375,0.13800048828125,0.159271240234375,0.2120819091796875,0.150421142578125,0.002899169921875,0.33392333984375,0.0,0.0186614990234375,0.158538818359375,0.0944366455078125,0.1390380859375,0.2413482666015625,0.0140533447265625,2.9698872125573024,8.570274139784713,9.712292128620494,9.98276573068933,9.999999999999659,-9.999999480871152,9.999999999999972
Picture42-1-400x284.jpg,sakit,0,117.07621765136719,101.41874694824219,95.31053161621094,82.35842895507812,63.286285400390625,126.99581909179688,102.63945007324219,49.231773376464844,73.33061981201172,852.4116202074109,0.41303206119641045,0.8832607159916946,0.20763488119545112,10.516270457998575,0.04318624448090611,0.2332763671875,0.0,9.1552734375e-05,0.223236083984375,0.217803955078125,0.236785888671875,0.07769775390625,0.0111083984375,0.2332763671875,0.0,0.0268707275390625,0.2639617919921875,0.425018310546875,0.04571533203125,0.004241943359375,0.00091552734375,0.2332763671875,0.0303497314453125,0.1766510009765625,0.2160491943359375,0.1785430908203125,0.132568359375,0.0315093994140625,0.0010528564453125,3.0753380965599475,8.104615666310945,9.972551926984645,9.998210421469308,-9.999999999999996,-9.999999850951367,10.0
Picture42-400x284.jpg,sakit,0,150.82505798339844,101.19717407226562,49.364166259765625,20.273895263671875,112.79774475097656,150.85150146484375,16.332307815551758,91.0101318359375,111.53733825683594,640.9029496198696,0.4175885475203518,0.9534838136365975,0.32018569362296606,9.684043176341676,0.10256947366927936,0.33984375,0.0,0.0,0.000885009765625,0.040130615234375,0.0730743408203125,0.075286865234375,0.4707794189453125,0.33984375,0.0,0.0067138671875,0.1452484130859375,0.25067138671875,0.1882476806640625,0.037628173828125,0.031646728515625,0.4770355224609375,0.141693115234375,0.1912078857421875,0.116363525390625,0.0351409912109375,0.02105712890625,0.011566162109375,0.0059356689453125,3.0984514525073643,8.131400400986685,9.786153271743933,9.995531543859274,9.999999999999964,-9.999999616555634,-9.999999999999995
Picture43-400x284.jpg,sakit,0,61.51261901855469,47.15576171875,40.1500244140625,15.123779296875,27.852249145507812,61.52299499511719,56.31175994873047,46.45708084106445,94.7363510131836,1104.9600540796916,0.711837301332479,0.9112222616787652,0.6588079266889467,11.013472583701942,0.4341174365705284,0.69244384765625,0.0,0.0,0.004364013671875,0.0584259033203125,0.0636138916015625,0.07489013671875,0.10626220703125,0.69244384765625,0.0,0.0178680419921875,0.0836181640625,0.06451416015625,0.07794189453125,0.0536041259765625,0.010009765625,0.6924591064453125,0.0067138671875,0.0782012939453125,0.0683135986328125,0.0648040771484375,0.0590362548828125,0.0298004150390625,0.00067138671875,2.7984984527798074,6.128731689615056,8.759032036659724,9.611634351310364,-9.999999999927722,-9.999844853000969,9.999999999702855
Picture46-400x284.jpg,sakit,0,88.52420043945312,81.12069702148438,78.20977783203125,58.650970458984375,62.44343566894531,102.75987243652344,84.59028625488281,53.02663040161133,80.75435638427734,1109.7799983164286,0.399603709126438,0.8730097149994943,0.31620377678804884,14.51077268916228,0.10011787552226749,0.35736083984375,0.0008544921875,0.0472564697265625,0.19512939453125,0.2671051025390625,0.1012725830078125,0.0183563232421875,0.012664794921875,0.35736083984375,6.103515625e-05,0.1299285888671875,0.2454833984375,0.146392822265625,0.0971527099609375,0.0157318115234375,0.0078887939453125,0.35736083984375,0.05413818359375,0.21978759765625,0.109039306640625,0.0995941162109375,0.071044921875,0.063629150390625,0.0254058837890625,3.0391859697356858,8.042664688470618,9.950399986677184,9.903694585907468,9.999999999999126,-9.999997564765437,-9.999999999998348
Picture47-400x284.jpg,sakit,0,45.417510986328125,47.4473876953125,49.320068359375,40.507537841796875,6.1964263916015625,49.96659851074219,85.02642059326172,15.742989540100098,95.07546997070312,895.6215631507426,0.8243204016286912,0.9443003937133989,0.7672494815564326,6.752891256098759,0.5886949431307985,0.779510498046875,0.0,0.0,0.0001068115234375,0.037689208984375,0.0439910888671875,0.0518341064453125,0.0868682861328125,0.779510498046875,0.0,0.0,0.0,0.0206298828125,0.050079345703125,0.03851318359375,0.11126708984375,0.779510498046875,0.0,0.0001068115234375,0.0002288818359375,0.0108642578125,0.0380401611328125,0.0386505126953125,0.132598876953125,2.509592760169766,5.7755852338361775,8.521979239977423,8.803609636865827,9.999999991666815,9.994005010478102,-9.99999998973795
Picture48-400x284.jpg,sakit,0,31.956375122070312,31.672866821289062,33.21209716796875,34.767303466796875,4.6959075927734375,34.3125,83.16442108154297,12.893162727355957,76.73675537109375,579.2886390015562,0.8525535668520501,0.9431375817154172,0.8151116459968177,5.021501256683677,0.6644317865594485,0.8270111083984375,0.0,0.0,0.0053558349609375,0.0401153564453125,0.0527496337890625,0.051239013671875,0.023529052734375,0.8270111083984375,0.0,0.0,0.018096923828125,0.0385894775390625,0.04205322265625,0.0359344482421875,0.0383148193359375,0.8270111083984375,0.0,4.57763671875e-05,0.0185546875,0.03070068359375,0.0331573486328125,0.0330657958984375,0.057464599609375,2.4397530380094814,5.188536225323839,9.070546769934431,8.590300607052988,9.999999987695793,9.978774322079635,9.999999992161944
Picture53-400x284.jpg,sakit,0,139.02505493164062,102.83970642089844,74.4698486328125,18.486297607421875,75.04176330566406,139.0586700439453,25.015522003173828,68.00601196289062,111.96061706542969,960.8665283233355,0.47356814706905065,0.9414485620778016,0.35064538303810494,10.815859271965357,0.12302129578541508,0.3764801025390625,0.0,0.0,0.0,0.06396484375,0.0892333984375,0.07177734375,0.3985443115234375,0.3764801025390625,0.0,0.000457763671875,0.1160888671875,0.16748046875,0.222412109375,0.0582122802734375,0.058868408203125,0.3825531005859375,0.051910400390625,0.16448974609375,0.1753692626953125,0.115386962890625,0.050262451171875,0.0270233154296875,0.0330047607421875,3.050429500674046,8.530991951292156,9.667812029486235,9.94018972727164,9.999999999999059,-9.999999967378075,9.999999999997533
Picture9-400x284.jpg,sakit,0,114.6951904296875,92.22233581542969,93.91395568847656,173.55142211914062,36.232574462890625,114.69847106933594,173.0944061279297,30.902868270874023,78.64514923095703,993.064870837056,0.46762721177670064,0.8954453377832943,0.2828427975295475,10.690418283213576,0.08006575872626862,0.314422607421875,0.0,0.0,0.003997802734375,0.19342041015625,0.46734619140625,0.0207672119140625,4.57763671875e-05,0.314422607421875,0.0,0.0230560302734375,0.22576904296875,0.364654541015625,0.070709228515625,0.0013885498046875,0.0,0.314422607421875,0.0,0.01885986328125,0.2255096435546875,0.315704345703125,0.1239776611328125,0.00152587890625,0.0,3.047109506693049,7.6037286986209525,9.899571141845119,9.944105167200181,-9.999999999999888,-9.999994708717395,9.999999999998877
Purple-Teats-with-wedging-overmilking-400x284.jpg,sakit,0,62.02191162109375,44.51737976074219,40.54234313964844,15.46142578125,25.575927734375,62.02191162109375,64.47650146484375,41.4167594909668,99.47315216064453,305.3727142780236,0.7539774222502286,0.9756967679778815,0.7075611649515844,3.9909084537062838,0.5006582569198007,0.7155303955078125,0.0,0.0,0.0007171630859375,0.0105743408203125,0.037139892578125,0.0992584228515625,0.13677978515625,0.7155303955078125,0.0,0.0009307861328125,0.0299530029296875,0.1216278076171875,0.1156768798828125,0.0162200927734375,6.103515625e-05,0.7155303955078125,0.0,0.0101776123046875,0.0682525634765625,0.138336181640625,0.052093505859375,0.0154571533203125,0.000152587890625,3.0229776536887827,6.703225008069415,9.489858901013314,9.942665704946135,-9.999999999998114,9.999979056044292,-9.999999999997119
SRm 2-3d-1WM-1.jpg,sakit,0,118.10350036621094,110.35993957519531,103.7535400390625,57.721588134765625,25.380218505859375,120.14764404296875,87.405029296875,33.80537796020508,99.90177917480469,1443.465824199802,0.48968896203309803,0.9191615488523458,0.3571302881412726,13.863318424301744,0.12764863382605482,0.3909149169921875,0.0,0.0,0.00579833984375,0.123260498046875,0.12432861328125,0.21875,0.1369476318359375,0.3909149169921875,0.0,0.0013275146484375,0.0848388671875,0.12255859375,0.11297607421875,0.179656982421875,0.10772705078125,0.3909149169921875,0.000762939453125,0.041290283203125,0.119659423828125,0.092681884765625,0.1003570556640625,0.154632568359375,0.099700927734375,3.0509896691243785,6.8206498374027635,9.635710409043801,9.977485934009371,-9.999999999999437,-9.999991020141426,9.999999999999766
Teats_4-6_daysWM.jpg,sakit,0,48.676666259765625,48.37890625,46.09332275390625,26.157684326171875,5.9371795654296875,49.475250244140625,58.27833557128906,14.656219482421875,79.3825912475586,1378.7133282210407,0.7331387829321935,0.8848774817493701,0.68190916332834,11.07427545371312,0.46505902808763033,0.714324951171875,0.0,0.0,0.0074920654296875,0.0894622802734375,0.14312744140625,0.0332183837890625,0.0123748779296875,0.714324951171875,0.0,0.0,0.0018768310546875,0.1082916259765625,0.1258697509765625,0.0379791259765625,0.01165771484375,0.714324951171875,0.0026092529296875,0.000244140625,0.019317626953125,0.1288604736328125,0.0961761474609375,0.0282440185546875,0.010223388671875,2.7392126097298415,7.599327493838402,8.47307544599422,9.186526252842478,9.999999996801392,-9.999681868965466,9.99999999975491
augmented_fmdf_0.jpg,sakit,0,167.64340209960938,143.63999938964844,103.25910949707031,31.654144287109375,83.87599182128906,167.6517791748047,15.918312072753906,40.6854248046875,71.71971130371094,242.34058882940136,0.3842652426777901,0.9693531178578181,0.14600870542571603,4.828952842137894,0.021333979413058063,0.1488800048828125,0.0,0.0,0.0002288818359375,0.0240631103515625,0.233856201171875,0.5678253173828125,0.025146484375,0.1488800048828125,0.0,0.0,0.0384979248046875,0.1602630615234375,0.6081085205078125,0.04425048828125,0.0,0.1488800048828125,0.003173828125,0.1100311279296875,0.382415771484375,0.32452392578125,0.030975341796875,0.0,0.0,3.159217792554162,7.6044414786079315,9.902774848165135,9.999452227177713,10.0,-9.99999996217843,-9.999999999999998
augmented_fmdf_1.jpg,sakit,0,155.47682189941406,133.11952209472656,122.95025634765625,54.65118408203125,43.533294677734375,155.47694396972656,107.4817886352539,31.60626792907715,77.2989273071289,454.75265569710865,0.367696355389228,0.9526662608919206,0.18039387299723741,6.972926279069969,0.032569749670711134,0.1914520263671875,0.0,0.0,0.0,0.0254364013671875,0.38800048828125,0.354339599609375,0.040771484375,0.1914520263671875,0.0,0.0,0.0422821044921875,0.26336669921875,0.4299163818359375,0.0691986083984375,0.0037841796875,0.1914520263671875,0.000152587890625,0.01507568359375,0.1001434326171875,0.371826171875,0.2965087890625,0.023651123046875,0.001190185546875,3.1315568700901,8.908547061667726,9.983929682867414,9.992680773666759,9.999999999999982,-9.999999856878528,9.999999999999998
augmented_fmdf_10.jpg,sakit,0,86.63900756835938,80.18571472167969,79.1787109375,54.56561279296875,13.052291870117188,87.4691162109375,104.9166030883789,24.19840431213379,103.54290008544922,1933.8193408797497,0.6092706550586103,0.9000223700638084,0.5366505640990357,15.026547633390651,0.2880560133228444,0.5739898681640625,0.0,0.0,0.001861572265625,0.024871826171875,0.1441497802734375,0.1209564208984375,0.1341705322265625,0.5739898681640625,0.0,0.0,0.0074462890625,0.1380615234375,0.0944366455078125,0.05780029296875,0.128265380859375,0.5739898681640625,0.0018157958984375,0.0014190673828125,0.0422821044921875,0.113067626953125,0.0756683349609375,0.0623016357421875,0.12945556640625,2.812018803700218,6.59103701711133,9.670527024485734,9.743391513584918,-9.999999999969862,-9.99983673578521,9.999999999985471
augmented_fmdf_109.jpg,sakit,0,153.7787322998047,130.6599578857422,120.103271484375,53.11798095703125,44.68388366699219,153.7787322998047,106.1309814453125,33.79117965698242,79.27888488769531,633.3873807671298,0.36816093873427574,0.9362212787610411,0.18740597367887046,8.151443110722287,0.035167966731012294,0.2034912109375,0.0,0.0,0.0,0.0200347900390625,0.37744140625,0.352203369140625,0.0468292236328125,0.2034912109375,0.0,0.0,0.034027099609375,0.2750244140625,0.425201416015625,0.0590057373046875,0.0032501220703125,0.2034912109375,0.0,0.017425537109375,0.1120452880859375,0.3636627197265625,0.28173828125,0.0203094482421875,0.0013275146484375,3.1300466307177963,9.936422328327959,9.99904535368103,9.994829040534833,-9.999999999999998,9.999999988499063,-9.999999999999998
augmented_fmdf_11.jpg,sakit,0,84.61167907714844,77.74964904785156,75.59623718261719,49.758514404296875,13.154373168945312,84.67424011230469,108.29832458496094,18.352581024169922,96.64120483398438,263.9409588859745,0.716339494277518,0.9842037543953551,0.5512544229977494,3.2840737033948018,0.3038898335577352,0.5583953857421875,0.0,0.0,0.000732421875,0.0579071044921875,0.148468017578125,0.197601318359375,0.036895751953125,0.5583953857421875,0.0,0.0,0.03033447265625,0.1084136962890625,0.1488494873046875,0.1419677734375,0.0120391845703125,0.5583953857421875,0.0,0.0,0.03106689453125,0.1294097900390625,0.15069580078125,0.1303558349609375,7.62939453125e-05,2.959056838943609,6.676534099471239,8.951898537282325,9.679335777784969,-9.999999999897295,-9.999814185087176,9.999999999879723
augmented_fmdf_111.jpg,sakit,0,42.10749816894531,39.40736389160156,45.00471496582031,83.57986450195312,12.289794921875,45.89007568359375,127.15799713134766,21.843429565429688,71.2864761352539,1005.6929119288314,0.6838065937721692,0.8775169144082052,0.6505757312715473,11.567246426787678,0.4233245514261628,0.6876678466796875,0.0,0.03466796875,0.126800537109375,0.07537841796875,0.0453643798828125,0.0236968994140625,0.0064239501953125,0.6876678466796875,0.0002288818359375,0.074249267578125,0.11431884765625,0.062347412109375,0.04144287109375,0.0144805908203125,0.0052642822265625,0.6876678466796875,0.00335693359375,0.019378662109375,0.103851318359375,0.08673095703125,0.0529937744140625,0.0335540771484375,0.0124664306640625,2.952652734497247,8.015684776253597,9.220217298818216,9.966220231543025,-9.999999999999881,-9.999998396768227,-9.999999999997764
augmented_fmdf_112.jpg,sakit,0,78.92071533203125,70.50950622558594,72.08857727050781,61.36529541015625,10.467193603515625,79.65533447265625,120.52207946777344,29.52444076538086,111.2556381225586,1523.7403009570232,0.7351643787483763,0.9289836234951344,0.6307698254624249,11.263946394625007,0.39792662070792395,0.6526641845703125,0.0,0.0,6.103515625e-05,0.0354766845703125,0.0362548828125,0.0360870361328125,0.2394561767578125,0.6526641845703125,0.0,0.005767822265625,0.024627685546875,0.0628662109375,0.0469818115234375,0.03741455078125,0.169677734375,0.6526641845703125,7.62939453125e-05,0.0014190673828125,0.02117919921875,0.0618896484375,0.0462188720703125,0.0359344482421875,0.1806182861328125,2.7736919492322305,6.451162117169074,8.660535061044127,9.089353997621062,9.999999996429205,9.998296341015452,9.999999998748363
augmented_fmdf_113.jpg,sakit,0,108.0948486328125,94.96939086914062,81.04571533203125,18.23388671875,39.10516357421875,108.09519958496094,15.488036155700684,35.72871398925781,90.42610168457031,633.6090167478724,0.5295091890096815,0.9530183697965601,0.38623603236890225,7.14262295419499,0.1492096164277533,0.403228759765625,0.0,0.0,0.0,0.1120147705078125,0.3161163330078125,0.1417083740234375,0.0269317626953125,0.403228759765625,0.0,0.0,0.0699920654296875,0.2278594970703125,0.2375335693359375,0.049285888671875,0.0121002197265625,0.403228759765625,0.0,0.028167724609375,0.22259521484375,0.2493896484375,0.064117431640625,0.02838134765625,0.004119873046875,3.0413350757055753,6.929030834134528,9.466464214859151,9.918031738358964,-9.999999999997902,-9.9999871548501,9.999999999993964
augmented_fmdf_114.jpg,sakit,0,139.3132781982422,108.25016784667969,106.59515380859375,103.77423095703125,47.43603515625,139.38633728027344,152.83551025390625,36.2191047668457,92.20504760742188,270.26468499433264,0.3984644109018906,0.9784602467977886,0.2811473242079755,6.5020502255763875,0.07906098408034097,0.2924652099609375,0.0,7.62939453125e-05,0.0136260986328125,0.052337646484375,0.18499755859375,0.3809356689453125,0.0755615234375,0.2924652099609375,0.0,0.0330810546875,0.1536865234375,0.1599578857421875,0.2902374267578125,0.0695343017578125,0.00103759765625,0.2924652099609375,0.0010986328125,0.0242767333984375,0.174468994140625,0.2051239013671875,0.2221221923828125,0.0771026611328125,0.0033416748046875,3.141460904941534,6.997809046778974,9.995857160719668,9.99940159280475,10.0,9.99999990020944,10.0
augmented_fmdf_115.jpg,sakit,0,102.17723083496094,93.30828857421875,91.90925598144531,71.60208129882812,17.105377197265625,102.44163513183594,126.55514526367188,20.52853012084961,94.44924926757812,373.0021728133586,0.6010719299641831,0.9766179087133263,0.4330554946124714,4.668690683975294,0.1875623617807457,0.445892333984375,0.0,0.0,0.00372314453125,0.1351318359375,0.180145263671875,0.1823883056640625,0.0527191162109375,0.445892333984375,0.0,0.0,0.0764312744140625,0.17962646484375,0.1310882568359375,0.1342926025390625,0.0326690673828125,0.445892333984375,0.0,1.52587890625e-05,0.0938262939453125,0.17840576171875,0.1335601806640625,0.1103668212890625,0.037933349609375,3.0428309300397367,7.348928209021611,9.473770278284654,9.810671942448652,9.999999999983272,-9.999993069300738,-9.999999999978877
augmented_fmdf_117.jpg,sakit,0,87.82514953613281,84.35244750976562,75.16081237792969,28.1649169921875,21.6177978515625,90.19075012207031,48.93075180053711,30.249347686767578,105.23985290527344,2082.599871110302,0.6001025816026354,0.8948821910518799,0.5310055025608982,15.907574325288929,0.2820317275078541,0.56884765625,0.0,0.0,0.0080413818359375,0.0489959716796875,0.0943145751953125,0.1295166015625,0.1502838134765625,0.56884765625,0.0,0.0,0.0007781982421875,0.0926971435546875,0.1195220947265625,0.0852813720703125,0.13287353515625,0.56884765625,4.57763671875e-05,0.0041351318359375,0.0516510009765625,0.1073760986328125,0.1144866943359375,0.0990142822265625,0.054443359375,2.8630785224467914,6.844462798231179,9.057093106371088,9.682152769402506,9.999999999957085,9.999871625308877,-9.999999999871306
augmented_fmdf_12.jpg,sakit,0,70.78797912597656,62.70875549316406,60.20257568359375,34.136688232421875,17.470611572265625,71.37837219238281,90.99324798583984,26.730558395385742,89.13764190673828,1488.7161338152553,0.6060128490095205,0.8879981690535382,0.550685336220699,14.542398758358631,0.30332752438015337,0.590057373046875,0.0,1.52587890625e-05,0.02325439453125,0.16888427734375,0.10833740234375,0.0493316650390625,0.06011962890625,0.590057373046875,0.0,0.000152587890625,0.1339263916015625,0.1389312744140625,0.0637969970703125,0.0340118408203125,0.03912353515625,0.590057373046875,0.002105712890625,0.010040283203125,0.1472625732421875,0.1270294189453125,0.057464599609375,0.0394287109375,0.026611328125,2.876334014143416,8.875317115833413,9.985238844168205,9.558056160439648,9.99999999998198,-9.99997330799305,-9.999999999994097
augmented_fmdf_120.jpg,sakit,0,80.17741394042969,70.31892395019531,67.13613891601562,37.001190185546875,21.420562744140625,80.79244995117188,93.35765838623047,29.751001358032227,90.3440170288086,1569.560014785051,0.5530771721599408,0.8843878032172982,0.4912410478096673,15.76694485662537,0.24141088653896023,0.5324859619140625,0.0,1.52587890625e-05,0.03985595703125,0.18310546875,0.1201019287109375,0.05633544921875,0.0680999755859375,0.5324859619140625,0.0,0.0034332275390625,0.16796875,0.1432342529296875,0.0720672607421875,0.0382080078125,0.0426025390625,0.5324859619140625,0.00225830078125,0.0254974365234375,0.172698974609375,0.1334075927734375,0.0624847412109375,0.0415191650390625,0.0296478271484375,2.9244694976074563,8.241844028441502,9.789079046440326,9.627630038281213,9.999999999945924,9.999956169539377,-9.999999999995197
augmented_fmdf_121.jpg,sakit,0,50.3602294921875,42.19252014160156,38.433502197265625,38.93487548828125,24.625503540039062,50.95307922363281,93.52037811279297,40.13188552856445,64.73257446289062,535.0951849959944,0.6246729273223383,0.9140655552793274,0.5639982689705499,8.166136020469162,0.31814919222341903,0.5912322998046875,3.0517578125e-05,0.088287353515625,0.160400390625,0.105804443359375,0.04119873046875,0.0070648193359375,0.0059814453125,0.5912322998046875,0.013763427734375,0.1826171875,0.1294097900390625,0.0668487548828125,0.0123138427734375,0.003143310546875,0.00067138671875,0.5912322998046875,0.024932861328125,0.2280426025390625,0.104461669921875,0.0475311279296875,0.0028533935546875,0.00091552734375,3.0517578125e-05,2.837514326555667,6.317216524814691,9.45533732269197,9.56193738983449,9.999999999931884,9.999841037194145,-9.999999999857407
augmented_fmdf_123.jpg,sakit,0,82.75532531738281,73.37406921386719,70.98846435546875,62.595947265625,20.902542114257812,83.50302124023438,117.24071502685547,30.870038986206055,89.34469604492188,1029.3969883194918,0.55524892009287,0.9242143597298345,0.4890957544080337,11.480786615081497,0.23926057052900382,0.517730712890625,0.0,0.0056915283203125,0.0491485595703125,0.1064910888671875,0.1868133544921875,0.107330322265625,0.02679443359375,0.517730712890625,0.0,0.0339202880859375,0.1047515869140625,0.1424713134765625,0.1140594482421875,0.070953369140625,0.01611328125,0.517730712890625,0.0005645751953125,0.048583984375,0.119110107421875,0.1211700439453125,0.119873046875,0.06707763671875,0.005889892578125,2.9594084279512614,7.673032062618036,9.161985431959422,9.758870094112199,-9.999999999948567,-9.99995452020941,-9.99999999995645
augmented_fmdf_126.jpg,sakit,0,75.18675231933594,66.45094299316406,59.834075927734375,20.34210205078125,22.621871948242188,75.35871887207031,44.9939079284668,34.51789093017578,90.54229736328125,785.5860697014099,0.640209664056103,0.9430190009449553,0.5565421189685422,8.410844199137719,0.3097872653381222,0.5812530517578125,0.0,0.0,0.02142333984375,0.0741729736328125,0.1842193603515625,0.1248626708984375,0.014068603515625,0.5812530517578125,0.0,0.0009765625,0.0899810791015625,0.15167236328125,0.07537841796875,0.099639892578125,0.0010986328125,0.5812530517578125,1.52587890625e-05,0.0194549560546875,0.179107666015625,0.0838470458984375,0.0636138916015625,0.0727081298828125,0.0,2.900102399246152,6.283492608766511,9.756281423100019,9.752064602693569,9.999999999982904,9.999759791662866,9.999999999981144
augmented_fmdf_127.jpg,sakit,0,93.41307067871094,81.29762268066406,66.48298645019531,23.283782958984375,38.98783874511719,95.69195556640625,45.16390609741211,49.76995849609375,105.49361419677734,3139.3091113348387,0.529319654178234,0.8182097139286069,0.48067477482889326,23.638389716076006,0.23115975794996577,0.5427398681640625,0.0,0.0,0.016387939453125,0.0296478271484375,0.088653564453125,0.1861114501953125,0.1364593505859375,0.5427398681640625,0.0,0.0,0.0120391845703125,0.1431427001953125,0.138885498046875,0.1281585693359375,0.0350341796875,0.5431976318359375,0.0099029541015625,0.06298828125,0.0857696533203125,0.096710205078125,0.1359100341796875,0.0614471435546875,0.0040740966796875,2.8448336642803262,6.841599960432172,9.611217514814797,9.81257593340874,9.999999999979751,9.99996535760526,-9.999999999995623
augmented_fmdf_128.jpg,sakit,0,124.52742004394531,95.43878173828125,66.69122314453125,18.52911376953125,76.81816101074219,124.52742004394531,15.471850395202637,59.29553985595703,93.7271957397461,166.75738963228636,0.5945802596599369,0.9855975794943356,0.3469752951538329,3.137069687097352,0.12042042316509598,0.353973388671875,0.0,0.0,0.0100860595703125,0.0522918701171875,0.1369476318359375,0.446533203125,0.0001678466796875,0.353973388671875,0.0,0.0111236572265625,0.0909271240234375,0.3557891845703125,0.1878509521484375,0.000335693359375,0.0,0.3539886474609375,0.0186920166015625,0.2239532470703125,0.3324432373046875,0.0709228515625,0.0,0.0,0.0,3.0810997332864005,6.790168250981532,9.994540346160928,9.996575536582824,9.999999999999998,9.999998674665125,-9.999999999999998
augmented_fmdf_129.jpg,sakit,0,117.86727905273438,113.43667602539062,110.07562255859375,47.103515625,11.024765014648438,118.09077453613281,95.1427001953125,17.209474563598633,105.85859680175781,1033.1440567387249,0.5176903114655619,0.9514628504226015,0.4139460401352231,10.013547154751608,0.17140426783545182,0.435150146484375,0.0,0.0,3.0517578125e-05,0.0242462158203125,0.14202880859375,0.2025146484375,0.1960296630859375,0.435150146484375,0.0,0.0,0.0,0.0694732666015625,0.179229736328125,0.141845703125,0.1743011474609375,0.435150146484375,0.0,0.0003814697265625,0.0139923095703125,0.10211181640625,0.1505584716796875,0.133087158203125,0.1647186279296875,3.0760454851909502,7.856561219324762,9.645632591318268,9.967381743171334,9.999999999999028,9.99999775202921,-9.999999999999572
augmented_fmdf_13.jpg,sakit,0,57.08851623535156,50.392822265625,46.10240173339844,30.990203857421875,20.623748779296875,57.77153015136719,79.25636291503906,37.60309600830078,78.64287567138672,1007.7472029158974,0.6543201846320202,0.9028293735058083,0.5759628605465746,11.33559347385337,0.33182622129430345,0.617218017578125,0.0,0.014251708984375,0.1415557861328125,0.1156768798828125,0.05133056640625,0.010711669921875,0.04925537109375,0.617218017578125,0.0005035400390625,0.0889434814453125,0.1409759521484375,0.0888519287109375,0.0157012939453125,0.0070037841796875,0.040802001953125,0.617218017578125,0.0088958740234375,0.1429595947265625,0.1131591796875,0.0693359375,0.006317138671875,0.0062713623046875,0.0358428955078125,2.7937277961451783,6.2136071671580275,9.060425985887342,9.74125969973936,-9.999999999940087,-9.99983642809934,9.999999999934754
augmented_fmdf_131.jpg,sakit,0,102.33995056152344,91.3228759765625,79.29727172851562,18.8753662109375,33.33795166015625,102.38200378417969,20.541343688964844,35.555416107177734,95.15055084228516,690.8865652830167,0.5723912445117872,0.9553474975403979,0.43377340199697945,7.408660403683258,0.18818997117895853,0.4508819580078125,0.0,0.0,1.52587890625e-05,0.09771728515625,0.2654876708984375,0.122161865234375,0.0637359619140625,0.4508819580078125,0.0,0.0,0.0619049072265625,0.19146728515625,0.1987152099609375,0.0470733642578125,0.049957275390625,0.4508819580078125,0.0,0.0266571044921875,0.1817626953125,0.2129058837890625,0.059661865234375,0.0244903564453125,0.04364013671875,3.0090046280177156,6.754805465339849,9.299059566265155,9.869073884269893,-9.999999999994968,-9.999967081670757,9.999999999982531
augmented_fmdf_134.jpg,sakit,0,168.48031616210938,144.91268920898438,105.77859497070312,31.559906005859375,81.89111328125,168.48939514160156,15.851016998291016,39.703697204589844,70.5428466796875,319.6731125816924,0.3233148435651338,0.9581240378255441,0.1354197709833558,6.207785950708957,0.018358652403315006,0.142791748046875,0.0,0.0,0.000762939453125,0.0284881591796875,0.2411956787109375,0.559906005859375,0.02685546875,0.142791748046875,0.0,0.0,0.045135498046875,0.161224365234375,0.59210205078125,0.058746337890625,0.0,0.142791748046875,0.001983642578125,0.1009521484375,0.3657379150390625,0.3451995849609375,0.04327392578125,6.103515625e-05,0.0,3.1755911723047774,7.799844697607709,9.958088140716232,9.999894689292901,10.0,-9.999999998468788,10.0
augmented_fmdf_135.jpg,sakit,0,159.60499572753906,135.81137084960938,98.08610534667969,30.048065185546875,81.84773254394531,159.60614013671875,16.596027374267578,42.73713302612305,75.50590515136719,218.42086026439134,0.4117092456135211,0.9746930971796686,0.16813732744413637,4.606380755652775,0.028291533276217844,0.1746673583984375,0.0,0.0,0.0054931640625,0.0440216064453125,0.257476806640625,0.497161865234375,0.02117919921875,0.1746673583984375,0.0,0.001983642578125,0.065887451171875,0.1812286376953125,0.5493621826171875,0.0268707275390625,0.0,0.1746673583984375,0.0062103271484375,0.135955810546875,0.359832763671875,0.2952728271484375,0.0280609130859375,0.0,0.0,3.1811045431357052,7.66854221952384,9.950934640155197,9.99981393933655,10.0,-9.999999992700722,10.0
augmented_fmdf_138.jpg,sakit,0,39.4598388671875,36.77226257324219,42.46345520019531,77.23745727539062,10.8414306640625,42.88755798339844,124.08646392822266,19.349367141723633,70.64237213134766,900.1525197726096,0.7097491631850666,0.8888920650126075,0.6809739961795733,10.427283083151744,0.46378872919232955,0.7131500244140625,0.0,0.0308837890625,0.107147216796875,0.06976318359375,0.048248291015625,0.0245208740234375,0.00628662109375,0.7131500244140625,0.000244140625,0.0634307861328125,0.1017303466796875,0.0616455078125,0.03985595703125,0.014617919921875,0.0053253173828125,0.7131500244140625,0.000274658203125,0.014434814453125,0.09075927734375,0.08050537109375,0.0538330078125,0.03497314453125,0.0120697021484375,2.9562931292871166,7.938566622648754,9.245940374756055,9.985384303631934,9.999999999999714,9.999999029656465,-9.99999999999948
augmented_fmdf_139.jpg,sakit,0,83.0362548828125,74.94822692871094,76.54606628417969,61.947479248046875,10.078872680664062,83.77183532714844,121.0069580078125,28.443363189697266,113.3453598022461,1558.7784739633162,0.7338431506755642,0.9309873146644199,0.6195010183885098,11.298332314285625,0.3838328116905569,0.639434814453125,0.0,0.0,3.0517578125e-05,0.0269317626953125,0.0363922119140625,0.039398193359375,0.2578125,0.639434814453125,0.0,0.0033721923828125,0.0216217041015625,0.059814453125,0.044921875,0.0410614013671875,0.1897735595703125,0.639434814453125,1.52587890625e-05,0.0010528564453125,0.017974853515625,0.0565948486328125,0.044097900390625,0.0395355224609375,0.2012939453125,2.791401092017762,6.740624055864809,8.710870218991083,9.187421967288905,9.999999997730622,9.999074444917245,-9.999999999208354
augmented_fmdf_142.jpg,sakit,0,98.16218566894531,88.89337158203125,87.44821166992188,67.92733764648438,17.88720703125,98.35679626464844,124.84062194824219,22.06146812438965,93.61874389648438,341.81725999354603,0.6140132493695311,0.9780615340156306,0.4487050330533758,4.44173088946726,0.20135755905837194,0.461090087890625,0.0,0.0,0.0088043212890625,0.142913818359375,0.173126220703125,0.1645355224609375,0.049530029296875,0.461090087890625,0.0,0.0,0.1039581298828125,0.162811279296875,0.1145477294921875,0.1285552978515625,0.0290374755859375,0.461090087890625,0.0,0.002349853515625,0.12127685546875,0.1600189208984375,0.1144866943359375,0.108551025390625,0.0322265625,3.0404535152364294,6.815129348775649,9.403817876062014,9.752730290968307,9.999999999952944,9.999920157356001,-9.999999999982839
augmented_fmdf_144.jpg,sakit,0,84.71148681640625,79.86419677734375,71.29510498046875,28.92913818359375,25.113372802734375,87.55349731445312,53.324703216552734,33.37763595581055,100.22147369384766,1724.1520615894715,0.572094325986742,0.90088824528509,0.5178345301027457,15.398762338513285,0.26823143559421514,0.5564117431640625,0.0,1.52587890625e-05,0.02008056640625,0.08856201171875,0.1038818359375,0.123321533203125,0.10772705078125,0.5564117431640625,0.0,1.52587890625e-05,0.0372772216796875,0.1247711181640625,0.1141510009765625,0.076873779296875,0.0904998779296875,0.5564117431640625,9.1552734375e-05,0.0141448974609375,0.094940185546875,0.10772705078125,0.115203857421875,0.0871429443359375,0.0243377685546875,2.932946056046764,6.625477899066529,9.29327261089694,9.682304535197119,9.999999999938716,9.99980600264749,9.999999999923093
augmented_fmdf_145.jpg,sakit,0,84.14393615722656,75.40544128417969,73.27377319335938,52.16558837890625,18.299468994140625,84.8104248046875,105.85929870605469,30.727523803710938,97.7951889038086,1869.9252396409274,0.5718723100247217,0.8877782347347333,0.5142486433385862,16.2914588194518,0.2645224485609989,0.5580902099609375,0.0,0.0,0.00689697265625,0.077880859375,0.153289794921875,0.112213134765625,0.0916290283203125,0.5580902099609375,0.0,0.0,0.0767822265625,0.1380615234375,0.0890655517578125,0.0605316162109375,0.0774688720703125,0.5580902099609375,0.0034332275390625,0.01947021484375,0.0914459228515625,0.11492919921875,0.0685882568359375,0.063995361328125,0.080047607421875,2.8720095939716574,6.676582917833262,9.407130620369914,9.705979559298012,-9.999999999989946,-9.99995325336086,-9.999999999930088
augmented_fmdf_147.jpg,sakit,0,83.24449157714844,71.00811767578125,67.89813232421875,40.33209228515625,24.304916381835938,83.2811279296875,102.01207733154297,31.230323791503906,87.64427185058594,1222.6504950875867,0.5343999074556819,0.9021658204523416,0.4603559853256858,14.00888750153842,0.21201014413748784,0.49737548828125,0.0,0.0,0.083984375,0.183013916015625,0.1196136474609375,0.051513671875,0.0644989013671875,0.49737548828125,0.0,0.035858154296875,0.1914215087890625,0.1404266357421875,0.069976806640625,0.0328369140625,0.0321044921875,0.49737548828125,0.0002288818359375,0.0655670166015625,0.1830291748046875,0.135955810546875,0.065765380859375,0.0366973876953125,0.015380859375,2.9434297481853124,7.59678996316613,9.365317257359319,9.783249664793201,9.999999999973445,-9.99998655474008,-9.99999999996856
augmented_fmdf_149.jpg,sakit,0,61.46720886230469,51.35246276855469,47.970184326171875,52.579559326171875,27.010772705078125,63.6771240234375,106.90902709960938,44.731624603271484,87.98091125488281,968.3932825911746,0.6471460023628967,0.9145388891558079,0.6003617161588582,11.163757250850367,0.3604737928988026,0.632415771484375,0.0001068115234375,0.01458740234375,0.079559326171875,0.0930633544921875,0.05010986328125,0.06842041015625,0.061737060546875,0.632415771484375,1.52587890625e-05,0.061798095703125,0.1121063232421875,0.08935546875,0.0564117431640625,0.0158538818359375,0.03204345703125,0.632415771484375,0.0022430419921875,0.075408935546875,0.14288330078125,0.07733154296875,0.02618408203125,0.0119781494140625,0.03155517578125,2.841068005475239,6.248146759467853,8.902152224685667,9.015380868421246,9.999999996277488,9.997680140687718,-9.999999999526548
augmented_fmdf_15.jpg,sakit,0,81.61955261230469,71.07853698730469,69.90863037109375,72.23806762695312,22.906112670898438,82.73500061035156,127.58917236328125,32.36766815185547,87.40960693359375,780.0151934378918,0.5493040402370709,0.9379535228682458,0.4852812430194082,10.466503448340275,0.23552990693340792,0.511077880859375,0.000457763671875,0.01214599609375,0.0563507080078125,0.1117095947265625,0.1952362060546875,0.09844970703125,0.0145721435546875,0.511077880859375,0.0,0.044342041015625,0.1138458251953125,0.1585235595703125,0.120819091796875,0.044586181640625,0.006805419921875,0.511077880859375,0.0013427734375,0.0550079345703125,0.1276702880859375,0.1268768310546875,0.1282501220703125,0.04437255859375,0.005401611328125,2.9588355515786393,6.99719154971266,9.449481076430555,9.715941786109916,-9.999999999994714,-9.999887145588557,-9.999999999938666
augmented_fmdf_151.jpg,sakit,0,35.187255859375,28.814712524414062,24.749313354492188,9.7474365234375,20.833724975585938,35.5257568359375,35.100257873535156,39.724674224853516,63.03077697753906,799.6116325565121,0.7509663801263539,0.8672474297755736,0.7143131429522703,8.923346356423268,0.5103281182064838,0.750518798828125,4.57763671875e-05,0.00604248046875,0.0926513671875,0.080535888671875,0.0630035400390625,0.0063323974609375,0.0008697509765625,0.750518798828125,0.0,0.1040802001953125,0.0557403564453125,0.049041748046875,0.0391387939453125,0.000823974609375,0.0006561279296875,0.750518798828125,0.0314178466796875,0.10565185546875,0.0487518310546875,0.0534210205078125,0.00897216796875,0.0007476806640625,0.000518798828125,2.6603034145015036,6.584150012865826,8.627664041850801,9.015678942456208,-9.999999997012539,9.998450091146028,-9.999999995689377
augmented_fmdf_152.jpg,sakit,0,84.80647277832031,78.78115844726562,72.12617492675781,30.2869873046875,20.254074096679688,85.25747680664062,58.66027069091797,29.87873077392578,85.77119445800781,934.5784420300365,0.5673698036058464,0.9284165191572588,0.4616739785545257,10.021458196946506,0.21320764231857445,0.4904632568359375,0.0,3.0517578125e-05,0.051116943359375,0.1297607421875,0.231781005859375,0.09405517578125,0.0027923583984375,0.4904632568359375,0.0,0.0061492919921875,0.10528564453125,0.1492156982421875,0.1869659423828125,0.061920166015625,0.0,0.4904632568359375,0.0007171630859375,0.03564453125,0.1380157470703125,0.166015625,0.148040771484375,0.0211029052734375,0.0,3.0463422810119103,7.604303735181222,9.893860187410443,9.985705541279062,9.999999999999917,9.999997793671055,-9.999999999999888
augmented_fmdf_153.jpg,sakit,0,69.39431762695312,61.42308044433594,55.09452819824219,15.591094970703125,20.96307373046875,69.42362976074219,36.33894348144531,33.258060455322266,89.54006958007812,769.2754610823562,0.6615552954030723,0.9434364129290879,0.5870097652247982,8.34900022512505,0.344631388992055,0.6133880615234375,0.0,0.0,0.033203125,0.0657958984375,0.143524169921875,0.131561279296875,0.0125274658203125,0.6133880615234375,0.0,0.0015411376953125,0.093719482421875,0.1281280517578125,0.0571136474609375,0.105010986328125,0.0010986328125,0.6133880615234375,1.52587890625e-05,0.02978515625,0.159515380859375,0.0687408447265625,0.052978515625,0.0755767822265625,0.0,2.9817215099657632,6.511632274777742,9.920701311787166,9.835447599154607,9.999999999998417,9.999897926400656,-9.999999999994133
augmented_fmdf_154.jpg,sakit,0,104.32632446289062,89.58720397949219,72.30717468261719,27.74285888671875,48.53668212890625,107.25807189941406,49.480411529541016,55.4094123840332,103.76895904541016,2942.3258278670965,0.46750960827633475,0.822292155313986,0.4107365378483871,24.02447073074562,0.16885296678242437,0.4742279052734375,0.0,0.0,0.0325164794921875,0.034271240234375,0.1442108154296875,0.166839599609375,0.1479339599609375,0.4742279052734375,0.0,0.0,0.082611083984375,0.1450347900390625,0.1246490478515625,0.1316375732421875,0.041839599609375,0.4748992919921875,0.02313232421875,0.1154327392578125,0.0831756591796875,0.091583251953125,0.135406494140625,0.0694427490234375,0.006927490234375,2.983828143870309,9.342601568458143,9.930426395096436,9.958671807142863,9.999999999999527,9.999999619663063,9.999999999999678
augmented_fmdf_157.jpg,sakit,0,108.16209411621094,92.84164428710938,91.95541381835938,91.99649047851562,25.400741577148438,108.18180847167969,148.80213928222656,26.79465675354004,86.2899169921875,328.87650018451484,0.5679179833583179,0.9732821685184342,0.3682914264945116,4.593717058619411,0.13565770304526284,0.378692626953125,0.0,0.0,0.012847900390625,0.1450042724609375,0.3152618408203125,0.1472625732421875,0.0009307861328125,0.378692626953125,0.0,0.0006866455078125,0.149139404296875,0.246612548828125,0.175140380859375,0.0497283935546875,0.0,0.378692626953125,0.0,0.00238037109375,0.1560516357421875,0.264556884765625,0.1392364501953125,0.05908203125,0.0,2.9433538776841877,6.900485340835513,9.816681182023608,9.867036889428956,9.999999999993639,9.999948014716471,9.99999999999775
augmented_fmdf_158.jpg,sakit,0,106.63543701171875,94.81671142578125,82.79591369628906,19.922607421875,36.11537170410156,106.69638061523438,20.849580764770508,37.15045928955078,92.72374725341797,624.9767701212098,0.5482780220628726,0.9578824009881935,0.39441592055062275,7.21419929865652,0.15560196176541544,0.4127349853515625,0.0,0.0,0.0005340576171875,0.1620330810546875,0.253326416015625,0.09930419921875,0.0720672607421875,0.4127349853515625,0.0,0.0,0.1235504150390625,0.194732666015625,0.161895751953125,0.04541015625,0.061676025390625,0.4127349853515625,0.0,0.0738525390625,0.195709228515625,0.1800079345703125,0.0473480224609375,0.040435791015625,0.0499114990234375,3.091506487995086,7.34198905207704,9.78526078230462,9.918429161232057,9.999999999997637,-9.999997891108812,-9.999999999997751
augmented_fmdf_16.jpg,sakit,0,33.933624267578125,30.409896850585938,26.034423828125,9.917388916015625,13.843292236328125,34.293792724609375,34.56447219848633,30.205951690673828,66.0969467163086,956.0163915056319,0.7898772898235665,0.8671904142279266,0.7568349618480608,8.583604484815082,0.5728344629646879,0.78387451171875,0.0,0.0006103515625,0.0187835693359375,0.094818115234375,0.0942840576171875,0.0066986083984375,0.0009307861328125,0.78387451171875,0.0,0.01055908203125,0.063751220703125,0.072509765625,0.0676116943359375,0.0009918212890625,0.000701904296875,0.78387451171875,0.0030364990234375,0.050811767578125,0.0691070556640625,0.0717926025390625,0.0200347900390625,0.0008544921875,0.00048828125,2.5374988320497462,6.016131091667572,8.757499667918717,7.997962039511348,-9.999999983849207,9.959573279078821,-9.999999825850635
augmented_fmdf_161.jpg,sakit,0,165.64517211914062,142.88070678710938,104.64073181152344,31.735198974609375,81.90376281738281,165.64517211914062,15.53418254852295,39.18168640136719,68.70648956298828,207.2431992065493,0.3111409378166051,0.9715913873629072,0.13139950426403546,5.6952244696339775,0.017282941545615157,0.137481689453125,0.0,0.0,0.0137481689453125,0.044219970703125,0.28021240234375,0.5118255615234375,0.01251220703125,0.137481689453125,0.0,0.0083770751953125,0.06201171875,0.16485595703125,0.600006103515625,0.0272674560546875,0.0,0.137481689453125,0.00982666015625,0.1261749267578125,0.34356689453125,0.3438568115234375,0.039093017578125,0.0,0.0,3.195251074134164,8.436646778177511,9.98408838967813,9.999942378766708,-10.0,-9.999999997324952,-10.0
augmented_fmdf_163.jpg,sakit,0,139.54177856445312,117.99028015136719,109.15293884277344,51.513092041015625,42.29344177246094,139.54177856445312,106.85504913330078,35.8924560546875,83.9088363647461,344.44489314042454,0.4131623136048088,0.9695286153224206,0.2462299868291745,6.377755397084004,0.060656416029189336,0.2581939697265625,0.0,0.0,0.0032501220703125,0.0566558837890625,0.356201171875,0.3115234375,0.0141754150390625,0.2581939697265625,0.0,0.0041656494140625,0.090576171875,0.2387237548828125,0.3528900146484375,0.0527801513671875,0.0026702880859375,0.2581939697265625,0.00189208984375,0.051788330078125,0.1124420166015625,0.2918548583984375,0.2630615234375,0.0199127197265625,0.0008544921875,3.1661875153482635,8.7964809962948,9.979960713519397,9.995239855033251,9.99999999999999,-9.999999833493753,-9.999999999999996
augmented_fmdf_165.jpg,sakit,0,33.814178466796875,31.282241821289062,36.59063720703125,74.52517700195312,11.233428955078125,37.038238525390625,123.17671203613281,20.47537612915039,63.63322448730469,656.3212347963914,0.7244199450606139,0.8981111866457908,0.6951539657130654,8.79220925234482,0.4832938729678533,0.7245330810546875,0.0,0.0828704833984375,0.09185791015625,0.0514373779296875,0.0294952392578125,0.0151824951171875,0.0046234130859375,0.7245330810546875,0.0011749267578125,0.1118011474609375,0.083831787109375,0.041015625,0.0246124267578125,0.0090789794921875,0.0039520263671875,0.7245330810546875,0.0001220703125,0.0525665283203125,0.0929107666015625,0.062225341796875,0.036865234375,0.022308349609375,0.0084686279296875,3.0145609215715554,7.199002565294155,9.81238301328608,9.945738692821646,9.999999999999877,9.999986070946125,-9.999999999998455
augmented_fmdf_167.jpg,sakit,0,112.70881652832031,98.75119018554688,84.10118103027344,19.13360595703125,41.85687255859375,112.70881652832031,15.140963554382324,35.649776458740234,88.048828125,609.8594994102904,0.5040170026023915,0.9521891110096053,0.3516864638241571,7.1992897026610025,0.12372179797003154,0.37005615234375,0.0,0.0,0.0,0.136871337890625,0.3303985595703125,0.1395721435546875,0.023101806640625,0.37005615234375,0.0,0.0,0.0931549072265625,0.239349365234375,0.24212646484375,0.0465087890625,0.0088043212890625,0.37005615234375,0.0,0.040313720703125,0.237457275390625,0.2624664306640625,0.06146240234375,0.0275421142578125,0.000701904296875,3.069050131680831,7.09636759188232,9.613277706118675,9.94690127433422,-9.99999999999845,-9.999990941644004,-9.999999999998114
augmented_fmdf_169.jpg,sakit,0,99.16766357421875,90.11231994628906,88.35963439941406,63.9991455078125,17.426712036132812,99.31379699707031,122.0501937866211,21.043113708496094,93.99308776855469,308.6249617376512,0.6199111414273565,0.9803789436220295,0.44959449898850834,4.070934562358439,0.20215278495474984,0.4601898193359375,0.0,0.0,0.00347900390625,0.1300201416015625,0.18218994140625,0.181640625,0.04248046875,0.4601898193359375,0.0,0.0,0.08367919921875,0.1685791015625,0.1307830810546875,0.131561279296875,0.02520751953125,0.4601898193359375,0.0,0.0001220703125,0.1033477783203125,0.167327880859375,0.135528564453125,0.1087799072265625,0.0247039794921875,3.042515440808427,6.834268730720523,9.396245439666906,9.738964412783258,9.999999999946263,9.999919992560867,-9.99999999998282
augmented_fmdf_17.jpg,sakit,0,93.99224853515625,88.46981811523438,81.61235046386719,33.484649658203125,19.362457275390625,94.49139404296875,59.18397903442383,28.521512985229492,87.98477935791016,952.9260084019679,0.5440995426273694,0.9319700414695178,0.42908933895985024,9.83970836813528,0.1841781519075005,0.4540557861328125,0.0,0.0,0.0250244140625,0.1239776611328125,0.2711181640625,0.1201629638671875,0.0056610107421875,0.4540557861328125,0.0,0.0012664794921875,0.0771331787109375,0.1482391357421875,0.229278564453125,0.089111328125,0.00091552734375,0.4540557861328125,0.0004425048828125,0.0219573974609375,0.1151580810546875,0.1720123291015625,0.1987762451171875,0.03759765625,0.0,3.032848944608115,7.322398334900257,9.723296889546912,9.983175880421845,9.999999999999702,9.999996322412262,-9.999999999999881
augmented_fmdf_171.jpg,sakit,0,84.82096862792969,80.37615966796875,71.53591918945312,25.86785888671875,21.770156860351562,86.7567138671875,47.016517639160156,30.813146591186523,103.36737823486328,1862.8949985014642,0.602652368567478,0.9015879641316652,0.5429791266101932,14.976434313681752,0.29488699058200135,0.578948974609375,0.0,0.0,0.007354736328125,0.050048828125,0.0966033935546875,0.134002685546875,0.1330413818359375,0.578948974609375,0.0,0.0,0.0056915283203125,0.10650634765625,0.1067657470703125,0.0876312255859375,0.1144561767578125,0.578948974609375,1.52587890625e-05,0.004425048828125,0.065521240234375,0.1040802001953125,0.1136627197265625,0.093109130859375,0.0402374267578125,2.8877199293710825,6.664778221239789,8.999811515485515,9.719443200793249,9.999999999944759,9.999897091322651,9.999999999901723
augmented_fmdf_173.jpg,sakit,0,84.05067443847656,76.35615539550781,73.93208312988281,51.021331787109375,14.88116455078125,84.07675170898438,110.89482879638672,19.66973876953125,95.53514099121094,290.0171830825749,0.7061947419870619,0.9820568884394012,0.5454226827256561,3.6014402321488213,0.29749913371357034,0.5546112060546875,0.0,0.0,0.001861572265625,0.074066162109375,0.15740966796875,0.1663970947265625,0.045654296875,0.5546112060546875,0.0,0.0,0.05401611328125,0.111572265625,0.140838623046875,0.123260498046875,0.0157012939453125,0.5546112060546875,0.0,0.0,0.0535125732421875,0.1353302001953125,0.146453857421875,0.1099395751953125,0.000152587890625,3.0292071264886635,6.725091508898368,9.40441655096181,9.894206761568629,-9.99999999998957,-9.999952446433928,9.99999999999724
augmented_fmdf_174.jpg,sakit,0,85.02880859375,72.41712951660156,69.26116943359375,40.4227294921875,25.773284912109375,85.12062072753906,101.21157836914062,31.799617767333984,85.67340850830078,1195.7771616609346,0.5200242355092596,0.8995308795220261,0.4342843124327633,13.976291979228689,0.18869071701631543,0.4715423583984375,0.0,0.0001373291015625,0.1142120361328125,0.191680908203125,0.112518310546875,0.0503082275390625,0.059600830078125,0.4715423583984375,0.0,0.0537261962890625,0.2141265869140625,0.133819580078125,0.065673828125,0.0313720703125,0.0297393798828125,0.4715423583984375,0.0005035400390625,0.0854034423828125,0.2037200927734375,0.1276092529296875,0.061065673828125,0.03546142578125,0.0146942138671875,2.9570715027062535,8.440733532884785,9.482380579165575,9.842935285617497,9.999999999984546,-9.999993092152039,9.999999999989095
augmented_fmdf_175.jpg,sakit,0,31.597564697265625,25.77777099609375,23.31597900390625,27.691009521484375,17.781036376953125,31.73779296875,80.2918472290039,36.643218994140625,54.235443115234375,387.61021289145384,0.7313286826731481,0.9102716386350481,0.6994768423965265,6.215827728920388,0.4893221601156934,0.721343994140625,0.011962890625,0.0843048095703125,0.09051513671875,0.0663299560546875,0.017974853515625,0.0054779052734375,0.0020904541015625,0.72149658203125,0.0388641357421875,0.1330413818359375,0.074066162109375,0.024505615234375,0.00445556640625,0.00244140625,0.001129150390625,0.7214202880859375,0.048736572265625,0.162139892578125,0.0564117431640625,0.0075531005859375,0.00238037109375,0.0010528564453125,0.00030517578125,2.8613204311522193,6.234931272373831,9.011026913886102,9.943110107970634,9.999999999997826,9.999978060366738,9.999999999993635
augmented_fmdf_18.jpg,sakit,0,84.74740600585938,75.11141967773438,67.63819885253906,20.4415283203125,24.840789794921875,84.89112854003906,42.261878967285156,34.975135803222656,92.95843505859375,763.6591519028921,0.6074962303164001,0.9478708932798335,0.5115809418344311,8.419042929549073,0.2617569985634474,0.5354766845703125,0.0,0.0,0.015472412109375,0.0792388916015625,0.199432373046875,0.1553497314453125,0.0150299072265625,0.5354766845703125,0.0,0.00054931640625,0.0893402099609375,0.16595458984375,0.0823822021484375,0.1250152587890625,0.00128173828125,0.5354766845703125,0.0,0.01556396484375,0.192535400390625,0.09320068359375,0.0728759765625,0.0903472900390625,0.0,2.942218613519062,6.368902749308249,9.864530131854426,9.7300007425495,9.999999999982228,9.999760024139452,-9.999999999988754
augmented_fmdf_181.jpg,sakit,0,101.77015686035156,85.42044067382812,70.02297973632812,34.107757568359375,55.926727294921875,106.46284484863281,60.9305534362793,59.39418029785156,98.119384765625,2457.2952877266525,0.4342151905689286,0.8251992988894247,0.38305387787762823,23.135524077643225,0.14685695766550716,0.447509765625,0.0,0.0070037841796875,0.0542755126953125,0.0657806396484375,0.17364501953125,0.1558380126953125,0.095947265625,0.447509765625,0.0,0.0029296875,0.1644439697265625,0.15252685546875,0.119140625,0.09808349609375,0.0153656005859375,0.448638916015625,0.051605224609375,0.13690185546875,0.080535888671875,0.107208251953125,0.1298675537109375,0.0421600341796875,0.003082275390625,3.0557964537477487,7.566542319166735,9.965122303298926,9.993624462037573,-9.999999999999977,9.999999466103,-9.999999999999996
augmented_fmdf_184.jpg,sakit,0,100.93885803222656,87.48558044433594,86.53875732421875,84.20608520507812,22.963455200195312,100.95660400390625,143.9564666748047,25.52689552307129,87.05767059326172,262.92539091784363,0.5949895537551096,0.9792600069960896,0.4060029310745565,4.010652959756341,0.16485894438466223,0.415802001953125,0.0,0.0,0.02569580078125,0.13201904296875,0.28936767578125,0.1365203857421875,0.0005950927734375,0.415802001953125,0.0,0.00335693359375,0.141204833984375,0.206817626953125,0.1906585693359375,0.0421600341796875,0.0,0.415802001953125,0.0,0.009552001953125,0.14373779296875,0.2250823974609375,0.1548309326171875,0.050994873046875,0.0,2.9711330196452335,6.99871295614264,9.79924689162086,9.885483836328683,9.999999999994527,9.999959424699131,9.999999999999302
augmented_fmdf_185.jpg,sakit,0,101.79548645019531,91.66900634765625,80.60008239746094,19.166351318359375,30.362716674804688,101.8572998046875,21.957929611206055,33.6617317199707,96.75105285644531,864.4030469044055,0.5848547528932314,0.9466794683774266,0.44197790711199697,8.327637551943562,0.19538868872870618,0.4625091552734375,0.0,0.0,0.0,0.0643768310546875,0.281768798828125,0.119659423828125,0.071685791015625,0.4625091552734375,0.0,0.0,0.0249176025390625,0.20391845703125,0.1989593505859375,0.050140380859375,0.0595550537109375,0.4625091552734375,0.0,0.008514404296875,0.168426513671875,0.2150115966796875,0.0650634765625,0.0270843505859375,0.0533905029296875,3.0219510279103616,6.884255469591913,9.328443946734197,9.854804950750694,9.99999999999451,-9.99998024054099,-9.999999999979854
augmented_fmdf_19.jpg,sakit,0,93.94596862792969,82.79306030273438,68.69796752929688,23.891998291015625,37.09089660644531,96.43014526367188,46.13407897949219,47.92208480834961,106.41307067871094,3396.2437177033044,0.5281412946278365,0.8095439871166522,0.4790412827456714,24.841428824270768,0.2295967102148296,0.5429534912109375,0.0,0.0,0.017913818359375,0.0305328369140625,0.082611083984375,0.1723480224609375,0.1536407470703125,0.5429534912109375,0.0,0.0,0.0076141357421875,0.134185791015625,0.1329345703125,0.1367645263671875,0.0455474853515625,0.5433502197265625,0.0082550048828125,0.0554962158203125,0.076446533203125,0.094268798828125,0.13818359375,0.076934814453125,0.0070648193359375,2.836830842547828,6.756764754354851,9.494499684380063,9.83691182919014,9.999999999980302,9.999977192059056,9.999999999997701
augmented_fmdf_2.jpg,sakit,0,107.73030090332031,100.996826171875,96.61231994628906,46.21881103515625,16.049362182617188,107.86566162109375,93.6113510131836,20.2314510345459,98.78421783447266,473.16096960683376,0.5650360678388057,0.9734644548805197,0.43057499373193603,5.898451358491105,0.18541867859527703,0.4435577392578125,0.0,0.0,0.00067138671875,0.0702667236328125,0.1978607177734375,0.2008514404296875,0.0867919921875,0.4435577392578125,0.0,0.0,0.0053863525390625,0.137176513671875,0.2497406005859375,0.088775634765625,0.0753631591796875,0.4435577392578125,0.0,0.0011749267578125,0.030914306640625,0.187652587890625,0.192291259765625,0.071533203125,0.0728759765625,3.0944846135563617,6.954724497036891,9.888509925324213,9.962109955726888,9.999999999999913,-9.999988199487868,9.999999999999359
augmented_fmdf_20.jpg,sakit,0,128.89755249023438,98.19822692871094,68.35098266601562,19.06585693359375,80.42366027832031,128.89755249023438,15.104519844055176,59.022579193115234,92.39276123046875,109.51899163083543,0.5855228714415681,0.9902165258429521,0.32736651012914386,2.6377520879648597,0.10718671623290534,0.331512451171875,0.0,0.0,0.0094146728515625,0.0552520751953125,0.1457977294921875,0.457733154296875,0.0002899169921875,0.331512451171875,0.0,0.0136260986328125,0.0977935791015625,0.366668701171875,0.1900177001953125,0.0003814697265625,0.0,0.331512451171875,0.0222015380859375,0.2405548095703125,0.3442230224609375,0.0615081787109375,0.0,0.0,0.0,3.0914400654157683,6.734459855126375,9.978113418800051,9.999371570484813,-10.0,-9.99999990080429,-10.0
augmented_fmdf_22.jpg,sakit,0,119.11634826660156,102.62553405761719,101.60725402832031,93.14553833007812,27.240768432617188,119.13604736328125,149.09983825683594,26.98408317565918,84.06871795654297,321.46490441229906,0.5362372341497262,0.9728818468106736,0.3135636605025192,4.5229765882989215,0.09833716046559281,0.3230743408203125,0.0,0.0,0.003631591796875,0.14898681640625,0.355621337890625,0.167877197265625,0.0008087158203125,0.3230743408203125,0.0,6.103515625e-05,0.1572723388671875,0.2396392822265625,0.225311279296875,0.0546417236328125,0.0,0.3230743408203125,0.0,0.0007781982421875,0.1661224365234375,0.259613037109375,0.1897735595703125,0.060638427734375,0.0,2.9512402560989255,7.377186730067602,9.971492425951004,9.980342956766934,9.999999999999888,9.99999607015679,-9.99999999999998
augmented_fmdf_23.jpg,sakit,0,103.12135314941406,92.39935302734375,80.43476867675781,17.935150146484375,31.698165893554688,103.14398193359375,18.725801467895508,33.76888656616211,96.44486999511719,823.7882508785684,0.5778035240283743,0.9480299676977587,0.4380882247505729,7.9631346867268045,0.19195762449357215,0.4575042724609375,0.0,0.0,0.0,0.0411376953125,0.28564453125,0.1583099365234375,0.057403564453125,0.4575042724609375,0.0,0.0,0.0048828125,0.2039794921875,0.2281341552734375,0.0654144287109375,0.0400848388671875,0.4575042724609375,0.0,0.002593994140625,0.16424560546875,0.2344970703125,0.0716400146484375,0.0414886474609375,0.0280303955078125,2.990298645120858,6.677096427933881,9.213228059959132,9.854472363579937,-9.999999999987791,-9.999944908576184,9.99999999997855
augmented_fmdf_26.jpg,sakit,0,172.06527709960938,148.2763671875,107.93484497070312,32.238494873046875,83.26631164550781,172.06527709960938,15.36663818359375,38.55254364013672,67.8839111328125,209.00835803284713,0.32241016706335396,0.9708807928619252,0.1269084322189658,5.363922352056768,0.016113888771699496,0.129119873046875,0.0,0.0,0.0,0.018218994140625,0.2435455322265625,0.5806884765625,0.0284271240234375,0.129119873046875,0.0,0.0,0.0355224609375,0.1566619873046875,0.6100311279296875,0.06866455078125,0.0,0.129119873046875,0.0019683837890625,0.0936431884765625,0.37353515625,0.3588104248046875,0.04290771484375,1.52587890625e-05,0.0,3.1681088716574552,7.656151294855858,9.902430159718945,9.99991396268288,-10.0,9.999999987503848,-10.0
augmented_fmdf_28.jpg,sakit,0,149.6253204345703,127.17094421386719,117.04205322265625,51.530975341796875,44.769866943359375,149.6253204345703,104.27384948730469,34.65091323852539,78.7060317993164,453.8072515437264,0.3741822453757498,0.9542807112040544,0.1946375548202206,7.254244700594534,0.037925121512464806,0.2094573974609375,0.0,0.0,0.000701904296875,0.048309326171875,0.3857574462890625,0.3331298828125,0.02264404296875,0.2094573974609375,0.0,0.0,0.0816650390625,0.2576141357421875,0.386444091796875,0.062255859375,0.0025634765625,0.2094573974609375,0.001007080078125,0.0439300537109375,0.116851806640625,0.3288116455078125,0.2787628173828125,0.0201568603515625,0.0010223388671875,3.15052308945457,8.819265824748241,9.974542975655801,9.991390801854472,9.999999999999998,-9.999999701968319,-9.99999999999997
augmented_fmdf_3.jpg,sakit,0,39.85368347167969,37.29130554199219,42.52128601074219,78.3350830078125,11.315231323242188,43.32969665527344,124.91866302490234,21.012819290161133,70.50761413574219,949.6091629698616,0.7042308214194364,0.8823194123459251,0.6745089182446402,10.853011259582042,0.4550329009167043,0.708343505859375,0.0,0.0304412841796875,0.1117706298828125,0.073974609375,0.0461883544921875,0.0236053466796875,0.00567626953125,0.708343505859375,0.0001678466796875,0.0640106201171875,0.10467529296875,0.062286376953125,0.041717529296875,0.014068603515625,0.004730224609375,0.708343505859375,0.0029296875,0.0160064697265625,0.093170166015625,0.0824432373046875,0.0524749755859375,0.033111572265625,0.0115203857421875,2.9557275702884973,8.047805250447057,9.190325426909745,9.984439517690161,-9.9999999999995,9.999998508974688,-9.9999999999995
augmented_fmdf_30.jpg,sakit,0,39.9598388671875,37.34840393066406,42.64872741699219,80.25015258789062,11.663589477539062,43.47560119628906,126.01322174072266,21.230566024780273,69.83467102050781,949.6495400609214,0.6953555772770094,0.879814883056573,0.6648451397190004,11.107831173541298,0.4420932398143455,0.7015380859375,0.0,0.0407257080078125,0.1149139404296875,0.0711822509765625,0.0437469482421875,0.0224151611328125,0.0054779052734375,0.7015380859375,0.0002593994140625,0.0769805908203125,0.10394287109375,0.059814453125,0.039093017578125,0.01385498046875,0.0045166015625,0.7015380859375,0.00274658203125,0.024261474609375,0.0977935791015625,0.081146240234375,0.0496368408203125,0.0320281982421875,0.0108489990234375,2.962652288325518,8.87134868199461,9.283648644212526,9.974558981797438,9.999999999999352,9.999999088022774,9.99999999999885
augmented_fmdf_31.jpg,sakit,0,71.92776489257812,63.75732421875,64.99671936035156,58.92999267578125,11.044723510742188,72.80586242675781,118.53557586669922,31.5231990814209,107.14273071289062,1524.068158476104,0.7388753101239581,0.922267587216434,0.6458310542365163,11.801209566217508,0.41716430520694964,0.673065185546875,0.0,0.0025634765625,0.0042572021484375,0.0481414794921875,0.03179931640625,0.03118896484375,0.208984375,0.673065185546875,0.0,0.0087127685546875,0.0374908447265625,0.0635223388671875,0.041259765625,0.0332794189453125,0.142669677734375,0.673065185546875,0.002838134765625,0.002685546875,0.0290679931640625,0.06951904296875,0.039459228515625,0.031494140625,0.1518707275390625,2.7912556199246708,6.46981915095176,8.816255016907022,9.056434056576355,9.999999996635374,9.99805014128187,-9.999999998834697
augmented_fmdf_32.jpg,sakit,0,107.62174987792969,96.58186340332031,84.57978820800781,18.686370849609375,32.643280029296875,107.64826965332031,18.5768985748291,33.52213668823242,95.65592193603516,893.5000164261622,0.5593670386368407,0.9431543109319286,0.40805922225546404,8.488194457256617,0.16656617503045304,0.4306640625,0.0,0.0,0.0,0.061798095703125,0.2947845458984375,0.147369384765625,0.0653839111328125,0.4306640625,0.0,0.0,0.01873779296875,0.2164459228515625,0.2159576416015625,0.0724334716796875,0.0457611083984375,0.4306640625,0.0,0.0062408447265625,0.1783905029296875,0.22711181640625,0.0767669677734375,0.04888916015625,0.0319366455078125,3.0274247922169355,6.8345121675745535,9.43541458831181,9.896531792171944,-9.999999999999408,-9.999972342158467,9.999999999990116
augmented_fmdf_34.jpg,sakit,0,94.54069519042969,84.83055114746094,83.04840087890625,63.181304931640625,18.904129028320312,94.63478088378906,122.54674530029297,23.52936363220215,91.94561767578125,311.8986413755819,0.6179572419042524,0.9790455741715677,0.4592859260980045,4.342963758079458,0.21096538370420068,0.4715728759765625,0.0,0.0,0.0124053955078125,0.15155029296875,0.171234130859375,0.15777587890625,0.03546142578125,0.4715728759765625,0.0,0.0003814697265625,0.1220855712890625,0.1543426513671875,0.1185455322265625,0.1143341064453125,0.01873779296875,0.4715728759765625,0.0,0.0107421875,0.12835693359375,0.15576171875,0.12225341796875,0.0931549072265625,0.018157958984375,3.0393947178156653,6.784240384214784,9.460037405792246,9.76086847160118,9.999999999963073,9.999929914711092,9.999999999978115
augmented_fmdf_36.jpg,sakit,0,91.85972595214844,87.33747863769531,77.36787414550781,29.60528564453125,25.218902587890625,94.46347045898438,50.599910736083984,32.35934829711914,103.28981018066406,1890.2593132667878,0.5597864206870573,0.8996981323033632,0.49641443059004203,15.880666830925554,0.24650964558979505,0.5348358154296875,0.0,0.0,0.0138092041015625,0.069366455078125,0.1117706298828125,0.1334686279296875,0.136749267578125,0.5348358154296875,0.0,0.0,0.0135650634765625,0.121826171875,0.1250457763671875,0.0863189697265625,0.118408203125,0.5348358154296875,3.0517578125e-05,0.00811767578125,0.0823822021484375,0.114410400390625,0.1232452392578125,0.1036834716796875,0.033294677734375,2.9041594983938936,6.723536355101915,9.47426873014252,9.745849638846424,9.999999999974442,9.999851241744764,-9.999999999960227
augmented_fmdf_37.jpg,sakit,0,86.8714599609375,78.00956726074219,75.51905822753906,51.758026123046875,19.413528442382812,87.60929870605469,103.40132141113281,32.69921112060547,98.66942596435547,1881.8405926384692,0.5576624704376848,0.8898537121641228,0.4996417141481519,16.673957911707934,0.24972892770300148,0.544586181640625,0.0,0.0,0.0086669921875,0.0886688232421875,0.1461029052734375,0.1047515869140625,0.1072235107421875,0.544586181640625,0.0,0.0,0.0923614501953125,0.1304779052734375,0.07794189453125,0.0619964599609375,0.0926361083984375,0.544586181640625,0.0043792724609375,0.0300140380859375,0.0966949462890625,0.1060943603515625,0.058013916015625,0.0648651123046875,0.0953521728515625,2.897957384787535,6.588086065626151,9.48377441403502,9.841082883320315,-9.999999999983281,-9.999926414528456,-9.999999999990418
augmented_fmdf_38.jpg,sakit,0,84.93179321289062,77.86148071289062,75.51919555664062,49.145477294921875,13.938201904296875,85.02474975585938,106.69283294677734,18.943927764892578,95.60010528564453,351.0284016324813,0.6942526178164812,0.9785032643378178,0.5387962560953663,4.1212644015310715,0.2903209962274799,0.5500030517578125,0.0,0.0,0.0019683837890625,0.07257080078125,0.155731201171875,0.1819000244140625,0.0378265380859375,0.5500030517578125,0.0,0.0,0.043609619140625,0.1133270263671875,0.14886474609375,0.1313629150390625,0.0128326416015625,0.5500030517578125,0.0,0.0,0.045440673828125,0.13360595703125,0.1534881591796875,0.117431640625,3.0517578125e-05,2.9684715698178854,6.610722463040834,9.065438122486823,9.760550500557228,-9.999999999926906,-9.999847517190481,-9.99999999998092
augmented_fmdf_39.jpg,sakit,0,82.07861328125,70.94500732421875,67.93574523925781,38.8546142578125,22.052734375,82.2259521484375,99.02330017089844,29.550390243530273,89.63722229003906,1402.7340068211552,0.5471982372486469,0.8939609546168308,0.47792907242158006,14.872027470373503,0.22850394607595448,0.5172271728515625,0.0,0.0,0.0604705810546875,0.1744537353515625,0.1234283447265625,0.0533905029296875,0.0710296630859375,0.5172271728515625,0.0,0.00897216796875,0.182159423828125,0.146240234375,0.0713348388671875,0.03509521484375,0.038970947265625,0.5172271728515625,1.52587890625e-05,0.0363616943359375,0.1773681640625,0.139617919921875,0.06744384765625,0.0405120849609375,0.021453857421875,2.9266763301732457,7.889167045635661,9.309570416573985,9.747138484870794,9.999999999958817,-9.99997975250574,-9.999999999956028
augmented_fmdf_4.jpg,sakit,0,75.10023498535156,65.85026550292969,67.10560607910156,62.202880859375,12.133834838867188,75.96707153320312,121.63905334472656,33.09037399291992,108.7830810546875,1543.5781760684893,0.7309673045252749,0.9225112382947239,0.6354482007872148,11.83747310762062,0.40386463198897027,0.6617889404296875,0.0,0.0027923583984375,0.0020751953125,0.046356201171875,0.03326416015625,0.031890869140625,0.221832275390625,0.6617889404296875,0.0,0.00860595703125,0.0341796875,0.0694427490234375,0.0462493896484375,0.035552978515625,0.1441802978515625,0.6617889404296875,0.00299072265625,0.00201416015625,0.028961181640625,0.072784423828125,0.043701171875,0.034332275390625,0.1534271240234375,2.756582302862397,6.419491770315198,8.784410384962667,9.035893287551248,9.99999999637482,9.997814750036994,9.999999998284707
augmented_fmdf_40.jpg,sakit,0,37.73320007324219,31.35107421875,28.746307373046875,31.83489990234375,19.461563110351562,37.90087890625,84.23944854736328,36.7661247253418,57.24463653564453,395.39495547705275,0.6880145961623421,0.9199007412263221,0.648344668552364,6.746153511432187,0.4203894567926554,0.67071533203125,0.0034027099609375,0.1073150634765625,0.1072845458984375,0.0820770263671875,0.0221099853515625,0.004852294921875,0.0022430419921875,0.67071533203125,0.029754638671875,0.1650848388671875,0.08746337890625,0.0373077392578125,0.0063018798828125,0.0022430419921875,0.001129150390625,0.670745849609375,0.041290283203125,0.1932525634765625,0.0709228515625,0.020050048828125,0.002349853515625,0.0010986328125,0.0002899169921875,2.890114024753551,6.45399516674932,9.111788262427346,9.96437863619318,-9.9999999999975,9.999978343838512,-9.999999999998701
augmented_fmdf_42.jpg,sakit,0,76.51353454589844,67.586181640625,65.48117065429688,58.76190185546875,20.226165771484375,77.44358825683594,114.1467056274414,31.768308639526367,88.50335693359375,1046.7201085633146,0.5802093939966757,0.9207443950075453,0.522032207384209,11.411777786607857,0.27256809156868944,0.5511627197265625,0.00018310546875,0.00921630859375,0.047332763671875,0.09466552734375,0.175201416015625,0.100799560546875,0.0214385986328125,0.5511627197265625,1.52587890625e-05,0.0395965576171875,0.0972442626953125,0.1290283203125,0.10333251953125,0.0668792724609375,0.0127410888671875,0.5511627197265625,0.000823974609375,0.050323486328125,0.1102447509765625,0.11053466796875,0.11212158203125,0.06048583984375,0.004302978515625,2.9650601154359593,7.855024828407165,9.22293200244055,9.797044522911598,-9.999999999958035,-9.999973516378363,9.999999999984944
augmented_fmdf_46.jpg,sakit,0,91.52055358886719,80.63893127441406,68.13922119140625,31.014892578125,40.89427185058594,95.95075988769531,59.08134460449219,50.79416275024414,103.40357208251953,3510.6972340915036,0.5016140990241444,0.7843162737457718,0.45693334735026864,26.886343135815025,0.20891830680213777,0.5305023193359375,0.0,1.52587890625e-05,0.039337158203125,0.0469207763671875,0.1034393310546875,0.164581298828125,0.115203857421875,0.5305023193359375,0.0,0.0,0.031402587890625,0.1631927490234375,0.1352081298828125,0.111907958984375,0.0277862548828125,0.531005859375,0.0106658935546875,0.074493408203125,0.078277587890625,0.08758544921875,0.1506195068359375,0.063629150390625,0.00372314453125,2.881445192673818,7.007118966656204,9.859747014288686,9.90777215639929,9.999999999997154,9.999997446655994,9.999999999998805
augmented_fmdf_47.jpg,sakit,0,124.85302734375,95.64762878417969,66.65626525878906,18.680999755859375,77.26336669921875,124.85302734375,15.481006622314453,59.203224182128906,93.66336822509766,132.73640197119906,0.6002160875086348,0.9885221895158195,0.34679800593547827,2.8093281450146903,0.12029900258468602,0.352203369140625,0.0,0.0,0.01055908203125,0.0532989501953125,0.143463134765625,0.439666748046875,0.0008087158203125,0.352203369140625,0.0,0.0116424560546875,0.0954132080078125,0.3407745361328125,0.1993865966796875,0.000579833984375,0.0,0.352203369140625,0.01666259765625,0.2295379638671875,0.3425445556640625,0.059051513671875,0.0,0.0,0.0,3.0938421922741712,6.90113467894855,9.995857099984944,9.998771457848775,10.0,9.99999956422414,-10.0
augmented_fmdf_48.jpg,sakit,0,117.03025817871094,112.19134521484375,108.78414916992188,48.820465087890625,12.042327880859375,117.16537475585938,96.52528381347656,18.433414459228516,103.70841217041016,923.155684481853,0.5091334775245746,0.9548076093120078,0.4046510013774364,9.762044816553944,0.16379608801297882,0.42584228515625,0.0,0.0,0.000244140625,0.057586669921875,0.1463165283203125,0.1934051513671875,0.176605224609375,0.42584228515625,0.0,0.0,0.0014495849609375,0.1096038818359375,0.1703948974609375,0.130767822265625,0.1619415283203125,0.42584228515625,0.0,7.62939453125e-05,0.0415802001953125,0.1108856201171875,0.1415557861328125,0.127044677734375,0.15301513671875,3.091681609488055,8.490755181598882,9.910641917534424,9.954266910187481,9.999999999999917,9.99999813135312,-9.999999999999236
augmented_fmdf_59.jpg,sakit,0,105.00822448730469,94.32498168945312,82.60215759277344,18.1824951171875,31.390655517578125,105.03343200683594,18.54920768737793,32.93255615234375,96.36148071289062,861.7689383056887,0.5728765111435767,0.9458299777144793,0.4269512743265588,8.159615124190541,0.18233278834417874,0.44775390625,0.0,0.0,0.0,0.03741455078125,0.3016510009765625,0.1529998779296875,0.0601806640625,0.44775390625,0.0,0.0,0.0026397705078125,0.2105560302734375,0.228271484375,0.06805419921875,0.042724609375,0.44775390625,0.0,0.0012664794921875,0.1611785888671875,0.2392425537109375,0.0767974853515625,0.0427703857421875,0.0309906005859375,3.009717538782809,6.768407972914767,9.307336220896126,9.888572025473557,-9.999999999993493,-9.999957261493066,-9.99999999998804
augmented_fmdf_6.jpg,sakit,0,129.98582458496094,100.53230285644531,99.54341125488281,101.88189697265625,44.38587951660156,130.09315490722656,152.8712615966797,37.30216598510742,95.8274154663086,226.1553348452256,0.44076626592557894,0.9832088614431527,0.3306363414869113,5.919989414518109,0.1093431679541026,0.3404541015625,0.0,0.0001068115234375,0.0135498046875,0.0484619140625,0.169097900390625,0.3582763671875,0.0700531005859375,0.3404541015625,0.0,0.034332275390625,0.1493682861328125,0.1378173828125,0.2705078125,0.066741943359375,0.0007781982421875,0.3404541015625,0.0012054443359375,0.0236968994140625,0.16241455078125,0.185089111328125,0.2093658447265625,0.0738525390625,0.0039215087890625,3.147627159719508,7.13443556237568,9.99756888881065,9.998831766272819,10.0,-9.999999942150255,-10.0
augmented_fmdf_60.jpg,sakit,0,142.8108673095703,110.92721557617188,108.35905456542969,99.62442016601562,48.3790283203125,142.8108673095703,151.37014770507812,36.411746978759766,91.52681732177734,225.75731034672526,0.39591987263624606,0.981812135798476,0.27198529866731397,6.005719089550541,0.07398720539727607,0.2809295654296875,0.0,0.0,0.01007080078125,0.0411529541015625,0.183349609375,0.41314697265625,0.07135009765625,0.2809295654296875,0.0,0.0296630859375,0.1556243896484375,0.1460418701171875,0.3145599365234375,0.0729217529296875,0.0002593994140625,0.2809295654296875,0.0013427734375,0.02374267578125,0.16937255859375,0.21282958984375,0.2403564453125,0.0707855224609375,0.000640869140625,3.1539110590715094,7.019621067676219,9.990345632772613,9.999575558010998,-10.0,-9.999999911706125,-10.0
augmented_fmdf_61.jpg,sakit,0,92.22221374511719,83.62373352050781,82.1021728515625,67.20205688476562,17.316970825195312,92.47895812988281,124.17448425292969,22.436725616455078,92.8980484008789,295.4256582921119,0.6311006059913773,0.980762365123098,0.4753209281510135,4.104627547450209,0.22595006769921147,0.487091064453125,0.0,0.0,0.014068603515625,0.143890380859375,0.16326904296875,0.1473236083984375,0.0443572998046875,0.487091064453125,0.0,0.0015411376953125,0.109649658203125,0.1507568359375,0.11065673828125,0.108367919921875,0.0319366455078125,0.487091064453125,0.0,0.0098876953125,0.1172637939453125,0.1538543701171875,0.111236572265625,0.0823516845703125,0.0383148193359375,3.0758682767318755,7.184081704964512,9.376573643520409,9.887259185330016,9.999999999996646,-9.999996492571317,-9.999999999987917
augmented_fmdf_65.jpg,sakit,0,72.68692016601562,65.49458312988281,63.675689697265625,48.578826904296875,13.569015502929688,72.68922424316406,111.4903793334961,19.98236656188965,92.0885238647461,262.9990297219676,0.737593595409748,0.9823002604367227,0.5988014221688037,3.3155253221259096,0.3585748422338859,0.6072998046875,0.0,0.0,0.00457763671875,0.0783233642578125,0.1399993896484375,0.1378173828125,0.031982421875,0.6072998046875,0.0,0.0002593994140625,0.0630340576171875,0.1007080078125,0.1198577880859375,0.0971832275390625,0.01165771484375,0.6072998046875,0.0,0.0,0.0639190673828125,0.1196136474609375,0.125152587890625,0.0839996337890625,1.52587890625e-05,3.0147084051558664,6.677197802938045,9.664062861948201,9.884461978840907,-9.999999999992445,-9.999941921698673,-9.999999999997707
augmented_fmdf_66.jpg,sakit,0,85.16099548339844,72.96372985839844,69.64300537109375,38.39990234375,25.095138549804688,85.3502197265625,97.7259292602539,31.361873626708984,86.571533203125,1383.8137160999195,0.5196149773142209,0.8863778483839982,0.43817556982152556,15.085771393114202,0.1920919200169425,0.47882080078125,0.0,3.0517578125e-05,0.0876007080078125,0.2052459716796875,0.117950439453125,0.050994873046875,0.059356689453125,0.47882080078125,0.0,0.023834228515625,0.2213287353515625,0.1471405029296875,0.066864013671875,0.0318145751953125,0.0301971435546875,0.47882080078125,0.000518798828125,0.056182861328125,0.2169189453125,0.134735107421875,0.061492919921875,0.0357208251953125,0.0156097412109375,2.928152872196361,7.992887623337219,9.587307998359766,9.766902557447501,9.999999999975431,-9.999975010560043,-9.99999999997834
augmented_fmdf_7.jpg,sakit,0,97.23741149902344,88.32441711425781,86.5218505859375,61.00830078125,17.320709228515625,97.42872619628906,119.2413330078125,21.590961456298828,93.5654067993164,374.4002136832017,0.6116436530506858,0.9759551836434914,0.45460624366016944,4.728689002095633,0.2066905421372083,0.4667816162109375,0.0,0.0,0.0048675537109375,0.139739990234375,0.1751556396484375,0.1708526611328125,0.0426025390625,0.4667816162109375,0.0,0.0,0.0898895263671875,0.171539306640625,0.1206817626953125,0.1243896484375,0.0267181396484375,0.4667816162109375,0.0,0.0013885498046875,0.1071014404296875,0.170562744140625,0.1264801025390625,0.0981903076171875,0.0294952392578125,3.0075036548146463,7.129264078006496,9.474536225639929,9.70610653328531,9.999999999964851,9.999999921837073,-9.999999999947246
augmented_fmdf_70.jpg,sakit,0,42.032470703125,34.767120361328125,29.199478149414062,11.842254638671875,25.419754028320312,42.431427001953125,37.81212615966797,44.028602600097656,66.40116119384766,889.7946398460549,0.7056290259397059,0.8693773450712187,0.6594717793256492,10.019632864023867,0.43497623890364606,0.6983642578125,9.1552734375e-05,0.006317138671875,0.128021240234375,0.082489013671875,0.0769195556640625,0.0068817138671875,0.00091552734375,0.6983642578125,3.0517578125e-05,0.138092041015625,0.0507965087890625,0.05023193359375,0.0607452392578125,0.0010986328125,0.000640869140625,0.6983642578125,0.0595245361328125,0.1170806884765625,0.04718017578125,0.062042236328125,0.0145111083984375,0.0009002685546875,0.000396728515625,2.862596250827993,6.306991974197693,9.474734790152747,9.427593507741005,9.999999999817001,9.999852004356642,-9.99999999976051
augmented_fmdf_72.jpg,sakit,0,75.21836853027344,66.64396667480469,59.78466796875,16.978271484375,22.41107177734375,75.26884460449219,37.48288345336914,34.111412048339844,91.46440887451172,784.1483669361587,0.6438528807831079,0.9447679807016347,0.5595750382367165,8.458258110835208,0.3131756151213903,0.585540771484375,0.0,0.0,0.0256195068359375,0.0710906982421875,0.158538818359375,0.1453857421875,0.013824462890625,0.585540771484375,0.0,0.0008544921875,0.09136962890625,0.1418304443359375,0.06219482421875,0.117095947265625,0.0011138916015625,0.585540771484375,1.52587890625e-05,0.022430419921875,0.174102783203125,0.07513427734375,0.0578155517578125,0.0849609375,0.0,2.963328411405046,6.426517954134317,9.892787912272029,9.778484285190615,9.999999999995678,9.999826503109103,9.9999999999883
augmented_fmdf_73.jpg,sakit,0,93.77001953125,82.758056640625,69.99836730957031,30.788177490234375,40.83782958984375,98.07196044921875,58.274051666259766,50.333152770996094,104.24825286865234,3527.270611182523,0.4961940683191466,0.7886317379102691,0.4501540270850062,26.92181467319917,0.20277538933422598,0.523284912109375,0.0,1.52587890625e-05,0.0380096435546875,0.0453948974609375,0.1016082763671875,0.1632843017578125,0.1284027099609375,0.523284912109375,0.0,0.0,0.0310821533203125,0.158599853515625,0.1345977783203125,0.116363525390625,0.03607177734375,0.523834228515625,0.0102081298828125,0.073028564453125,0.0768890380859375,0.0878753662109375,0.15234375,0.0701904296875,0.0056304931640625,2.879862599390759,6.9958337108424695,9.716331184007371,9.906807545305377,9.99999999999527,-9.999999334744745,-9.99999999999879
augmented_fmdf_76.jpg,sakit,0,116.63160705566406,101.26040649414062,100.31378173828125,91.7332763671875,25.397781372070312,116.65586853027344,148.0943603515625,26.173032760620117,85.23831939697266,273.16392250622283,0.5594694802807065,0.9777921857386574,0.3317759529588001,3.992216012848091,0.11008528079578388,0.3389892578125,0.0,0.0,0.0040435791015625,0.1370086669921875,0.3498687744140625,0.1690521240234375,0.00103759765625,0.3389892578125,0.0,0.0,0.1427459716796875,0.228729248046875,0.2335662841796875,0.05596923828125,0.0,0.3389892578125,0.0,0.0003814697265625,0.1549224853515625,0.244293212890625,0.1977386474609375,0.0636749267578125,0.0,2.9270066869941704,7.3414148927667116,9.960479054747559,9.94214773183063,9.999999999999321,9.99998822619113,-9.999999999999757
augmented_fmdf_80.jpg,sakit,0,166.30039978027344,143.80752563476562,105.764892578125,31.813812255859375,80.73338317871094,166.3004608154297,15.49920654296875,38.78091812133789,68.9857406616211,211.70664742725785,0.3151766193818257,0.9713012397567445,0.13343340219801408,5.649938604030177,0.017824664366155766,0.1391143798828125,0.0,0.0,0.0036773681640625,0.04510498046875,0.274169921875,0.527008056640625,0.01092529296875,0.1391143798828125,0.0,0.00079345703125,0.0604400634765625,0.15777587890625,0.615509033203125,0.0263671875,0.0,0.1391143798828125,0.0036163330078125,0.1191864013671875,0.337860107421875,0.358612060546875,0.04156494140625,4.57763671875e-05,0.0,3.1874800174669935,8.235154752951862,9.997865075805624,9.99999241459908,-10.0,-9.999999999642391,10.0
augmented_fmdf_81.jpg,sakit,0,163.22557067871094,139.55030822753906,102.01229858398438,30.44927978515625,80.70401000976562,163.2299346923828,16.429319381713867,41.04920959472656,74.07954406738281,275.40699074868445,0.4070113249767909,0.9671934781655821,0.15644267680385987,4.959437572095121,0.02450147366620478,0.1630859375,0.0,0.0,0.002288818359375,0.0419769287109375,0.2398681640625,0.5250396728515625,0.027740478515625,0.1630859375,0.0,0.001251220703125,0.06097412109375,0.166046142578125,0.5619659423828125,0.0466766357421875,0.0,0.1630859375,0.00341796875,0.1160888671875,0.3509674072265625,0.3276214599609375,0.0387115478515625,0.0001068115234375,0.0,3.175602663713319,8.189585591674739,9.984748458603903,9.998024811987502,-9.999999999999998,-9.999999854434769,9.999999999999998
augmented_fmdf_82.jpg,sakit,0,153.69076538085938,130.5729522705078,119.99649047851562,51.853302001953125,44.7652587890625,153.69076538085938,104.63734436035156,33.7126579284668,79.25933074951172,617.9512792241059,0.3688429367210579,0.9378253174273974,0.18774504875544173,8.074363795629479,0.035293180542425334,0.2034759521484375,0.0,0.0,0.0,0.0218658447265625,0.37548828125,0.351531982421875,0.047637939453125,0.2034759521484375,0.0,0.0,0.0393524169921875,0.26971435546875,0.4243621826171875,0.0594940185546875,0.00360107421875,0.2034759521484375,0.0,0.017547607421875,0.113555908203125,0.36175537109375,0.281524658203125,0.020904541015625,0.0012359619140625,3.1300522490312517,9.397740345163948,9.997261793225409,9.99327178966238,9.999999999999993,9.999999966649876,-9.999999999999998
augmented_fmdf_83.jpg,sakit,0,98.0325927734375,91.87362670898438,87.04376220703125,41.463043212890625,16.687057495117188,98.30877685546875,87.49510192871094,22.540307998657227,97.13980102539062,494.1410277931049,0.5745700484003465,0.9712723502139601,0.461328018297997,6.435873951169473,0.21286262059750305,0.4779815673828125,0.0,0.0,0.014862060546875,0.0995025634765625,0.1689605712890625,0.1593017578125,0.0793914794921875,0.4779815673828125,0.0,0.0,0.045135498046875,0.12896728515625,0.2115936279296875,0.0661773681640625,0.0701446533203125,0.4779815673828125,4.57763671875e-05,0.011474609375,0.0681610107421875,0.1645355224609375,0.159271240234375,0.05181884765625,0.06671142578125,3.0901671710178413,7.2887462773014065,9.914564338514817,9.925714737207567,-9.999999999999254,-9.999984112568763,9.999999999998549
augmented_fmdf_84.jpg,sakit,0,43.395111083984375,40.45481872558594,46.280426025390625,89.67221069335938,13.220062255859375,47.23796081542969,130.46743774414062,22.34497833251953,70.64378356933594,898.4406946246846,0.6657769243495079,0.8887711699504289,0.6313729781864285,11.259810242462052,0.39872105294505533,0.6676025390625,0.0,0.0673980712890625,0.115142822265625,0.0753173828125,0.045989990234375,0.0227813720703125,0.005767822265625,0.6676025390625,0.0006561279296875,0.101776123046875,0.10821533203125,0.06243896484375,0.040771484375,0.013671875,0.0048675537109375,0.6676025390625,0.0028228759765625,0.0400848388671875,0.1083221435546875,0.0859527587890625,0.050811767578125,0.0330352783203125,0.0113677978515625,2.9503142269973512,6.598443824954726,9.33116940871066,9.81719312251427,9.999999999968574,9.999889766363001,-9.999999999998154
augmented_fmdf_85.jpg,sakit,0,68.74797058105469,59.44093322753906,61.241790771484375,64.6038818359375,11.96917724609375,69.49456787109375,124.42210388183594,31.706735610961914,104.45250701904297,1390.9706056194282,0.7255358433535575,0.9229876681779823,0.6527187837259735,11.505241488440683,0.4260929639544783,0.6804351806640625,0.0,0.0,0.0105438232421875,0.0516815185546875,0.0340728759765625,0.03472900390625,0.18853759765625,0.6804351806640625,6.103515625e-05,0.0105743408203125,0.0575103759765625,0.0577545166015625,0.0391387939453125,0.0347900390625,0.1197357177734375,0.6804351806640625,0.000518798828125,0.0046234130859375,0.0414276123046875,0.0700836181640625,0.03948974609375,0.03460693359375,0.128814697265625,2.79285135621016,6.236858008231455,8.955598679014205,9.203452882234512,9.99999999865886,9.998583690108333,9.999999999016836
augmented_fmdf_90.jpg,sakit,0,83.91595458984375,79.28276062011719,70.66064453125,28.798065185546875,24.75701904296875,86.71963500976562,53.0130500793457,33.10725402832031,100.21891784667969,1807.6242760431971,0.5744161314086018,0.896268775289566,0.521918890101033,15.795771274765924,0.27248273117748606,0.561309814453125,0.0,1.52587890625e-05,0.0192718505859375,0.08624267578125,0.1021575927734375,0.1234588623046875,0.1075439453125,0.561309814453125,0.0,0.0,0.03515625,0.121612548828125,0.1127471923828125,0.07916259765625,0.0900115966796875,0.561309814453125,0.0,0.0133209228515625,0.0921173095703125,0.106201171875,0.1157989501953125,0.0887451171875,0.0225067138671875,2.9330854739990033,6.704511394293935,9.431425827422851,9.73799417081023,9.999999999966843,9.999854239781843,9.99999999995762
augmented_fmdf_91.jpg,sakit,0,88.69551086425781,79.05644226074219,76.53523254394531,52.453826904296875,20.607772827148438,89.42242431640625,104.69928741455078,33.038658142089844,97.86052703857422,1715.791813874899,0.5505530142386593,0.8969148351753059,0.4882874720464814,15.686346290186401,0.23848976959308574,0.530029296875,0.0,0.0,0.0115203857421875,0.0935516357421875,0.1546783447265625,0.1132659912109375,0.096954345703125,0.530029296875,0.0,0.0,0.101898193359375,0.1371917724609375,0.0878448486328125,0.0584869384765625,0.0845489501953125,0.530029296875,0.0045166015625,0.030731201171875,0.1044464111328125,0.1140289306640625,0.0677947998046875,0.0621185302734375,0.086334228515625,2.8974280879405305,6.5395538020266875,9.487265387815581,9.804382499954313,-9.999999999980997,-9.99992292448584,-9.999999999979437
augmented_fmdf_92.jpg,sakit,0,81.62455749511719,74.06011962890625,71.81484985351562,51.117401123046875,14.5675048828125,81.65821838378906,111.47352600097656,19.78302001953125,94.88522338867188,301.9574860179117,0.7073213025460777,0.9810447336746725,0.5546362892771796,3.7709783173432183,0.3076378303991796,0.56500244140625,0.0,0.0,0.0045623779296875,0.077911376953125,0.147186279296875,0.1642303466796875,0.041107177734375,0.56500244140625,0.0,4.57763671875e-05,0.0612945556640625,0.103363037109375,0.13671875,0.1180572509765625,0.0155181884765625,0.56500244140625,0.0,0.0,0.061920166015625,0.12249755859375,0.1456146240234375,0.1049041748046875,6.103515625e-05,3.037747724554883,6.757982693322301,9.504462645690971,9.902879358833822,-9.999999999992061,-9.99995487014611,-9.999999999999538
augmented_fmdf_94.jpg,sakit,0,37.189483642578125,30.22418212890625,27.32379150390625,32.436676025390625,20.9183349609375,37.348114013671875,86.19393157958984,39.2664909362793,57.34257125854492,397.3845041307488,0.6931268522662363,0.9170224934748125,0.6540267717365239,6.654678993784191,0.4278023961472149,0.6768951416015625,0.0072174072265625,0.097320556640625,0.1077117919921875,0.08111572265625,0.02105712890625,0.0061492919921875,0.002532958984375,0.6769561767578125,0.0371246337890625,0.1575469970703125,0.08978271484375,0.02984619140625,0.004608154296875,0.002716064453125,0.0014190673828125,0.6769256591796875,0.0458984375,0.1969146728515625,0.067718505859375,0.008453369140625,0.0024566650390625,0.0012359619140625,0.000396728515625,2.907139233438096,6.562674243515276,8.98381687393913,9.992791042069657,-9.999999999999806,-9.999999324845238,9.999999999999787
augmented_fmdf_96.jpg,sakit,0,77.2606201171875,66.39448547363281,64.87017822265625,65.82846069335938,21.787567138671875,77.69731140136719,124.11067962646484,31.969106674194336,87.42665100097656,740.8082665261585,0.5756992574384712,0.9410661052586775,0.5185477819496803,9.879611193993824,0.2689246584656252,0.542633056640625,0.0,0.0118408203125,0.0490264892578125,0.0963897705078125,0.1826934814453125,0.1017913818359375,0.015625,0.542633056640625,3.0517578125e-05,0.049346923828125,0.1053009033203125,0.1387176513671875,0.1081695556640625,0.0464630126953125,0.00933837890625,0.542633056640625,0.0016632080078125,0.0560455322265625,0.122161865234375,0.1172637939453125,0.1130828857421875,0.0423126220703125,0.0048370361328125,3.013681149288125,7.491572957093973,9.438111495784248,9.8428250733396,9.99999999999895,9.999982412937173,9.999999999979682
babi3_png.rf.f277b8464819ea7d9b4d45e4b43d7d3b.jpg,sakit,0,86.43724060058594,73.50570678710938,61.47923278808594,12.338226318359375,32.09761047363281,86.43724060058594,14.536758422851562,38.524967193603516,101.51646423339844,930.2807851268677,0.620372306069037,0.9423994962385233,0.5500807301759243,8.953944140526369,0.30264289070553685,0.5727996826171875,0.0,0.0,0.0,0.017333984375,0.1409912109375,0.15313720703125,0.1157379150390625,0.5727996826171875,0.0,0.0,0.008331298828125,0.153167724609375,0.1375732421875,0.124725341796875,0.0034027099609375,0.5727996826171875,0.0,0.010284423828125,0.1334228515625,0.1326446533203125,0.1383209228515625,0.0125274658203125,0.0,3.0270672434210897,6.946455016240698,9.900269793490681,9.935027095012902,-9.999999999999108,9.999982522079744,-9.999999999998883
blue12-e1515364823675-1024x790-1-400x284.jpg,sakit,0,139.58558654785156,94.32196044921875,88.32232666015625,31.6396484375,69.896240234375,139.58558654785156,92.44895935058594,45.34958267211914,86.77482604980469,394.1111237647826,0.37158788342368543,0.9567041761809888,0.2505220063841933,7.753338825041568,0.06281102255962112,0.2673492431640625,0.0,0.0,0.0094146728515625,0.0814361572265625,0.2231597900390625,0.4046783447265625,0.0139617919921875,0.2673492431640625,0.0,0.0638885498046875,0.2696685791015625,0.3419189453125,0.0555267333984375,0.00164794921875,0.0,0.2673492431640625,0.011749267578125,0.11456298828125,0.292449951171875,0.285400390625,0.0271453857421875,0.0013427734375,0.0,3.0508615069880136,8.377872755497485,9.899639741840794,9.98471235622806,-9.999999999999877,-9.999999236943832,-9.999999999999913
bvd-md-bulbs-heel-lesion_jpg.rf.eaa3c17e2429635c02a37cf37be06e79.jpg,sakit,0,77.04129028320312,75.734130859375,72.1182861328125,31.57171630859375,10.8116455078125,78.88545227050781,67.77162170410156,19.946962356567383,105.70283508300781,1477.7156296670216,0.713146863162473,0.9286433410661724,0.6130344405037742,10.534414933791892,0.37584277581202846,0.6355743408203125,0.0,0.0,0.0,0.024383544921875,0.0899200439453125,0.1012115478515625,0.1489105224609375,0.6355743408203125,0.0,0.0,0.0,0.0197296142578125,0.1084442138671875,0.12249755859375,0.1137542724609375,0.6355743408203125,0.0,0.0,0.0107421875,0.0591583251953125,0.1109771728515625,0.0750885009765625,0.10845947265625,2.766625042989761,6.356202130361755,9.150758299905014,9.122749761339229,-9.999999998212486,-9.998284988155726,9.99999999994812
bvd-md-foot-lesion_jpg.rf.725c4a909592b1f074e059b5bc8dd0b4.jpg,sakit,0,96.526611328125,95.88711547851562,94.40272521972656,53.7669677734375,4.93212890625,97.43560791015625,96.27207946777344,10.678168296813965,112.83007049560547,1606.1750621144877,0.6908554550925449,0.9351015114560807,0.5435948769414721,11.16486882037056,0.29553977531990766,0.565155029296875,0.0,0.0,0.0,0.0072174072265625,0.0899200439453125,0.097564697265625,0.240142822265625,0.565155029296875,0.0,0.0,0.0,0.007843017578125,0.092010498046875,0.1016387939453125,0.2333526611328125,0.565155029296875,0.0,0.0,0.0006256103515625,0.0408782958984375,0.0726165771484375,0.10052490234375,0.2201995849609375,2.7554697880640875,6.951728802064094,9.004780436845977,9.532486648300022,-9.999999999654843,-9.999822125235255,-9.99999999995272
cattle_mastitis_002_jpg.rf.a3ba6f181262e8d1f375f64d092c58f0.jpg,sakit,0,94.7337646484375,91.56666564941406,84.11167907714844,28.0936279296875,17.043182373046875,96.77200317382812,50.67055130004883,22.753915786743164,112.3641357421875,781.4207927616984,0.6436774791753077,0.9658040634188535,0.5578596841977553,6.884823964007512,0.3112278712792986,0.5699615478515625,0.0,0.0,0.0005035400390625,0.0181427001953125,0.0480804443359375,0.125396728515625,0.2379150390625,0.5699615478515625,0.0,0.0,0.0,0.0231475830078125,0.0637664794921875,0.16522216796875,0.1779022216796875,0.5699615478515625,0.0,0.0,0.0120697021484375,0.043365478515625,0.119171142578125,0.188385009765625,0.067047119140625,2.8951706844121805,6.3972423145484445,9.176016693859701,9.79936787796844,-9.99999999998989,-9.999852184298698,9.999999999954587
cattle_mastitis_007_jpg.rf.e288f7fdfb24585c5afe8db15821dad5.jpg,sakit,0,55.54023742675781,51.27687072753906,37.491973876953125,11.723388671875,19.268768310546875,55.609466552734375,24.21531867980957,40.44849395751953,102.68357849121094,710.5270025969004,0.8248597453277541,0.9606186640418835,0.7612346316147622,4.973145479439289,0.5795069036856252,0.7720947265625,0.0,0.0,0.0,0.0,0.0047149658203125,0.0247344970703125,0.198455810546875,0.7720947265625,0.0,0.0,0.0,0.0128631591796875,0.0357666015625,0.02105712890625,0.1582183837890625,0.7720947265625,0.0,0.0238037109375,0.025543212890625,0.0366668701171875,0.084442138671875,0.0325469970703125,0.02490234375,2.535645829662291,5.324209269311627,8.36160083274627,8.280270183082717,9.99999989620753,9.954373519593663,-9.999999988131599
cattle_mastitis_009_jpg.rf.856d5a93f16bf96b3b929d091f7bc286.jpg,sakit,0,82.36599731445312,76.79621887207031,66.60667419433594,15.90057373046875,19.337326049804688,82.39533996582031,22.53181266784668,26.59861183166504,103.6307144165039,2324.7077473607337,0.6238032067884,0.8777493967761109,0.5700552576954349,15.948456738780322,0.3250741748032518,0.6090087890625,0.0,0.0,0.0,0.000152587890625,0.0859832763671875,0.1808013916015625,0.124053955078125,0.6090087890625,0.0,0.0,0.0,0.0150909423828125,0.1439971923828125,0.1877899169921875,0.0441131591796875,0.6090087890625,0.0,0.0,0.0123138427734375,0.1269989013671875,0.157440185546875,0.092681884765625,0.001556396484375,2.8303384471725774,6.476747633703781,9.538418161295835,9.822306690299968,-9.99999999999663,-9.999879930094156,-9.99999999997878
cattle_mastitis_011_jpg.rf.c708443b81c8235add5039d074803f61.jpg,sakit,0,71.55699157714844,65.64497375488281,60.03009033203125,35.511932373046875,25.634429931640625,74.04052734375,71.07915496826172,41.9562873840332,88.92919921875,435.34183284606485,0.6469804351266487,0.9668267263920408,0.5553770252770263,5.786224630988996,0.3084842792545652,0.5706329345703125,0.0,0.0,0.04168701171875,0.151214599609375,0.122711181640625,0.110595703125,0.0031585693359375,0.5706329345703125,0.0,0.0036468505859375,0.1588592529296875,0.0964202880859375,0.073883056640625,0.0648040771484375,0.0317535400390625,0.5706329345703125,0.0142669677734375,0.1160888671875,0.100128173828125,0.0400543212890625,0.059112548828125,0.0405120849609375,0.0592041015625,2.8937209934329595,7.096370641341819,9.394953921787057,9.317737718621078,9.999999999452333,-9.999534710643152,9.999999999872696
cattle_mastitis_013_jpg.rf.33d209525ffdf47cc1a82eda4e7e59c3.jpg,sakit,0,102.78416442871094,90.92373657226562,79.91343688964844,20.85430908203125,30.437530517578125,103.71209716796875,42.32917022705078,35.266136169433594,107.0016860961914,1250.0896548486526,0.5849069527650234,0.9338188092849825,0.47978251759836926,10.790365172313281,0.23028309586902396,0.5045166015625,0.0,0.0,0.0005340576171875,0.021026611328125,0.150604248046875,0.160919189453125,0.1623992919921875,0.5045166015625,0.0,0.0,0.0033721923828125,0.1711273193359375,0.1384735107421875,0.072662353515625,0.1098480224609375,0.5045166015625,0.0,0.0066986083984375,0.0887908935546875,0.1687774658203125,0.1328277587890625,0.054107666015625,0.044281005859375,2.963492133682934,6.854660928284341,9.387106928695216,9.816594780186184,9.999999999972928,9.999985060649761,-9.99999999998924
cattle_mastitis_014_jpg.rf.0033ce15b755592c6d71fae72239e229.jpg,sakit,0,99.43257141113281,86.47929382324219,72.40684509277344,16.145538330078125,39.119659423828125,99.50553894042969,31.956567764282227,50.48795700073242,82.5283432006836,897.5525224157833,0.6223578903340667,0.9148637154274764,0.41233087457038486,9.99791449274943,0.17007222336371688,0.3808746337890625,0.0,0.0,0.01446533203125,0.3270721435546875,0.1448974609375,0.097625732421875,0.035064697265625,0.3808746337890625,0.0,0.0003662109375,0.1297607421875,0.3603057861328125,0.0942535400390625,0.03326416015625,0.0011749267578125,0.3808746337890625,0.0029449462890625,0.1273956298828125,0.1687774658203125,0.2973785400390625,0.0196533203125,0.0029754638671875,0.0,2.958406303246497,7.065515024964131,9.651108029359234,9.884938592914429,-9.999999999995755,-9.999966160525323,9.999999999993152
cattle_mastitis_015_jpg.rf.a017527ac72aaf189690117b3429dfa1.jpg,sakit,0,83.25848388671875,70.38790893554688,53.17439270019531,15.256683349609375,42.472259521484375,83.25848388671875,17.653636932373047,49.86152648925781,94.73284149169922,855.4494527759734,0.584904280214794,0.937655702629928,0.5245159517324012,10.102143485720026,0.2752354993863266,0.5532379150390625,0.0,0.0,0.001953125,0.0985870361328125,0.1452178955078125,0.14990234375,0.0511016845703125,0.5532379150390625,0.0,0.000396728515625,0.0888671875,0.1295013427734375,0.1708526611328125,0.0571441650390625,0.0,0.5532379150390625,0.007476806640625,0.13067626953125,0.124053955078125,0.124481201171875,0.0555267333984375,0.004547119140625,0.0,3.1225190466075388,7.394644036103992,9.770651962764758,9.97217653444902,9.999999999999964,-9.999998976549813,9.999999999999385
cattle_mastitis_016_jpg.rf.c66e7e54bc488d41a8da4d0fcd644242.jpg,sakit,0,44.97669982910156,46.813751220703125,48.521575927734375,41.057342529296875,5.7993621826171875,49.156494140625,84.69547271728516,14.646580696105957,94.2679672241211,820.6783064493467,0.8223204957065434,0.9484776430872072,0.7701356597655017,6.35012830759328,0.5931310196791606,0.7821807861328125,0.0,0.0,0.000152587890625,0.03619384765625,0.0412445068359375,0.052642822265625,0.08758544921875,0.7821807861328125,0.0,0.0,0.0,0.0210723876953125,0.0479583740234375,0.0394287109375,0.1093597412109375,0.7821807861328125,0.0,4.57763671875e-05,0.000244140625,0.011505126953125,0.037384033203125,0.039703369140625,0.128936767578125,2.50766722782609,5.759111967110884,8.546091663789957,8.793489450618848,9.999999990568801,9.993299400648725,-9.999999990575553
cattle_mastitis_021_png.rf.abc630c74b6d9a29eace787b57922de3.jpg,sakit,0,82.58187866210938,53.39100646972656,45.81074523925781,4.842071533203125,43.513214111328125,82.58187866210938,6.539026737213135,56.171775817871094,106.91240692138672,362.4295795305987,0.6683528864640668,0.9713464603488108,0.604023170050325,5.210693557792312,0.36487209143340255,0.617431640625,0.0,0.0,0.00048828125,0.0326995849609375,0.06622314453125,0.0689697265625,0.2141876220703125,0.617431640625,0.0,0.0069732666015625,0.1154022216796875,0.1755523681640625,0.08221435546875,0.0024261474609375,0.0,0.617431640625,4.57763671875e-05,0.079437255859375,0.1418914794921875,0.148284912109375,0.0128936767578125,1.52587890625e-05,0.0,3.026251711808536,6.3859058913618725,9.931761802464033,9.997796529659503,-9.999999999999993,-9.999998636764339,-9.999999999999998
cattle_mastitis_022_jpg.rf.7d13de9669db4d5e1863cf59d9b29669.jpg,sakit,0,20.055084228515625,73.63932800292969,73.72491455078125,94.65087890625,125.20939636230469,78.24932861328125,87.73580932617188,115.93283081054688,60.726314544677734,232.6458360031792,0.5393175561557335,0.9386701323268064,0.3225356089261136,5.32695489996967,0.10409456786127612,0.7991485595703125,0.0279083251953125,0.088775634765625,0.05511474609375,0.02899169921875,6.103515625e-05,0.0,0.0,0.345306396484375,0.0257110595703125,0.1604461669921875,0.2485198974609375,0.2144775390625,0.005523681640625,1.52587890625e-05,0.0,0.345703125,0.06219482421875,0.13885498046875,0.1960296630859375,0.236480712890625,0.0206451416015625,9.1552734375e-05,0.0,3.0456158018542823,7.72725137815709,9.780973988722502,9.99830022159937,9.999999999999995,9.999999824952194,-9.999999999999993
cattle_mastitis_024_jpg.rf.5acc02f3a7ea5de9f305c9c7a974b846.jpg,sakit,0,130.40554809570312,86.97187805175781,73.44876098632812,19.762725830078125,83.17144775390625,130.40554809570312,57.548683166503906,53.00865173339844,79.2386703491211,398.16463626718615,0.5324991427924554,0.9443651249533396,0.25137184466843016,5.313134531340167,0.06324560371303437,0.2633819580078125,0.0,0.0,0.0,0.141754150390625,0.466400146484375,0.1284637451171875,0.0,0.2633819580078125,0.0,0.03826904296875,0.4912261962890625,0.2045135498046875,0.0026092529296875,0.0,0.0,0.2633819580078125,0.0247650146484375,0.323089599609375,0.2940826416015625,0.09228515625,0.0023956298828125,0.0,0.0,3.098123493756219,7.869933759483247,9.823423894084723,9.99431455557948,9.999999999999984,-9.999999537535857,-9.999999999999957
cattle_mastitis_025_jpg.rf.0181182743308697e8a26e2aae1d1455.jpg,sakit,0,149.3580780029297,100.57412719726562,49.16920471191406,20.1719970703125,111.71743774414062,149.36965942382812,16.13763999938965,90.41879272460938,111.36996459960938,527.3649262349489,0.44056732354596023,0.9617073237084508,0.3273762490943746,8.171485706389499,0.10722235759223873,0.3445587158203125,0.0,0.0,0.00042724609375,0.03607177734375,0.074920654296875,0.076324462890625,0.4676971435546875,0.3445587158203125,0.0,0.0050201416015625,0.1396026611328125,0.255767822265625,0.18743896484375,0.037139892578125,0.0304718017578125,0.4753875732421875,0.1416168212890625,0.1939849853515625,0.1207427978515625,0.0304412841796875,0.02227783203125,0.0117340087890625,0.003814697265625,3.099813747958419,8.09984944435679,9.774025772319437,9.99639814510595,9.999999999999973,-9.999999680334302,-9.999999999999996
cattle_mastitis_026_jpeg.rf.a1f12ed3d63ae05c84d35f1d244fc818.jpg,sakit,0,57.68757629394531,45.213897705078125,37.832366943359375,7.290283203125,27.855911254882812,57.68757629394531,11.089280128479004,43.57904052734375,86.17901611328125,259.59283928024024,0.8005764033579821,0.9751647148180997,0.6783939040815797,2.9821061002081883,0.4602285004485642,0.686309814453125,0.0,0.0,0.0,0.0483551025390625,0.1372833251953125,0.126983642578125,0.001068115234375,0.686309814453125,0.0,0.00909423828125,0.0898590087890625,0.1131439208984375,0.101287841796875,0.00030517578125,0.0,0.686309814453125,0.005401611328125,0.05731201171875,0.1228485107421875,0.0938873291015625,0.03424072265625,0.0,0.0,2.742847891537967,6.436139477772022,8.821806331993516,8.86259265512882,9.999999992799827,-9.999097932693866,9.999999998324729
cattle_mastitis_027_jpg.rf.f038165c1dbe5e15f3d38b13be8ff5a7.jpg,sakit,0,44.129150390625,37.760162353515625,35.266876220703125,4.556121826171875,13.164657592773438,44.129150390625,9.479450225830078,30.043046951293945,76.60226440429688,258.26293343447765,0.8389646868244939,0.9726180983864675,0.741840610928891,2.8030371027421594,0.5503341077878404,0.748565673828125,0.0,0.0,0.0016937255859375,0.04400634765625,0.168975830078125,0.0367584228515625,0.0,0.748565673828125,0.0,0.012725830078125,0.054412841796875,0.05731201171875,0.1269073486328125,7.62939453125e-05,0.0,0.7486724853515625,0.0042877197265625,0.0287628173828125,0.046844482421875,0.0759124755859375,0.09552001953125,0.0,0.0,2.5860006765015973,5.976114449339529,9.25949594810146,8.619029758694685,9.999999992882572,-9.99803517761526,9.99999999270495
cattle_mastitis_028_jpg.rf.ede8dc69560234a169a3fb933c4a4cc1.jpg,sakit,0,96.54623413085938,84.28614807128906,71.29936218261719,15.267730712890625,34.66279602050781,96.70407104492188,16.27959632873535,37.48445129394531,96.06140899658203,437.80092238588435,0.7180545159922861,0.9705408652085583,0.48310748991794217,4.40409949735606,0.233421589345329,0.49310302734375,0.0,0.0004425048828125,0.002655029296875,0.0307769775390625,0.15277099609375,0.32025146484375,0.0,0.49310302734375,0.0,0.0,0.0165863037109375,0.1310272216796875,0.3502655029296875,0.0090179443359375,0.0,0.49310302734375,0.0027313232421875,0.0341644287109375,0.0879669189453125,0.288818359375,0.0932159423828125,0.0,0.0,2.8975729172044042,7.0497748378406895,9.72091509092897,9.473199945330487,9.999999999850168,9.999736284239473,-9.999999999999794
cattle_mastitis_031_jpg.rf.6c19f4c05037b7b308e940d950b98425.jpg,sakit,0,86.76708984375,78.44233703613281,74.86090087890625,11.301025390625,13.166213989257812,86.77729797363281,38.348472595214844,21.425853729248047,115.12464141845703,417.5106522694261,0.760805586844842,0.9819129520249358,0.6245360070564426,3.829814827774113,0.3900636282913732,0.6338653564453125,0.0,0.0,0.0,0.0,0.0283966064453125,0.0709228515625,0.266815185546875,0.6338653564453125,0.0,0.0,0.0,0.02587890625,0.062225341796875,0.1014556884765625,0.17657470703125,0.6338653564453125,0.0,0.0,0.0020751953125,0.0453338623046875,0.0740966796875,0.11279296875,0.1318359375,3.0691225907872957,6.795492415855302,9.481054214881333,9.882594807923516,9.999999999990346,9.99996079750297,9.999999999993939
cattle_mastitis_032_jpg.rf.e49beeb3377b8ed6d29cbccbc4878e96.jpg,sakit,0,121.92401123046875,107.44947814941406,113.06640625,148.61328125,16.538482666015625,121.944091796875,161.4294891357422,20.5533504486084,116.8805923461914,971.111354979479,0.6732970205503527,0.9586043806812486,0.45407650875663325,7.552762855344658,0.20622622391464665,0.471954345703125,0.0,0.0,0.0,3.0517578125e-05,0.066131591796875,0.1118011474609375,0.3500823974609375,0.471954345703125,0.0,0.0,0.0,0.0580596923828125,0.127349853515625,0.144927978515625,0.1977081298828125,0.471954345703125,0.0,0.0,0.001434326171875,0.0543975830078125,0.1042938232421875,0.0959320068359375,0.2719879150390625,3.0485441658799863,6.701966148760869,9.766401775109362,9.964644050692078,-9.999999999999847,-9.999985775771114,-9.999999999999108
cattle_mastitis_034_jpg.rf.88da264fd553eb9d0cea9f110fcafa02.jpg,sakit,0,117.58302307128906,84.99653625488281,45.492431640625,17.07183837890625,78.97494506835938,117.59669494628906,18.777772903442383,87.82157135009766,119.55221557617188,542.8777017731774,0.5816605318037414,0.9692956303459731,0.48804257077976504,6.815089002371913,0.23822635019383587,0.5035400390625,0.0,0.0,0.0,0.0041351318359375,0.0325164794921875,0.0655517578125,0.394256591796875,0.5035400390625,0.0,0.0017852783203125,0.0740966796875,0.1237335205078125,0.1665496826171875,0.065399169921875,0.0648956298828125,0.585968017578125,0.0690460205078125,0.1152496337890625,0.106719970703125,0.06341552734375,0.0420379638671875,0.0137786865234375,0.0037841796875,3.1031846190602628,8.033119578357688,9.687168802451712,9.969080690482876,-9.99999999999932,9.999999845322321,-9.999999999999421
cattle_mastitis_035_jpg.rf.de0b15f3f63e94f2808a39eeab163de5.jpg,sakit,0,67.43928527832031,39.61302185058594,16.036956787109375,15.225006103515625,88.49855041503906,67.45040893554688,34.1085205078125,101.86925506591797,76.36226654052734,188.72560718301872,0.6702254005723302,0.965136387123886,0.5350416019800411,3.547690935149103,0.2863001612504142,0.5496673583984375,0.0,0.0104522705078125,0.070343017578125,0.200714111328125,0.164031982421875,0.0006866455078125,0.0041046142578125,0.5496673583984375,0.02935791015625,0.29656982421875,0.1177520751953125,0.001251220703125,0.00067138671875,0.00067138671875,0.004058837890625,0.7681121826171875,0.1851348876953125,0.039581298828125,0.001678466796875,0.000518798828125,0.000701904296875,0.003509521484375,0.000762939453125,3.1127176806290073,7.660342332837913,9.846097967971017,9.960605375349886,-9.99999999999924,9.999996955041103,9.999999999999673
cattle_mastitis_037_jpg.rf.0cdb7d1f50e16fb66b9f810373f244e7.jpg,sakit,0,96.30204772949219,79.72064208984375,70.91824340820312,10.5,27.328903198242188,96.30206298828125,34.6729621887207,43.57808303833008,119.3285903930664,586.9323885381489,0.7141444690861248,0.9733262733905552,0.5904971823817525,5.426117897375161,0.34871414871333434,0.6033935546875,0.0,0.0,0.0,0.0,0.01220703125,0.04620361328125,0.33819580078125,0.6033935546875,0.0,0.0,0.005828857421875,0.058990478515625,0.0653228759765625,0.136322021484375,0.1301422119140625,0.6033935546875,0.0073699951171875,0.0238189697265625,0.0418243408203125,0.0505523681640625,0.0626220703125,0.1371612548828125,0.0732574462890625,3.1222578538606833,7.272364063317541,9.666623057200042,9.993505597831009,-9.999999999999948,-9.999998787467156,9.99999999999993
cattle_mastitis_038_jpg.rf.bbc83a0aab41dd56c27cc1016b8a8e56.jpg,sakit,0,26.085525512695312,62.44682312011719,60.5068359375,62.20281982421875,90.50126647949219,67.97956848144531,81.81095123291016,107.87903594970703,69.1606674194336,186.2111668261663,0.6142837679060279,0.9656144072883109,0.47193073526615553,4.446333281906759,0.22277777363952053,0.7937469482421875,0.010833740234375,0.045318603515625,0.062896728515625,0.0528411865234375,0.03436279296875,0.0,0.0,0.48870849609375,0.01190185546875,0.0897674560546875,0.15911865234375,0.221954345703125,0.0285491943359375,0.0,0.0,0.4887542724609375,0.033538818359375,0.1101837158203125,0.132415771484375,0.19085693359375,0.04425048828125,0.0,0.0,2.9739365494220555,7.042344707528043,9.532968387627115,9.877827113108122,9.999999999993209,9.9999718379147,9.999999999991125
cattle_mastitis_039_jpg.rf.cd5d9d3446a13a0f234944a3ef0ca346.jpg,sakit,0,95.26216125488281,88.07798767089844,79.26399230957031,14.04022216796875,18.4658203125,95.26235961914062,16.6727352142334,23.9105167388916,112.10355377197266,368.06156690573613,0.6262823271363805,0.9834190911342726,0.5692285998016732,5.469674722827533,0.3240382642543035,0.5770111083984375,0.0,0.0,0.0,0.000213623046875,0.03411865234375,0.1379547119140625,0.250701904296875,0.5770111083984375,0.0,0.0,0.0,0.0164794921875,0.0773162841796875,0.2042694091796875,0.1249237060546875,0.5770111083984375,0.0,0.0006103515625,0.0143585205078125,0.0491180419921875,0.142578125,0.197540283203125,0.0187835693359375,3.0898645838342556,6.7746284721895265,9.728888365938131,9.990496302895716,-9.999999999999867,-9.999997707624171,-9.999999999999991
cattle_mastitis_040_jpg.rf.2e0c36d7640d8a1bf656d92ab177c388.jpg,sakit,0,62.374542236328125,48.44976806640625,48.74314880371094,38.253021240234375,21.065902709960938,64.11215209960938,98.34996032714844,34.167850494384766,96.69418334960938,766.9048938864053,0.7477126642246003,0.9386050219707297,0.6723733255493781,6.471164559536613,0.4521170906660766,0.6888275146484375,0.0,0.0,0.0007171630859375,0.0567779541015625,0.0523681640625,0.0968475341796875,0.104461669921875,0.6888275146484375,0.0,0.0,0.0222930908203125,0.161407470703125,0.1209869384765625,0.0064544677734375,3.0517578125e-05,0.6888275146484375,0.0,0.0001373291015625,0.0435638427734375,0.1156463623046875,0.1358642578125,0.015838623046875,0.0001220703125,2.822141884383826,6.20444791283864,9.079353455056914,9.46051520787534,9.999999999792804,9.999188149001322,-9.999999999595396
cattle_mastitis_042_jpg.rf.e5a2d0aa786170eb02aec742fddf9e8c.jpg,sakit,0,104.89370727539062,74.78414916992188,68.69004821777344,28.93853759765625,59.22821044921875,104.89462280273438,82.1890640258789,45.40904998779297,76.87316131591797,560.9071326552631,0.421322826991819,0.9231945706128611,0.2973062733471281,9.283846470621212,0.08847179970102015,0.325225830078125,0.0,0.00177001953125,0.129302978515625,0.2505035400390625,0.21661376953125,0.0619659423828125,0.014617919921875,0.325225830078125,0.0010528564453125,0.17022705078125,0.3498382568359375,0.1502532958984375,0.0034027099609375,0.0,0.0,0.32537841796875,0.013946533203125,0.2657623291015625,0.3118743896484375,0.079071044921875,0.00396728515625,0.0,0.0,3.0565217966433447,7.741636805636906,9.973078228615819,9.980657008096443,-9.999999999999995,-9.999998140188858,-9.999999999999893
cattle_mastitis_043_jpg.rf.319f616dd7a986e80aa2cb810b586f58.jpg,sakit,0,86.06243896484375,67.30267333984375,65.07846069335938,44.15185546875,26.068588256835938,86.06243896484375,112.45308685302734,33.978553771972656,108.9640884399414,356.26096287746236,0.6927124039211465,0.9791168260022495,0.5926618672912717,4.545975703567288,0.35127709190831474,0.6042327880859375,0.0,0.0,0.0055389404296875,0.043060302734375,0.0418853759765625,0.068634033203125,0.2366485595703125,0.6042327880859375,0.0,0.0001983642578125,0.0546112060546875,0.0726776123046875,0.1422271728515625,0.1255340576171875,0.000518798828125,0.6042327880859375,0.0002899169921875,0.0285797119140625,0.0434112548828125,0.0745391845703125,0.135040283203125,0.1111602783203125,0.00274658203125,2.918757874546966,6.5097392502069615,8.886845019600038,9.760570436222006,9.999999999966779,9.99986800575462,9.999999999911205
cattle_mastitis_046_jpg.rf.3fb5452badd82464a32eed627380047d.jpg,sakit,0,107.21652221679688,93.93161010742188,96.31669616699219,74.69027709960938,56.375091552734375,121.08920288085938,111.64469909667969,41.548274993896484,82.00148010253906,447.03147139713855,0.5843309613599622,0.9492146236290444,0.28699523485488515,5.298013953431851,0.08240912810232258,0.3010101318359375,0.0,0.0047760009765625,0.2014312744140625,0.188446044921875,0.1973724365234375,0.106964111328125,0.0,0.3010101318359375,0.0,0.0025482177734375,0.3040618896484375,0.261749267578125,0.1306304931640625,0.0,0.0,0.3010101318359375,0.0017852783203125,0.0558929443359375,0.27850341796875,0.177764892578125,0.0813140869140625,0.103729248046875,0.0,3.039316297820377,7.163493578269883,9.675606068295323,9.960996940747522,-9.999999999998707,-9.999989336089303,-9.999999999999746
cattle_mastitis_048_jpg.rf.87741115b5bdb7c08d708a1ed220be6e.jpg,sakit,0,35.277008056640625,39.451171875,43.629913330078125,39.874969482421875,16.661239624023438,46.01832580566406,81.19223022460938,31.39298439025879,85.1483154296875,634.6749448571094,0.8688079082611636,0.9377641949492098,0.760902682147075,4.740572916030528,0.5789891808605683,0.772857666015625,0.0,0.0,0.0304412841796875,0.0852203369140625,0.1003265380859375,0.0110931396484375,6.103515625e-05,0.772857666015625,0.0,0.0,0.015350341796875,0.0395965576171875,0.1044769287109375,0.067718505859375,0.0,0.772857666015625,0.0,0.0,0.028350830078125,0.00762939453125,0.0376129150390625,0.1524200439453125,0.001129150390625,2.513250257178372,6.070478758457066,7.933191785454943,8.079111971969866,9.999999778386918,9.97477867810655,9.999999730431524
cattle_mastitis_049_jpg.rf.3208c818ae1e9ea4979925309064397c.jpg,sakit,0,46.67704772949219,82.06379699707031,77.66262817382812,73.75961303710938,116.82765197753906,92.654296875,82.38243865966797,103.08403015136719,64.45699310302734,186.52396883561616,0.4923577374165949,0.962678647704081,0.2851664840697918,4.7844241297262755,0.08136900772672039,0.656494140625,0.007568359375,0.0474395751953125,0.089630126953125,0.11944580078125,0.0790252685546875,0.000396728515625,0.0,0.3017578125,0.0078277587890625,0.1258544921875,0.2991485595703125,0.2535858154296875,0.0118255615234375,0.0,0.0,0.3023529052734375,0.067962646484375,0.1327667236328125,0.26031494140625,0.214508056640625,0.0220947265625,0.0,0.0,3.1208232378521763,7.631554863915782,9.864960958005131,9.984945963051288,9.99999999999993,9.999998291437874,9.99999999999984
cattle_mastitis_050_jpg.rf.15ed130b6e31edd385831305060cecc9.jpg,sakit,0,116.77944946289062,100.78805541992188,93.48252868652344,32.071929931640625,29.309890747070312,116.88381958007812,78.30838012695312,38.528839111328125,114.40357971191406,454.9413438875251,0.665892287960097,0.9793183981615292,0.4710830262682226,5.398912429362891,0.22194664726789112,0.47686767578125,0.0,0.0,1.52587890625e-05,0.0299530029296875,0.0937957763671875,0.0887908935546875,0.310577392578125,0.47686767578125,0.0,0.0,0.0478668212890625,0.089630126953125,0.159027099609375,0.0552520751953125,0.171356201171875,0.47686767578125,1.52587890625e-05,0.034515380859375,0.0854949951171875,0.086669921875,0.0943145751953125,0.0623626708984375,0.159759521484375,2.9650526782752227,6.558680425554763,9.47060625594713,9.622808796224797,9.999999999984995,9.999860955781326,9.999999999891939
cattle_mastitis_052_jpg.rf.3b25633e41ba24219ac84cfb00a21ba8.jpg,sakit,0,76.57159423828125,82.69660949707031,68.147216796875,52.97369384765625,70.03935241699219,95.06147766113281,70.1899642944336,64.64086151123047,82.7425308227539,866.3081619240999,0.5246086284659696,0.9053047169078555,0.3820232651237107,9.924534036679573,0.14607547665024098,0.4113311767578125,0.012359619140625,0.12591552734375,0.1054534912109375,0.20831298828125,0.12249755859375,0.0138702392578125,0.0002593994140625,0.4113311767578125,0.0,6.103515625e-05,0.1735076904296875,0.315643310546875,0.0847930908203125,0.0146636962890625,0.0,0.4138946533203125,0.0713043212890625,0.220794677734375,0.1032562255859375,0.044158935546875,0.0625762939453125,0.0605926513671875,0.0234222412109375,2.934623161046711,7.712902321390711,9.967617996446043,9.945300163757805,9.999999999999735,-9.99999223084787,9.999999999999467
cattle_mastitis_053_jpg.rf.cf19682c2c4ea555efeafc8349c1eaaa.jpg,sakit,0,53.23699951171875,41.604461669921875,41.5921630859375,61.1739501953125,21.010711669921875,53.248870849609375,130.29150390625,34.107177734375,73.92127227783203,1121.1781572106477,0.6380307896247241,0.8579818044683125,0.5981027775606703,13.111536261994303,0.35791613998643235,0.6425933837890625,0.0,0.0019683837890625,0.102203369140625,0.1295013427734375,0.0833740234375,0.033721923828125,0.0066375732421875,0.6425933837890625,0.00018310546875,0.097198486328125,0.1582183837890625,0.0644378662109375,0.030364990234375,0.0067138671875,0.0002899169921875,0.6425933837890625,0.00152587890625,0.103485107421875,0.147552490234375,0.0634002685546875,0.031036376953125,0.0093994140625,0.001007080078125,2.7306644918272,6.4144933637993065,9.46775439311382,9.347247265779604,9.99999999955984,9.99953218183811,-9.99999999999423
cattle_mastitis_055_jpg.rf.b8d08d696b6e95cf0c53d8b5ae062d30.jpg,sakit,0,93.02461242675781,64.80992126464844,58.88420104980469,11.014801025390625,39.728515625,93.02468872070312,45.86210250854492,49.9140510559082,111.24279022216797,358.3779135086905,0.6871723681852027,0.9764063579780317,0.5615543762559826,4.596998891230371,0.31539883644753003,0.5760345458984375,0.0,0.0,0.007110595703125,0.033477783203125,0.0652618408203125,0.066375732421875,0.251739501953125,0.5760345458984375,0.0002288818359375,0.020782470703125,0.0702972412109375,0.1317901611328125,0.17193603515625,0.02886962890625,6.103515625e-05,0.5760345458984375,0.003326416015625,0.0524139404296875,0.109405517578125,0.1087646484375,0.13616943359375,0.0137939453125,9.1552734375e-05,3.0269129973975244,6.512986782224522,9.902475673191281,9.974386810637057,9.99999999999969,-9.999996963465614,9.999999999999899
cattle_mastitis_056_jpg.rf.5040f6f07c1b4eba9fef5aa321453679.jpg,sakit,0,93.90512084960938,78.16021728515625,63.29844665527344,20.405670166015625,40.24714660644531,94.07185363769531,47.888553619384766,53.71094512939453,101.83831787109375,327.4766536039278,0.5922151196449986,0.9793901315022538,0.5130299093169294,5.97688970978961,0.2632170057241395,0.5243377685546875,0.0,0.0006561279296875,0.0186767578125,0.0662994384765625,0.1153717041015625,0.1064605712890625,0.1681976318359375,0.5243377685546875,0.0,0.0178070068359375,0.095367431640625,0.1070404052734375,0.0949554443359375,0.148895263671875,0.0115966796875,0.5295867919921875,0.0376739501953125,0.0576934814453125,0.1028289794921875,0.1145782470703125,0.1146087646484375,0.0416259765625,0.00140380859375,2.975717949697584,7.062584529555199,8.913850298516909,9.77621659230054,9.999999999958057,9.999988995544799,-9.999999999931383
cattle_mastitis_057_jpg.rf.6ff586107022833c9e5a143ee696d672.jpg,sakit,0,129.53134155273438,114.76214599609375,108.53044128417969,14.87835693359375,22.24407958984375,129.53134155273438,50.14200973510742,29.304834365844727,124.11996459960938,541.3504228030187,0.7128196355354298,0.9792572601953976,0.46595540144933434,4.588091764377626,0.2171495258331857,0.47662353515625,0.0,0.0,0.0,0.0,0.010955810546875,0.0353851318359375,0.4770355224609375,0.47662353515625,0.0,0.0,1.52587890625e-05,0.0275421142578125,0.0491180419921875,0.1379547119140625,0.308746337890625,0.47662353515625,0.0,0.0008392333984375,0.023834228515625,0.0435943603515625,0.0572509765625,0.1644439697265625,0.2334136962890625,3.149523301823228,7.375121850660439,9.767339442233391,9.996503087378644,9.999999999999993,9.999999943329481,9.999999999999975
cattle_mastitis_062_jpg.rf.c5aeb8fde86477f2062a360fa91f30c2.jpg,sakit,0,110.35935974121094,86.23310852050781,58.02641296386719,18.00628662109375,58.08946228027344,110.46046447753906,24.876373291015625,79.51705932617188,118.86421966552734,450.7821220727763,0.6663105926635902,0.9776277989710289,0.5216736496638009,5.081676427655837,0.2721710880390216,0.5321044921875,0.0,0.0,0.0,0.006561279296875,0.0252532958984375,0.0643768310546875,0.3717041015625,0.5321044921875,0.0,0.0,0.05645751953125,0.1159210205078125,0.1308135986328125,0.02490234375,0.139801025390625,0.5461578369140625,0.0982818603515625,0.120574951171875,0.0626678466796875,0.0246124267578125,0.0264892578125,0.0346527099609375,0.0865631103515625,3.011171724453679,7.397789093301699,9.635085884848618,9.776569762574507,9.999999999977097,9.999971304856526,-9.999999999984775
cattle_mastitis_063_jpg.rf.136736a5ba8cea04f3575e44bd7ed0d6.jpg,sakit,0,136.33290100097656,101.25129699707031,73.60127258300781,18.55908203125,72.74691772460938,136.38037109375,25.462087631225586,67.18128204345703,112.44931030273438,850.7776306186279,0.5033887177751529,0.9488220585801471,0.3667663617888506,9.47541489879382,0.13458571029915306,0.3896331787109375,0.0,0.0,6.103515625e-05,0.054443359375,0.08795166015625,0.072357177734375,0.3955535888671875,0.3896331787109375,0.0,0.000213623046875,0.1055908203125,0.1605072021484375,0.2293548583984375,0.05718994140625,0.0575103759765625,0.39337158203125,0.0456695556640625,0.154205322265625,0.1854248046875,0.1157379150390625,0.04620361328125,0.02679443359375,0.0325927734375,3.0473322025913943,8.345052478068567,9.632282402323582,9.935103777366674,9.99999999999895,9.999999562438894,9.999999999996932
cattle_mastitis_065_jpg.rf.ff16ada67da47297a23a1f7ccde6248a.jpg,sakit,0,68.65113830566406,62.092742919921875,60.683929443359375,53.7178955078125,12.30096435546875,68.77569580078125,116.58872985839844,24.421100616455078,95.59307861328125,737.4094842140748,0.7136498223940135,0.9541587319449792,0.6392401550650127,6.599016100347753,0.4086499392958501,0.65447998046875,0.0,0.0,0.0,0.0144500732421875,0.12091064453125,0.1502532958984375,0.059906005859375,0.65447998046875,0.0,0.0,0.0126953125,0.1078033447265625,0.0709228515625,0.120574951171875,0.0335235595703125,0.65447998046875,0.0,0.0018463134765625,0.0261993408203125,0.11810302734375,0.0571136474609375,0.11077880859375,0.0314788818359375,2.732160512712341,5.939365526067644,9.134073434408469,9.33012849023112,9.999999999250845,9.998357299405743,-9.999999999818034
cattle_mastitis_066_jpg.rf.0490fe8237888c4ae8f41c717eb403c2.jpg,sakit,0,75.006103515625,70.27664184570312,69.46475219726562,43.825439453125,11.696807861328125,76.45631408691406,83.29622650146484,27.072389602661133,99.40733337402344,773.5250059952288,0.7311052151632097,0.9567441189744126,0.6056386551260969,6.301040220966318,0.36684045422115985,0.620025634765625,0.0,0.0,0.0004425048828125,0.02850341796875,0.1305389404296875,0.137786865234375,0.08270263671875,0.620025634765625,0.0,0.0,0.063720703125,0.0541229248046875,0.06195068359375,0.104583740234375,0.0955963134765625,0.620025634765625,0.0,0.007232666015625,0.0736083984375,0.039215087890625,0.0664825439453125,0.0884552001953125,0.10498046875,2.7631384060992126,7.2025523214664,9.85049557532126,9.665318228518977,-9.999999999966374,9.999894090344338,-9.99999999999091
cattle_mastitis_067_jpg.rf.57756722468ec2db16736a808c4800a8.jpg,sakit,0,83.5238037109375,74.92494201660156,68.44047546386719,12.550506591796875,22.653961181640625,83.5238037109375,13.528159141540527,25.01235580444336,86.35787200927734,785.293353413812,0.5999903308208908,0.9376646158254429,0.4959188805329188,7.8883184418227446,0.24597201605430805,0.513641357421875,0.0,0.0,0.0,0.0902557373046875,0.376434326171875,0.0196380615234375,3.0517578125e-05,0.513641357421875,0.0,0.0,0.036285400390625,0.247833251953125,0.197967529296875,0.0042724609375,0.0,0.513641357421875,0.0,0.0019989013671875,0.09844970703125,0.34967041015625,0.035675048828125,0.0005645751953125,0.0,2.7976142690954573,7.095112205174858,9.997231762295021,9.506238635915935,9.999999999989424,-9.999748010167227,-9.999999999998385
cattle_mastitis_068_jpg.rf.b7a17859a925ccb1736c1c1cd183d4ef.jpg,sakit,0,88.37855529785156,80.89022827148438,77.89192199707031,58.48394775390625,62.119110107421875,102.37995910644531,84.32299041748047,52.819034576416016,80.242919921875,913.544257735086,0.41761576915241916,0.8940480568796012,0.31980379593349845,12.46534851318846,0.10241325710010472,0.35589599609375,0.000732421875,0.0454864501953125,0.2043304443359375,0.26373291015625,0.1020050048828125,0.0159149169921875,0.01190185546875,0.35589599609375,6.103515625e-05,0.1298370361328125,0.2524871826171875,0.1448211669921875,0.09515380859375,0.014312744140625,0.0074310302734375,0.35589599609375,0.0514984130859375,0.228118896484375,0.1096649169921875,0.0999755859375,0.067047119140625,0.0643310546875,0.023468017578125,3.0403536277438126,8.05981190117581,9.947474830878456,9.903820745760873,9.99999999999913,-9.999997598186095,-9.999999999998286
cattle_mastitis_069_jpg.rf.e1b3ade170bee892086edfeec4b323a5.jpg,sakit,0,117.09364318847656,101.19975280761719,95.12745666503906,81.90341186523438,62.81700134277344,126.69534301757812,103.20112609863281,48.883731842041016,72.84095764160156,699.3850393212459,0.4379580479700549,0.9030110146798868,0.20971991807191856,9.02925681888566,0.04405580636715709,0.2318267822265625,0.0,0.0001983642578125,0.2168426513671875,0.2269287109375,0.240447998046875,0.0748443603515625,0.0089111328125,0.2318267822265625,0.0,0.02789306640625,0.26934814453125,0.426361083984375,0.0428924560546875,0.00115966796875,0.000518798828125,0.2318267822265625,0.0295867919921875,0.1762237548828125,0.2241363525390625,0.177764892578125,0.1302032470703125,0.0297393798828125,0.000518798828125,3.075505582430602,8.09242783308498,9.97472448690784,9.998208813049947,-9.999999999999996,-9.999999848544698,10.0
cattle_mastitis_071_jpg.rf.f618f2dd741a95fdd69784b231aa9b27.jpg,sakit,0,15.569534301757812,15.574722290039062,15.320953369140625,3.751068115234375,0.3198394775390625,15.6097412109375,20.964815139770508,1.9779856204986572,60.40691375732422,278.25673223085295,0.9740977178452751,0.9617432539788671,0.9343998896864466,1.4942079221344198,0.873106881752777,0.9371490478515625,0.0,0.0,0.0,0.0,0.0019073486328125,0.0037078857421875,0.0572357177734375,0.9371490478515625,0.0,0.0,0.0,0.0,0.0022430419921875,0.002960205078125,0.057647705078125,0.9371490478515625,0.0,0.0,0.0,0.0,0.003173828125,0.0046234130859375,0.0550537109375,2.67636608906429,6.384300887590534,7.700322966528486,7.889061444805137,9.99999911428351,9.974968707194366,9.999999954269276
cattle_mastitis_072_jpg.rf.dc3d9a7f12c23d8971160ed3d6a46474.jpg,sakit,0,109.62504577636719,85.57563781738281,30.949554443359375,23.080047607421875,88.40373229980469,109.73876953125,28.5957088470459,102.41050720214844,113.90263366699219,554.7868549277993,0.5669541015890961,0.9661066484427566,0.4901903626230972,7.397764124494496,0.24031785472593012,0.5066680908203125,0.0,0.0,0.015869140625,0.024139404296875,0.0463104248046875,0.09527587890625,0.311737060546875,0.5066680908203125,0.0,0.0008392333984375,0.0577545166015625,0.1212310791015625,0.141265869140625,0.1417083740234375,0.0305328369140625,0.68878173828125,0.09197998046875,0.0937347412109375,0.0575408935546875,0.04473876953125,0.01806640625,0.003173828125,0.001983642578125,3.0013987938044147,7.4279206813412895,9.141826936115669,9.847022347257507,9.999999999972898,9.999968178705949,9.99999999998784
cattle_mastitis_073_jpg.rf.0d566950a3fdb5246103b06cf4f53124.jpg,sakit,0,68.17646789550781,46.09376525878906,29.975189208984375,15.108856201171875,75.77317810058594,68.21080017089844,25.185976028442383,74.9044189453125,64.80896759033203,375.71214684404913,0.6571426797966465,0.9200485912865678,0.446519279647461,5.635397872337797,0.19945356664482658,0.4697113037109375,0.0,0.005706787109375,0.2043304443359375,0.3154754638671875,0.004425048828125,0.0001983642578125,0.000152587890625,0.4697113037109375,0.000823974609375,0.4393768310546875,0.0852203369140625,0.0041351318359375,0.0004119873046875,0.00018310546875,0.0001373291015625,0.4807281494140625,0.3848724365234375,0.119232177734375,0.0121917724609375,0.00213623046875,0.00048828125,0.0001983642578125,0.000152587890625,2.9270315216731797,7.202026854444174,9.744804660859536,9.631010738808818,9.99999999994002,9.999972478163368,9.999999999995353
cattle_mastitis_075_jpg.rf.3b5a7826fa71a42b915c76a21e86bd2b.jpg,sakit,0,79.91432189941406,59.15185546875,54.26643371582031,6.04791259765625,29.237747192382812,79.91432189941406,29.38405418395996,42.19853973388672,109.65727233886719,163.7062514937774,0.74896331715046,0.989823331166523,0.6418927157237656,2.494511499714125,0.41204235509876797,0.649139404296875,0.0,0.0,4.57763671875e-05,0.0062408447265625,0.0287628173828125,0.0823822021484375,0.233428955078125,0.649139404296875,0.0,0.000579833984375,0.0319061279296875,0.079925537109375,0.16943359375,0.067230224609375,0.0017852783203125,0.649139404296875,0.0010986328125,0.022308349609375,0.0440521240234375,0.1002044677734375,0.147857666015625,0.0344390869140625,0.0009002685546875,3.05090679206118,6.442680656170534,9.801343445214473,9.961145403893815,9.999999999999055,9.999975592014863,9.999999999999954
cattle_mastitis_076_jpg.rf.ff2fa6543961d40f46b48e3105d22338.jpg,sakit,0,40.456390380859375,42.65203857421875,40.60652160644531,33.91082763671875,7.5545654296875,43.684783935546875,69.11920928955078,15.845390319824219,78.92889404296875,274.46320048043606,0.8284615130742993,0.9757146792520542,0.7460741911070422,3.204991790630796,0.5566295277478885,0.7509613037109375,0.0,0.000274658203125,0.05059814453125,0.1063232421875,0.0399169921875,0.0130767822265625,0.038848876953125,0.7509613037109375,0.0,0.0,0.0372161865234375,0.07537841796875,0.0791778564453125,0.0122222900390625,0.0450439453125,0.7509613037109375,7.62939453125e-05,0.0079193115234375,0.0563507080078125,0.0829315185546875,0.041290283203125,0.0116729736328125,0.048797607421875,2.4602210573038827,5.548077243965877,9.31343001814048,8.969702609335584,9.999999997475111,9.999143470075442,-9.999999999439014
cattle_mastitis_077_jpg.rf.8179327da6af03837e07957a1a5a452e.jpg,sakit,0,121.39987182617188,102.78327941894531,84.59330749511719,17.86834716796875,48.04835510253906,121.39987182617188,15.782418251037598,42.563968658447266,99.52632141113281,803.6551646940703,0.47775501347895144,0.9473957182027735,0.3665596616076154,10.048249771640426,0.13441582455946385,0.3866729736328125,0.0,0.0,0.0,0.04803466796875,0.2729034423828125,0.136260986328125,0.1561279296875,0.3866729736328125,0.0,0.0,0.029449462890625,0.260284423828125,0.1713104248046875,0.146820068359375,0.005462646484375,0.3866729736328125,0.0001373291015625,0.05352783203125,0.2044677734375,0.1846160888671875,0.140716552734375,0.027923583984375,0.0019378662109375,3.125048381164826,7.973683001375378,9.838476610022935,9.971246826214538,9.99999999999948,9.999997787883656,9.999999999999964
cattle_mastitis_078_jpg.rf.77e50579a2edd5856b261913fefe6333.jpg,sakit,0,119.90625,85.78083801269531,81.04093933105469,30.4339599609375,50.1373291015625,119.93115234375,91.06343078613281,45.438602447509766,100.45989227294922,193.5258849569083,0.6127323493340323,0.9851494132061962,0.3991553485461232,3.090446402154541,0.1593563688395967,0.4075164794921875,0.0,0.0,0.0020294189453125,0.0194244384765625,0.1009368896484375,0.4477691650390625,0.0223236083984375,0.4075164794921875,0.0,0.00732421875,0.1302642822265625,0.2823028564453125,0.1680908203125,0.0045013427734375,0.0,0.4075164794921875,0.0,0.05157470703125,0.1638641357421875,0.2364654541015625,0.1338653564453125,0.0067138671875,0.0,3.102900497256661,6.891282656946718,9.997164416128733,9.989036679634223,9.99999999999999,-9.99999992360024,9.999999999999991
cattle_mastitis_080_jpg.rf.477ba09f2ccff6cfd8410f01a1182d49.jpg,sakit,0,114.82817077636719,81.21424865722656,67.70632934570312,9.3511962890625,57.414031982421875,114.82817077636719,8.940993309020996,53.51236343383789,106.11205291748047,428.6403106435405,0.5629961196110169,0.969280122691664,0.44423467857783555,5.928070311045676,0.19736266813060277,0.4554290771484375,0.0,0.0,1.52587890625e-05,0.0086669921875,0.0901947021484375,0.264312744140625,0.1813812255859375,0.4554290771484375,0.0,0.0001983642578125,0.0980072021484375,0.2418670654296875,0.2039337158203125,0.0005645751953125,0.0,0.4554290771484375,0.0,0.05859375,0.21661376953125,0.2634735107421875,0.005889892578125,0.0,0.0,2.950423197486953,6.719958473322981,9.758398170169274,9.78253639585618,9.999999999987384,9.999903160645324,9.99999999998496
cattle_mastitis_082_jpg.rf.847deb43d4d1e7a8eca911d8d289472d.jpg,sakit,0,36.09880065917969,95.18075561523438,90.62826538085938,99.27627563476562,150.03660583496094,103.46630859375,83.49423217773438,105.3130874633789,59.17259979248047,128.04539910133482,0.48814512086264084,0.9671763937680805,0.21710512251145095,3.9983339198332466,0.047161906641185046,0.7216339111328125,0.0067138671875,0.0466766357421875,0.087432861328125,0.0994873046875,0.038055419921875,0.0,0.0,0.22515869140625,0.0133209228515625,0.1043548583984375,0.2662353515625,0.3818206787109375,0.0091094970703125,0.0,0.0,0.2266693115234375,0.06561279296875,0.1480865478515625,0.18109130859375,0.3577423095703125,0.0207977294921875,0.0,0.0,3.1084808686729,8.192867862752559,9.753961406689594,9.994070916244016,9.999999999999993,9.999999542185089,-9.99999999999994
cattle_mastitis_083_jpg.rf.d663e17e5c8e2b7ce8144ed2bc127c68.jpg,sakit,0,43.551422119140625,39.69390869140625,36.8499755859375,8.462860107421875,8.298873901367188,43.59519958496094,32.9710693359375,23.003459930419922,89.09163665771484,933.0824387935531,0.8693415312752104,0.9324516742244257,0.7914587970163135,6.139384276355764,0.6264322581248895,0.803131103515625,0.0,0.0,0.0,0.0,0.0487060546875,0.0491790771484375,0.0989837646484375,0.803131103515625,0.0,0.0,0.0,0.0377044677734375,0.0665740966796875,0.015289306640625,0.077301025390625,0.803131103515625,0.0,0.0,0.014007568359375,0.08172607421875,0.0207061767578125,0.0095367431640625,0.070892333984375,2.556399242639307,5.658254088085407,8.161452817316484,8.322483847387907,9.999999956472267,9.984866068196448,9.999999894801629
cattle_mastitis_084_jpg.rf.ae4d95f1d0bf3d97a05d7d48a558738f.jpg,sakit,0,122.80570983886719,105.052001953125,93.26213073730469,16.612457275390625,37.6024169921875,122.82867431640625,23.96944236755371,38.08043670654297,102.22322082519531,693.4084809885529,0.4734924372965464,0.9581619167136889,0.37399533585999784,9.166906203404874,0.1399041067555876,0.39202880859375,0.0,0.0,0.008819580078125,0.0791168212890625,0.137847900390625,0.1719818115234375,0.210205078125,0.39202880859375,0.0,1.52587890625e-05,0.052154541015625,0.185577392578125,0.1610260009765625,0.18682861328125,0.022369384765625,0.39202880859375,0.0003662109375,0.026397705078125,0.1526947021484375,0.157562255859375,0.148468017578125,0.1158447265625,0.0066375732421875,3.0746012632844386,7.3958927057264034,9.897947383185215,9.889068527302685,-9.999999999996977,-9.999978417123403,9.999999999998218
cattle_mastitis_085_jpg.rf.b4ab96d974b8100ef5f87f08d819557b.jpg,sakit,0,94.83798217773438,60.0523681640625,54.73356628417969,3.9276123046875,52.37408447265625,94.83798217773438,9.63648509979248,56.258155822753906,100.81124114990234,392.34443295912416,0.6467532043995473,0.965203952516824,0.5031612248039097,5.275121665110224,0.2532470613384175,0.520599365234375,0.0,0.0,0.005218505859375,0.042938232421875,0.1477508544921875,0.1640777587890625,0.119415283203125,0.520599365234375,0.0,0.084197998046875,0.1632080078125,0.1800079345703125,0.0519866943359375,0.0,0.0,0.520599365234375,0.0015869140625,0.1538238525390625,0.1501312255859375,0.1527099609375,0.021148681640625,0.0,0.0,3.0104890434078233,6.963609334374888,9.914800250172554,9.871734944459474,-9.999999999998815,9.999951931536375,9.999999999996104
cattle_mastitis_087_jpg.rf.8320367313ef34d5056128b18602e32d.jpg,sakit,0,69.72508239746094,63.81568908691406,60.21418762207031,48.650909423828125,18.24700927734375,70.90864562988281,103.57720184326172,35.726837158203125,94.28001403808594,570.0856064916746,0.6669278040453418,0.9627250628725994,0.61317955887182,7.035024716917029,0.37601537809708585,0.6266632080078125,0.0,0.0011138916015625,0.0112762451171875,0.0785064697265625,0.13153076171875,0.0758056640625,0.075103759765625,0.6266632080078125,0.0,0.0,0.049407958984375,0.1241302490234375,0.091033935546875,0.0566558837890625,0.0521087646484375,0.6266632080078125,0.0130462646484375,0.0446014404296875,0.0370635986328125,0.08123779296875,0.080291748046875,0.0622100830078125,0.0548858642578125,2.7317413655863496,7.5623156398493645,9.082610349857815,8.805512860077426,9.999999993772168,9.999418530746707,-9.999999997924876
cattle_mastitis_089_jpg.rf.49579d8b2467bde36c69febf5e6244ee.jpg,sakit,0,69.12014770507812,72.05657958984375,40.61299133300781,26.416473388671875,46.41090393066406,73.51518249511719,32.606388092041016,64.20468139648438,89.45332336425781,1583.9974530199825,0.5926876226225825,0.8828422818955531,0.547945343103497,14.499718019075571,0.30039391651295216,0.5871734619140625,0.0,0.0,0.0120086669921875,0.17840576171875,0.142425537109375,0.0573577880859375,0.0226287841796875,0.5871734619140625,0.0,0.0,0.0002288818359375,0.1461334228515625,0.14813232421875,0.0967254638671875,0.0216064453125,0.6033782958984375,0.0618896484375,0.0904388427734375,0.163421630859375,0.0693206787109375,0.0109405517578125,0.0006103515625,0.0,2.9870976270577434,6.961908552227886,9.284916828086045,9.856584296443556,9.99999999998097,9.999949362020937,-9.999999999989456
cattle_mastitis_091_jpg.rf.0d02e69851f45ed1906d590324216968.jpg,sakit,0,81.36480712890625,61.26359558105469,36.61604309082031,14.838134765625,62.873504638671875,81.36480712890625,24.305450439453125,75.35045623779297,93.05522918701172,417.99367539418614,0.6307919263942329,0.9621431719004722,0.5468636681480955,5.750473654868405,0.29908387776001816,0.55987548828125,0.0,0.0,0.0012359619140625,0.0638580322265625,0.19775390625,0.159393310546875,0.01788330078125,0.55987548828125,0.0,0.0004425048828125,0.150634765625,0.2017669677734375,0.0777587890625,0.009521484375,0.0,0.5669097900390625,0.150054931640625,0.153778076171875,0.0616912841796875,0.0481109619140625,0.0191650390625,0.0002899169921875,0.0,2.8960090195698074,8.555069103153844,9.625827540311409,9.735232314422664,9.999999999989916,9.999998265032533,9.999999999962249
cattle_mastitis_093_jpg.rf.2e017e63c278ca95dd28042c9a637491.jpg,sakit,0,57.9251708984375,57.93553161621094,58.821380615234375,57.891357421875,7.1743927001953125,60.73942565917969,106.69705200195312,15.948507308959961,92.98011779785156,628.5001271355239,0.7802465359427323,0.9606063636516655,0.678740754429039,5.892985695127089,0.46071917677507973,0.6913299560546875,0.0,0.0006561279296875,0.0101318359375,0.087188720703125,0.081451416015625,0.0355682373046875,0.0936737060546875,0.6913299560546875,0.0,0.0,0.0140533447265625,0.0660247802734375,0.10430908203125,0.0386962890625,0.0855865478515625,0.6913299560546875,0.0,0.0003662109375,0.0239105224609375,0.047454833984375,0.10693359375,0.04144287109375,0.08856201171875,2.8107425265574624,6.168663792571719,8.61505077563828,9.09420474516695,9.999999999100568,9.99961850798052,-9.999999996183503
cattle_mastitis_094_jpg.rf.5686f4b73843345b4b815f1c387a10a7.jpg,sakit,0,85.60037231445312,65.05070495605469,55.03904724121094,14.73492431640625,45.24969482421875,85.66169738769531,29.04889678955078,53.978248596191406,90.72026824951172,679.2557165099978,0.6546301917543672,0.9403946132159721,0.4909156742437464,7.118481291931861,0.2410428220623291,0.5098114013671875,0.0,0.0,0.0133514404296875,0.2421417236328125,0.0908660888671875,0.08294677734375,0.060882568359375,0.5098114013671875,0.0,0.00836181640625,0.3398284912109375,0.0865478515625,0.01068115234375,0.0058746337890625,0.0388946533203125,0.5098114013671875,0.0,0.2493743896484375,0.1722869873046875,0.019744873046875,0.0060272216796875,0.00579833984375,0.036956787109375,2.8761114766281737,7.543914316838081,9.23642100206001,9.851565217951611,9.999999999985238,9.999973734230986,9.99999999998013
cattle_mastitis_095_jpg.rf.235306cd5d2a1fac8206e378c3c5e1a2.jpg,sakit,0,83.13250732421875,59.24322509765625,54.56501770019531,5.69659423828125,34.33006286621094,83.20208740234375,23.835803985595703,44.347843170166016,105.5265121459961,503.2797800032491,0.7148954694490715,0.9640477854553966,0.6013679743444474,4.985509511022275,0.3616655132970938,0.6123046875,0.0,0.0,0.0002288818359375,0.0065460205078125,0.0654296875,0.1418304443359375,0.1736602783203125,0.6123046875,0.0,4.57763671875e-05,0.0543212890625,0.1652679443359375,0.1635284423828125,0.0045318603515625,0.0,0.6123046875,0.0,0.01202392578125,0.1022186279296875,0.188018798828125,0.083770751953125,0.0016632080078125,0.0,2.8402047267527353,6.631258494764928,9.200800332928896,9.31223839051354,9.999999999262817,-9.999789520668225,-9.999999999807883
cattle_mastitis_103_jpg.rf.9e2ebfe5ed7b7352989ec86079c47dd8.jpg,sakit,0,104.17770385742188,85.191650390625,80.89907836914062,5.227569580078125,24.774795532226562,104.177978515625,19.133926391601562,31.87222671508789,121.02327728271484,266.43388389096276,0.7465085301298405,0.9880482364619443,0.5651084760212058,2.8497521745577354,0.3193628930565278,0.5720672607421875,0.0,0.0,0.0,0.0,0.0131378173828125,0.04498291015625,0.36981201171875,0.5720672607421875,0.0,0.0,0.0005950927734375,0.035552978515625,0.0904388427734375,0.25091552734375,0.0504302978515625,0.5720672607421875,0.0001678466796875,0.00286865234375,0.01806640625,0.0471038818359375,0.1068878173828125,0.222320556640625,0.030517578125,3.1655709281754003,8.220955959152121,9.731532238967674,9.997977588657228,9.999999999999988,9.999999891240845,-10.0
cattle_mastitis_107_jpg.rf.6f0ffa4c700b3b6462d00dc4fca4a1e2.jpg,sakit,0,126.49075317382812,98.76768493652344,79.79240417480469,13.116424560546875,52.506011962890625,126.50045776367188,14.709790229797363,51.633914947509766,116.4293212890625,323.8408680199288,0.5933832487718906,0.9828216057891171,0.4429918549440724,4.307007186298127,0.1962592716221242,0.4529571533203125,0.0,0.0,0.000579833984375,0.0018310546875,0.0438690185546875,0.1266937255859375,0.3740692138671875,0.4529571533203125,0.0,0.0,0.0137481689453125,0.08941650390625,0.2255401611328125,0.217529296875,0.0008087158203125,0.4530181884765625,0.0069122314453125,0.04852294921875,0.09423828125,0.1792144775390625,0.188140869140625,0.0299530029296875,0.0,3.106555423043202,7.422200978829002,9.548610243526696,9.967031335346373,-9.99999999999944,-9.999994454397418,-9.999999999998826
cattle_mastitis_111_jpg.rf.8d25977cb47d49f152da055de17556b4.jpg,sakit,0,102.34278869628906,75.59225463867188,73.06205749511719,30.18731689453125,52.700347900390625,106.70658874511719,76.40875244140625,50.567012786865234,92.42940521240234,605.179961051387,0.5912363208582154,0.9432198697194729,0.40266868456564664,6.721402362949621,0.1622137324361415,0.4228515625,0.0,0.0019683837890625,0.019317626953125,0.0800628662109375,0.3155059814453125,0.1602935791015625,0.0,0.4228515625,0.0,0.0158538818359375,0.3052825927734375,0.1600189208984375,0.0698699951171875,0.026123046875,0.0,0.4228515625,0.0,0.1136474609375,0.2492218017578125,0.117584228515625,0.0442352294921875,0.03656005859375,0.015899658203125,3.015782235993152,7.208795064617105,9.825208516898961,9.902562655273055,-9.999999999996533,-9.999976959614182,-9.99999999999831
cattle_mastitis_114_jpg.rf.0bdd683c9d20f6446306be050a1f39ac.jpg,sakit,0,120.96879577636719,74.58790588378906,69.33082580566406,11.17510986328125,65.2197265625,120.96879577636719,51.0250129699707,56.05399703979492,101.41415405273438,257.4085976423466,0.5199457898573236,0.9766841388882486,0.3938465585609528,5.223191042817246,0.15517778321560746,0.4058990478515625,0.0,0.0,0.00341796875,0.0278778076171875,0.100494384765625,0.3806915283203125,0.0816192626953125,0.4058990478515625,0.0,0.0424957275390625,0.30194091796875,0.2098541259765625,0.039398193359375,0.0004119873046875,0.0,0.4058990478515625,0.005126953125,0.0973968505859375,0.3079681396484375,0.1623077392578125,0.0211029052734375,0.0001983642578125,0.0,3.1096565892879484,6.99097710629946,9.93582249620215,9.983781756095125,9.999999999999979,9.999996157652053,-9.999999999999874
cattle_mastitis_116_jpg.rf.4fc9c0f2645b52e938f2b8e4b020718c.jpg,sakit,0,107.64567565917969,92.92666625976562,72.87712097167969,21.6204833984375,49.62925720214844,107.89581298828125,21.576250076293945,44.70698928833008,93.49711608886719,545.487483371438,0.4652220271146423,0.9598452615409799,0.39532677028143154,9.485817282991947,0.15634198595768475,0.4131927490234375,0.0,3.0517578125e-05,0.0366363525390625,0.1007843017578125,0.1620941162109375,0.256256103515625,0.031005859375,0.4131927490234375,0.0,0.0013885498046875,0.0886688232421875,0.191864013671875,0.241912841796875,0.06280517578125,0.0001678466796875,0.4131927490234375,0.0071868896484375,0.11724853515625,0.17645263671875,0.20916748046875,0.0723419189453125,0.0044097900390625,0.0,3.134280727767638,7.049801569866837,9.869280536141808,9.998860961684468,9.999999999999998,9.999999714277592,9.999999999999998
cattle_mastitis_117_jpg.rf.6977e65469bde01c4da71f4aef811d81.jpg,sakit,0,90.94488525390625,71.86195373535156,64.99665832519531,5.53424072265625,26.776336669921875,90.94488525390625,8.539522171020508,37.91582107543945,119.801025390625,580.8359317182186,0.7565690047321595,0.9718512067127968,0.6231075575250481,4.16875763992966,0.38828506343441155,0.633758544921875,0.0,0.0,0.0,0.0,0.002471923828125,0.009765625,0.35400390625,0.633758544921875,0.0,0.0,0.0,0.006866455078125,0.1224212646484375,0.221343994140625,0.0156097412109375,0.633758544921875,0.0,0.001129150390625,0.0131988525390625,0.0764007568359375,0.1494293212890625,0.1196136474609375,0.0064697265625,3.135678144773406,7.133797972654918,9.868076671983815,9.996538433733456,9.999999999999995,9.999999348196043,-9.999999999999982
cattle_mastitis_118_jpg.rf.b631f0a793374dbaf59f15ee9e60219d.jpg,sakit,0,77.56265258789062,62.61370849609375,57.04637145996094,8.97760009765625,29.10797119140625,77.56265258789062,28.07155990600586,35.594600677490234,93.2598648071289,424.7965230107906,0.6766891458300249,0.9671172488165154,0.5657919372387527,5.276074905826817,0.3201476089676311,0.5796661376953125,0.0,0.0,0.0021209716796875,0.11883544921875,0.094573974609375,0.1658172607421875,0.0389862060546875,0.5796661376953125,0.0,0.0001983642578125,0.12841796875,0.126190185546875,0.1339569091796875,0.0315704345703125,0.0,0.5796661376953125,0.0,0.0452117919921875,0.136627197265625,0.128875732421875,0.094512939453125,0.015106201171875,0.0,3.0019391315178847,8.034617194589176,9.245104845844299,9.928878014205523,9.999999999998758,9.999997462614639,9.999999999993053
cattle_mastitis_120_png.rf.71624c26007e29e58baba82bf0dfcb5b.jpg,sakit,0,94.08938598632812,83.6888427734375,70.60331726074219,17.355499267578125,27.398452758789062,94.31570434570312,23.795581817626953,40.56229782104492,112.27645874023438,1256.4241696903043,0.6429305529339658,0.9408533928038408,0.5573457734485363,10.655167585739287,0.31071543936542995,0.583953857421875,0.0,0.0,0.0,0.000396728515625,0.02252197265625,0.099212646484375,0.293914794921875,0.583953857421875,0.0,0.0,0.015228271484375,0.0645599365234375,0.0608367919921875,0.109039306640625,0.1663818359375,0.583953857421875,0.0,0.0104522705078125,0.080108642578125,0.079345703125,0.08819580078125,0.1257781982421875,0.03216552734375,3.0098931758444283,6.86428101398132,9.655937975128058,9.93869634652442,9.999999999997222,9.999976300508871,-9.999999999999524
cattle_mastitis_121_jpg.rf.a7ff092339c8209a1d9a5ce2d030aadb.jpg,sakit,0,116.19430541992188,114.51661682128906,108.78541564941406,39.009613037109375,11.125259399414062,116.65275573730469,62.094608306884766,19.574092864990234,109.18360900878906,582.2866324942236,0.5972583067745396,0.9748182253161682,0.4330017400822015,7.507214357669905,0.187550552883434,0.444671630859375,0.0,0.0,0.0071563720703125,0.096221923828125,0.1034393310546875,0.08721923828125,0.26129150390625,0.444671630859375,0.0,0.0,0.010467529296875,0.105865478515625,0.1020050048828125,0.093414306640625,0.2435760498046875,0.444671630859375,0.0,0.0051727294921875,0.0670623779296875,0.089935302734375,0.08660888671875,0.082550048828125,0.2239990234375,3.107211777371646,6.830719287044069,9.943185223489584,9.998530466453056,9.999999999999998,9.999999477335923,9.999999999999998
cattle_mastitis_124_jpg.rf.26aa42e988d6a6a00b070c36ca15b332.jpg,sakit,0,94.14408874511719,91.2861328125,98.66389465332031,109.1998291015625,20.589508056640625,103.20735168457031,124.37586212158203,24.16584014892578,97.20198059082031,1682.358681169336,0.4863137786807141,0.8918333024026753,0.41119259556698945,16.55696603137632,0.16923612349965325,0.4523773193359375,0.0,0.0,0.033416748046875,0.210052490234375,0.1805419921875,0.0491485595703125,0.074462890625,0.4523773193359375,0.0,0.0,0.0455780029296875,0.229095458984375,0.1654510498046875,0.0549774169921875,0.052520751953125,0.4523773193359375,0.0,0.0023651123046875,0.03839111328125,0.14056396484375,0.1557464599609375,0.1303863525390625,0.080169677734375,2.960636324333528,7.77247111855659,9.658610410355939,9.909868608926987,-9.999999999999956,9.99999507961183,-9.999999999994742
cattle_mastitis_125_jpg.rf.e58a435648c73bb0466c1ea52d493da8.jpg,sakit,0,39.37937927246094,34.427490234375,27.556793212890625,24.01763916015625,14.831024169921875,39.63203430175781,65.8501968383789,45.876190185546875,79.91062927246094,437.0456411982991,0.8194476541479528,0.9560406127105159,0.7795160792916481,4.5015643159872525,0.6076672258257251,0.7927703857421875,0.0,0.0,0.017242431640625,0.0448455810546875,0.0438690185546875,0.0338134765625,0.0674591064453125,0.7927703857421875,0.0,0.0,0.0314178466796875,0.0565185546875,0.0806121826171875,0.022308349609375,0.0163726806640625,0.8016204833984375,0.0098419189453125,0.035797119140625,0.0504150390625,0.038055419921875,0.0302276611328125,0.0160064697265625,0.018035888671875,2.548929185366068,5.358693914275661,8.334670110491874,8.635456883843986,9.999999973154987,9.980382321698077,-9.99999998560358
cattle_mastitis_127_jpg.rf.61a9be9769c970ee045f906cfa409aeb.jpg,sakit,0,113.88662719726562,88.26107788085938,86.01187133789062,67.14529418945312,32.14198303222656,113.88662719726562,133.0940399169922,35.81085968017578,119.17243957519531,383.3193901610498,0.6484964044899447,0.9809727160625182,0.5122122099016853,3.77273687329092,0.2623778196039138,0.5211334228515625,0.0,0.0,0.0,0.0,0.00030517578125,0.07781982421875,0.4007415771484375,0.5211334228515625,0.0,0.0,0.0,0.0423583984375,0.2567138671875,0.1797943115234375,0.0,0.5211334228515625,0.0,0.0,0.01800537109375,0.07403564453125,0.2121429443359375,0.1723785400390625,0.0023040771484375,3.167858114795474,7.571119492892037,9.871660753171666,9.998715303641449,9.999999999999998,-9.999999901460276,-9.999999999999996
cattle_mastitis_128_jpg.rf.accd0249b368f3e98797872176289396.jpg,sakit,0,94.79379272460938,67.47494506835938,52.10076904296875,11.685028076171875,55.40989685058594,94.80520629882812,16.823190689086914,63.9837646484375,102.77387237548828,704.4259577276731,0.5655433495094169,0.946865014324481,0.5007232878444138,10.094794924897167,0.2508008235338108,0.5254974365234375,0.0,0.0,0.0064697265625,0.0684356689453125,0.12286376953125,0.1290740966796875,0.1476593017578125,0.5254974365234375,0.003326416015625,0.053375244140625,0.1280975341796875,0.125518798828125,0.107879638671875,0.0496826171875,0.006622314453125,0.5290374755859375,0.056396484375,0.1385498046875,0.1201171875,0.0943145751953125,0.0486602783203125,0.0094451904296875,0.00347900390625,3.0482066199925337,6.751918215549287,9.646891139485893,9.98172034027485,-9.999999999999947,-9.999999021493183,-9.99999999999957
cattle_mastitis_129_jpg.rf.eaa655639863d3a42d8a5d482d10df5a.jpg,sakit,0,102.82643127441406,92.92709350585938,74.83116149902344,20.00457763671875,35.87474060058594,103.03172302246094,22.795509338378906,38.332515716552734,105.41962432861328,1393.7932773540415,0.527558541644634,0.9246127489134435,0.4705127584397794,13.806219034349715,0.22149688704933337,0.5004119873046875,0.0,0.0,1.52587890625e-05,0.0466156005859375,0.1282806396484375,0.1388702392578125,0.1858062744140625,0.5004119873046875,0.0,0.0,0.0007476806640625,0.1093597412109375,0.1562652587890625,0.1891326904296875,0.0440826416015625,0.5004119873046875,0.0,0.02813720703125,0.1233673095703125,0.13531494140625,0.1502532958984375,0.06170654296875,0.0008087158203125,3.074721828330551,6.739615150044768,9.846607987100427,9.995610928791299,-9.99999999999999,9.999999950498342,-9.999999999999973
cattle_mastitis_130_jpg.rf.70b12f9947771cd147d3f6af32b4e26c.jpg,sakit,0,118.68861389160156,99.14158630371094,95.77418518066406,55.03125,25.921890258789062,118.729248046875,120.57383728027344,28.509979248046875,119.99234008789062,463.825447144531,0.6227304676165146,0.9795093324964165,0.49200554920987777,5.105515133853779,0.24208765974972302,0.50115966796875,0.0,0.0,3.0517578125e-05,0.00482177734375,0.02667236328125,0.0502166748046875,0.4170989990234375,0.50115966796875,0.0,0.0,0.0085296630859375,0.0458984375,0.1130828857421875,0.2210540771484375,0.1102752685546875,0.50115966796875,0.0,0.0018768310546875,0.015838623046875,0.0431365966796875,0.14361572265625,0.2501068115234375,0.0442657470703125,3.030832436219909,7.030386493439788,9.648246066109806,9.956845035102855,9.99999999999989,-9.999986411608736,-9.999999999998366
cattle_mastitis_131_jpg.rf.ef32a773ff516805930ae183c403b9c5.jpg,sakit,0,78.85377502441406,66.0411376953125,55.55241394042969,12.432373046875,31.3096923828125,79.07272338867188,19.619415283203125,42.28307342529297,94.92447662353516,899.248220772383,0.7094073993251645,0.9340333297421916,0.561814938205551,7.712369281766225,0.31571320959253985,0.584075927734375,0.0,0.0,0.0016937255859375,0.0565338134765625,0.146820068359375,0.188140869140625,0.022735595703125,0.584075927734375,0.0,0.0,0.01806640625,0.200347900390625,0.1665191650390625,0.027313232421875,0.0036773681640625,0.584075927734375,0.0,0.0294189453125,0.1495361328125,0.18316650390625,0.0366973876953125,0.015960693359375,0.0011444091796875,2.851670355459934,6.367050657414468,9.400677793419629,9.996838520955558,-9.999999999999961,-9.999998072100574,-9.999999999999975
cattle_mastitis_132_jpg.rf.dd68cbb024ed42a872a1c8c9f9f48b39.jpg,sakit,0,111.05258178710938,90.3743896484375,72.9990234375,13.173004150390625,47.81996154785156,111.05366516113281,18.000009536743164,52.87159729003906,107.19933319091797,486.11979390679016,0.6545446571997741,0.9714356100709435,0.45423414505926774,5.482812391820967,0.20635772360091909,0.4679412841796875,0.0,0.0,0.0,0.051177978515625,0.1153717041015625,0.1592559814453125,0.2062530517578125,0.4679412841796875,0.0,0.0,0.05712890625,0.210205078125,0.076019287109375,0.145416259765625,0.0432891845703125,0.4726715087890625,0.03076171875,0.0536956787109375,0.1029815673828125,0.1869049072265625,0.0846710205078125,0.060333251953125,0.0079803466796875,3.00897171549784,6.458840067499438,9.88897577869059,9.962575670466961,9.99999999999948,9.9999770561174,-9.999999999999641
cattle_mastitis_133_jpg.rf.e0d375c52b4b407779283e4e90a10a9a.jpg,sakit,0,56.53407287597656,46.66346740722656,40.55360412597656,6.49713134765625,20.716094970703125,56.53407287597656,10.53396987915039,38.42079544067383,91.02320861816406,411.7338291050808,0.8057995289421153,0.9670241944549121,0.71055151242032,3.9847139603285053,0.5048934156894255,0.719146728515625,0.0,0.0,0.0,0.00677490234375,0.071533203125,0.1749114990234375,0.0276336669921875,0.719146728515625,0.0,0.0,0.0430755615234375,0.06298828125,0.1103363037109375,0.064453125,0.0,0.7194366455078125,0.0077972412109375,0.0284271240234375,0.0503082275390625,0.0604400634765625,0.129730224609375,0.0038604736328125,0.0,2.5638209372015774,6.103249594858327,8.158643932465768,8.569792432909445,9.99999998083718,-9.993786987487258,-9.999999956623446
cattle_mastitis_137_jpg.rf.666780e8cd844a43a8556dbc2c822559.jpg,sakit,0,93.31768798828125,79.67668151855469,69.90869140625,9.121551513671875,23.669357299804688,93.31768798828125,12.294760704040527,39.98577117919922,122.0080337524414,455.23908926189233,0.8077116455776175,0.9807722446243216,0.6228560932928336,3.1657132988386913,0.38796626189209765,0.6308441162109375,0.0,0.0,0.0,0.0,0.0,0.0004730224609375,0.368682861328125,0.6308441162109375,0.0,0.0,0.0,0.00982666015625,0.0559539794921875,0.1154937744140625,0.1878814697265625,0.6308441162109375,0.000152587890625,0.0219879150390625,0.014434814453125,0.0440521240234375,0.0626983642578125,0.1659088134765625,0.0599212646484375,3.1657051095133886,9.339762290081534,9.733951710291842,9.99971121397544,10.0,-9.999999994545547,10.0
cattle_mastitis_139_jpg.rf.471e364057748ebe57d4b86f8df736fc.jpg,sakit,0,76.43864440917969,72.90670776367188,69.08792114257812,55.911834716796875,16.901351928710938,78.13140869140625,97.30567932128906,25.22049331665039,90.46192932128906,1301.0788393649816,0.579411461302734,0.9112101557295674,0.5253121823028623,13.253381649148395,0.2761129787187822,0.5576171875,0.0,0.0,0.03314208984375,0.135528564453125,0.132232666015625,0.112884521484375,0.028594970703125,0.5576171875,0.0,7.62939453125e-05,0.105316162109375,0.10015869140625,0.097991943359375,0.1170501708984375,0.02178955078125,0.5576171875,0.0003509521484375,0.0204315185546875,0.103546142578125,0.113922119140625,0.1004638671875,0.0896453857421875,0.0140228271484375,2.830168782025234,6.848439829172083,9.196767983104186,9.735326999078394,-9.999999999928663,-9.999909425604441,-9.99999999997023
cattle_mastitis_140_jpg.rf.f59fc210c91be5399381497921267257.jpg,sakit,0,115.31346130371094,104.04693603515625,94.39640808105469,16.645751953125,24.262161254882812,115.32609558105469,24.55999755859375,28.242603302001953,111.51173400878906,1838.8211300125413,0.5746488337928409,0.9135161203179679,0.45386568305617664,12.28635714616596,0.20606558884496262,0.48095703125,0.0,0.0,0.0,0.0,0.0156097412109375,0.246124267578125,0.2573089599609375,0.48095703125,0.0,0.0,0.0,0.0007476806640625,0.1833648681640625,0.2788543701171875,0.0560760498046875,0.48095703125,0.0,3.0517578125e-05,0.013916015625,0.0975341796875,0.16900634765625,0.236328125,0.002227783203125,2.9175054762193726,6.721321984623333,9.609289373604843,9.91531761972676,9.999999999997586,-9.999990895143718,9.99999999999535
cattle_mastitis_141_jpg.rf.4118f6346f757258b401bc59f827c9de.jpg,sakit,0,109.86822509765625,77.47209167480469,75.66873168945312,11.20770263671875,38.928070068359375,109.86822509765625,57.69247817993164,40.68521499633789,114.00579833984375,175.5013745517101,0.6575903330601538,0.9892945182344346,0.5074662718736184,2.844344793636162,0.2575474156119447,0.5143890380859375,0.0,0.0,0.0,0.0066070556640625,0.034210205078125,0.108642578125,0.336151123046875,0.5143890380859375,0.0,0.0,0.0359649658203125,0.154571533203125,0.292022705078125,0.0030517578125,0.0,0.5143890380859375,0.0,0.0024566650390625,0.0471649169921875,0.18048095703125,0.2532196044921875,0.002288818359375,0.0,3.0662402255669066,6.553340504989581,9.928367659757427,9.993767244559644,9.999999999999998,9.999999141032808,9.999999999999968
cattle_mastitis_143_jpg.rf.e0aa186260839a02842e3ddab38b5e35.jpg,sakit,0,103.72979736328125,82.90240478515625,62.93498229980469,14.49853515625,51.19380187988281,103.7537841796875,15.604236602783203,53.67782211303711,105.7687759399414,531.2626684849031,0.5930316818946282,0.9663941099001855,0.48497955591948055,6.477810123479394,0.23526734415222705,0.5008544921875,0.0,0.0,0.000640869140625,0.0335235595703125,0.105194091796875,0.1678466796875,0.1919403076171875,0.5008544921875,0.0,0.0,0.0482940673828125,0.121124267578125,0.26275634765625,0.06689453125,7.62939453125e-05,0.5015106201171875,0.00921630859375,0.0923004150390625,0.138153076171875,0.179962158203125,0.0765533447265625,0.0023040771484375,0.0,2.9636232554480166,6.559765718372176,9.69417951875021,9.98610632500526,9.999999999999869,-9.999993358007389,-9.999999999999778
cattle_mastitis_144_jpg.rf.ff7bffe3ed69c2c08e9b57c1b785bac9.jpg,sakit,0,57.127288818359375,51.202301025390625,47.99116516113281,41.684722900390625,15.537872314453125,57.128875732421875,104.00150299072266,33.51546096801758,77.52114868164062,494.61785338990063,0.6807763782707575,0.9522967120688994,0.6224534422680214,6.4182516462700905,0.38749178221927827,0.6403045654296875,0.0,0.0,0.044281005859375,0.133819580078125,0.1527252197265625,0.028778076171875,9.1552734375e-05,0.6403045654296875,0.0,0.0005645751953125,0.1252593994140625,0.1273193359375,0.09539794921875,0.0111541748046875,0.0,0.6403045654296875,0.0074920654296875,0.055999755859375,0.092864990234375,0.0988006591796875,0.0877227783203125,0.016815185546875,0.0,2.968865824911895,6.810355623645902,9.382160106947682,9.88161140680867,9.999999999993285,-9.999996145824596,-9.999999999988267
cattle_mastitis_147_jpg.rf.27b6869cb689a45086f4755e1bd81231.jpg,sakit,0,90.33575439453125,107.29484558105469,111.22782897949219,77.265869140625,75.44482421875,129.57127380371094,92.05012512207031,58.936405181884766,93.437255859375,425.2930358122392,0.5694386931257012,0.9618854230236203,0.3236166206181075,5.230411851769724,0.10475566125120038,0.3341064453125,0.016937255859375,0.1931304931640625,0.1428680419921875,0.062042236328125,0.0886077880859375,0.158172607421875,0.0041351318359375,0.3341064453125,0.0,0.003173828125,0.1341705322265625,0.16497802734375,0.2108001708984375,0.1510772705078125,0.0016937255859375,0.3341064453125,0.0,0.0184326171875,0.1566009521484375,0.0990142822265625,0.1355743408203125,0.243499755859375,0.0127716064453125,2.9695243789883925,8.557409985626448,9.711601739067232,9.981952522577991,9.999999999999632,-9.999999426146928,9.999999999999984
cattle_mastitis_148_jpg.rf.106f0c3a31bd2d5ec9856922b71b0a4b.jpg,sakit,0,67.66348266601562,58.19184875488281,51.312774658203125,9.750640869140625,23.909591674804688,67.66348266601562,13.740453720092773,32.96196746826172,87.33036041259766,148.616761631453,0.7747160834731898,0.9878776006347992,0.6136363887901759,2.257754958563991,0.376555330100187,0.61944580078125,0.0,0.0,0.0048980712890625,0.08935546875,0.174163818359375,0.1121368408203125,0.0,0.61944580078125,0.0,0.006011962890625,0.06304931640625,0.12652587890625,0.1819610595703125,0.0030059814453125,0.0,0.6194610595703125,0.0029754638671875,0.024993896484375,0.1172332763671875,0.1698760986328125,0.065460205078125,0.0,0.0,2.960800451405571,6.4874771900041415,9.631152233881181,9.798446661715554,-9.999999999988267,-9.999863784556721,-9.999999999980451
cattle_mastitis_149_jpg.rf.2c9e9b3fdd2b8819be0b1ff1d2c6bb9e.jpg,sakit,0,106.65956115722656,97.48260498046875,88.64842224121094,17.89923095703125,24.351760864257812,106.65957641601562,35.99589920043945,30.811168670654297,97.72553253173828,1617.6374138586743,0.471866223168722,0.9032035981694176,0.41328035789643897,15.233221401791425,0.17091910343751826,0.44940185546875,0.0,0.0,0.0,0.01959228515625,0.243194580078125,0.2335205078125,0.054290771484375,0.44940185546875,0.0,0.0,0.00518798828125,0.156219482421875,0.21856689453125,0.1509246826171875,0.0196990966796875,0.44940185546875,4.57763671875e-05,0.0101776123046875,0.09210205078125,0.158294677734375,0.1790618896484375,0.0970306396484375,0.013885498046875,3.089092516809067,6.906051898029375,9.991406288202402,9.999940181709189,-10.0,9.99999998288584,10.0
cattle_mastitis_150_jpg.rf.28129737a8fc7e4fcc5d04ea1d297836.jpg,sakit,0,106.85787963867188,75.359375,66.91462707519531,8.330230712890625,55.899322509765625,106.85789489746094,18.05422592163086,54.51064682006836,93.9980239868164,284.0716838412414,0.6319209142301271,0.9755717627346217,0.418495495202793,4.3161082532918,0.17515690531550657,0.428375244140625,0.0,0.0,0.0026092529296875,0.05389404296875,0.259124755859375,0.2440185546875,0.0119781494140625,0.428375244140625,0.0,0.130462646484375,0.13995361328125,0.14752197265625,0.135101318359375,0.018585205078125,0.0,0.428375244140625,0.0013427734375,0.2027435302734375,0.131500244140625,0.151275634765625,0.081512451171875,0.0032501220703125,0.0,3.0870184443245647,7.1898042211825866,9.879055112479184,9.98372413051267,9.999999999999947,9.999995882356403,-9.999999999999824
cattle_mastitis_151_jpg.rf.493ffbca939a00aeb446bd97af66477f.jpg,sakit,0,28.593917846679688,28.468185424804688,27.622238159179688,8.29962158203125,1.139862060546875,28.654052734375,32.588287353515625,4.933960437774658,78.9789810180664,520.6627225422659,0.9358836565898895,0.9572121273801097,0.879100255511197,2.942189156983067,0.7728238534964434,0.883056640625,0.0,0.0,0.0,0.0,0.0048828125,0.008392333984375,0.103668212890625,0.883056640625,0.0,0.0,0.0,0.0,0.0050048828125,0.0124664306640625,0.0994720458984375,0.883056640625,0.0,0.0,0.0,0.0004425048828125,0.008880615234375,0.0189971923828125,0.088623046875,2.637893015330601,6.037800440119652,8.006188883883809,8.154233700589295,9.999999754170599,9.972893803532239,9.999999982223052
cattle_mastitis_152_jpg.rf.0d079dfa5e61e2257f2a78947c807b16.jpg,sakit,0,128.12196350097656,81.53216552734375,74.84332275390625,59.292083740234375,76.1005859375,128.12850952148438,124.43647766113281,51.19003677368164,83.68212127685547,511.9518003510928,0.46670049177525846,0.9336375996423598,0.27429012851198187,6.802533453397667,0.07532595942939073,0.2933502197265625,0.0,0.0,0.0052337646484375,0.0658721923828125,0.433837890625,0.201629638671875,7.62939453125e-05,0.2933502197265625,0.0,0.096954345703125,0.4427642822265625,0.143829345703125,0.023101806640625,0.0,0.0,0.2933502197265625,9.1552734375e-05,0.20941162109375,0.4207000732421875,0.072509765625,0.00384521484375,9.1552734375e-05,0.0,3.101663279234666,9.083367717717174,9.676095591504403,9.993906094823998,-9.999999999999964,9.99999985978505,-9.999999999999932
cattle_mastitis_153_jpg.rf.0b73fd287e7222d63af54c9dc17d109e.jpg,sakit,0,82.41464233398438,65.33912658691406,66.18240356445312,94.2906494140625,19.733413696289062,82.41464233398438,155.6756134033203,27.975358963012695,111.36124420166016,323.2046056411918,0.7625169110032602,0.9824245584483647,0.6369435216948206,3.127730744248846,0.40571084380050065,0.64373779296875,0.0,0.0,0.0,0.000396728515625,0.023651123046875,0.059356689453125,0.272857666015625,0.64373779296875,0.0,0.0,0.0066070556640625,0.0579986572265625,0.1399383544921875,0.1504364013671875,0.00128173828125,0.64373779296875,0.0,0.0003204345703125,0.01727294921875,0.0511474609375,0.1000518798828125,0.1773834228515625,0.0100860595703125,3.112561273925265,7.1735393849485956,9.936751102930682,9.96303478335876,9.999999999999664,9.999992414830663,9.999999999999691
cattle_mastitis_156_png.rf.263bb915f83007992aa8be00bad5e238.jpg,sakit,0,38.81437683105469,36.06147766113281,34.59239196777344,15.473175048828125,8.84942626953125,38.81689453125,52.731224060058594,16.974491119384766,57.028175354003906,368.640789634245,0.6930061659415957,0.9366716927743141,0.6472404546960344,6.2038686416953395,0.4190016185728631,0.669403076171875,0.0,0.0651092529296875,0.1717071533203125,0.0672149658203125,0.025634765625,0.0009307861328125,0.0,0.669403076171875,0.0,0.1058502197265625,0.1634063720703125,0.0469512939453125,0.014312744140625,7.62939453125e-05,0.0,0.669403076171875,0.000213623046875,0.1344146728515625,0.1456146240234375,0.0427093505859375,0.0076446533203125,0.0,0.0,2.903496530322755,6.2154794829845805,9.704041028706026,9.797943881958979,9.99999999998707,9.999979641621955,-9.999999999985308
cattle_mastitis_157_jpg.rf.b1531f88a47161a6dcbc0c545625586a.jpg,sakit,0,109.04483032226562,87.48011779785156,70.68331909179688,12.816558837890625,44.203582763671875,109.12319946289062,14.886571884155273,48.02910232543945,114.43960571289062,239.61038050964842,0.6227304185218228,0.9872434047469896,0.5075075536804793,3.94527577379909,0.2575822414004129,0.5167388916015625,0.0,0.0,0.0012969970703125,0.0132598876953125,0.0529022216796875,0.108489990234375,0.30731201171875,0.5167388916015625,0.0,1.52587890625e-05,0.0208587646484375,0.072113037109375,0.2013397216796875,0.18304443359375,0.005889892578125,0.5167388916015625,0.001373291015625,0.0402374267578125,0.085906982421875,0.1756591796875,0.156280517578125,0.0238037109375,0.0,3.146408165969518,7.15734510719798,9.848809649622071,9.995489065954196,-9.999999999999977,-9.999998820031767,9.99999999999998
cattle_mastitis_158_jpg.rf.c1a822fed808e67877891ed721cfc31f.jpg,sakit,0,20.459259033203125,14.202484130859375,14.092086791992188,28.048828125,13.92950439453125,20.465591430664062,93.12379455566406,32.70288848876953,47.483238220214844,359.77191122804146,0.8182494624531506,0.8648501062379829,0.7996264442880444,5.681441963685367,0.6394659875825914,0.82720947265625,0.0,0.0659027099609375,0.0452728271484375,0.0265655517578125,0.030029296875,0.0050201416015625,0.0,0.82720947265625,0.0507965087890625,0.0617218017578125,0.0574188232421875,0.002685546875,0.0001678466796875,0.0,0.0,0.8273162841796875,0.0457305908203125,0.071441650390625,0.0531005859375,0.0022735595703125,0.0001373291015625,0.0,0.0,2.5697973189374266,5.527914875362656,8.61877988467932,8.741682662226625,9.999999985668271,9.98739978357921,9.999999996386357
cattle_mastitis_160_jpg.rf.49bf0a372f777a13a29d5a29994d9d79.jpg,sakit,0,187.57882690429688,106.04751586914062,41.98553466796875,20.39727783203125,150.51344299316406,187.57882690429688,12.364996910095215,94.80030822753906,105.70849609375,232.36054850279274,0.5007752480033777,0.9780340385331283,0.2284166005758147,4.116227617306248,0.052187437254391594,0.2367095947265625,0.0,0.0,0.0001678466796875,0.0057525634765625,0.0211639404296875,0.04339599609375,0.69281005859375,0.2367095947265625,0.006195068359375,0.1075592041015625,0.1982574462890625,0.193145751953125,0.2058868408203125,0.0511932373046875,0.0010528564453125,0.5653228759765625,0.1255035400390625,0.1387939453125,0.100311279296875,0.0450592041015625,0.0249786376953125,3.0517578125e-05,0.0,3.1695909985913184,7.619316584023156,9.937078126885034,9.999964376237097,10.0,-9.999999999274626,-10.0
cattle_mastitis_162_jpg.rf.5b3fc2dd3cd3bd4948257d2fbcb5702a.jpg,sakit,0,69.27745056152344,54.6124267578125,49.057037353515625,7.88421630859375,23.645401000976562,69.37394714355469,25.463624954223633,36.74481964111328,102.19281005859375,1161.7537270565622,0.7384123379476063,0.9199993062399504,0.6527628101064706,9.131586125922109,0.4261418841542009,0.67559814453125,0.0,0.0,0.0,0.0175018310546875,0.104949951171875,0.051849365234375,0.1501007080078125,0.67559814453125,0.0,0.0,0.00579833984375,0.1187591552734375,0.130523681640625,0.0632171630859375,0.006103515625,0.67559814453125,0.0,0.0,0.0585174560546875,0.147857666015625,0.1086273193359375,0.0032196044921875,0.0061798095703125,2.7263582398249233,6.2599806192376874,8.727737341398702,8.940602066889559,-9.999999998478348,-9.997060045993296,9.999999994000667
cattle_mastitis_166_jpg.rf.9769beb650c045de481e480089235088.jpg,sakit,0,87.02230834960938,74.96701049804688,66.36549377441406,17.827789306640625,31.947341918945312,87.54582214355469,44.815738677978516,39.63690185546875,89.34770965576172,660.1756461376259,0.671002708450676,0.9486956900882643,0.4810255008228634,6.925463245418328,0.2314446446079718,0.50244140625,0.0,0.0,0.0133819580078125,0.1101226806640625,0.2234344482421875,0.1506195068359375,0.0,0.50244140625,0.0,3.0517578125e-05,0.1451873779296875,0.13836669921875,0.1783294677734375,0.03564453125,0.0,0.50244140625,0.001861572265625,0.0873870849609375,0.15203857421875,0.1038818359375,0.14678955078125,0.0055999755859375,0.0,3.0564176090847686,7.714129936294119,9.970117480036693,9.921144644335202,9.999999999999236,9.99999297917174,-9.999999999999309
cattle_mastitis_167_jpg.rf.80f2a3daf409395e2ef0ea4c6e6141e8.jpg,sakit,0,28.754241943359375,29.606109619140625,29.776214599609375,27.479095458984375,4.861419677734375,30.90509033203125,66.68661499023438,12.165858268737793,67.11433410644531,615.7355150886626,0.8304896321392098,0.9246312659085515,0.8004276556065183,5.960902039536575,0.640721426584254,0.81768798828125,0.0,0.0,0.0430145263671875,0.0630035400390625,0.044219970703125,0.0174560546875,0.014617919921875,0.81768798828125,0.0,0.0,0.04095458984375,0.0502471923828125,0.05633544921875,0.0198974609375,0.0148773193359375,0.81768798828125,0.0,0.0009002685546875,0.0279388427734375,0.059814453125,0.0596771240234375,0.0199737548828125,0.014007568359375,2.7889233356372105,6.6206382533755415,9.012231855924993,9.66134257739605,9.999999999850711,-9.999975752920676,9.999999999930631
cattle_mastitis_168_jpg.rf.d8a641aa64245875c2e54162a1366d79.jpg,sakit,0,115.72491455078125,125.89268493652344,147.11099243164062,142.40451049804688,51.17366027832031,152.2749481201172,102.48104095458984,34.107696533203125,95.70865631103516,1042.3287586339372,0.4050934391419381,0.9175061906393874,0.25230160860888623,10.75918161047243,0.06372255884372878,0.274627685546875,0.0,0.0,0.066314697265625,0.313568115234375,0.2685394287109375,0.0741424560546875,0.0028076171875,0.274627685546875,0.0,0.0,0.0061492919921875,0.218292236328125,0.343017578125,0.1282958984375,0.0296173095703125,0.274627685546875,0.0,0.001312255859375,0.057464599609375,0.025177001953125,0.1172943115234375,0.301483154296875,0.2226409912109375,3.014569534709475,8.073992234108188,9.864535143779849,9.930201138745389,9.999999999999966,-9.999996858957049,9.999999999998087
cattle_mastitis_169_jpg.rf.c274b8ecb3894c17025517cc9710f270.jpg,sakit,0,40.973175048828125,42.42425537109375,41.25856018066406,16.4202880859375,35.091400146484375,52.362152099609375,49.94961166381836,64.61882019042969,75.41397094726562,510.8589212733962,0.7655607318696696,0.930062956554889,0.6520232540782662,5.21041149163104,0.42519261721058904,0.736541748046875,0.007537841796875,0.0009918212890625,0.0055389404296875,0.12152099609375,0.1273956298828125,0.0004730224609375,0.0,0.6727142333984375,0.0,0.0,0.19720458984375,0.07025146484375,0.059112548828125,0.0007171630859375,0.0,0.6727142333984375,0.0,0.0028228759765625,0.2298126220703125,0.0227508544921875,0.0708465576171875,0.0010528564453125,0.0,2.9292592139959313,7.028979831145914,9.881647793690954,9.583845416947522,-9.999999999963858,-9.999934048219579,9.999999999966144
cattle_mastitis_171_jpg.rf.400809ecedbc652a100555fac271a3a4.jpg,sakit,0,31.42449951171875,30.8138427734375,30.356399536132812,29.511962890625,3.538604736328125,31.762435913085938,79.8383560180664,7.817795276641846,57.577388763427734,196.59880267808987,0.7685407918342387,0.9690177210644656,0.7453025168239326,4.303746634867352,0.5554898410643524,0.75604248046875,0.0,0.0346527099609375,0.0798492431640625,0.0956878662109375,0.032073974609375,0.0016937255859375,0.0,0.75604248046875,0.0,0.0417938232421875,0.0816192626953125,0.0888824462890625,0.030059814453125,0.0016021728515625,0.0,0.75604248046875,1.52587890625e-05,0.048492431640625,0.077606201171875,0.088287353515625,0.0278167724609375,0.001739501953125,0.0,2.9256748753974664,6.090693916453463,9.520493934485923,9.898022200740378,-9.999999999994753,-9.999989405004046,9.999999999993443
cattle_mastitis_172_jpg.rf.f3564a27688caad7e101cecd4ac3451c.jpg,sakit,0,61.692626953125,44.37864685058594,40.39363098144531,15.332489013671875,25.393539428710938,61.692626953125,64.13865661621094,41.179237365722656,99.1503677368164,279.633123055024,0.7641583989064551,0.9776489072405522,0.7088400994687035,3.628950211226862,0.5024684851162161,0.7164154052734375,0.0,0.0,0.0008544921875,0.01025390625,0.0384674072265625,0.098968505859375,0.135040283203125,0.7164154052734375,0.0,0.00091552734375,0.02996826171875,0.1219329833984375,0.114837646484375,0.01593017578125,0.0,0.7164154052734375,4.57763671875e-05,0.0101165771484375,0.067169189453125,0.1398468017578125,0.0522003173828125,0.0142059326171875,0.0,3.028820608914477,6.673983700368634,9.519110794613484,9.953428427468545,9.999999999998861,9.9999773852105,-9.99999999999794
cattle_mastitis_173_jpg.rf.c625e8afb889f3843596425ce3815e55.jpg,sakit,0,45.67706298828125,78.78004455566406,75.227783203125,63.6495361328125,95.57859802246094,87.49334716796875,79.95037841796875,104.1424560546875,72.811767578125,174.8057631916703,0.5403251273539541,0.9741246523698557,0.38183030710007443,4.507460322212231,0.14582337515170993,0.692718505859375,0.0048828125,0.0263671875,0.033172607421875,0.127197265625,0.1155242919921875,0.0001373291015625,0.0,0.39373779296875,0.000335693359375,0.045989990234375,0.1911163330078125,0.3409576416015625,0.027801513671875,6.103515625e-05,0.0,0.39373779296875,0.012359619140625,0.091583251953125,0.1969146728515625,0.2608642578125,0.0443115234375,0.0002288818359375,0.0,3.028022664179021,7.112078667963201,9.81142036058416,9.961266199916022,9.99999999999969,9.999992244692073,-9.999999999999142
cattle_mastitis_175_jpg.rf.c86130bb259ba74da765c6a431a6b8c3.jpg,sakit,0,67.54774475097656,56.126007080078125,49.96952819824219,12.36468505859375,20.668777465820312,67.56504821777344,44.85486602783203,34.95533752441406,103.97615051269531,421.3665927975765,0.7580611829211924,0.9743419302685473,0.6879496273796182,4.482262555672547,0.4732880676215403,0.6949615478515625,0.0,0.0,0.001556396484375,0.024993896484375,0.0468292236328125,0.0503387451171875,0.1813201904296875,0.6949615478515625,0.0,0.0,0.0170745849609375,0.0672607421875,0.0820465087890625,0.0968170166015625,0.041839599609375,0.6949615478515625,0.0,0.0090789794921875,0.063079833984375,0.071014404296875,0.08184814453125,0.0511627197265625,0.0288543701171875,2.953206148656439,6.405959265122386,9.383092369838433,9.856641531400381,-9.99999999998585,-9.999980662792904,-9.999999999987592
cattle_mastitis_176_jpg.rf.678679d513fc33d1c4f3168ac4f5e39e.jpg,sakit,0,52.97691345214844,43.69482421875,37.4093017578125,6.79046630859375,20.900726318359375,52.97691345214844,12.152976989746094,36.188499450683594,86.63945007324219,186.56468280969776,0.8438133706257841,0.9833979230444968,0.7224496462833176,2.180191670824361,0.5219359677287537,0.7259979248046875,0.0,0.0,0.0,0.013458251953125,0.0820159912109375,0.17852783203125,0.0,0.7259979248046875,0.0,0.004425048828125,0.031707763671875,0.06591796875,0.1719512939453125,0.0,0.0,0.7259979248046875,0.0042266845703125,0.021453857421875,0.0501861572265625,0.1558837890625,0.0422515869140625,0.0,0.0,2.5436045090446298,5.812498789226717,7.812074603045278,8.400573042275612,9.999999905777308,-9.994037870779156,-9.999999910896221
cattle_mastitis_178_png.rf.e183fcc9119dfdba2de72133eb9b687f.jpg,sakit,0,72.56329345703125,48.901519775390625,46.009552001953125,4.451263427734375,32.26954650878906,72.56332397460938,27.772891998291016,46.737247467041016,102.35013580322266,496.52236129775855,0.7169103337426214,0.9606796912172254,0.6448806250109146,5.395339632505757,0.41589536062757687,0.659454345703125,0.0,0.0,0.0,0.010955810546875,0.0774993896484375,0.107940673828125,0.1441497802734375,0.659454345703125,0.0,1.52587890625e-05,0.1349029541015625,0.1020355224609375,0.077301025390625,0.020477294921875,0.0058135986328125,0.659454345703125,0.0,0.0147247314453125,0.1558685302734375,0.0957489013671875,0.0515899658203125,0.017333984375,0.005279541015625,2.971222576043406,6.570556144721933,9.409145993145556,9.800750376633953,9.999999999977438,9.99986954251119,9.999999999976138
cattle_mastitis_179_jpg.rf.433971dca674e6ab0c92461632893861.jpg,sakit,0,32.2529296875,31.858749389648438,33.31340026855469,34.740234375,4.6521453857421875,34.47856140136719,83.6023178100586,12.863903045654297,76.49039459228516,517.964936917935,0.8505232389472251,0.9490820408603818,0.8134927632155867,4.6869879660500136,0.6617925947570839,0.824462890625,0.0,0.0,0.006317138671875,0.0417022705078125,0.05242919921875,0.0513458251953125,0.02374267578125,0.824462890625,0.0,0.0,0.0209197998046875,0.039306640625,0.0418701171875,0.0355682373046875,0.037872314453125,0.824462890625,0.0,1.52587890625e-05,0.021209716796875,0.031585693359375,0.033721923828125,0.0331573486328125,0.05584716796875,2.446194566398592,5.198939301069419,9.073800178294103,8.640444471283525,9.999999991029153,9.981193362094679,9.999999991841364
cattle_mastitis_180_jpg.rf.e195a3990983632bc499cd5a35959c1a.jpg,sakit,0,75.09965515136719,81.46580505371094,75.69210815429688,58.979522705078125,20.666427612304688,83.49436950683594,77.37211608886719,30.078073501586914,94.20809936523438,912.1123384485663,0.595630991355104,0.9431185779846453,0.5110480184668651,10.038114438149611,0.26123672532926234,0.5348968505859375,0.0,0.005828857421875,0.1494140625,0.132598876953125,0.0523223876953125,0.030242919921875,0.094696044921875,0.5348968505859375,0.0,0.0,0.0425262451171875,0.167572021484375,0.116546630859375,0.051055908203125,0.08740234375,0.5364532470703125,0.001068115234375,0.0170135498046875,0.0965118408203125,0.1423187255859375,0.090057373046875,0.0343780517578125,0.0821990966796875,2.8805185445123227,6.604214045013827,9.68948256387621,9.48688311946204,9.99999999984944,9.999904408743655,-9.999999999993518
cattle_mastitis_181_jpg.rf.9df2e26ca8af165f36cea74cbe994a0d.jpg,sakit,0,77.52964782714844,55.51361083984375,51.169830322265625,6.629913330078125,37.34770202636719,77.5296630859375,27.421287536621094,46.427101135253906,94.38191986083984,441.4786452507213,0.6378255292247554,0.9613916250809829,0.5573003330103122,6.457454996798838,0.3106608019947166,0.578399658203125,0.0,0.00115966796875,0.0395050048828125,0.088592529296875,0.0861358642578125,0.1197052001953125,0.0865020751953125,0.578399658203125,0.0,0.075469970703125,0.1186981201171875,0.1243743896484375,0.101715087890625,0.0013427734375,0.0,0.578399658203125,0.0099945068359375,0.116973876953125,0.102081298828125,0.1149139404296875,0.0775146484375,0.0001220703125,0.0,3.006449788854348,6.875678050119649,9.733463122762899,9.94364510370131,9.999999999998128,9.999978295639979,-9.999999999999135
cattle_mastitis_182_jpg.rf.2c95daf30861a40ff2dfdb1643648dcf.jpg,sakit,0,74.2667236328125,68.14002990722656,67.672607421875,85.572265625,9.20379638671875,74.31497192382812,142.0065460205078,28.415802001953125,101.35237121582031,757.9750910579424,0.7991773174252866,0.958617380371002,0.6347324694813037,5.7107445700359705,0.40290794297221005,0.6477508544921875,0.0,0.0,0.0,0.00262451171875,0.04864501953125,0.196868896484375,0.1041107177734375,0.6477508544921875,0.0,0.0,0.0129547119140625,0.045745849609375,0.0576629638671875,0.21466064453125,0.0212249755859375,0.6477508544921875,0.00433349609375,0.0126495361328125,0.022186279296875,0.0208892822265625,0.050537109375,0.1612091064453125,0.0804443359375,2.7109541587758916,6.1764673746329,9.305092274673312,9.355408603823031,-9.99999999961902,-9.999491175198598,9.999999999611505
cattle_mastitis_185_jpg.rf.f735b921790ca666e66f8a9b96209164.jpg,sakit,0,77.58067321777344,63.686920166015625,54.06483459472656,13.69635009765625,41.42591857910156,77.58485412597656,18.759828567504883,42.11636734008789,76.22578430175781,632.9477476697278,0.5790297717390134,0.9281843751161521,0.44817595567183993,8.145880164721259,0.20093261024845213,0.4765167236328125,0.0,1.52587890625e-05,0.121307373046875,0.2353363037109375,0.145294189453125,0.01300048828125,0.0085296630859375,0.4765167236328125,0.0,0.0862579345703125,0.23529052734375,0.163055419921875,0.0257415771484375,0.010711669921875,0.0024261474609375,0.4765167236328125,0.0001678466796875,0.254608154296875,0.1842041015625,0.0633697509765625,0.016845703125,0.0042877197265625,0.0,2.9304691631258657,6.971040505992238,9.636956281995804,9.54743793908716,-9.999999999877163,-9.999739732169362,9.999999999987985
cattle_mastitis_192_jpg.rf.8e1bcde1c61bbf2a29d61ad7d9155d7f.jpg,sakit,0,28.840957641601562,28.935211181640625,29.097610473632812,29.58087158203125,3.5130462646484375,30.034820556640625,76.6742172241211,10.802169799804688,69.75482177734375,908.9757470150207,0.8466481667265079,0.8945401903399688,0.8189483745236078,7.19492822122022,0.6706969736903737,0.8338470458984375,0.0,0.000640869140625,0.0445098876953125,0.028167724609375,0.0260772705078125,0.0276947021484375,0.0390625,0.8338470458984375,0.0,0.0,0.0357208251953125,0.0412750244140625,0.0269317626953125,0.0278472900390625,0.0343780517578125,0.8338470458984375,0.0,0.000762939453125,0.0296783447265625,0.0486297607421875,0.0239410400390625,0.02020263671875,0.042938232421875,2.534133053535727,6.939791752136173,8.62655637256141,8.43488431681542,9.999999963101303,-9.997951177920102,9.999999975779332
cattle_mastitis_194_jpg.rf.2873d826c7d25268d4ed6fd6ebfcfe8d.jpg,sakit,0,55.12750244140625,49.0098876953125,42.534942626953125,12.443695068359375,20.909072875976562,55.157958984375,25.829607009887695,34.0670280456543,82.20379638671875,1105.9842815342552,0.7256421551084521,0.9040368056153442,0.6460829145737559,9.859834147553821,0.41752390835730324,0.673095703125,0.0,0.0,0.003662109375,0.1990966796875,0.0585784912109375,0.014404296875,0.0511627197265625,0.673095703125,0.0,0.0,0.1477813720703125,0.10028076171875,0.0198822021484375,0.01104736328125,0.04791259765625,0.673095703125,0.0,0.0605926513671875,0.177093505859375,0.024322509765625,0.0116424560546875,0.0124053955078125,0.0408477783203125,2.707230246468531,6.679321696058185,9.684161454272132,9.295443349911693,9.999999999633188,9.999366422721923,-9.999999999969948
cattle_mastitis_195_jpg.rf.d5808a1545e00d3eaeddf88281a8477b.jpg,sakit,0,70.60639953613281,63.46409606933594,54.35179138183594,13.522216796875,20.768753051757812,70.62579345703125,21.95848274230957,36.47174835205078,100.04668426513672,1016.6849152915444,0.7016775571216645,0.9408057706354405,0.6396073393633867,8.59681641046508,0.40915434870120043,0.661346435546875,0.0,0.0,0.0,0.00872802734375,0.09027099609375,0.1359100341796875,0.1037445068359375,0.661346435546875,0.0,0.0,0.0,0.102264404296875,0.1021728515625,0.0540618896484375,0.0801544189453125,0.661346435546875,0.0,0.02435302734375,0.0723114013671875,0.09271240234375,0.0503692626953125,0.0518951416015625,0.0470123291015625,2.8564685210438303,6.522098997314043,8.767254130590537,9.116416206135442,9.999999997013635,9.998859938527147,-9.999999999971372
cattle_mastitis_196_jpg.rf.6540c5730edd84a8500073f4190cb2c6.jpg,sakit,0,84.54205322265625,78.51300048828125,64.5096435546875,17.12530517578125,25.085922241210938,84.63139343261719,21.32596206665039,32.99666976928711,103.87269592285156,1490.6737574612223,0.6530009990485175,0.9204938646109894,0.5702140696921992,11.18447826807102,0.3252552620074783,0.5955352783203125,0.0,0.0,0.0,0.0128631591796875,0.09442138671875,0.153289794921875,0.143890380859375,0.5955352783203125,0.0,0.0,0.0,0.0465087890625,0.1319427490234375,0.1732330322265625,0.0527801513671875,0.5955352783203125,0.0,0.004669189453125,0.0708465576171875,0.1205902099609375,0.1348876953125,0.0701141357421875,0.00335693359375,2.8502454745769734,8.451871675705876,9.307953640847158,9.524161854741841,9.99999999987382,-9.99999054036752,-9.999999999793944
cattle_mastitis_203_jpg.rf.6bf03bcb0d7b863e7350aef9491c6080.jpg,sakit,0,94.54690551757812,90.2958984375,80.507080078125,22.798004150390625,20.691390991210938,94.58987426757812,30.015214920043945,30.14952278137207,99.8154525756836,700.3578771658381,0.5937328075145626,0.9620847045512754,0.4978068807412928,7.536451754971407,0.24783205969439795,0.51153564453125,0.0,0.0,0.0014801025390625,0.09906005859375,0.1474609375,0.1112518310546875,0.12921142578125,0.51153564453125,0.0,0.0,0.0254058837890625,0.1358489990234375,0.121429443359375,0.0922698974609375,0.1135101318359375,0.51153564453125,0.0,0.0309600830078125,0.113189697265625,0.1011962890625,0.0780029296875,0.073150634765625,0.0919647216796875,2.9894693598770843,7.683782682935036,9.284031053085984,9.591455491674276,9.999999999888361,9.999927420873375,9.999999999866915
cattle_mastitis_206_jpg.rf.f5e6eb458334671ce1af5ac48d43657e.jpg,sakit,0,111.98524475097656,103.00663757324219,95.23417663574219,26.580078125,25.935516357421875,112.14007568359375,37.93696975708008,22.66118812561035,82.09786987304688,247.5952166281719,0.5472840967540201,0.9790476646347507,0.32259027165003007,4.156990899803017,0.10408281955753708,0.3324432373046875,0.0,0.0,0.0507659912109375,0.20709228515625,0.2783050537109375,0.119110107421875,0.0122833251953125,0.3324432373046875,0.0,0.0003662109375,0.1209716796875,0.2510833740234375,0.235626220703125,0.05950927734375,0.0,0.3324432373046875,0.0,0.01934814453125,0.1800384521484375,0.2789459228515625,0.1761627197265625,0.0130615234375,0.0,3.113552491234427,7.340831923207467,9.874176554783043,9.98210015834474,9.999999999999794,-9.999999545857305,9.999999999999934
cattle_mastitis_210_jpg.rf.c5addb7555e68a9bf4e3c7ef84bfb725.jpg,sakit,0,123.53153991699219,118.60733032226562,105.15504455566406,27.5870361328125,23.83197021484375,123.61465454101562,25.758695602416992,27.361162185668945,107.92567443847656,703.9307931377856,0.5501422787272235,0.9677459999964387,0.40363947962216923,7.495249081539154,0.1629493172862163,0.41925048828125,0.0,0.0,0.0,0.0450592041015625,0.11968994140625,0.1517791748046875,0.26422119140625,0.41925048828125,0.0,0.0,0.0011444091796875,0.0932159423828125,0.126129150390625,0.1413116455078125,0.2189483642578125,0.41925048828125,0.0,0.0037384033203125,0.089263916015625,0.1096954345703125,0.11181640625,0.1341400146484375,0.1320953369140625,3.023691414404562,6.836544603971383,9.378061373175631,9.912223395497602,-9.99999999999635,-9.99996685683549,9.999999999992635
cattle_mastitis_213_jpg.rf.5d954791e663705c2f4e8a4fda58c465.jpg,sakit,0,100.05160522460938,97.207763671875,91.07893371582031,35.578887939453125,15.2882080078125,100.27615356445312,53.823341369628906,18.956520080566406,83.82591247558594,1100.3564020751112,0.47504824237912713,0.9173146872609873,0.36873295918861365,11.759355766689765,0.13609586689721145,0.3956756591796875,0.0,0.0,0.012969970703125,0.2711334228515625,0.2118682861328125,0.09014892578125,0.0182037353515625,0.3956756591796875,0.0,0.0,0.0601348876953125,0.258514404296875,0.1932525634765625,0.0746917724609375,0.017730712890625,0.3956756591796875,0.0,0.001983642578125,0.178009033203125,0.20233154296875,0.145721435546875,0.0605926513671875,0.01568603515625,2.924359837887778,9.151114105945426,9.912244660430718,9.832098123940979,9.999999999999096,-9.999998159223589,-9.999999999993397
cattle_mastitis_217_jpg.rf.771188a3ffcf6f233abcfb866440ffd4.jpg,sakit,0,123.94676208496094,115.86312866210938,104.98475646972656,20.14520263671875,22.676651000976562,123.98225402832031,18.98712921142578,24.998085021972656,109.85802459716797,1230.3821391989031,0.575931221979076,0.9431246492095058,0.4110189874158466,9.815107479323103,0.16905036591146805,0.434539794921875,0.0,0.0,0.0,0.00616455078125,0.071136474609375,0.1741180419921875,0.3140411376953125,0.434539794921875,0.0,0.0,0.0,0.0377044677734375,0.107391357421875,0.288055419921875,0.1323089599609375,0.434539794921875,0.0,0.0002593994140625,0.031768798828125,0.087890625,0.1383819580078125,0.281585693359375,0.02557373046875,3.0684438416491977,7.08735949386224,9.56097908867766,9.954411205543224,9.999999999998698,9.999995458096933,-9.999999999998334
cattle_mastitis_220_jpg.rf.ad1d831a3b5d73d80c31182d2bc5533f.jpg,sakit,0,77.5355224609375,63.66835021972656,54.03271484375,13.580841064453125,41.40943908691406,77.53785705566406,17.764480590820312,42.185279846191406,76.22563934326172,631.9696361126734,0.5797806582805963,0.9283186459436763,0.4485377982904417,8.133393607942557,0.20125693811152048,0.476837158203125,0.0,0.0,0.1222076416015625,0.23553466796875,0.1436920166015625,0.01300048828125,0.00872802734375,0.476837158203125,0.0,0.0868682861328125,0.23388671875,0.1636810302734375,0.025634765625,0.0107574462890625,0.0023345947265625,0.476837158203125,0.00018310546875,0.2554931640625,0.180694580078125,0.06585693359375,0.0164947509765625,0.0044403076171875,0.0,2.9304904676529486,6.9723780766274395,9.638050891274,9.547131923686687,-9.99999999987723,-9.999739860670559,-9.999999999988058
cattle_mastitis_222_jpg.rf.fa7ed5f89bc964fbf2c61c5896846ac8.jpg,sakit,0,98.86434936523438,96.95936584472656,89.42292785644531,26.01800537109375,12.896499633789062,99.01687622070312,31.531688690185547,19.98038673400879,105.84317016601562,1895.5702055441243,0.5684315053442298,0.9121160071133,0.489239970158273,15.059435268429517,0.23951136498784012,0.52325439453125,0.0,0.0,0.0,0.0412445068359375,0.11572265625,0.1164398193359375,0.203338623046875,0.52325439453125,0.0,0.0,0.0,0.0719757080078125,0.105987548828125,0.1071624755859375,0.191619873046875,0.52325439453125,0.0,7.62939453125e-05,0.047119140625,0.100616455078125,0.079986572265625,0.1092987060546875,0.1396484375,2.938974726659211,7.93703388226204,9.395298101476858,9.867271241243703,9.999999999986048,-9.999989167325982,-9.99999999999188
cattle_mastitis_224_jpg.rf.e98847977ea5fd4a3c155ddc4e3cfae9.jpg,sakit,0,89.22897338867188,81.13041687011719,72.36964416503906,15.009918212890625,22.8897705078125,89.24919128417969,19.862478256225586,26.8389835357666,98.70024871826172,1031.1938759847471,0.6008742456347796,0.9386422755695917,0.5118074296495015,9.837555929897821,0.2620042942195802,0.5389404296875,0.0,0.0,0.0,0.081756591796875,0.1321258544921875,0.1560821533203125,0.091094970703125,0.5389404296875,0.0,0.0,0.02996826171875,0.1248779296875,0.144561767578125,0.14154052734375,0.020111083984375,0.5389404296875,0.0,0.00390625,0.0995941162109375,0.1333160400390625,0.14471435546875,0.077850341796875,0.001678466796875,2.898516186973343,6.81451810629288,9.279299595379827,9.765151034049126,-9.999999999978188,-9.999878109116139,9.999999999950127
cattle_mastitis_226_jpg.rf.21031336f1d05ed2d3584c517611f3cf.jpg,sakit,0,98.43547058105469,88.36915588378906,65.37615966796875,25.8033447265625,52.930755615234375,98.60659790039062,21.829086303710938,46.218772888183594,81.68584442138672,1166.5574893697724,0.5072134041856368,0.8942271670839147,0.3601184432029054,11.76096276829457,0.12985492549375524,0.39556884765625,0.0,0.0,0.00860595703125,0.2883148193359375,0.22564697265625,0.0774383544921875,0.004425048828125,0.39556884765625,0.0,0.0,0.1679229736328125,0.27593994140625,0.1117706298828125,0.04364013671875,0.005157470703125,0.39556884765625,0.000244140625,0.236846923828125,0.244537353515625,0.0799102783203125,0.0388641357421875,0.0028533935546875,0.0011749267578125,2.9892502919399746,8.424671333660033,9.94453343902933,9.95721894680646,9.999999999999696,-9.999997371097619,9.999999999999561
cattle_mastitis_234_jpg.rf.7f17c117dff6951cf69d4dc4899a5c95.jpg,sakit,0,65.15617370605469,54.45823669433594,46.530426025390625,8.832977294921875,24.148773193359375,65.15925598144531,13.8955078125,38.065032958984375,95.47986602783203,1179.565680357261,0.6845713431114353,0.915842560736542,0.6461393105393364,10.935118418373799,0.4175732448762533,0.67340087890625,0.0,0.0,0.0,0.04931640625,0.089508056640625,0.080657958984375,0.10711669921875,0.67340087890625,0.0,0.0,0.051605224609375,0.1073150634765625,0.0832366943359375,0.0538330078125,0.030609130859375,0.67340087890625,0.0,0.02154541015625,0.109375,0.0954742431640625,0.062530517578125,0.0298919677734375,0.007781982421875,2.741666797349055,6.45330757949308,8.663495701943564,9.073604555024522,9.999999998355689,9.9998298288468,9.99999999634164
cattle_mastitis_239_jpg.rf.331bbb04916339f37e6c0dfa3012959e.jpg,sakit,0,89.15458679199219,81.05712890625,72.26856994628906,15.08489990234375,22.9256591796875,89.176513671875,20.37030792236328,26.902557373046875,98.72847747802734,1020.3688258209578,0.6014056324419578,0.9393023529960739,0.5127263920387227,9.746966143506837,0.2629459708613269,0.5395050048828125,0.0,0.0,0.0,0.080810546875,0.1325225830078125,0.1560211181640625,0.0911407470703125,0.5395050048828125,0.0,0.0,0.0296478271484375,0.1244964599609375,0.1442718505859375,0.1418304443359375,0.0202484130859375,0.5395050048828125,0.0,0.0037689208984375,0.0993804931640625,0.13238525390625,0.1457977294921875,0.0777587890625,0.00140380859375,2.8987399635786146,6.80637940489454,9.273009270977042,9.768109547912312,-9.999999999978357,-9.999878956267272,-9.999999999950976
cattle_mastitis_240_jpg.rf.22f90f514b15f1a37796ac0231b81e3f.jpg,sakit,0,94.35520935058594,93.14533996582031,88.77183532714844,38.36773681640625,18.646392822265625,99.74441528320312,66.53136444091797,24.90644073486328,112.32369995117188,1533.638492831471,0.6556806893595515,0.9305245239911569,0.5337722680744216,10.579518461868313,0.2849820880532033,0.5559539794921875,0.0,0.0,0.0,0.00390625,0.1398162841796875,0.0924835205078125,0.2078399658203125,0.5559539794921875,0.0,0.0,0.0,0.0004425048828125,0.0796661376953125,0.2318572998046875,0.132080078125,0.5559539794921875,0.0,0.0,0.0183258056640625,0.0367889404296875,0.0744781494140625,0.1952972412109375,0.1191558837890625,2.8683199698560435,8.969084211808651,9.647243465874956,9.56087124731728,-9.99999999995471,9.999976969640251,9.99999999989711
cattle_mastitis_241_jpg.rf.fb73a778adb7e59f094e295de8e9d217.jpg,sakit,0,144.6852569580078,139.13172912597656,130.0117950439453,28.925018310546875,19.850051879882812,144.7534942626953,27.430166244506836,22.391895294189453,95.6756362915039,794.9447828369024,0.5070620273679806,0.9541384176887336,0.2770699230738583,7.663997392927371,0.07681640007021161,0.293853759765625,0.0,0.0,0.0,0.041839599609375,0.1622772216796875,0.3058624267578125,0.1961669921875,0.293853759765625,0.0,0.0,0.0002899169921875,0.09771728515625,0.183135986328125,0.2657623291015625,0.15924072265625,0.293853759765625,0.0,0.0004730224609375,0.0614013671875,0.1483306884765625,0.1389923095703125,0.2533721923828125,0.10357666015625,3.1290892715128065,8.518825897012777,9.939978454363072,9.989220444309524,9.999999999999972,-9.99999951613324,-9.99999999999994
cattle_mastitis_242_jpg.rf.f095fef20cba0a5b239cf39d36efd5f6.jpg,sakit,0,60.33021545410156,53.6131591796875,50.04338073730469,14.899322509765625,13.484283447265625,60.59979248046875,46.393489837646484,28.484148025512695,95.65828704833984,1279.3124340851764,0.7311567614443071,0.9162698886536272,0.6833772326994446,10.020092369399789,0.46707810763582785,0.7089691162109375,0.0,0.0,0.0,0.02349853515625,0.056915283203125,0.1090850830078125,0.101531982421875,0.7089691162109375,0.0,0.0,0.0044403076171875,0.068359375,0.0806121826171875,0.12451171875,0.0131072998046875,0.7089691162109375,0.0005035400390625,0.01153564453125,0.0298614501953125,0.053466796875,0.080352783203125,0.11328125,0.0020294189453125,2.8365088251589388,7.2364603079875325,9.08535996712083,9.286437206651904,-9.99999999930892,9.9996804392267,-9.999999999285949
cattle_mastitis_243_jpg.rf.9eb271ed66bbd8f2419d751a92cdc684.jpg,sakit,0,123.86991882324219,115.9080810546875,104.99240112304688,20.23223876953125,22.602340698242188,123.90646362304688,18.838722229003906,24.918476104736328,109.78913879394531,1236.833426927221,0.5760531401217815,0.9428246853994148,0.4108475295615057,9.862189232855606,0.16891049257730847,0.43450927734375,0.0,0.0,0.0,0.006256103515625,0.07135009765625,0.17724609375,0.310638427734375,0.43450927734375,0.0,0.0,0.0,0.03704833984375,0.1078948974609375,0.2880859375,0.1324615478515625,0.43450927734375,0.0,0.00030517578125,0.031707763671875,0.0875396728515625,0.1381683349609375,0.2802276611328125,0.0275421142578125,3.068441483094903,7.087638383567677,9.56190570090375,9.954170916034332,9.999999999998709,9.999995534572124,9.999999999998309
cattle_mastitis_245_jpg.rf.fa71361c857a77959fb5eba2ccce1fce.jpg,sakit,0,123.50270080566406,118.62245178222656,105.15519714355469,27.735137939453125,23.784194946289062,123.59025573730469,26.20347785949707,27.2894229888916,107.91019439697266,706.8505199047687,0.5501303518222499,0.9676102599393023,0.40354301192842584,7.514681214557487,0.16287154032499315,0.41925048828125,0.0,0.0,0.0,0.0444183349609375,0.120941162109375,0.15216064453125,0.2632293701171875,0.41925048828125,0.0,0.0,0.001129150390625,0.0931396484375,0.1251373291015625,0.1420440673828125,0.21929931640625,0.41925048828125,0.0,0.0041656494140625,0.08831787109375,0.1108245849609375,0.1117095947265625,0.1327972412109375,0.1329345703125,3.0233792814068714,6.837111944760323,9.377054158417277,9.91168323482097,-9.999999999996312,-9.999966682463302,-9.999999999992546
cattle_mastitis_246_jpg.rf.ed835aa7850687d2c275be935c06e1bf.jpg,sakit,0,118.67526245117188,100.35655212402344,86.86154174804688,17.2607421875,50.76899719238281,118.67526245117188,12.236344337463379,39.806575775146484,78.87643432617188,100.27164438678342,0.5823839337737625,0.9899317257819717,0.2816610623993538,2.545701493583423,0.07933902290604536,0.2858428955078125,0.0,0.0010833740234375,0.08367919921875,0.1904144287109375,0.2768096923828125,0.16217041015625,0.0,0.2858428955078125,0.0,0.0450439453125,0.209625244140625,0.2550201416015625,0.1844940185546875,0.0199737548828125,0.0,0.2858428955078125,0.014312744140625,0.1888427734375,0.2217254638671875,0.146148681640625,0.1430206298828125,0.0001068115234375,0.0,3.1029306004270016,7.109583342562835,9.681272610533489,9.965196971125286,9.999999999999254,-9.999997788091635,-9.999999999999206
cattle_mastitis_247_jpg.rf.43e5d813a17f586491b1751f9a3b1518.jpg,sakit,0,130.3223114013672,115.51785278320312,105.52088928222656,17.509246826171875,31.878570556640625,130.32376098632812,23.353498458862305,29.951622009277344,97.46996307373047,889.892685641055,0.5274515734993915,0.944477049302635,0.3342481435084137,8.034682526777901,0.11177329038626217,0.35186767578125,0.0,0.0,0.0,0.0178985595703125,0.1913909912109375,0.361419677734375,0.077423095703125,0.35186767578125,0.0,0.0,0.0006866455078125,0.156036376953125,0.3094329833984375,0.144622802734375,0.037353515625,0.35186767578125,0.0,0.0007476806640625,0.073028564453125,0.2134552001953125,0.27325439453125,0.078948974609375,0.008697509765625,3.003217119690226,7.459376572431644,9.751645805454542,9.799687651398774,9.999999999990685,9.999983762052446,-9.999999999985643
cattle_mastitis_251_jpg.rf.6d260f06dcecfe81579967f0f0f15e00.jpg,sakit,0,94.60757446289062,90.339599609375,80.57272338867188,22.560699462890625,20.674545288085938,94.64425659179688,29.566200256347656,30.169017791748047,99.81303405761719,700.3135774802087,0.5935877390462211,0.962080281636044,0.4973950291078917,7.5518022273472125,0.24742228657405504,0.51116943359375,0.0,0.0,0.001617431640625,0.09967041015625,0.1479034423828125,0.1106414794921875,0.128997802734375,0.51116943359375,0.0,0.0,0.025360107421875,0.13641357421875,0.1217193603515625,0.0916900634765625,0.1136474609375,0.51116943359375,0.0,0.0316314697265625,0.112579345703125,0.1012725830078125,0.079437255859375,0.0698699951171875,0.0940399169921875,2.9895173643710127,7.684640317997978,9.285179352295517,9.592625096665907,9.99999999988944,9.99992800411343,-9.999999999867878
cattle_mastitis_252_jpg.rf.b024057cf8da29d4e662a754f8c621b6.jpg,sakit,0,93.45417785644531,82.05125427246094,73.330078125,21.387603759765625,35.38139343261719,93.5284423828125,35.178340911865234,35.66421127319336,75.62992095947266,555.5902869432285,0.4949999053546799,0.9421763671759472,0.35953199308965195,7.715349800308108,0.12931950110759607,0.3802642822265625,0.0,0.0,0.101715087890625,0.318145751953125,0.1575469970703125,0.040496826171875,0.0018310546875,0.3802642822265625,0.0,0.0137481689453125,0.325164794921875,0.165191650390625,0.0947265625,0.019683837890625,0.001220703125,0.3802642822265625,0.0,0.1609039306640625,0.2721710205078125,0.1000518798828125,0.0771484375,0.008880615234375,0.000579833984375,3.0360257364237557,7.962613340296373,9.890515700514193,9.825586496330532,9.99999999999671,-9.999979813184968,-9.999999999992621
cf2-3d-2WM.jpg,sakit,0,103.67361450195312,105.10189819335938,101.44268798828125,60.93463134765625,23.692276000976562,111.583984375,92.78607940673828,36.91867446899414,98.34443664550781,1327.0007294679044,0.524019244251126,0.9239101619657353,0.39361843420186654,12.485720174523232,0.15498032633153497,0.4261016845703125,0.0,0.0030517578125,0.082305908203125,0.0985107421875,0.0881805419921875,0.259918212890625,0.04193115234375,0.4261016845703125,0.0,0.0,0.026214599609375,0.141815185546875,0.1200103759765625,0.260772705078125,0.02508544921875,0.4261932373046875,0.0056915283203125,0.0224761962890625,0.0602569580078125,0.07501220703125,0.138763427734375,0.24456787109375,0.02703857421875,2.950465090724429,7.029780690211735,9.829712978298216,9.953317423123929,9.999999999999885,-9.999985243914399,9.999999999998856
cf_2-3d-2WM-1.jpg,sakit,0,69.39205932617188,68.21530151367188,67.48257446289062,70.482666015625,7.5085296630859375,70.88690185546875,118.94010925292969,13.513873100280762,88.09939575195312,1041.7476104340524,0.6508551561619427,0.9284744498953915,0.5733136644278071,9.0844282943819,0.32874493722237724,0.597442626953125,0.0,0.0,0.020294189453125,0.12103271484375,0.1469268798828125,0.108795166015625,0.0055084228515625,0.597442626953125,0.0,0.0,0.0377349853515625,0.1079559326171875,0.15802001953125,0.0970916748046875,0.0017547607421875,0.597442626953125,0.0,0.003753662109375,0.0502471923828125,0.098175048828125,0.1457061767578125,0.100799560546875,0.003875732421875,2.7942209474826623,6.279554689819217,9.263638605886143,9.869190175219364,-9.999999999999664,9.999922190853937,9.999999999980913
chaps-2.1new-and-healed-390x284.png,sakit,0,38.92893981933594,36.02117919921875,34.50262451171875,15.608673095703125,9.258377075195312,38.93208312988281,55.72364807128906,17.59153175354004,57.36857604980469,465.6034408901515,0.683596377611777,0.9206874859531582,0.6443575139493837,7.528920354729308,0.41528239624409014,0.6705474853515625,0.0,0.062408447265625,0.1699066162109375,0.0684356689453125,0.0275726318359375,0.001129150390625,0.0,0.6705474853515625,0.0,0.1085662841796875,0.1571807861328125,0.047515869140625,0.015960693359375,0.0002288818359375,0.0,0.6705474853515625,0.0006866455078125,0.136688232421875,0.140716552734375,0.042572021484375,0.0087890625,0.0,0.0,2.900253821835305,6.214076267966163,9.697008358882467,9.793917453729646,9.999999999985297,9.999985043804909,-9.999999999985508
chaps-3.1whole-teat.soiled-400x284.png,sakit,0,79.50224304199219,59.52058410644531,48.4432373046875,8.73077392578125,41.09272766113281,79.50224304199219,10.726806640625,52.782352447509766,96.90501403808594,1241.859577766449,0.601881832478404,0.9010301828210941,0.5554376985814843,13.008114705497183,0.30865912811507057,0.591949462890625,0.0,0.0,0.004119873046875,0.033935546875,0.116424560546875,0.225799560546875,0.02777099609375,0.591949462890625,0.0,0.00018310546875,0.1320953369140625,0.132781982421875,0.1263885498046875,0.0166015625,0.0,0.591949462890625,0.0,0.1156463623046875,0.1393890380859375,0.1034698486328125,0.04913330078125,0.0004119873046875,0.0,2.9915813617161238,6.524119429556666,9.94393718513951,9.900488619128698,9.999999999997897,9.99995039864023,9.999999999999892
chaps-5.1.orifice-400x284.png,sakit,0,72.58616638183594,48.90191650390625,46.01298522949219,3.5318603515625,32.20216369628906,72.58616638183594,21.587142944335938,46.899070739746094,102.53302001953125,601.6677681167243,0.7068827174154487,0.9525317172962849,0.6430796625019285,6.51592744152834,0.4135770157950515,0.660003662109375,0.0,0.0,0.0,0.010894775390625,0.0767364501953125,0.10516357421875,0.1472015380859375,0.660003662109375,0.0,0.0,0.1341705322265625,0.1041107177734375,0.0728607177734375,0.0218505859375,0.0070037841796875,0.660003662109375,0.0,0.0163421630859375,0.154510498046875,0.096435546875,0.0486602783203125,0.0173187255859375,0.0067291259765625,2.9698415190748855,6.572623940713246,9.399417774518453,9.79531381357548,9.999999999976838,9.99986585643806,9.999999999973676
chaps-6.1.mouthpiece-400x284.png,sakit,0,82.82917785644531,53.5570068359375,45.90983581542969,4.87255859375,43.57234191894531,82.82917785644531,6.618436336517334,56.4996337890625,107.10517120361328,451.71708805945633,0.6579499338034444,0.964430743665011,0.6013375350156783,6.284651277161454,0.36163603883952794,0.6167755126953125,0.0,0.0,0.00189208984375,0.0314178466796875,0.0646514892578125,0.0700225830078125,0.215240478515625,0.6167755126953125,0.0,0.007904052734375,0.1139984130859375,0.1757965087890625,0.0814208984375,0.003997802734375,0.0001068115234375,0.6167755126953125,0.0,0.0824432373046875,0.1423187255859375,0.1410675048828125,0.016571044921875,0.000823974609375,0.0,3.023653946211602,6.395742111588034,9.940987868267328,9.99917277023343,-10.0,-9.999999703226612,9.999999999999998
chemical-burn2-e1515284193990-400x284.jpg,sakit,0,74.67695617675781,68.50889587402344,68.12989807128906,87.35791015625,9.172164916992188,74.70063781738281,143.51597595214844,28.02259635925293,101.34259033203125,854.9982329583963,0.7981320479842265,0.9533699980466995,0.6303599098095988,6.348322465081517,0.39737738731165123,0.6453399658203125,0.0,0.0,0.0,0.0025177001953125,0.050994873046875,0.1971588134765625,0.1039886474609375,0.6453399658203125,0.0,0.0,0.013275146484375,0.0468292236328125,0.0589141845703125,0.2145843505859375,0.02105712890625,0.6453857421875,0.00335693359375,0.0126953125,0.022735595703125,0.0219573974609375,0.05194091796875,0.1609344482421875,0.08099365234375,2.7145969113021575,6.192590725638821,9.32213970148234,9.371546582288598,-9.999999999652475,-9.999536592002636,9.999999999649292
cm 14-1WM-1.jpg,sakit,0,99.88127136230469,99.09646606445312,97.46842956542969,81.61187744140625,10.754348754882812,102.53738403320312,107.94750213623047,19.530048370361328,97.38409423828125,1857.7640354580187,0.5079281841348192,0.8962443051526271,0.42538068850615934,15.515927280645252,0.18105992396544876,0.462982177734375,0.0,0.0,0.0045166015625,0.0903778076171875,0.2153167724609375,0.1798858642578125,0.0469207763671875,0.462982177734375,0.0,0.0,0.0058746337890625,0.1256561279296875,0.1648101806640625,0.184112548828125,0.0565643310546875,0.462982177734375,3.0517578125e-05,0.0122222900390625,0.0167236328125,0.1168975830078125,0.162841796875,0.1652374267578125,0.0630645751953125,2.973080412385202,7.089552657026634,9.557716093611846,9.997020180288162,-9.999999999999968,9.999999212752165,-9.999999999999991
cm 5-7-2 (1)WM.jpg,sakit,0,50.211273193359375,51.2724609375,50.59637451171875,46.140106201171875,18.533493041992188,56.644317626953125,85.32227325439453,36.82201385498047,81.24602508544922,1850.8048158371712,0.619520747305384,0.827269775691947,0.5935374487931889,18.511428207301275,0.3524627389082536,0.652008056640625,0.0017547607421875,0.02825927734375,0.1179962158203125,0.09136962890625,0.0503082275390625,0.0328216552734375,0.025482177734375,0.652008056640625,0.0,0.0021209716796875,0.140380859375,0.0931243896484375,0.0558624267578125,0.032623291015625,0.0238800048828125,0.652008056640625,0.0046234130859375,0.03662109375,0.1010284423828125,0.084808349609375,0.05841064453125,0.0369415283203125,0.0255584716796875,2.7147920961876912,7.159534265621782,9.200266879436933,9.470621042280175,9.99999999992916,9.999849668199095,-9.999999999638746
cm2-1WM-1.jpg,sakit,0,85.51896667480469,76.99171447753906,79.70774841308594,123.59310913085938,18.61749267578125,87.30485534667969,149.23020935058594,23.794654846191406,84.13114929199219,1166.1187619612526,0.5073481428563641,0.9031152637433125,0.4324634506015191,12.853536501829488,0.18714247998776193,0.4689178466796875,0.0,0.0,0.0489349365234375,0.209381103515625,0.20867919921875,0.062286376953125,0.001800537109375,0.4689178466796875,0.0,0.0070343017578125,0.1619110107421875,0.185638427734375,0.14556884765625,0.030853271484375,7.62939453125e-05,0.4689178466796875,0.0001068115234375,0.0106964111328125,0.1391143798828125,0.168792724609375,0.151214599609375,0.0595855712890625,0.0015716552734375,3.0398251221497725,6.999924545313894,9.963406562784913,9.995462085098296,9.999999999999988,9.999998699959498,9.999999999999993
cm2-2WM-1.jpg,sakit,0,35.01206970214844,32.647857666015625,37.18778991699219,72.18844604492188,10.131240844726562,37.8992919921875,122.62858581542969,19.5986328125,65.95288848876953,750.1561161532663,0.7291844476573336,0.8941066749429796,0.7023123361840398,9.3598002537457,0.4933155332393992,0.734466552734375,0.0,0.042999267578125,0.0994110107421875,0.0620574951171875,0.038818359375,0.0190277099609375,0.0032196044921875,0.734466552734375,0.00030517578125,0.074615478515625,0.089447021484375,0.053680419921875,0.0339202880859375,0.01123046875,0.0023345947265625,0.734466552734375,0.0011749267578125,0.0287628173828125,0.0882110595703125,0.0695037841796875,0.043060302734375,0.027679443359375,0.00714111328125,2.970667946982699,7.9049046875609195,9.279548229621781,9.996002715671215,9.999999999999924,-9.999999781909768,-9.999999999999975
cm4-5-1WM-1.jpg,sakit,0,72.49223327636719,66.63601684570312,60.464263916015625,31.6534423828125,22.816452026367188,74.15005493164062,66.15019989013672,33.78433609008789,90.90473175048828,1933.4938520649732,0.573872182383591,0.8629640408306408,0.5348016280506226,18.25268991404081,0.2861685930545054,0.5817718505859375,0.0,0.000152587890625,0.035491943359375,0.1430206298828125,0.1143798828125,0.067230224609375,0.057952880859375,0.5817718505859375,0.0,0.0001068115234375,0.1222076416015625,0.1285552978515625,0.0625457763671875,0.05462646484375,0.0501861572265625,0.5817718505859375,0.002532958984375,0.0379791259765625,0.1596527099609375,0.0865631103515625,0.052520751953125,0.0367584228515625,0.0422210693359375,2.764053896181034,8.292147743438258,9.837438582391348,9.368029549947908,-9.999999999875874,-9.999908460922068,9.99999999987772
cm6-8-2WM-1.jpg,sakit,0,63.0989990234375,61.63920593261719,59.51249694824219,58.16357421875,11.587615966796875,64.80636596679688,95.75920104980469,22.596542358398438,81.0015640258789,1016.7539732910383,0.5970412557040358,0.9162211744267706,0.5519333363314521,12.116126418104429,0.30472782038666896,0.5860137939453125,0.0,0.0195465087890625,0.1107025146484375,0.108795166015625,0.100006103515625,0.055999755859375,0.0189361572265625,0.5860137939453125,0.0,0.038665771484375,0.1121063232421875,0.10247802734375,0.0840911865234375,0.059356689453125,0.0172882080078125,0.5860137939453125,0.00177001953125,0.0507354736328125,0.115020751953125,0.0981597900390625,0.0829925537109375,0.0538330078125,0.011474609375,2.9277401825476,6.51618845332266,9.634919877779163,9.910459554750034,-9.99999999999989,9.999991538230608,9.99999999999454
cow-hoof-with-FMD-sores-600px_jpg.rf.86afd67f9e5b83ed050d1817d6533408.jpg,sakit,0,97.7059326171875,95.599853515625,90.05653381347656,42.95355224609375,12.780502319335938,99.36529541015625,68.12126159667969,23.040884017944336,114.27775573730469,1050.7048594110445,0.653695224887017,0.9569277275916632,0.5486190047525296,9.11386237191158,0.30100169621144984,0.5618133544921875,0.0,0.0,4.57763671875e-05,0.02532958984375,0.0505218505859375,0.0852813720703125,0.277008056640625,0.5618133544921875,0.0,0.0,0.0,0.0406036376953125,0.056610107421875,0.108642578125,0.232330322265625,0.5618133544921875,0.0,0.00177001953125,0.0252532958984375,0.0499725341796875,0.073486328125,0.1037750244140625,0.183929443359375,2.73439725649507,6.439158374100143,9.551220974083646,9.713201148098896,-9.999999999956662,-9.999828582828828,9.999999999969704
ct 1-1 (1)WM-1.jpg,sakit,0,56.183441162109375,46.157867431640625,37.33563232421875,9.356414794921875,27.609268188476562,56.35646057128906,20.817914962768555,43.62070083618164,85.1935043334961,540.6669995399163,0.7211075432604575,0.9491639520719276,0.6685957560051886,6.1677273602073415,0.44708223800283897,0.6855621337890625,0.0,3.0517578125e-05,0.0149078369140625,0.0819549560546875,0.1089019775390625,0.070587158203125,0.038055419921875,0.6855621337890625,0.0,0.0014190673828125,0.0867462158203125,0.120452880859375,0.087005615234375,0.0186767578125,0.0001373291015625,0.6858367919921875,0.0099639892578125,0.079315185546875,0.0953216552734375,0.088775634765625,0.0395660400390625,0.001129150390625,9.1552734375e-05,2.7522034970866036,6.9090673748641445,8.682117330524031,9.217577283439141,9.999999998176317,9.999348696133364,9.999999998771877
ct 2-3-1 (1)WM-1.jpg,sakit,0,158.0910186767578,137.40985107421875,98.93986511230469,44.06884765625,72.39433288574219,158.93032836914062,56.467018127441406,60.360225677490234,93.26502227783203,2335.86565418303,0.3130344762221982,0.8266414985284213,0.20453813445102562,19.520962359965015,0.04194576238366048,0.2467803955078125,0.0,0.0,0.0028076171875,0.0213775634765625,0.1387176513671875,0.3537139892578125,0.236602783203125,0.2467803955078125,0.0,0.0,0.0002899169921875,0.136810302734375,0.34881591796875,0.2339324951171875,0.0333709716796875,0.2467803955078125,0.000762939453125,0.1299285888671875,0.324493408203125,0.139251708984375,0.0471343994140625,0.08038330078125,0.0312652587890625,3.0735990381126572,8.372919669049779,9.936653270276366,9.96581652278441,9.999999999999606,9.999999962936483,-9.999999999999913
ct 2-3-2 (1)WM-1.jpg,sakit,0,157.71420288085938,133.06759643554688,92.39642333984375,30.333984375,75.25456237792969,158.04051208496094,30.54911231994629,57.711307525634766,100.3098373413086,2067.278033336318,0.3356842559974613,0.8604708667587241,0.2391956532078279,18.176279630042462,0.057322079325616886,0.2763824462890625,0.0,0.0,0.0020751953125,0.0229339599609375,0.1031646728515625,0.2512054443359375,0.34423828125,0.2763824462890625,0.0,0.0,0.00640869140625,0.1204833984375,0.2816162109375,0.3056793212890625,0.009429931640625,0.2764892578125,0.0045318603515625,0.0880279541015625,0.2647247314453125,0.289337158203125,0.0539093017578125,0.022674560546875,0.00030517578125,3.0534181999439283,8.65978401321851,9.94468266623701,9.922134432398698,9.99999999999862,-9.999996140738363,9.999999999999813
ct 3-4-2WM-1.jpg,sakit,0,41.70442199707031,41.86213684082031,43.18620300292969,45.830780029296875,6.58868408203125,45.01774597167969,94.58867645263672,18.689062118530273,85.84675598144531,920.3380001557576,0.7917154816624619,0.9286274716569269,0.7644936429811944,7.478501026453661,0.5844726820078038,0.7794342041015625,0.0,0.0,0.0032806396484375,0.0394134521484375,0.075927734375,0.066314697265625,0.0356292724609375,0.7794342041015625,0.0,0.0,0.001922607421875,0.0449676513671875,0.0684051513671875,0.0662841796875,0.0389862060546875,0.7801361083984375,0.00128173828125,0.004119873046875,0.0091400146484375,0.0216522216796875,0.0539703369140625,0.0633544921875,0.06634521484375,2.6447320577300997,5.648834340454428,8.989515085704781,9.443511185211234,9.999999999488645,9.998387416389374,-9.99999999978665
dry-skin-crack-6-400x284.jpg,sakit,0,110.91676330566406,81.73689270019531,78.23989868164062,13.76025390625,39.37408447265625,110.91676330566406,59.338470458984375,40.84016036987305,109.5296859741211,644.3711811981353,0.5944487048014447,0.9598709867544143,0.467651497220463,7.201837651103742,0.21873978398999835,0.485382080078125,0.0,0.0,0.0,0.0234832763671875,0.0767974853515625,0.173553466796875,0.24078369140625,0.485382080078125,0.0,0.0009765625,0.085540771484375,0.1513214111328125,0.2144317626953125,0.0623016357421875,4.57763671875e-05,0.485382080078125,6.103515625e-05,0.02044677734375,0.0986785888671875,0.1595306396484375,0.1910858154296875,0.0448150634765625,0.0,2.9701526430495893,7.667230414985332,9.578786429790966,9.976263822324963,9.999999999999403,9.999997509063288,9.999999999999561
eufmd-lesions_48574191306_o.jpg,sakit,0,94.53665161132812,87.21095275878906,85.4697265625,61.279571533203125,14.250274658203125,95.25717163085938,115.92989349365234,22.69737434387207,98.58497619628906,3820.222693218984,0.4703505988002947,0.7770996152641332,0.4334107040911532,29.134814390203655,0.188085673999967,0.5060272216796875,0.0,0.0,0.0016937255859375,0.0717010498046875,0.1928863525390625,0.1472320556640625,0.0804595947265625,0.5060272216796875,0.0,0.000213623046875,0.0054779052734375,0.1667022705078125,0.1691741943359375,0.109649658203125,0.042755126953125,0.5060272216796875,0.0,0.002593994140625,0.02117919921875,0.1672515869140625,0.16180419921875,0.1024627685546875,0.0386810302734375,2.8925816037189898,7.435591263489098,9.391829281780861,9.852364169905709,9.99999999998413,9.999967466553834,9.999999999988566
eufmd-lesions_48583485347_o.jpg,sakit,0,85.51896667480469,76.99171447753906,79.70774841308594,123.59310913085938,18.61749267578125,87.30485534667969,149.23020935058594,23.794654846191406,84.13114929199219,1166.1187619612526,0.5073481428563641,0.9031152637433125,0.4324634506015191,12.853536501829488,0.18714247998776193,0.4689178466796875,0.0,0.0,0.0489349365234375,0.209381103515625,0.20867919921875,0.062286376953125,0.001800537109375,0.4689178466796875,0.0,0.0070343017578125,0.1619110107421875,0.185638427734375,0.14556884765625,0.030853271484375,7.62939453125e-05,0.4689178466796875,0.0001068115234375,0.0106964111328125,0.1391143798828125,0.168792724609375,0.151214599609375,0.0595855712890625,0.0015716552734375,3.0398251221497725,6.999924545313894,9.963406562784913,9.995462085098296,9.999999999999988,9.999998699959498,9.999999999999993
eufmd-lesions_48597919121_o.jpg,sakit,0,61.09111022949219,58.89909362792969,57.19892883300781,51.857452392578125,11.903427124023438,62.73236083984375,97.18999481201172,22.72630500793457,82.32522583007812,1038.575883086169,0.63661676795084,0.9158964948710041,0.5778738763679235,11.337868909021743,0.33401028913395875,0.60748291015625,0.0,0.001434326171875,0.1139373779296875,0.1347198486328125,0.0578765869140625,0.0500946044921875,0.034454345703125,0.60748291015625,0.0,0.0028076171875,0.1550750732421875,0.1056060791015625,0.0489349365234375,0.0399627685546875,0.040130615234375,0.60748291015625,0.0034637451171875,0.0283050537109375,0.1413116455078125,0.10150146484375,0.042877197265625,0.03656005859375,0.0384979248046875,2.9529206420805822,6.781917952030201,9.602904463239314,9.552608371384894,9.999999999891077,9.999860754245532,-9.999999999932005
eufmd-lesions_48598118711_o.jpg,sakit,0,46.45758056640625,49.24705505371094,51.9039306640625,66.10223388671875,12.0909423828125,53.12847900390625,102.3781967163086,20.794231414794922,77.1123046875,756.9274153589339,0.7452075709184031,0.92340384527445,0.6452655654171328,7.5221411310976825,0.41641359382246623,0.6694793701171875,0.0,0.0001068115234375,0.07421875,0.2330780029296875,0.0231170654296875,0.0,0.0,0.6694793701171875,0.0,0.0006256103515625,0.08349609375,0.073028564453125,0.17327880859375,9.1552734375e-05,0.0,0.6694793701171875,0.0016632080078125,0.0069122314453125,0.0719757080078125,0.051025390625,0.1706390380859375,0.0283050537109375,0.0,2.626298170450698,6.075896802456359,8.96030456179551,9.25129425156776,9.999999999030136,9.998361271575222,-9.99999999905378
eufmd-lesions_48598119071_o.jpg,sakit,0,39.32392883300781,36.5416259765625,35.66035461425781,29.30780029296875,6.422332763671875,39.70793151855469,85.84983825683594,17.451751708984375,79.52349853515625,1173.8150332699877,0.7928843366540427,0.895126649632302,0.7648128220598753,9.647929215883906,0.5849811224240266,0.7917633056640625,0.0,0.0001678466796875,0.013580322265625,0.0565948486328125,0.0270538330078125,0.045867919921875,0.064971923828125,0.7917633056640625,0.0,0.0,0.029693603515625,0.060791015625,0.03662109375,0.0442352294921875,0.036895751953125,0.7917633056640625,0.001495361328125,0.0013580322265625,0.036895751953125,0.05645751953125,0.0336151123046875,0.0420989990234375,0.03631591796875,2.5556862987922715,5.747302580643633,8.044485634018404,8.857081021693125,9.99999998180531,9.994309990710958,9.999999994512109
eufmd-lesions_48598259742_o.jpg,sakit,0,71.12217712402344,67.89132690429688,65.21151733398438,48.844940185546875,13.32208251953125,72.68980407714844,89.73439025878906,24.40448570251465,86.92684936523438,1474.426175505365,0.5982828369923715,0.8902548084185788,0.5380847069929003,14.034749258243622,0.28957864870953287,0.57281494140625,0.0,0.0003814697265625,0.0448760986328125,0.1709136962890625,0.095794677734375,0.0898284912109375,0.025390625,0.57281494140625,0.0,0.0009002685546875,0.0724029541015625,0.1804962158203125,0.083984375,0.0796661376953125,0.009735107421875,0.57281494140625,0.0012969970703125,0.0079498291015625,0.115997314453125,0.143646240234375,0.0752716064453125,0.06939697265625,0.0136260986328125,2.904115829010058,6.779306235667244,9.13366833217896,9.588226065423491,9.999999999782467,9.999780432212171,9.999999999997144
exfol2-400x284.jpg,sakit,0,87.0631103515625,75.06855773925781,66.48539733886719,17.345367431640625,31.958709716796875,87.68333435058594,42.95597839355469,40.075889587402344,89.45124053955078,757.0759381968164,0.6680559040100774,0.9412696434241687,0.47841787918129536,7.708393813243535,0.22894415636170795,0.502288818359375,0.0,0.0,0.0140838623046875,0.107208251953125,0.2284698486328125,0.14794921875,0.0,0.502288818359375,0.0,3.0517578125e-05,0.1449737548828125,0.136383056640625,0.1818084716796875,0.034515380859375,0.0,0.5025787353515625,0.0028076171875,0.0866851806640625,0.149688720703125,0.103546142578125,0.1541900634765625,0.0005035400390625,0.0,3.054808075595641,7.709258076033034,9.970209788822581,9.919449201795684,9.999999999999158,9.999992516803868,-9.99999999999935
feet_2-3 daysJMOKWM.jpg,sakit,0,66.46165466308594,65.91923522949219,64.47172546386719,31.8046875,11.402481079101562,69.9730224609375,70.00753021240234,25.832073211669922,103.07469940185547,2600.9181019911734,0.699815506989519,0.8651370986779287,0.6342432548104885,18.393268671204048,0.4023322717998106,0.6768646240234375,0.0,0.0,0.0193023681640625,0.041229248046875,0.0533599853515625,0.07183837890625,0.1374053955078125,0.6768646240234375,0.0,1.52587890625e-05,0.0010528564453125,0.066192626953125,0.0585479736328125,0.067108154296875,0.130218505859375,0.6768646240234375,0.00030517578125,0.0050048828125,0.0259552001953125,0.038604736328125,0.0616302490234375,0.0618438720703125,0.129791259765625,2.7798198237115286,6.330177585534967,9.23779708682269,9.768552465740232,9.99999999997907,-9.999898455888806,9.999999999947953
foot-and-mougth-14-_jpg.rf.04bb47f752219184e2821b98c5e6acfc.jpg,sakit,0,41.57725524902344,41.522705078125,43.68888854980469,58.022216796875,19.593048095703125,47.1795654296875,101.05113220214844,29.69832420349121,63.49608612060547,380.34336553142816,0.6944897514340228,0.9416709745365953,0.6064699323191985,5.81116559832502,0.36786840646854874,0.6296234130859375,0.0028076171875,0.172027587890625,0.0672760009765625,0.0613555908203125,0.0665130615234375,0.000396728515625,0.0,0.6296234130859375,0.000152587890625,0.1196441650390625,0.147705078125,0.083526611328125,0.01922607421875,0.0001220703125,0.0,0.6296234130859375,0.00537109375,0.0496673583984375,0.200347900390625,0.0967559814453125,0.0178985595703125,0.000335693359375,0.0,2.988727320957526,6.579461670032634,9.969080574367894,9.985596442925829,9.999999999999998,-9.999993802363983,-9.999999999999927
foot-and-mougth-23-_jpg.rf.c8bdfe934aab41cab9f187980be016fe.jpg,sakit,0,80.21757507324219,64.89697265625,46.28857421875,13.42926025390625,41.17173767089844,80.39952087402344,18.327030181884766,57.70169448852539,103.52207946777344,2435.2160200054523,0.6061623777273771,0.839436670586975,0.5706317228818691,18.8808750460081,0.32576047784477274,0.6173553466796875,0.0,0.0,0.0,0.0257110595703125,0.0720977783203125,0.143646240234375,0.1411895751953125,0.6173553466796875,0.0,0.0,0.0157623291015625,0.1369781494140625,0.14080810546875,0.074310302734375,0.0147857666015625,0.6173553466796875,0.0089263916015625,0.0816650390625,0.15753173828125,0.07354736328125,0.0457763671875,0.0146942138671875,0.0005035400390625,2.792902124175923,6.871652323685277,9.287549651038585,9.506746292002479,9.999999999756971,-9.999918885091555,9.999999999877634
foot-and-mougth-7-_jpg.rf.5652d3486a35f37d6e6e31d9fc960b0f.jpg,sakit,0,27.83941650390625,26.41326904296875,27.190444946289062,44.22222900390625,8.361236572265625,29.010208129882812,95.13478088378906,17.272581100463867,51.507965087890625,704.2323674639579,0.7133121839579273,0.8455096907950183,0.6862509721953228,9.907228812384643,0.4711225565482849,0.7303314208984375,0.000274658203125,0.1519927978515625,0.0584564208984375,0.0323638916015625,0.02178955078125,0.0034637451171875,0.0013275146484375,0.7303314208984375,0.002532958984375,0.166839599609375,0.0490264892578125,0.03515625,0.011871337890625,0.0032196044921875,0.0010223388671875,0.7303314208984375,0.022216796875,0.1399078369140625,0.050445556640625,0.0247344970703125,0.023773193359375,0.00738525390625,0.0012054443359375,2.729909327114675,7.355226687505443,9.903932825812465,9.353036278383547,-9.999999999864052,-9.999800875646416,9.999999999978643
foot_1.jpg,sakit,0,91.26010131835938,88.82106018066406,87.97076416015625,88.92733764648438,8.875778198242188,92.60089111328125,129.76075744628906,14.196981430053711,101.15823364257812,1788.1099793934266,0.6012413252589657,0.9068357010370932,0.5046514870535581,13.56296770951394,0.25476432089874984,0.5374755859375,0.0,0.0,0.000701904296875,0.028594970703125,0.1627044677734375,0.1859283447265625,0.0845947265625,0.5374755859375,0.0,0.0,0.0,0.0711669921875,0.139312744140625,0.205810546875,0.046234130859375,0.5374755859375,0.0,0.0,0.015625,0.066986083984375,0.135406494140625,0.1802978515625,0.064208984375,2.819736261508514,6.90039123869273,9.586897581269383,9.630241774897804,9.99999999991513,9.999795612283368,-9.999999999992598
foot_10.jpg,sakit,0,78.24519348144531,76.99359130859375,73.28834533691406,32.807586669921875,11.161239624023438,80.18930053710938,68.77359771728516,20.497295379638672,105.8417739868164,1790.9738694035502,0.6981078356891798,0.9137341367692658,0.6003744959479694,12.484506019450109,0.3604764211503722,0.6282501220703125,0.0,0.0,0.0,0.026702880859375,0.093719482421875,0.1024169921875,0.1489105224609375,0.6282501220703125,0.0,0.0,1.52587890625e-05,0.0234832763671875,0.1110992431640625,0.121826171875,0.115325927734375,0.6282501220703125,0.0,0.0,0.0140838623046875,0.06182861328125,0.1093292236328125,0.0772552490234375,0.1092529296875,2.774736411653334,6.412046270391861,9.224830751815594,9.151160107787272,-9.999999998559337,-9.99851436055721,9.999999999918915
foot_11.jpg,sakit,0,82.01383972167969,80.73634338378906,78.3126220703125,54.944915771484375,14.49609375,84.91448974609375,88.31705474853516,19.91299057006836,87.72223663330078,2161.5547125155376,0.5012010779495107,0.8464906613623838,0.44247137982421186,19.8491391224162,0.19592433851962296,0.4984588623046875,0.0,0.0,0.0552825927734375,0.210662841796875,0.128082275390625,0.0741424560546875,0.0333709716796875,0.4984588623046875,0.0,1.52587890625e-05,0.0745391845703125,0.2180328369140625,0.10540771484375,0.0726470947265625,0.0308990478515625,0.4984588623046875,0.0,0.0029449462890625,0.1206817626953125,0.1716156005859375,0.1123809814453125,0.0694122314453125,0.024505615234375,2.885186816474655,6.953055776643101,9.65236554427112,9.90727438188701,-9.999999999995678,-9.999965779280139,-9.999999999996461
foot_12.jpg,sakit,0,69.9036865234375,61.54499816894531,50.31767272949219,15.41961669921875,28.361068725585938,69.91212463378906,33.480777740478516,39.590824127197266,89.1157455444336,2316.827345027837,0.5784688073833167,0.820358401593264,0.5574539664327519,21.23381310247543,0.3108828115796853,0.604827880859375,0.0,0.0,0.0137939453125,0.13458251953125,0.12103271484375,0.076171875,0.049591064453125,0.604827880859375,0.0,1.52587890625e-05,0.097808837890625,0.1400299072265625,0.088653564453125,0.0502777099609375,0.0183868408203125,0.604827880859375,0.002410888671875,0.0607147216796875,0.153106689453125,0.11553955078125,0.0468902587890625,0.0137176513671875,0.0027923583984375,2.684620610924817,6.552494906539477,8.916877065794733,9.357249350306109,-9.99999999924064,-9.99927913233759,9.999999999508288
foot_13.jpeg,sakit,0,89.97047424316406,84.51499938964844,80.81488037109375,37.5538330078125,14.748123168945312,90.7783203125,85.79595947265625,25.290592193603516,102.89414978027344,2820.41509587188,0.5900669001494177,0.8536660289234144,0.497454342816594,21.421478641746393,0.24765725444670553,0.550323486328125,0.0,0.0003509521484375,0.001373291015625,0.03778076171875,0.1820526123046875,0.1077117919921875,0.1204071044921875,0.550323486328125,0.0,1.52587890625e-05,0.0018768310546875,0.13958740234375,0.13043212890625,0.072723388671875,0.10504150390625,0.550323486328125,0.0,0.00091552734375,0.048980712890625,0.1414337158203125,0.0946197509765625,0.0613250732421875,0.1024017333984375,2.8486498957401833,7.118975497660113,9.507622508927085,9.670919316039326,-9.999999999943427,9.999959470774893,-9.99999999994914
foot_13.jpg,sakit,0,111.02972412109375,104.56596374511719,101.12596130371094,68.942138671875,22.025375366210938,113.77938842773438,98.49022674560547,34.78556823730469,95.07064056396484,951.9558657172647,0.5653254165892736,0.9412100409789205,0.3809495391042674,9.03985975868117,0.1451658810263833,0.4037628173828125,0.0,0.0,0.0025787353515625,0.0612335205078125,0.2339324951171875,0.298492431640625,0.0,0.4037628173828125,0.0,0.0,0.077972412109375,0.0993499755859375,0.13995361328125,0.278961181640625,0.0,0.4037628173828125,0.000213623046875,0.0460662841796875,0.1009521484375,0.0492706298828125,0.12646484375,0.265167236328125,0.0081024169921875,2.944966030173129,7.39489826689447,9.743568647549786,9.810207252694719,9.999999999989218,9.999967139989705,-9.99999999998844
foot_14.jpg,sakit,0,129.4811248779297,99.26788330078125,97.02497863769531,97.41015625,45.71687316894531,129.6776580810547,147.03091430664062,45.6800537109375,99.34467315673828,1759.6382081451004,0.3514126426038882,0.8756070264897389,0.31504379242789665,21.412932007941652,0.09930010081047048,0.351959228515625,0.0,6.103515625e-05,0.0126953125,0.0794525146484375,0.1613616943359375,0.20904541015625,0.1854248046875,0.351959228515625,0.0001220703125,0.0229339599609375,0.1594085693359375,0.1792449951171875,0.180816650390625,0.0927886962890625,0.012725830078125,0.351959228515625,0.000885009765625,0.07427978515625,0.14501953125,0.15020751953125,0.14886474609375,0.114532470703125,0.014251708984375,3.0661585919893715,7.351129503083052,9.858957825442737,9.98007246386576,9.999999999999986,9.999999727487918,9.999999999999726
foot_15.jpg,sakit,0,114.80682373046875,104.00639343261719,88.51254272460938,26.186065673828125,31.633346557617188,114.90145874023438,47.85765075683594,35.96723937988281,111.49286651611328,1788.565850767133,0.5046458756013158,0.9159136612276892,0.4377235829496849,16.109736634297573,0.19167041491601308,0.4747467041015625,0.0,0.0,6.103515625e-05,0.02386474609375,0.0943756103515625,0.1343841552734375,0.2725677490234375,0.4747467041015625,0.0,0.0,0.011016845703125,0.074188232421875,0.1214752197265625,0.1913604736328125,0.1272125244140625,0.474761962890625,0.0002288818359375,0.0135955810546875,0.063690185546875,0.127471923828125,0.1868743896484375,0.0951995849609375,0.038177490234375,3.0644064724120317,7.360717732747878,9.912166724748658,9.929771187128393,-9.999999999998579,9.99999883890544,-9.999999999999487
foot_2.jpg,sakit,0,49.14324951171875,44.348480224609375,40.3658447265625,11.34564208984375,11.983413696289062,49.17498779296875,37.94010543823242,25.61189842224121,85.8076400756836,575.1516137143454,0.7437640880964143,0.9546589746598492,0.7235051935940865,7.260349593461875,0.5234822712019612,0.742523193359375,0.0,0.0,0.0197296142578125,0.0433197021484375,0.0563201904296875,0.07110595703125,0.0670013427734375,0.742523193359375,0.0,3.0517578125e-05,0.042022705078125,0.0618896484375,0.0604095458984375,0.066436767578125,0.0266876220703125,0.742523193359375,0.0001068115234375,0.015655517578125,0.06024169921875,0.05914306640625,0.05792236328125,0.052520751953125,0.0118865966796875,3.1139799349496817,7.339407138277871,9.937853788824189,9.958685146445458,-9.999999999999526,9.999993710073497,-9.999999999999748
foot_3.jpg,sakit,0,57.60789489746094,47.96124267578125,41.15232849121094,16.98736572265625,26.446945190429688,58.38893127441406,40.57419204711914,42.451988220214844,83.17192840576172,999.2307944572991,0.672642789510554,0.9016035339930593,0.623729560985319,10.509129740180438,0.38912876430124616,0.65655517578125,0.0,0.000152587890625,0.0493927001953125,0.1038055419921875,0.1071319580078125,0.0503082275390625,0.03265380859375,0.65655517578125,0.0,0.0006866455078125,0.1333770751953125,0.143707275390625,0.04425048828125,0.0155029296875,0.00592041015625,0.65655517578125,0.0038299560546875,0.0784759521484375,0.1450653076171875,0.071319580078125,0.0350494384765625,0.0059967041015625,0.0037078857421875,2.844563695236702,7.219496956282456,9.581817810163596,9.643816147013142,-9.999999999976502,9.99990667045499,9.999999999924395
foot_4.jpg,sakit,0,80.74201965332031,79.807373046875,77.53390502929688,57.487091064453125,14.914871215820312,84.06295776367188,89.7727279663086,21.478424072265625,88.61538696289062,2675.134933631039,0.4977635055994211,0.8132594463437789,0.44484122263037595,23.180199366759282,0.1979735527311818,0.509796142578125,0.0,0.0,0.05029296875,0.1978759765625,0.131134033203125,0.0792694091796875,0.0316314697265625,0.509796142578125,0.0,0.0,0.0646209716796875,0.2086944580078125,0.109344482421875,0.0751800537109375,0.0323638916015625,0.509796142578125,0.0,0.0075225830078125,0.104217529296875,0.160736083984375,0.116241455078125,0.0738525390625,0.0276336669921875,2.874401842883306,6.917969404996084,9.632302850628085,9.90301776632974,-9.999999999994442,-9.999962262921038,-9.999999999997092
foot_6.jpg,sakit,0,80.48377990722656,62.555419921875,45.346527099609375,14.5269775390625,54.058197021484375,80.48410034179688,20.240873336791992,61.029396057128906,85.93305969238281,330.76282438772876,0.574326100642866,0.9674900363674631,0.5061313341999931,6.441541954547152,0.25620050282950013,0.5231781005859375,0.0,0.00262451171875,0.0294036865234375,0.10919189453125,0.2652587890625,0.0691680908203125,0.0011749267578125,0.5231781005859375,0.000244140625,0.0494232177734375,0.145599365234375,0.21844482421875,0.0599822998046875,0.0031280517578125,0.0,0.5274200439453125,0.0724334716796875,0.168914794921875,0.1633758544921875,0.0567779541015625,0.01092529296875,0.000152587890625,0.0,3.1085098867663414,6.835495783901785,9.989909011118577,9.999000677480298,10.0,9.999999626194644,10.0
foot_8.jpg,sakit,0,127.76785278320312,114.48794555664062,107.21676635742188,51.63409423828125,25.745025634765625,128.17173767089844,94.87162017822266,44.09373092651367,110.26171112060547,1424.3289095438786,0.5446710360201827,0.9333950707649076,0.391996826996567,12.890749487916805,0.15370439634438846,0.416351318359375,0.0,0.0,4.57763671875e-05,0.0227508544921875,0.0818634033203125,0.1435089111328125,0.335479736328125,0.416351318359375,0.0,0.0,0.032440185546875,0.1162872314453125,0.11480712890625,0.08416748046875,0.2359466552734375,0.416351318359375,0.001007080078125,0.0363006591796875,0.084808349609375,0.098175048828125,0.0719757080078125,0.062103271484375,0.229278564453125,2.852527852248604,8.701692389843114,9.911609294096007,9.698389943054064,-9.999999999979375,-9.999982141768044,-9.999999999998055
footlesion2WM-1.jpg,sakit,0,86.16844177246094,77.75520324707031,68.43367004394531,28.6395263671875,25.587875366210938,87.04884338378906,62.643367767333984,36.11396026611328,98.94229888916016,1794.4056006291903,0.5592600398509514,0.8906211959865994,0.5061854453263114,16.990258332332157,0.2562841405165882,0.5461578369140625,0.0001678466796875,0.0006866455078125,0.024627685546875,0.1002960205078125,0.0907135009765625,0.1332244873046875,0.1041259765625,0.5461578369140625,0.0,0.00079345703125,0.070892333984375,0.1160430908203125,0.1116943359375,0.1164703369140625,0.0379486083984375,0.5461578369140625,0.0027923583984375,0.03106689453125,0.1134033203125,0.1256256103515625,0.1175689697265625,0.032440185546875,0.03094482421875,2.9611847516336227,6.6884365764293205,9.984556693702357,9.979999488265092,-9.99999999999992,9.999996172163483,-9.999999999999973
footlesionWM-1.jpg,sakit,0,94.61595153808594,87.39912414550781,85.62925720214844,61.259033203125,14.453781127929688,95.48625183105469,114.6370620727539,23.314390182495117,99.25529479980469,4628.794685797943,0.4571357470938457,0.7335047723959637,0.42395277550263305,34.11275814475828,0.17992236989692711,0.5078887939453125,0.0,0.0,0.0021209716796875,0.0706787109375,0.1864776611328125,0.1440277099609375,0.08880615234375,0.5078887939453125,0.0,0.00018310546875,0.0058746337890625,0.1646575927734375,0.1616668701171875,0.110107421875,0.04962158203125,0.5078887939453125,3.0517578125e-05,0.0030975341796875,0.0235595703125,0.162811279296875,0.1551971435546875,0.100982666015625,0.0464324951171875,2.8871655773361553,7.513035605360004,9.413829590075553,9.863053265820493,9.999999999985858,9.999972825502846,9.99999999999137
hyp1-e1515373528892-940x1024-1-400x284.jpg,sakit,0,28.470901489257812,29.427536010742188,29.573959350585938,27.106414794921875,4.969635009765625,30.719818115234375,65.99806213378906,12.487412452697754,67.31351470947266,666.6333072968629,0.8313569710851914,0.9186740690470517,0.8026531500222681,6.26105266588102,0.6442904255778951,0.8205718994140625,0.0,0.0,0.0394439697265625,0.0633392333984375,0.044097900390625,0.01788330078125,0.0146636962890625,0.8205718994140625,0.0,0.0,0.0374755859375,0.0494232177734375,0.05718994140625,0.02008056640625,0.0152587890625,0.8205718994140625,0.0,0.00103759765625,0.0251922607421875,0.05816650390625,0.0606231689453125,0.019256591796875,0.0151519775390625,2.781450386509799,6.597096147560196,8.996968889103407,9.62861918143319,9.999999999814944,-9.999972411989173,9.999999999910541
hyp2-e1515373564252-729x1024-1-400x284.jpg,sakit,0,110.67359924316406,86.29408264160156,57.985931396484375,17.159515380859375,58.30973815917969,110.74777221679688,22.519624710083008,80.05658721923828,119.17002868652344,488.40427727612405,0.6556264794419026,0.9758529284686644,0.5213771184234646,5.516104714820831,0.27186316468522104,0.532196044921875,0.0,0.0,0.0,0.0061492919921875,0.0238800048828125,0.0628509521484375,0.3749237060546875,0.532196044921875,0.0,0.0,0.0570068359375,0.115203857421875,0.1297149658203125,0.025054931640625,0.1408233642578125,0.5490570068359375,0.100341796875,0.114044189453125,0.06512451171875,0.0260467529296875,0.02294921875,0.031982421875,0.0904541015625,3.0114306697459168,7.393552099051341,9.630005269134584,9.775983343542782,9.999999999976797,9.999970633197936,-9.999999999984464
hyp22-e1515374029867-1024x742-1-400x284.jpg,sakit,0,39.790435791015625,32.63331604003906,20.85601806640625,6.7459716796875,23.895797729492188,39.790435791015625,14.069917678833008,54.00220489501953,79.92935180664062,443.4896761387037,0.8300097965775955,0.9513532267488295,0.7880552533399025,3.931908791026011,0.6210472882734119,0.7996063232421875,0.0,0.0,0.0,0.00042724609375,0.0758209228515625,0.0996551513671875,0.0244903564453125,0.7996063232421875,0.0,0.0,0.004547119140625,0.0913848876953125,0.0813446044921875,0.02288818359375,0.0002288818359375,0.80718994140625,0.0393524169921875,0.028350830078125,0.060394287109375,0.0498046875,0.010284423828125,0.0046234130859375,0.0,3.022016056202166,6.379753459226543,9.944263487466257,9.985160996773773,9.999999999999917,9.999991322069048,-9.999999999999936
hyp23-e1515374144420-1024x787-1-400x284.jpg,sakit,0,105.97412109375,74.02127075195312,53.91310119628906,15.636077880859375,83.35716247558594,105.97412109375,13.935150146484375,67.00703430175781,76.3056640625,586.550219257609,0.6702222096722029,0.9171172690117287,0.32358643549825933,7.644952737887991,0.10477631429717743,0.3350372314453125,0.0,0.0,0.0306396484375,0.26312255859375,0.3523712158203125,0.0187835693359375,4.57763671875e-05,0.3350372314453125,0.0,0.09869384765625,0.4517974853515625,0.0811920166015625,0.03204345703125,0.0012359619140625,0.0,0.3565216064453125,0.067901611328125,0.464813232421875,0.0601043701171875,0.0377197265625,0.0125579833984375,0.0003814697265625,0.0,3.01402648708145,8.280816935790735,9.616522127491614,9.961921049139187,-9.999999999999565,9.999998204054727,9.999999999998632
images (3).jpeg,sakit,0,91.34422302246094,88.89485168457031,88.04421997070312,88.90200805664062,8.900238037109375,92.68977355957031,129.73385620117188,14.232536315917969,101.17286682128906,1814.0799687045926,0.6007476257162132,0.9054917465714172,0.5037698143465126,13.719129062807331,0.25387406958435826,0.5370635986328125,0.0,0.0,0.000732421875,0.0288238525390625,0.1628570556640625,0.1859893798828125,0.08453369140625,0.5370635986328125,0.0,0.0,0.0,0.071197509765625,0.139495849609375,0.2056732177734375,0.04656982421875,0.5370635986328125,0.0,0.0,0.015625,0.067291259765625,0.1351165771484375,0.1804351806640625,0.0644683837890625,2.8203733982153136,6.902538539470702,9.589270359264694,9.630223444135183,9.999999999915488,9.999796063161,-9.99999999999274
images.jpeg,sakit,0,84.24742126464844,74.75468444824219,69.9827880859375,36.697357177734375,20.858291625976562,84.46638488769531,87.7547607421875,31.074949264526367,98.9852523803711,1310.1524811166971,0.5882274173978134,0.9210238186456046,0.5341401797630222,12.621549651626381,0.2853950716691272,0.5683441162109375,0.0,0.0,0.003082275390625,0.06744384765625,0.11309814453125,0.163665771484375,0.0843658447265625,0.5683441162109375,0.0,0.0,0.0466766357421875,0.111419677734375,0.1504058837890625,0.076934814453125,0.0462188720703125,0.5683441162109375,0.0,0.0216064453125,0.087432861328125,0.0957794189453125,0.1099853515625,0.075775146484375,0.04107666015625,3.0003412879136677,7.352537891716954,9.680528932918174,9.701045345347815,9.999999999957973,9.999914183754093,-9.999999999984984
img1025.jpg,sakit,0,112.48143005371094,100.42840576171875,85.73587036132812,22.494476318359375,37.743621826171875,113.34176635742188,29.30631446838379,34.88438034057617,94.03759765625,3817.3388497550172,0.3748913735958792,0.7367558963958433,0.3258954878026356,29.651035616421456,0.10652832620878888,0.4012298583984375,0.0,0.0,0.0008087158203125,0.0407257080078125,0.3113250732421875,0.2130126953125,0.03289794921875,0.4012298583984375,0.0,0.0,0.000244140625,0.2348175048828125,0.2759246826171875,0.0852203369140625,0.0025634765625,0.401580810546875,0.00079345703125,0.0048370361328125,0.161773681640625,0.289642333984375,0.123321533203125,0.016876220703125,0.0011749267578125,2.980537307484571,8.308576734206087,9.93172368135714,9.946957700277334,9.999999999999705,9.999997317681489,-9.999999999999215
img1314.jpg,sakit,0,109.53811645507812,88.762939453125,78.1966552734375,16.55743408203125,40.264404296875,110.54103088378906,31.772184371948242,45.624610900878906,105.72760009765625,1959.6422879086556,0.518873031771736,0.883721082325014,0.434500742999991,15.681942830353654,0.1889027612456513,0.4735565185546875,0.0,0.0,0.0,0.0030670166015625,0.068634033203125,0.36004638671875,0.094696044921875,0.4735565185546875,0.0,0.0,0.001190185546875,0.3300628662109375,0.0576019287109375,0.0493621826171875,0.088226318359375,0.4735565185546875,0.0,0.000701904296875,0.2013397216796875,0.180328369140625,0.049774169921875,0.047332763671875,0.046966552734375,2.8899583727872766,6.580888891008559,9.246473416308165,9.946165240402115,9.999999999999973,-9.999986707570832,-9.9999999999955
kaki_1.jpg,sakit,0,43.817657470703125,39.802215576171875,31.249832153320312,14.88714599609375,23.295425415039062,46.07374572753906,35.47969436645508,44.47123718261719,79.63570404052734,952.352260509329,0.7345830841969311,0.9014059215009232,0.7096463726369576,9.987866839240917,0.5036459244089857,0.7384490966796875,0.0005035400390625,0.0261993408203125,0.03057861328125,0.0558013916015625,0.0504608154296875,0.06341552734375,0.0345916748046875,0.7384490966796875,0.0,0.0029296875,0.068023681640625,0.094146728515625,0.0496826171875,0.0440521240234375,0.002716064453125,0.73883056640625,0.0102996826171875,0.0749969482421875,0.0802154541015625,0.0461578369140625,0.033782958984375,0.015411376953125,0.00030517578125,2.6503164176808602,6.824673434266054,8.827076675664346,8.830153236034695,-9.999999992776884,-9.998065675316862,-9.999999995941582
kaki_10.jpg,sakit,0,103.6568603515625,103.14787292480469,98.07453918457031,31.45111083984375,8.197021484375,104.412841796875,38.708805084228516,12.791672706604004,110.32706451416016,6331.6408928563105,0.49228295937170485,0.7324246904596872,0.43558892560284934,40.21138749405875,0.1897711394461783,0.515380859375,0.0,0.0,0.0,0.0341339111328125,0.1191864013671875,0.10797119140625,0.22332763671875,0.515380859375,0.0,0.0,0.0,0.0437469482421875,0.1189117431640625,0.1013031005859375,0.2206573486328125,0.515380859375,0.0,0.0,0.004638671875,0.0867767333984375,0.112274169921875,0.0932159423828125,0.187713623046875,2.7558858521367915,7.497215572303849,9.876871951197751,9.789756613748676,9.999999999995373,9.999961659863956,-9.999999999988692
kaki_11.jpg,sakit,0,112.90872192382812,90.92364501953125,66.7547607421875,18.313629150390625,60.54750061035156,112.90872192382812,15.864126205444336,54.02581024169922,99.3241958618164,1785.082732178871,0.4574864733644432,0.8728275972657559,0.37552507306788124,17.23744333358154,0.14113528275647344,0.422088623046875,0.0,0.0,0.0,0.0804595947265625,0.19769287109375,0.1754302978515625,0.12432861328125,0.422088623046875,0.0,0.0,0.09991455078125,0.2240447998046875,0.179412841796875,0.0642547607421875,0.010284423828125,0.422088623046875,0.0007171630859375,0.1489715576171875,0.244110107421875,0.15008544921875,0.032928466796875,0.0010986328125,0.0,3.0153966449140692,7.020257380722951,9.855609418507788,9.923456037549869,-9.999999999999188,9.999975726450671,-9.99999999999784
kaki_12.jpg,sakit,0,59.221588134765625,57.302581787109375,50.99971008300781,17.714385986328125,13.514297485351562,59.42362976074219,27.12919807434082,24.402042388916016,86.21443939208984,584.4526537694732,0.7350693853285829,0.958303472788807,0.6459261126568325,6.1675180827696785,0.4172386792722224,0.662811279296875,0.0,0.0,0.0340728759765625,0.1023712158203125,0.0665740966796875,0.0914459228515625,0.042724609375,0.662811279296875,0.0,0.0,0.0987548828125,0.04815673828125,0.058563232421875,0.0881195068359375,0.0435943603515625,0.662811279296875,1.52587890625e-05,0.043701171875,0.0894775390625,0.0388336181640625,0.078125,0.075958251953125,0.011077880859375,3.0399678468599918,8.35680733417622,9.533196207361007,9.938647437041864,-9.999999999996435,9.999996675690438,-9.99999999999992
kaki_14.jpeg,sakit,0,49.59156799316406,44.997100830078125,46.865447998046875,59.666778564453125,22.99847412109375,54.10392761230469,101.37110137939453,33.60531234741211,67.27886962890625,387.015500579125,0.6480368672584218,0.942695507293977,0.5727271310649437,6.276838879323972,0.32805977153567817,0.5933837890625,0.0,0.068267822265625,0.1923980712890625,0.1078948974609375,0.0234375,0.0108795166015625,0.0037384033203125,0.5933837890625,0.0,0.1204376220703125,0.200347900390625,0.0712432861328125,0.014129638671875,0.000457763671875,0.0,0.5933837890625,0.00518798828125,0.1045379638671875,0.1488494873046875,0.12744140625,0.0201568603515625,0.0004425048828125,0.0,2.9609152824101073,6.8545292327618705,9.621746057492166,9.998499951662744,9.999999999999991,9.999999957168166,9.999999999999996
kaki_15.jpeg,sakit,0,15.829849243164062,14.238525390625,14.365127563476562,19.545013427734375,5.5064697265625,16.511398315429688,70.49736785888672,17.986549377441406,48.0015754699707,480.5776700300839,0.8736510376237315,0.8694184369872507,0.860289758238476,5.549964568194842,0.740120901283556,0.8826141357421875,0.000244140625,0.0111083984375,0.06256103515625,0.014007568359375,0.01312255859375,0.003875732421875,0.0124664306640625,0.8826141357421875,0.0,0.040771484375,0.04449462890625,0.01507568359375,0.0045623779296875,0.0036163330078125,0.0088653564453125,0.8826141357421875,0.000335693359375,0.017303466796875,0.0690155029296875,0.0146942138671875,0.0065765380859375,0.00433349609375,0.005126953125,2.5238226285946292,5.287878305453878,8.274505379343498,9.116292722852263,9.999999995698179,-9.997394896054374,-9.999999996770411
kaki_16.jpeg,sakit,0,76.29878234863281,73.89552307128906,69.95707702636719,21.22216796875,8.263336181640625,76.49430847167969,42.097068786621094,16.38233757019043,105.25482177734375,1049.6056486059044,0.6751327705645057,0.9501760021651816,0.6259970055968734,9.397062941414772,0.3919062487236929,0.6484527587890625,0.0,0.0,6.103515625e-05,0.0199432373046875,0.0492401123046875,0.0939483642578125,0.1883544921875,0.6484527587890625,0.0,0.0,0.0,0.0420074462890625,0.0475921630859375,0.1085052490234375,0.1534423828125,0.6484527587890625,0.0,0.000274658203125,0.0169219970703125,0.0479736328125,0.059661865234375,0.1181182861328125,0.1085968017578125,3.018929961739822,6.430624962149005,9.988494791615903,9.973337407292709,-9.999999999999986,9.999984081763818,9.999999999999888
kaki_18.jpeg,sakit,0,43.43193054199219,40.52656555175781,37.1151123046875,10.98516845703125,8.872360229492188,43.50859069824219,28.477449417114258,19.947895050048828,81.5893325805664,1348.4826557823646,0.7750941092641126,0.8876461748476178,0.7437238141096758,10.477316690301102,0.553164479478146,0.77459716796875,0.0,0.0,0.0,0.0263519287109375,0.08026123046875,0.0899810791015625,0.02880859375,0.77459716796875,0.0,0.0,0.003326416015625,0.0663909912109375,0.07025146484375,0.062255859375,0.0231781005859375,0.77459716796875,0.0,0.0,0.03680419921875,0.0839691162109375,0.045562744140625,0.0418701171875,0.0171966552734375,2.823326091135117,6.2506291919274055,9.222399029383503,9.012630151163492,-9.999999997708848,9.997372260860892,9.999999999010111
kaki_19.jpg,sakit,0,103.67361450195312,105.10189819335938,101.44268798828125,60.93463134765625,23.692276000976562,111.583984375,92.78607940673828,36.91867446899414,98.34443664550781,1327.0007294679044,0.524019244251126,0.9239101619657353,0.39361843420186654,12.485720174523232,0.15498032633153497,0.4261016845703125,0.0,0.0030517578125,0.082305908203125,0.0985107421875,0.0881805419921875,0.259918212890625,0.04193115234375,0.4261016845703125,0.0,0.0,0.026214599609375,0.141815185546875,0.1200103759765625,0.260772705078125,0.02508544921875,0.4261932373046875,0.0056915283203125,0.0224761962890625,0.0602569580078125,0.07501220703125,0.138763427734375,0.24456787109375,0.02703857421875,2.950465090724429,7.029780690211735,9.829712978298216,9.953317423123929,9.999999999999885,-9.999985243914399,9.999999999998856
kaki_2.jpg,sakit,0,116.33088684082031,97.56806945800781,73.51112365722656,19.642547607421875,54.6695556640625,116.33097839355469,16.902633666992188,47.9854736328125,101.19625854492188,5546.2637974569525,0.3425953738030749,0.6384678889016545,0.31397089441575515,41.77960521668956,0.09867599734312997,0.418304443359375,0.0,0.0,0.0,0.043212890625,0.212921142578125,0.1833953857421875,0.1421661376953125,0.418304443359375,0.0,0.0,0.017913818359375,0.2299041748046875,0.2161712646484375,0.1020660400390625,0.0156402587890625,0.418304443359375,0.0001373291015625,0.0458221435546875,0.2725372314453125,0.2095184326171875,0.0507049560546875,0.0028839111328125,9.1552734375e-05,2.981453892719338,7.662379012103362,9.90561352720405,9.936583494990865,9.999999999999918,9.9999972678216,-9.999999999998668
kaki_20.jpg,sakit,0,58.95707702636719,52.36103820800781,46.97026062011719,10.42535400390625,15.996292114257812,58.9769287109375,28.41947364807129,29.378559112548828,92.53330993652344,682.778363732975,0.7051657087198681,0.9526650801458111,0.6814239385574447,8.398121817944869,0.4643646507325632,0.7012481689453125,0.0,0.0,0.0108489990234375,0.046173095703125,0.0633087158203125,0.086883544921875,0.0915374755859375,0.7012481689453125,0.0,0.0,0.04144287109375,0.0732421875,0.0684661865234375,0.0777587890625,0.037841796875,0.7012481689453125,3.0517578125e-05,0.018341064453125,0.07061767578125,0.0692901611328125,0.0651092529296875,0.0578155517578125,0.017547607421875,3.0904693569847943,7.74775239915729,9.792059606800793,9.794272263634113,9.999999999985606,9.999967015816239,-9.999999999992891
kaki_21.JPG,sakit,0,107.93585205078125,95.13677978515625,83.46310424804688,29.962554931640625,35.943695068359375,108.73291015625,60.04207229614258,36.80573654174805,94.40847778320312,3516.3107633778704,0.38967917110976064,0.7582930092690828,0.34995208934402866,29.463061749789933,0.12257905166048512,0.418853759765625,3.0517578125e-05,0.0001983642578125,0.0019989013671875,0.0802764892578125,0.27728271484375,0.171630859375,0.0497283935546875,0.418853759765625,0.0,0.0,0.02508544921875,0.279327392578125,0.1840667724609375,0.0683746337890625,0.0242919921875,0.418853759765625,0.0001678466796875,0.0177154541015625,0.1805419921875,0.236663818359375,0.08935546875,0.0384063720703125,0.0182952880859375,2.9670069232142517,7.715780803637077,9.752553728397269,9.846009791539691,-9.999999999991967,-9.999982121019253,9.999999999993138
kaki_23.jpg,sakit,0,86.16844177246094,77.75520324707031,68.43367004394531,28.6395263671875,25.587875366210938,87.04884338378906,62.643367767333984,36.11396026611328,98.94229888916016,1794.4056006291903,0.5592600398509514,0.8906211959865994,0.5061854453263114,16.990258332332157,0.2562841405165882,0.5461578369140625,0.0001678466796875,0.0006866455078125,0.024627685546875,0.1002960205078125,0.0907135009765625,0.1332244873046875,0.1041259765625,0.5461578369140625,0.0,0.00079345703125,0.070892333984375,0.1160430908203125,0.1116943359375,0.1164703369140625,0.0379486083984375,0.5461578369140625,0.0027923583984375,0.03106689453125,0.1134033203125,0.1256256103515625,0.1175689697265625,0.032440185546875,0.03094482421875,2.9611847516336227,6.6884365764293205,9.984556693702357,9.979999488265092,-9.99999999999992,9.999996172163483,-9.999999999999973
kaki_24.jpg,sakit,0,94.61595153808594,87.39912414550781,85.62925720214844,61.259033203125,14.453781127929688,95.48625183105469,114.6370620727539,23.314390182495117,99.25529479980469,4628.794685797943,0.4571357470938457,0.7335047723959637,0.42395277550263305,34.11275814475828,0.17992236989692711,0.5078887939453125,0.0,0.0,0.0021209716796875,0.0706787109375,0.1864776611328125,0.1440277099609375,0.08880615234375,0.5078887939453125,0.0,0.00018310546875,0.0058746337890625,0.1646575927734375,0.1616668701171875,0.110107421875,0.04962158203125,0.5078887939453125,3.0517578125e-05,0.0030975341796875,0.0235595703125,0.162811279296875,0.1551971435546875,0.100982666015625,0.0464324951171875,2.8871655773361553,7.513035605360004,9.413829590075553,9.863053265820493,9.999999999985858,9.999972825502846,9.99999999999137
kaki_25.jpg,sakit,0,92.20875549316406,76.60682678222656,64.40036010742188,21.441986083984375,41.02555847167969,92.2518310546875,51.007164001464844,48.55672073364258,93.1628189086914,1276.062772203362,0.5025033696854294,0.9046825398527262,0.4452434821770244,14.603745962309196,0.19836553905811025,0.484619140625,0.0,0.0,0.021514892578125,0.1665191650390625,0.1452484130859375,0.1063995361328125,0.0756988525390625,0.484619140625,0.0,0.00640869140625,0.1751556396484375,0.1718597412109375,0.08544921875,0.0396881103515625,0.0368194580078125,0.484619140625,0.005950927734375,0.1514892578125,0.159515380859375,0.1039886474609375,0.0396575927734375,0.02392578125,0.030853271484375,2.991665923053282,6.762495608376708,9.726670505859424,9.86360500307311,9.999999999997161,-9.999951993539325,-9.99999999999134
kaki_3.jpg,sakit,0,70.94583129882812,59.674041748046875,45.650238037109375,13.551055908203125,37.21510314941406,70.9544677734375,17.402881622314453,48.105438232421875,88.99340057373047,1836.3442980470493,0.5761326082564132,0.8473092828649765,0.5457272963383824,18.260768827187487,0.2979907476580224,0.596343994140625,0.0,0.0,0.026824951171875,0.1260528564453125,0.1070709228515625,0.104827880859375,0.03887939453125,0.596343994140625,0.0,0.0021820068359375,0.139312744140625,0.1094207763671875,0.098541259765625,0.0533599853515625,0.0008392333984375,0.5964508056640625,0.0122528076171875,0.1289520263671875,0.130126953125,0.0927276611328125,0.03814697265625,0.0013427734375,0.0,2.725497522660724,7.540587936182727,9.323867830457939,9.12341955572178,9.99999999868967,9.99998742610587,-9.999999999504134
kaki_6.jpg,sakit,0,72.04248046875,84.350341796875,70.14707946777344,73.04022216796875,34.653289794921875,90.25408935546875,97.32791137695312,44.094970703125,97.4162368774414,5076.146496419845,0.4494584209854499,0.6558500058215727,0.4244841228757492,38.30780212360004,0.18043596150543326,0.5257110595703125,0.0,0.010650634765625,0.101104736328125,0.1963653564453125,0.106170654296875,0.0389556884765625,0.0210418701171875,0.5257110595703125,0.0,0.0003662109375,0.055419921875,0.121551513671875,0.10858154296875,0.1182403564453125,0.07012939453125,0.5257110595703125,0.0067596435546875,0.03900146484375,0.10009765625,0.150177001953125,0.1135101318359375,0.045867919921875,0.0188751220703125,2.8261412257247924,6.826696092942777,9.651517166174026,9.984142538972774,9.999999999999757,-9.999998407420518,-9.999999999999755
kaki_8.jpg,sakit,0,81.34715270996094,81.788818359375,80.417724609375,46.45989990234375,15.831207275390625,86.72584533691406,75.391845703125,22.28326416015625,97.13993835449219,4018.654685449724,0.48520176828784517,0.7615148649846953,0.458688747146848,31.3522939224661,0.210480107359166,0.542755126953125,0.0,0.0,0.0338897705078125,0.1531982421875,0.1051177978515625,0.08447265625,0.08056640625,0.542755126953125,0.0,0.0,0.009063720703125,0.1523895263671875,0.130615234375,0.1046905517578125,0.06048583984375,0.542755126953125,0.0,0.0001068115234375,0.0412445068359375,0.110992431640625,0.1471099853515625,0.1195831298828125,0.0382080078125,2.9505307019364078,6.617693828937279,9.562330744805113,9.816948674648767,9.99999999999688,9.999891184344143,-9.999999999978483
kaki_9.jpg,sakit,0,87.74647521972656,81.16900634765625,74.04884338378906,28.30133056640625,25.1607666015625,89.70903015136719,49.912078857421875,29.134784698486328,90.98372650146484,4347.983977024483,0.4324233114664328,0.6906101398429016,0.4057102514347907,34.42513868203468,0.16478244257939414,0.4967498779296875,0.0,0.0,0.0182952880859375,0.145172119140625,0.2083587646484375,0.1060638427734375,0.025360107421875,0.4967498779296875,0.0,0.0,0.028472900390625,0.2454681396484375,0.160003662109375,0.0542144775390625,0.0150909423828125,0.4967498779296875,0.0,0.0003509521484375,0.1412200927734375,0.21124267578125,0.1106109619140625,0.0300140380859375,0.0098114013671875,2.872010245096506,6.757288975892487,9.563718658030854,9.867167615478142,-9.999999999997181,9.999968281259175,-9.999999999988102
lidah_1.jpg,sakit,0,167.3577880859375,143.08688354492188,102.81938171386719,31.546966552734375,83.93678283691406,167.38177490234375,16.600406646728516,41.03886032104492,72.66962432861328,407.9775340203018,0.34399159397440343,0.9498554205394977,0.14421492719994947,6.6717192835042844,0.02081537042420214,0.1519317626953125,0.0,0.0,3.0517578125e-05,0.0234222412109375,0.2536773681640625,0.526611328125,0.0443267822265625,0.1519317626953125,0.0,0.0,0.0387725830078125,0.1884613037109375,0.5419464111328125,0.078887939453125,0.0,0.1519317626953125,0.0017852783203125,0.11444091796875,0.3856201171875,0.3071136474609375,0.0386962890625,0.0004119873046875,0.0,3.144378415360105,7.887356091876211,9.94217064079869,9.996121042262573,-9.999999999999988,-9.999999601494974,-9.999999999999995
lidah_10.jpg,sakit,0,147.93858337402344,125.27914428710938,114.16603088378906,49.848724365234375,44.70970153808594,147.93898010253906,102.08914947509766,36.158390045166016,83.91630554199219,806.1516245188517,0.35084964609546093,0.9274436119986943,0.21608598142338287,10.415054683331055,0.046744670872593354,0.2357330322265625,0.0,0.0,0.0,0.0281982421875,0.3459625244140625,0.3314056396484375,0.0587005615234375,0.2357330322265625,0.0,0.0,0.04791259765625,0.2628326416015625,0.377105712890625,0.0682220458984375,0.0081939697265625,0.2357330322265625,0.0001983642578125,0.025146484375,0.1227569580078125,0.336578369140625,0.2493438720703125,0.0260467529296875,0.0041961669921875,3.1209758210548655,8.1507315957666,9.978818917318241,9.987754239377363,9.999999999999954,9.999999097360645,9.999999999999998
lidah_5.jpg,sakit,0,118.95326232910156,102.15139770507812,101.3248291015625,97.52896118164062,27.36767578125,118.97032165527344,151.8722686767578,27.403005599975586,84.63560485839844,466.7435328242041,0.4993302353162368,0.9609778416453348,0.313752957809415,6.113843340057664,0.09846905722627414,0.327056884765625,0.0,0.0,0.001739501953125,0.1457366943359375,0.353515625,0.1705322265625,0.0014190673828125,0.327056884765625,0.0,0.000274658203125,0.1558380126953125,0.2355499267578125,0.2259979248046875,0.0552825927734375,0.0,0.327056884765625,0.0,4.57763671875e-05,0.166168212890625,0.250732421875,0.19537353515625,0.0606231689453125,0.0,2.9550292525019883,7.431589026862377,9.994178226565108,9.983764811944567,9.999999999999963,9.999997273320457,-9.999999999999996
maxresdefault.jpg,sakit,0,90.8123779296875,83.84463500976562,76.01934814453125,55.304290771484375,26.373046875,91.87603759765625,96.66732025146484,32.73225402832031,93.78101348876953,1258.264325169983,0.4936342226944806,0.9184385308541513,0.45280141870262525,15.062074430575684,0.2051361921197068,0.4893646240234375,0.0,0.0003662109375,0.05255126953125,0.1154632568359375,0.1277923583984375,0.170379638671875,0.0440826416015625,0.4893646240234375,0.0,0.0037078857421875,0.1165313720703125,0.12811279296875,0.1159210205078125,0.093719482421875,0.052642822265625,0.4893646240234375,0.001800537109375,0.066619873046875,0.1317291259765625,0.1087188720703125,0.0860137939453125,0.0776519775390625,0.0381011962890625,3.014937873799536,7.33230559432177,9.68273569642454,9.8726192599619,9.999999999993591,9.999984505665207,-9.999999999993731
mouth WM.jpg,sakit,0,69.79632568359375,68.58219909667969,64.92303466796875,40.77362060546875,9.599945068359375,71.08863830566406,77.6329574584961,23.84769630432129,97.8407211303711,1345.0623451932076,0.7112523841144635,0.9247082535792149,0.6264551109528845,10.23618146833426,0.3924801363728955,0.6498260498046875,0.0,0.0,0.00189208984375,0.0285797119140625,0.07684326171875,0.2307891845703125,0.0120697021484375,0.6498260498046875,0.0,0.0,0.0025787353515625,0.050994873046875,0.06866455078125,0.206329345703125,0.0216064453125,0.6498260498046875,7.62939453125e-05,0.007720947265625,0.03662109375,0.0536651611328125,0.0525665283203125,0.149658203125,0.04986572265625,2.8219912390609165,6.955475770774599,8.906235152550696,9.196809222602006,-9.999999998196907,-9.99948134669045,-9.999999999764325
mouth4_days_3JMOKWM.jpg,sakit,0,107.82571411132812,104.28495788574219,97.57217407226562,28.5828857421875,13.523910522460938,108.24493408203125,40.374019622802734,24.887699127197266,108.39806365966797,1765.152177819823,0.592805096208104,0.9206329124330366,0.46260271256806634,13.716576560872419,0.2140875009481649,0.4947967529296875,0.0,0.0,0.0021514892578125,0.0226287841796875,0.06396484375,0.18865966796875,0.2277984619140625,0.4947967529296875,0.0,6.103515625e-05,0.0076904296875,0.05694580078125,0.0628204345703125,0.171661376953125,0.206024169921875,0.4947967529296875,0.000762939453125,0.0061798095703125,0.03759765625,0.055908203125,0.071136474609375,0.2409515380859375,0.0926666259765625,2.933010423544565,6.968145634132826,9.657173349971629,9.657553673026987,9.999999999945832,9.999921685283198,-9.999999999968619
mouth_2-3_days_1JMOKWM.jpg,sakit,0,83.01666259765625,69.72236633300781,70.87007141113281,118.156494140625,24.51641845703125,84.91392517089844,144.82179260253906,39.95148849487305,84.53254699707031,2174.6462718468406,0.43087670199686134,0.7924403020380283,0.39222352746141625,23.525297890119898,0.1540477221655718,0.464935302734375,0.0,0.0024566650390625,0.1803741455078125,0.15618896484375,0.06658935546875,0.0714569091796875,0.0579986572265625,0.464935302734375,0.0011138916015625,0.0413970947265625,0.2620086669921875,0.1418609619140625,0.0489044189453125,0.02740478515625,0.0123748779296875,0.464935302734375,0.0004119873046875,0.038604736328125,0.2307281494140625,0.17913818359375,0.0556793212890625,0.0246429443359375,0.005859375,3.0592084641647035,7.583203475308445,9.866629200675785,9.9596791751726,-9.999999999999588,-9.999997875215625,-9.999999999999327
mouth_2-3_days_2JMOKWM.jpg,sakit,0,31.756011962890625,29.27667236328125,27.012008666992188,11.1126708984375,10.115234375,32.324676513671875,38.256099700927734,25.28681755065918,64.68907165527344,659.3897660195399,0.7921423539007177,0.9079911296501949,0.765973471828863,7.35356991788032,0.5867675263512909,0.79071044921875,0.0,0.011199951171875,0.0471954345703125,0.059783935546875,0.0596771240234375,0.0277099609375,0.00372314453125,0.79071044921875,0.0,0.0296478271484375,0.0563201904296875,0.0658416748046875,0.028717041015625,0.025390625,0.0033721923828125,0.79071044921875,0.0055694580078125,0.044036865234375,0.06610107421875,0.0464019775390625,0.021148681640625,0.0232391357421875,0.0027923583984375,2.513794786010978,6.3543628927328655,8.641193929261346,9.314910485917212,-9.999999999913438,-9.99904956425906,-9.999999998473385
mouth_4-5_days_4WM.jpg,sakit,0,58.317718505859375,54.94873046875,53.79986572265625,43.90789794921875,8.256973266601562,58.972137451171875,99.94490051269531,17.890451431274414,90.841552734375,1422.644066736673,0.7142110294362611,0.9043341989207964,0.6576831042963353,11.684160575538153,0.43261440185463856,0.6897125244140625,0.0,0.0,0.015350341796875,0.0959625244140625,0.0489654541015625,0.0409698486328125,0.109039306640625,0.6897125244140625,0.0,0.0,0.02899169921875,0.1058502197265625,0.0565643310546875,0.0521087646484375,0.0667724609375,0.6897125244140625,0.0003662109375,0.0030364990234375,0.033447265625,0.113677978515625,0.045257568359375,0.0503082275390625,0.0641937255859375,2.6715060383126357,5.893402328986985,8.760009578862435,9.831045963922943,-9.999999999993006,-9.999966817159368,9.999999999942789
mouth_4-5_days_5WM.jpg,sakit,0,71.12217712402344,67.89132690429688,65.21151733398438,48.844940185546875,13.32208251953125,72.68980407714844,89.73439025878906,24.40448570251465,86.92684936523438,1474.426175505365,0.5982828369923715,0.8902548084185788,0.5380847069929003,14.034749258243622,0.28957864870953287,0.57281494140625,0.0,0.0003814697265625,0.0448760986328125,0.1709136962890625,0.095794677734375,0.0898284912109375,0.025390625,0.57281494140625,0.0,0.0009002685546875,0.0724029541015625,0.1804962158203125,0.083984375,0.0796661376953125,0.009735107421875,0.57281494140625,0.0012969970703125,0.0079498291015625,0.115997314453125,0.143646240234375,0.0752716064453125,0.06939697265625,0.0136260986328125,2.904115829010058,6.779306235667244,9.13366833217896,9.588226065423491,9.999999999782467,9.999780432212171,9.999999999997144
mouth_4-5_days_7WM.jpg,sakit,0,86.87199401855469,81.55976867675781,73.70756530761719,22.253021240234375,19.59124755859375,87.09848022460938,43.5749397277832,26.07585906982422,91.58260345458984,1997.3369517849214,0.5433181778554984,0.8678052199884542,0.46619947688410357,16.589859694331235,0.2174708499015312,0.512786865234375,0.0,0.0,0.0025787353515625,0.1542510986328125,0.1524658203125,0.1503143310546875,0.0276031494140625,0.512786865234375,0.0,0.0,0.0433197021484375,0.1844024658203125,0.1263580322265625,0.1164093017578125,0.0167236328125,0.512786865234375,0.0005950927734375,0.0079498291015625,0.1197357177734375,0.1693267822265625,0.1265869140625,0.0583953857421875,0.0046234130859375,2.9045041828661216,8.133404388115856,9.597090883141787,9.94864808831916,9.999999999999421,-9.999996654785877,9.999999999997684
mouth_4_daysJMOKWM.jpg,sakit,0,95.75624084472656,89.86299133300781,92.3748779296875,96.31777954101562,13.38446044921875,98.17555236816406,127.72154235839844,23.580793380737305,105.80640411376953,1010.9488226860775,0.645109926357884,0.949807463096695,0.5076259892894958,8.710525762926899,0.25772197121168355,0.5278167724609375,0.0,0.0,0.0063934326171875,0.0395660400390625,0.09686279296875,0.186065673828125,0.1432952880859375,0.5278167724609375,0.0,4.57763671875e-05,0.0471343994140625,0.0866851806640625,0.0713653564453125,0.123992919921875,0.1429595947265625,0.5278167724609375,0.0003814697265625,0.0020751953125,0.021514892578125,0.0897216796875,0.092010498046875,0.08306884765625,0.18341064453125,3.082355690758387,7.168078940201438,9.558567914068732,9.930310550992571,9.999999999995833,9.999980336037364,-9.99999999999958
mouth_5-7_days_2WM.jpg,sakit,0,93.74153137207031,84.31484985351562,79.123046875,59.721466064453125,30.619110107421875,95.84172058105469,97.22181701660156,41.47956848144531,80.29736328125,1225.4205296229927,0.48163362245716573,0.8872813707983952,0.3564761927148419,13.227598003930394,0.12721385980639482,0.39703369140625,0.0,0.0010528564453125,0.0704345703125,0.319610595703125,0.15350341796875,0.04156494140625,0.0167999267578125,0.39703369140625,0.0,0.0066070556640625,0.2429351806640625,0.2314300537109375,0.077880859375,0.0294036865234375,0.01470947265625,0.39703369140625,0.009674072265625,0.0955657958984375,0.204986572265625,0.160491943359375,0.0877838134765625,0.0316619873046875,0.0128021240234375,2.9463659905610506,8.068287930121365,9.7581886579409,9.980255678545028,9.999999999999757,-9.999998477381974,-9.999999999999714
mouth_7-8_days_1WM.jpg,sakit,0,57.217559814453125,53.57859802246094,48.249359130859375,29.763580322265625,14.978118896484375,57.972808837890625,70.71807098388672,34.0741081237793,88.00626373291016,2291.4227003202595,0.6879486664573208,0.8339852460425896,0.640457557467985,17.25574621199841,0.41033047406151796,0.6909637451171875,0.0,0.0,0.0035858154296875,0.061370849609375,0.11572265625,0.0890350341796875,0.0393218994140625,0.6909637451171875,0.0,0.0,0.029998779296875,0.104156494140625,0.063201904296875,0.07440185546875,0.0372772216796875,0.6909637451171875,0.0011138916015625,0.0414886474609375,0.0718994140625,0.0447540283203125,0.0494537353515625,0.0627899169921875,0.03753662109375,2.688076932664518,5.854115301133301,8.990827175624844,9.97415642728439,-9.999999999999993,9.999969865097421,9.999999999997998
ntc_lesion_49_52764565250_o.jpg,sakit,0,103.22529602050781,96.08576965332031,96.4256591796875,104.91387939453125,17.032257080078125,104.84375,139.43247985839844,20.625822067260742,94.42443084716797,1637.9347057846537,0.5269540819903947,0.8967363519818891,0.4025354962375544,13.517128547052044,0.16211832895320988,0.4337158203125,0.0,0.0,0.00927734375,0.11163330078125,0.224029541015625,0.1846923828125,0.036651611328125,0.4337158203125,0.0,0.0001068115234375,0.053741455078125,0.16192626953125,0.2183074951171875,0.099151611328125,0.033050537109375,0.4337158203125,0.0001678466796875,0.00750732421875,0.0728912353515625,0.14019775390625,0.1747589111328125,0.1461944580078125,0.024566650390625,3.0443597236034865,7.3516286985230135,9.543859979023665,9.969329832604759,-9.999999999999263,-9.999993409572438,-9.999999999999089
ntc_lesion_56_52763618122_o.jpg,sakit,0,96.73631286621094,82.27639770507812,63.1790771484375,18.9578857421875,46.95884704589844,96.74851989746094,26.875141143798828,51.61418151855469,96.34614562988281,2150.6263166468175,0.4688537184687353,0.8515155896736801,0.42972719323605185,21.95504567493514,0.18477368109476874,0.4799346923828125,0.0,0.0,0.013946533203125,0.12542724609375,0.15203857421875,0.1422882080078125,0.08636474609375,0.4799346923828125,0.0,4.57763671875e-05,0.124725341796875,0.1631927490234375,0.1401824951171875,0.06121826171875,0.03070068359375,0.4799346923828125,0.0152740478515625,0.127685546875,0.188232421875,0.1157989501953125,0.040618896484375,0.01318359375,0.0192718505859375,2.9750443640929065,7.567266148604345,9.710233552294063,9.969815409257865,-9.999999999999233,-9.999998267483994,-9.99999999999972
pigf 2d-1WM-1.jpg,sakit,0,73.29684448242188,68.55413818359375,68.42399597167969,54.241180419921875,17.904708862304688,77.56443786621094,94.3009033203125,29.198331832885742,94.815185546875,1379.4138631327558,0.6185470028889036,0.9062883701308798,0.5591401420120669,12.295250970183927,0.3127045882936221,0.590362548828125,0.0,0.0004730224609375,0.016357421875,0.11212158203125,0.133392333984375,0.109161376953125,0.0381317138671875,0.590362548828125,0.0,0.0,0.028564453125,0.14434814453125,0.14581298828125,0.0797576904296875,0.0111541748046875,0.590362548828125,0.001708984375,0.0006561279296875,0.060516357421875,0.1096343994140625,0.1296844482421875,0.09185791015625,0.0155792236328125,2.7948716385292682,6.68549688903708,8.75795284770869,9.478983063975951,9.999999999387652,9.999852072677761,9.999999999889367
pigfoot2WM-1.jpg,sakit,0,93.911865234375,92.59764099121094,87.35350036621094,38.402130126953125,12.312759399414062,94.56546020507812,46.6008186340332,15.987239837646484,77.4924545288086,3353.5500050808205,0.33783712176058217,0.7081426619775208,0.3088089376635486,32.18792149952646,0.09542555306008199,0.3855133056640625,0.0,0.0,0.1103057861328125,0.2735443115234375,0.1833038330078125,0.0423431396484375,0.0049896240234375,0.3855133056640625,0.0,0.0,0.1249542236328125,0.2805938720703125,0.1671295166015625,0.037322998046875,0.004486083984375,0.385528564453125,0.0019378662109375,0.00274658203125,0.188262939453125,0.276092529296875,0.1209564208984375,0.022308349609375,0.002166748046875,2.9967259999223668,7.230474242629396,9.810740697971763,9.92148388057143,9.999999999999602,-9.999984533773809,9.999999999997197
pigm 2d-2WM-1.jpg,sakit,0,59.73768615722656,56.34544372558594,50.47865295410156,24.409393310546875,15.680618286132812,61.630859375,59.22456741333008,32.04697036743164,98.17996215820312,2233.827535253476,0.7119954656585468,0.8658198257564153,0.6657985807912145,16.313120032685664,0.44343167162820274,0.7081451416015625,0.0,0.00018310546875,0.01287841796875,0.0478668212890625,0.04803466796875,0.0452423095703125,0.1376495361328125,0.7081451416015625,0.0,0.0014190673828125,0.005889892578125,0.083770751953125,0.0464324951171875,0.07373046875,0.0806121826171875,0.7081451416015625,0.0010833740234375,0.006011962890625,0.0500030517578125,0.0899505615234375,0.0550689697265625,0.0141143798828125,0.07562255859375,2.825800444077302,6.491753238331871,9.673433335586205,9.816007882388394,-9.999999999982425,9.999943416314766,-9.99999999999874
pseudo-pox1-e1515356634396-400x284.jpg,sakit,0,117.61289978027344,106.24916076660156,96.40827941894531,16.935791015625,24.69805908203125,117.62069702148438,24.113313674926758,28.664892196655273,111.09349060058594,2368.821642575611,0.528812003172034,0.8879711540354478,0.4338192888327633,15.757833938886506,0.18826955401558662,0.468994140625,0.0,0.0,0.0,0.0,0.02117919921875,0.253204345703125,0.256622314453125,0.468994140625,0.0,0.0,0.0,0.0015869140625,0.19122314453125,0.2788848876953125,0.0593109130859375,0.468994140625,0.0,1.52587890625e-05,0.0184173583984375,0.103302001953125,0.1642303466796875,0.2420196533203125,0.003021240234375,2.921404174326544,6.797007701913489,9.688305970696554,9.912516535274738,9.999999999998627,-9.999986322388223,9.999999999995515
red10-e1515364965265-652x1024-1-400x284.jpg,sakit,0,119.91493225097656,85.81442260742188,80.91046142578125,28.318511962890625,50.23249816894531,119.94476318359375,87.42919921875,45.62690734863281,100.49357604980469,211.8983979281306,0.6023637740129413,0.9837583206575067,0.3987680521313979,3.3186764057862046,0.15904637610055888,0.40777587890625,0.0,0.0,0.0013275146484375,0.0195159912109375,0.1029052734375,0.4538421630859375,0.0146331787109375,0.40777587890625,0.0,0.0062713623046875,0.1319580078125,0.279754638671875,0.1687164306640625,0.005523681640625,0.0,0.40777587890625,0.0,0.0525054931640625,0.1639251708984375,0.23736572265625,0.1315765380859375,0.0068511962890625,0.0,3.1027544600921377,6.889975512122162,9.99720629309948,9.989130755237081,9.99999999999999,-9.999999928275294,9.999999999999991
ring4-400x284.jpg,sakit,0,72.65135192871094,58.40226745605469,49.521240234375,10.665863037109375,27.7232666015625,72.65145874023438,35.25986099243164,42.05653762817383,103.06780242919922,322.7743655301649,0.7314838647273526,0.9791589050590416,0.6523863059099851,3.9097815957370394,0.42563227647783625,0.6631622314453125,0.0,0.0,0.000244140625,0.0157623291015625,0.0423583984375,0.1124420166015625,0.1660308837890625,0.6631622314453125,0.0,0.0,0.02001953125,0.0830535888671875,0.13641357421875,0.0952606201171875,0.0020904541015625,0.6631927490234375,0.0026092529296875,0.02313232421875,0.059478759765625,0.1206817626953125,0.1064453125,0.0244293212890625,3.0517578125e-05,3.021611863125925,6.326240581755939,9.841315734992948,9.971514758223371,9.9999999999995,9.999981168639543,-9.999999999999902
rtc_lesion_46_52764643503_o.jpg,sakit,0,42.8995361328125,41.98088073730469,41.12895202636719,18.573699951171875,5.5113983154296875,44.37211608886719,60.630859375,17.692014694213867,90.46829223632812,1966.5046581433796,0.8279116519269368,0.8673596613369194,0.7748629162954934,11.698940559982516,0.6004585902944868,0.8021697998046875,0.0,0.0,0.00115966796875,0.00714111328125,0.0581207275390625,0.0321502685546875,0.0992584228515625,0.8021697998046875,0.0,0.0,0.0,0.0057525634765625,0.0713348388671875,0.030242919921875,0.0904998779296875,0.8021697998046875,0.0,0.0,0.0022430419921875,0.0299530029296875,0.0524749755859375,0.022613525390625,0.090545654296875,2.5541858567263565,6.0448200909338174,8.452940249440221,8.456086088024346,9.999999959641858,-9.994070082709422,-9.999999969885872
rtc_lesion_51_52764157196_o.jpg,sakit,0,90.97286987304688,86.83024597167969,93.11270141601562,73.72000122070312,30.342193603515625,104.73895263671875,111.53329467773438,41.22780990600586,111.24964904785156,2716.913520944506,0.5451063570569034,0.852133574270788,0.46977674583462575,20.447709123337994,0.22083480769993077,0.518951416015625,0.0,0.0,0.0417938232421875,0.1080322265625,0.108184814453125,0.07958984375,0.1434478759765625,0.518951416015625,0.0,0.0001373291015625,0.0085296630859375,0.1804351806640625,0.1340484619140625,0.0639801025390625,0.0939178466796875,0.518951416015625,0.0,0.0010528564453125,0.0401458740234375,0.11944580078125,0.0776824951171875,0.052520751953125,0.1902008056640625,2.8766712048422725,6.979054534318645,9.815258178326262,9.943754189633518,9.999999999999853,9.999982191167932,-9.99999999999838
rtc_lesion_52_52764407894_o.jpg,sakit,0,87.940673828125,87.64834594726562,96.88482666015625,81.5863037109375,25.155853271484375,103.82247924804688,113.7037582397461,40.33761215209961,118.5887451171875,2751.8093734032695,0.6108928533852733,0.8713775253099979,0.5198165609791421,19.200652577525194,0.27030091283464025,0.5609893798828125,0.0,0.0,0.0209808349609375,0.076416015625,0.09344482421875,0.0786590576171875,0.1695098876953125,0.5609893798828125,0.0,0.0,0.0218505859375,0.073394775390625,0.111297607421875,0.07080078125,0.1616668701171875,0.5609893798828125,0.0,0.00048828125,0.01654052734375,0.0515594482421875,0.0425872802734375,0.0433197021484375,0.284515380859375,2.763705984817752,7.054695204597229,9.77750642412857,9.924901798167152,-9.999999999997163,9.999998650755566,-9.999999999999336
rtc_lesion_53_52764643348_o.jpg,sakit,0,91.66165161132812,85.69830322265625,84.42178344726562,46.502349853515625,12.185211181640625,92.95216369628906,100.58181762695312,23.76222038269043,116.398193359375,2584.8015198465478,0.700087627612901,0.8933226424444959,0.5779483745626636,15.448195355590022,0.3341035779697131,0.6075286865234375,0.0,0.0,0.0,0.002716064453125,0.0231781005859375,0.0922393798828125,0.2743377685546875,0.6075286865234375,0.0,0.0,0.0,0.00567626953125,0.09454345703125,0.1139373779296875,0.178314208984375,0.6075286865234375,0.0,1.52587890625e-05,0.0024871826171875,0.0274658203125,0.0799102783203125,0.1115264892578125,0.1710662841796875,2.8368346565711775,7.305670787626439,9.473444462265393,9.284981275392278,-9.999999999614754,-9.999753186110825,9.999999999577112
rtc_lesion_54_52764407864_o.jpg,sakit,0,79.53739929199219,74.89826965332031,75.098876953125,48.6566162109375,14.979080200195312,83.24603271484375,100.00013732910156,26.523313522338867,108.61093139648438,2447.45426027854,0.67088304021637,0.8783752411882793,0.5885337464645434,16.486702205581427,0.34647562267388204,0.62396240234375,0.0,0.0,9.1552734375e-05,0.020538330078125,0.0894012451171875,0.125701904296875,0.1403045654296875,0.62396240234375,0.0,0.0,4.57763671875e-05,0.0568084716796875,0.1365203857421875,0.073760986328125,0.1089019775390625,0.62396240234375,0.0,0.0005340576171875,0.0107879638671875,0.056732177734375,0.1203765869140625,0.0539093017578125,0.133697509765625,2.7217764950732644,6.638160020045798,9.067889923107728,9.122449511926835,9.999999998015562,9.998894912929776,-9.999999999770774
rtc_lesion_55_52764157096_o.jpg,sakit,0,113.90333557128906,109.16072082519531,115.02578735351562,106.70263671875,26.257125854492188,124.91212463378906,130.456298828125,30.708070755004883,107.94896697998047,2160.2802144926945,0.4561360753455696,0.8837679355986067,0.3766040506931749,17.66234258206704,0.1419352271470545,0.4156494140625,0.0,0.0,0.005401611328125,0.0708465576171875,0.1907501220703125,0.2043609619140625,0.1129913330078125,0.4156494140625,0.0,0.0,0.0098419189453125,0.13323974609375,0.171112060546875,0.1785736083984375,0.091583251953125,0.4156494140625,0.0,0.0003814697265625,0.019866943359375,0.1057281494140625,0.1354522705078125,0.1441802978515625,0.178741455078125,2.909675228266585,7.846383973692442,9.589445416831822,9.92077228281825,9.999999999995616,9.999995152935863,-9.999999999997861
rtc_lesion_57_52763615847_o.jpg,sakit,0,108.04458618164062,104.57601928710938,111.43043518066406,96.32305908203125,20.384063720703125,117.33280944824219,125.27578735351562,27.065092086791992,108.20407104492188,1479.299750344704,0.5349053698061964,0.9241532576593597,0.42460633073177395,12.473308963220092,0.18033528066311996,0.4480438232421875,0.0,0.0,0.005828857421875,0.0716705322265625,0.20794677734375,0.1347503662109375,0.1317596435546875,0.4480438232421875,0.0,0.0,0.002166748046875,0.113800048828125,0.2077789306640625,0.1226806640625,0.10552978515625,0.4480438232421875,0.0,0.0,0.005950927734375,0.0663909912109375,0.155548095703125,0.1519622802734375,0.1721038818359375,2.838704107145426,7.097067295165092,9.7394332196624,9.733671504783189,9.999999999969925,9.999911403261548,-9.999999999994026
rtc_lesion_58_52763615827_o.jpg,sakit,0,102.18373107910156,97.51446533203125,105.63104248046875,94.2794189453125,31.867355346679688,116.89012145996094,123.98758697509766,37.56623077392578,108.12435913085938,2858.550313777951,0.47419199098865766,0.8325270953235102,0.3942017776979956,21.795479927209197,0.15554815284666904,0.4490966796875,0.0,0.0,0.011260986328125,0.09271240234375,0.2167510986328125,0.1707916259765625,0.05938720703125,0.4490966796875,0.0,0.0,0.0087738037109375,0.180633544921875,0.1792755126953125,0.1380157470703125,0.0442047119140625,0.4490966796875,0.0,0.0009002685546875,0.060760498046875,0.099761962890625,0.1126861572265625,0.1007537841796875,0.1760406494140625,2.9199110461920985,7.17328106166093,9.713159806899283,9.987906228881057,-9.999999999999801,9.99999745001117,10.0
rtc_lesion_61_52764407724_o.jpg,sakit,0,83.67294311523438,87.71542358398438,105.36761474609375,96.31875610351562,32.92240905761719,109.08963012695312,116.3389892578125,40.90047836303711,113.01869201660156,2147.0383319798334,0.5846167182804232,0.8723470873679101,0.4668244923686929,15.847760321778502,0.21804370981917545,0.50762939453125,0.0,0.0,0.026031494140625,0.18341064453125,0.1662139892578125,0.0870361328125,0.0296783447265625,0.50762939453125,0.0,0.0,0.000701904296875,0.1515045166015625,0.1945953369140625,0.110107421875,0.03546142578125,0.50762939453125,0.0,0.0,0.0101318359375,0.06329345703125,0.0809783935546875,0.0603790283203125,0.277587890625,2.8688325186646564,6.807993742464516,9.611004102643495,9.865213026348576,-9.999999999989203,-9.999944588348724,9.999999999996108
severe-ringing-blue-teats-congestionKE-1-e1515364733512-1024x809-1-400x284.jpg,sakit,0,107.25993347167969,81.99346923828125,82.93907165527344,112.556640625,38.12355041503906,107.26641845703125,160.71786499023438,34.4299201965332,91.9572525024414,379.5708035830509,0.5057272017344153,0.9678949544831418,0.39148908692207834,6.439184858210485,0.15330503168307957,0.407196044921875,0.0,0.0002593994140625,0.039276123046875,0.1013946533203125,0.2068634033203125,0.206085205078125,0.0389251708984375,0.407196044921875,0.0,0.035430908203125,0.1566619873046875,0.2852783203125,0.111907958984375,0.0034637451171875,6.103515625e-05,0.407196044921875,0.00054931640625,0.0427703857421875,0.1399993896484375,0.251861572265625,0.1525115966796875,0.005035400390625,7.62939453125e-05,3.0795861233691633,7.591730794996883,9.709468549235677,9.992076252510701,-9.999999999999963,-9.999999124138151,9.9999999999999
severe-ringing-blue-teats-congestionKE-e1515291895686-400x284.jpg,sakit,0,105.90435791015625,85.50613403320312,85.02557373046875,96.64566040039062,31.817825317382812,105.91168212890625,152.0929412841797,30.857900619506836,93.59663391113281,509.6293032730517,0.5124832165275497,0.961478799500755,0.40887039627737937,7.451386473726448,0.16721516280608426,0.4242095947265625,0.0,0.0,0.0290679931640625,0.091033935546875,0.1895294189453125,0.2324981689453125,0.033660888671875,0.4242095947265625,0.0,0.0130767822265625,0.130401611328125,0.230377197265625,0.1666717529296875,0.03118896484375,0.0040740966796875,0.4242095947265625,0.0001373291015625,0.0284423828125,0.118927001953125,0.213348388671875,0.1816864013671875,0.031585693359375,0.0016632080078125,3.008608225819875,7.227606554778067,9.869072287704432,9.791355557588043,9.999999999997067,-9.999950110488445,9.999999999987873
smalltongueWM.jpg,sakit,0,73.25515747070312,64.39360046386719,61.561859130859375,33.893798828125,19.270263671875,73.88999938964844,89.76626586914062,28.339614868164062,89.53176879882812,1492.6688686225295,0.5908129471700936,0.8875377427442396,0.5349840733394817,14.889360827556914,0.286293165347048,0.5740814208984375,0.0,7.62939453125e-05,0.035430908203125,0.1650543212890625,0.1083984375,0.055206298828125,0.0617523193359375,0.5740814208984375,0.0,0.001495361328125,0.1488494873046875,0.1357269287109375,0.06671142578125,0.034881591796875,0.0382537841796875,0.5740814208984375,0.0013427734375,0.0176239013671875,0.159149169921875,0.124847412109375,0.0592498779296875,0.0375213623046875,0.02618408203125,2.9136623815924616,8.75352897919728,9.91610474353856,9.65618634967271,9.999999999973477,-9.99999549165327,9.999999999998147
teats_4-5_daysWM.jpg,sakit,0,61.521514892578125,56.43785095214844,44.661834716796875,12.8502197265625,21.461517333984375,61.84259033203125,24.80652618408203,43.244441986083984,99.89892578125,2389.5851430591547,0.7164489131560958,0.860818806175165,0.671942457644298,17.67626447054041,0.4515562774472382,0.7155914306640625,0.0,0.0024261474609375,0.0007171630859375,0.0247039794921875,0.0493011474609375,0.0532684326171875,0.15399169921875,0.7155914306640625,0.0,0.0,0.015594482421875,0.0525054931640625,0.053802490234375,0.0575408935546875,0.1049652099609375,0.715606689453125,0.0087432861328125,0.0449066162109375,0.0534820556640625,0.04681396484375,0.03680419921875,0.04010009765625,0.0535430908203125,2.764584455447041,7.181525307096667,8.623315630822185,9.013561955005105,-9.999999999570926,-9.999889874236342,9.999999994702037
tongue_2-3_days_WM.jpg,sakit,0,55.54881286621094,49.32527160644531,44.82551574707031,29.706695556640625,19.522537231445312,56.1422119140625,76.1727066040039,36.13181686401367,78.67039489746094,870.3435178460198,0.6709657843545956,0.9158448635447166,0.5994101442443492,10.17263749440215,0.3593707719704757,0.6337738037109375,0.0,0.0099029541015625,0.1318817138671875,0.1064605712890625,0.0536041259765625,0.0201873779296875,0.044189453125,0.6337738037109375,0.0002899169921875,0.0703582763671875,0.1328887939453125,0.0942535400390625,0.0200958251953125,0.0139617919921875,0.0343780517578125,0.6337738037109375,0.00494384765625,0.1258392333984375,0.1083221435546875,0.0763397216796875,0.0145263671875,0.0071868896484375,0.0290679931640625,2.737080269676725,5.916431527723746,8.909435782977097,9.758642938539097,-9.99999999995255,-9.999770597892232,9.999999999919293
tongue_3-4_daysWM.jpg,sakit,0,83.40673828125,74.7362060546875,73.04055786132812,66.92684936523438,20.683349609375,84.845947265625,119.97200012207031,30.608688354492188,90.29839324951172,742.1819597984464,0.5617018388247438,0.9462879406984309,0.4945957545866204,9.769443505273772,0.24466031338536876,0.516357421875,7.62939453125e-05,0.0059661865234375,0.0475921630859375,0.0985870361328125,0.1889801025390625,0.1193389892578125,0.023101806640625,0.516357421875,0.0,0.02825927734375,0.0973663330078125,0.136688232421875,0.1341400146484375,0.07366943359375,0.013519287109375,0.516357421875,9.1552734375e-05,0.039764404296875,0.1081390380859375,0.122406005859375,0.133697509765625,0.073211669921875,0.0063323974609375,2.9656352022940817,7.373323979797128,9.212594509184449,9.74578078062885,-9.999999999961624,-9.999964024450907,9.999999999941691
tongue_3-4_days_WM.jpg,sakit,0,88.262939453125,79.01557922363281,74.82611083984375,45.3917236328125,30.093795776367188,93.57354736328125,87.34197235107422,49.918426513671875,107.70223236083984,1399.088897776335,0.6315366448185746,0.9242780838102006,0.5297828126738556,11.938934263709209,0.2807542898020547,0.557891845703125,0.0,0.00286865234375,0.038330078125,0.0605926513671875,0.060302734375,0.1279296875,0.1520843505859375,0.557891845703125,0.0,0.0,0.065155029296875,0.1505889892578125,0.072113037109375,0.0222015380859375,0.132049560546875,0.557891845703125,0.002227783203125,0.0482330322265625,0.1145172119140625,0.0693206787109375,0.0301513671875,0.0301971435546875,0.1474609375,2.7909876248521153,7.153772415448425,9.352933745636077,9.087217205544855,9.99999999907811,9.999286616501976,-9.999999998755005
tongue_4-5_daysWM.jpg,sakit,0,88.20304870605469,83.33357238769531,77.05091857910156,29.743194580078125,17.42462158203125,88.60765075683594,53.402099609375,27.403553009033203,88.40270233154297,960.2147079355809,0.5657314889629957,0.9325241700246738,0.46162764483171387,9.979297924196727,0.21315487267765598,0.4873504638671875,0.0,0.0,0.032318115234375,0.1174468994140625,0.2350006103515625,0.121337890625,0.0065460205078125,0.4873504638671875,0.0,0.0019989013671875,0.0782470703125,0.13385009765625,0.203857421875,0.09246826171875,0.002227783203125,0.4873504638671875,0.00018310546875,0.02252197265625,0.1113739013671875,0.1520843505859375,0.1780853271484375,0.048370361328125,3.0517578125e-05,3.040080282750432,7.23375229649496,9.697239477365446,9.993235246577704,9.999999999999915,9.99999848293888,9.999999999999986
tongue_4-5days.jpg,sakit,0,73.96923828125,66.27052307128906,60.34773254394531,19.033966064453125,20.167129516601562,74.17994689941406,40.512413024902344,32.02490234375,91.2921142578125,732.5835401956961,0.6560084347169258,0.94879229570259,0.5708649930165345,7.846715301986214,0.32592578978679415,0.593475341796875,0.0,0.0,0.0152435302734375,0.0703887939453125,0.1676177978515625,0.140411376953125,0.0128631591796875,0.593475341796875,0.0,0.0003509521484375,0.0780029296875,0.1349639892578125,0.0742034912109375,0.1178436279296875,0.00115966796875,0.593475341796875,0.0,0.012176513671875,0.15753173828125,0.080413818359375,0.0666046142578125,0.0897979736328125,0.0,2.8938769734995806,6.1697177931031275,9.728768420434527,9.657408453866497,9.999999999955506,9.999572666313972,9.999999999970788
Healthy (113).jpg,sehat,1,91.52809143066406,81.60626220703125,70.7440185546875,14.347686767578125,24.490158081054688,91.53327941894531,17.895200729370117,33.65083694458008,106.79945373535156,1596.8339750796895,0.6029394160262065,0.9155232690927687,0.5458423653670121,12.1483565576982,0.2979835706395321,0.5723876953125,0.0,0.0,0.0,0.0009765625,0.0677947998046875,0.20263671875,0.1562042236328125,0.5723876953125,0.0,0.0,6.103515625e-05,0.03466796875,0.1686248779296875,0.1992950439453125,0.02496337890625,0.57330322265625,0.0003662109375,0.0002593994140625,0.0271453857421875,0.142059326171875,0.1955413818359375,0.059112548828125,0.0022125244140625,2.9452788902916653,6.6331164678724965,9.636230800402295,9.987467154945909,-9.999999999999872,9.999995431107926,9.999999999999787
Healthy (121).jpg,sehat,1,136.5785369873047,126.04853820800781,114.08308410644531,23.115447998046875,26.482147216796875,136.84959411621094,26.171913146972656,28.42749786376953,107.3339614868164,1061.9923893152577,0.4585755011603998,0.9471636649326752,0.3601673842332574,9.827589193925386,0.12974237448919004,0.3765106201171875,0.0,0.0,0.0,0.003936767578125,0.054473876953125,0.2849273681640625,0.2801513671875,0.3765106201171875,0.0,0.0,0.0,0.019317626953125,0.125701904296875,0.447357177734375,0.0311126708984375,0.3765106201171875,0.0,0.0001220703125,0.02093505859375,0.0850830078125,0.2393341064453125,0.27264404296875,0.00537109375,3.0509595217696144,7.151131387250446,9.544552429701415,9.9411498885616,9.99999999999843,-9.999991420267607,9.999999999997133
Healthy (128).jpg,sehat,1,107.12754821777344,100.80207824707031,92.52821350097656,26.475616455078125,20.17803955078125,108.58729553222656,54.75407028198242,31.1083984375,113.96114349365234,1966.5711110491038,0.5590039888434079,0.9146841426045426,0.48946997373636436,14.206268600477138,0.23967056899446126,0.520538330078125,0.0,0.0,0.0001220703125,0.0121002197265625,0.0385589599609375,0.1359100341796875,0.2927703857421875,0.520538330078125,0.0,0.0,0.0,0.014007568359375,0.1025543212890625,0.1795806884765625,0.183319091796875,0.5206146240234375,0.0,0.0056610107421875,0.024658203125,0.0685882568359375,0.1045379638671875,0.156005859375,0.11993408203125,3.064549544891,7.908792919416318,9.744832276191616,9.957235298057967,9.999999999998803,9.999995197318526,9.999999999999512
Healthy (145).jpg,sehat,1,85.494384765625,84.96943664550781,84.686767578125,63.295562744140625,7.614959716796875,88.06227111816406,99.8195571899414,15.67690658569336,111.42121124267578,2412.8618463244643,0.7127547420476055,0.8967137334023665,0.5800219973724879,14.786044283036214,0.33654213273047606,0.6107330322265625,0.0,0.0,0.0002899169921875,0.004180908203125,0.05853271484375,0.152435302734375,0.173828125,0.6107330322265625,0.0,0.0,0.0,0.00421142578125,0.08673095703125,0.1284637451171875,0.16986083984375,0.6107330322265625,0.0,0.000457763671875,0.002593994140625,0.02178955078125,0.0697784423828125,0.111328125,0.183319091796875,2.8787079042838624,6.915836126812229,9.919480742502483,9.761032255811422,-9.999999999992871,-9.999916313147091,-9.999999999989955
Healthy (29).jpg,sehat,1,38.30577087402344,37.43963623046875,36.20018005371094,9.0355224609375,2.456939697265625,38.401123046875,32.81737518310547,7.248464107513428,89.02496337890625,754.6598286933271,0.869149963061917,0.9498593678282276,0.8350807527016094,4.880443676870109,0.6973632709568407,0.8420562744140625,0.0,0.0,0.0,0.0015869140625,0.0073089599609375,0.0120697021484375,0.1369781494140625,0.8420562744140625,0.0,0.0,0.0,0.0005035400390625,0.010284423828125,0.017730712890625,0.129425048828125,0.8420562744140625,0.0,0.0,0.0,0.0015716552734375,0.0121917724609375,0.03570556640625,0.1084747314453125,2.538401090561967,6.141246769317247,8.355211073159529,8.053188283180578,9.999999834990504,-9.975943835045436,-9.999999834997608
Healthy (30).jpg,sehat,1,165.32655334472656,159.9550018310547,142.97463989257812,65.83609008789062,34.16656494140625,166.08184814453125,68.98489379882812,27.829166412353516,65.70735168457031,1274.942119723132,0.20236777986614587,0.8463268199192177,0.10383563840693481,16.222428562000683,0.010810430176718656,0.123321533203125,0.0,0.0,6.103515625e-05,0.090606689453125,0.3721466064453125,0.368927001953125,0.0449371337890625,0.123321533203125,0.0,0.0,0.0020294189453125,0.17620849609375,0.37188720703125,0.2769927978515625,0.049560546875,0.123321533203125,0.0,0.0132293701171875,0.150360107421875,0.2772369384765625,0.216583251953125,0.15283203125,0.066436767578125,3.1054183558780117,9.448649172672894,9.998350516250365,9.999574942740406,-10.0,-9.999999998278996,-10.0
Healthy (35).jpg,sehat,1,131.06228637695312,123.65701293945312,107.80816650390625,28.50885009765625,30.879623413085938,131.1693115234375,28.848398208618164,28.469003677368164,97.6198959350586,1170.5584195970605,0.3936962023150031,0.9324329490850053,0.32886980613359657,13.557642637573826,0.10818478644861657,0.3482513427734375,0.0,0.0,0.0002899169921875,0.0279541015625,0.186187744140625,0.3236083984375,0.11370849609375,0.3482513427734375,0.0,0.0,0.0010528564453125,0.09259033203125,0.2329559326171875,0.2584381103515625,0.06671142578125,0.3482513427734375,0.0,0.0067291259765625,0.082794189453125,0.1921234130859375,0.2209320068359375,0.12701416015625,0.02215576171875,3.064951145940609,7.108523725921124,9.845695123079105,9.962785005271092,9.999999999999647,-9.999993129290154,9.999999999999329
Healthy (93).jpg,sehat,1,129.6917266845703,131.70127868652344,134.0211944580078,77.0369873046875,46.58171081542969,152.69671630859375,90.24620056152344,42.59929275512695,110.98204040527344,1257.6018522927245,0.5427438173469351,0.9318260767213044,0.32166781139801565,11.117728185072055,0.10352941007969056,0.335174560546875,0.0,0.0,0.0217742919921875,0.062774658203125,0.2681121826171875,0.120513916015625,0.191650390625,0.335174560546875,0.0,0.0,0.0059967041015625,0.0743560791015625,0.129241943359375,0.3344573974609375,0.1207733154296875,0.335174560546875,9.1552734375e-05,0.0238037109375,0.06744384765625,0.0935516357421875,0.0671539306640625,0.0655975341796875,0.3471832275390625,3.024769045531194,7.401154612760361,9.614617056373975,9.950705970691274,9.99999999999784,9.999992584591059,9.999999999999892
Healthy (95).jpg,sehat,1,116.24212646484375,107.63890075683594,95.40676879882812,19.15313720703125,23.629043579101562,116.24504089355469,19.476146697998047,27.720455169677734,114.40546417236328,1604.427250117568,0.5429274792207949,0.9303773007531712,0.46593226861961873,11.874623738568337,0.21712502602390635,0.4885406494140625,0.0,0.0,0.0,3.0517578125e-05,0.03143310546875,0.140533447265625,0.3394622802734375,0.4885406494140625,0.0,0.0,0.0,0.00384521484375,0.103546142578125,0.24114990234375,0.1629180908203125,0.4885406494140625,0.0,0.0,0.0072021484375,0.09368896484375,0.1649017333984375,0.20623779296875,0.0394287109375,2.988493688993559,7.288823274881698,9.272958063955487,9.897664779043009,9.999999999987635,9.999997792518563,9.999999999999316
air_liur_11h.jpg,sehat,1,36.53477478027344,37.038055419921875,36.31132507324219,32.44189453125,7.141021728515625,38.72575378417969,73.32396697998047,15.62874698638916,70.77539825439453,2053.4085714506314,0.7397440568731767,0.7733613690574899,0.7158747561258806,15.55150054770658,0.5125330799448807,0.7623443603515625,0.0,0.0001220703125,0.0337982177734375,0.11053466796875,0.07977294921875,0.01080322265625,0.00262451171875,0.7623443603515625,0.0,0.0,0.039398193359375,0.1013641357421875,0.0770416259765625,0.01153564453125,0.0083160400390625,0.7623443603515625,0.0,0.000762939453125,0.063201904296875,0.080810546875,0.067962646484375,0.0132293701171875,0.011688232421875,2.666079214767694,6.983399906451976,8.49524549795966,9.453608832074769,9.999999999559247,9.999678532115983,9.999999999140243
air_liur_12h.jpg,sehat,1,27.76104736328125,28.185897827148438,26.87811279296875,11.522125244140625,2.542633056640625,28.482025146484375,35.8641242980957,8.861457824707031,72.92642974853516,1969.2886111371406,0.8506616211727319,0.8078689968559614,0.8336723168859851,12.511323459809189,0.6950259237948763,0.8637237548828125,0.0,0.0,0.0006103515625,0.025360107421875,0.0239105224609375,0.0371246337890625,0.0492706298828125,0.8637237548828125,0.0,0.0,0.0,0.02423095703125,0.020477294921875,0.0382080078125,0.0533599853515625,0.8637237548828125,0.0,1.52587890625e-05,0.0069580078125,0.025848388671875,0.0241851806640625,0.03594970703125,0.0433197021484375,2.511902141740309,5.940323034917548,7.749635361848427,7.5103359293530785,9.999997146418307,9.882091977609164,9.999998738993407
air_liur_13h.jpg,sehat,1,29.455780029296875,29.904647827148438,28.165328979492188,12.79742431640625,3.0430450439453125,30.261306762695312,42.252506256103516,11.02929401397705,78.7539291381836,1437.585372776588,0.8838825555336575,0.8780812124987127,0.8538448155048947,8.350834962941773,0.7290632015960162,0.8690338134765625,0.0,0.0,0.0,0.0041046142578125,0.025543212890625,0.01910400390625,0.08221435546875,0.8690338134765625,0.0,0.0,0.0,0.0059051513671875,0.0194549560546875,0.0184478759765625,0.087158203125,0.8690338134765625,0.0,1.52587890625e-05,0.0029449462890625,0.0171051025390625,0.0158843994140625,0.0240325927734375,0.07098388671875,2.248564335481719,5.390807515409502,6.7452813318825955,7.232407775273905,9.999978272344768,9.81998740734859,9.999985686046227
air_liur_15h.jpg,sehat,1,46.128326416015625,40.09368896484375,34.284576416015625,14.779327392578125,27.041275024414062,46.3704833984375,29.594297409057617,39.767616271972656,61.17411422729492,1416.6396458377385,0.58970725443498,0.7677222940632599,0.5472437200496006,16.447812390070823,0.2995589589099839,0.617462158203125,0.0,0.0232086181640625,0.2555389404296875,0.085906982421875,0.008270263671875,0.0025177001953125,0.0070953369140625,0.617462158203125,0.0,0.170318603515625,0.16607666015625,0.02874755859375,0.00634765625,0.0037994384765625,0.0072479248046875,0.617462158203125,0.0625762939453125,0.2084503173828125,0.0808868408203125,0.01470947265625,0.0045623779296875,0.0037994384765625,0.0075531005859375,2.9019820087045822,6.6765004741078435,9.91927777133219,9.652146721182566,9.999999999979439,9.999755989166072,9.999999999982967
air_liur_16h.jpg,sehat,1,19.863525390625,19.382766723632812,17.991714477539062,10.5804443359375,4.57427978515625,20.334609985351562,38.2173957824707,14.186327934265137,53.74101257324219,1258.627969625076,0.8426449480896113,0.7630718533921498,0.8337992915078266,10.421682739057049,0.6952442079270019,0.8685302734375,0.0,4.57763671875e-05,0.043212890625,0.037628173828125,0.034271240234375,0.01409912109375,0.0022125244140625,0.8685302734375,0.0,4.57763671875e-05,0.0523834228515625,0.03466796875,0.0235137939453125,0.0166168212890625,0.004241943359375,0.8685302734375,1.52587890625e-05,0.0230865478515625,0.041656494140625,0.0296783447265625,0.0207061767578125,0.011688232421875,0.004638671875,2.523804199733695,5.5977844809560295,8.504332785663111,8.762771381866141,9.999999985046388,9.992932447507895,-9.99999999525851
air_liur_18h.jpg,sehat,1,47.129974365234375,47.73722839355469,47.67381286621094,26.4288330078125,2.7597503662109375,48.61474609375,68.44483947753906,7.866002559661865,92.37568664550781,2775.918660215209,0.775649741671136,0.8303832775943806,0.7465147468443144,16.874530842042752,0.5573081181880379,0.7784271240234375,0.0,0.0,0.000213623046875,0.0200347900390625,0.044647216796875,0.059326171875,0.09735107421875,0.7784271240234375,0.0,0.0,0.0,0.01727294921875,0.0401153564453125,0.0610198974609375,0.1031646728515625,0.7784271240234375,0.0,0.0,1.52587890625e-05,0.0196533203125,0.0377349853515625,0.0616302490234375,0.1025390625,2.8471757925726777,7.939796203192998,9.601782085728935,8.96362699424575,9.99999999891866,9.999803188475344,-9.999999998752264
air_liur_19h.jpg,sehat,1,32.3553466796875,32.49458312988281,32.15138244628906,22.728363037109375,4.0493621826171875,33.76185607910156,62.16013717651367,11.243417739868164,75.25785827636719,2946.6318240109667,0.7900337387990087,0.7186155294404403,0.7796098154810172,19.10225225817869,0.6078427616452275,0.825225830078125,0.0,0.0,0.00689697265625,0.0469970703125,0.048583984375,0.036956787109375,0.03533935546875,0.825225830078125,0.0,0.0,0.013092041015625,0.0418853759765625,0.0430755615234375,0.0373687744140625,0.0393524169921875,0.825225830078125,0.0,0.0001983642578125,0.022064208984375,0.0345611572265625,0.039154052734375,0.0386199951171875,0.0401763916015625,2.5091904588539578,5.851697286561989,7.742600860367689,8.327812309373316,9.999999820804135,9.982147037396606,-9.99999996943736
air_liur_1h.jpg,sehat,1,107.968505859375,92.30509948730469,57.69404602050781,36.364532470703125,85.02871704101562,110.65841674804688,45.59153366088867,73.91976928710938,82.3717041015625,532.268046018935,0.47906016129383366,0.9467905051134875,0.30523714696235177,7.939752442828243,0.09322031983323682,0.3263397216796875,0.0,0.0177001953125,0.1199188232421875,0.208160400390625,0.1976470947265625,0.0792694091796875,0.05096435546875,0.3263397216796875,0.0,0.0872955322265625,0.211944580078125,0.22210693359375,0.0949249267578125,0.0337982177734375,0.023590087890625,0.3603363037109375,0.2476806640625,0.205352783203125,0.070465087890625,0.0380096435546875,0.0297698974609375,0.035919189453125,0.0124664306640625,3.030759596625792,7.042192874772087,9.67302961513787,9.989748003041244,9.999999999999895,-9.999999504853918,9.999999999999865
air_liur_21h.jpg,sehat,1,50.80952453613281,44.91346740722656,38.19207763671875,16.8836669921875,26.888107299804688,51.18695068359375,33.16488265991211,37.163055419921875,65.67555236816406,1854.7170037614153,0.5676924275238737,0.7390800824508165,0.5238582964847354,19.547315330668923,0.2746313186652773,0.6018829345703125,0.0,0.01348876953125,0.2482452392578125,0.078216552734375,0.0343780517578125,0.0218048095703125,0.001983642578125,0.6018829345703125,0.0,0.1365814208984375,0.1791229248046875,0.0410614013671875,0.0282745361328125,0.009246826171875,0.0038299560546875,0.6018829345703125,0.016326904296875,0.2471160888671875,0.0805206298828125,0.034027099609375,0.013763427734375,0.00262451171875,0.0037384033203125,2.822395756300609,6.714374269493367,9.212598317710416,9.99829025236309,-9.999999999999979,9.999999591706638,9.99999999999999
air_liur_22h.jpg,sehat,1,48.321533203125,42.322265625,34.93824768066406,13.80780029296875,26.559463500976562,48.4146728515625,24.381845474243164,38.7120361328125,66.24726867675781,1617.2223603265936,0.6111616146543698,0.7750989223936503,0.5686402643634118,17.043231828328185,0.3235277761448043,0.6344451904296875,0.0,0.0029754638671875,0.218353271484375,0.081695556640625,0.0391387939453125,0.020721435546875,0.0026702880859375,0.6344451904296875,0.0,0.104248046875,0.1712188720703125,0.0474090576171875,0.0294952392578125,0.0104217529296875,0.0027618408203125,0.6344451904296875,0.0133819580078125,0.2296295166015625,0.07086181640625,0.0346221923828125,0.012908935546875,0.0016326904296875,0.0025177001953125,2.794454629561149,6.573210074012588,8.9645235248711,9.955924007930426,9.99999999999531,9.999996649951884,9.999999999999186
air_liur_23h.jpg,sehat,1,35.06492614746094,30.690048217773438,26.001632690429688,10.9652099609375,18.617279052734375,35.28961181640625,30.279071807861328,35.10057830810547,62.3087043762207,2186.5731782472426,0.6823281755193289,0.6554798785817235,0.6616670422479062,20.364492075635845,0.43789865764791486,0.7406158447265625,0.0,0.0032501220703125,0.1394805908203125,0.07574462890625,0.020111083984375,0.0088348388671875,0.011962890625,0.7406158447265625,0.0,0.07489013671875,0.12628173828125,0.0288238525390625,0.01214599609375,0.0048675537109375,0.0123748779296875,0.7406158447265625,0.01190185546875,0.153411865234375,0.05767822265625,0.016571044921875,0.00543212890625,0.0026397705078125,0.011749267578125,2.5848579682680564,6.726283995960522,8.293475548380245,9.087283936970046,9.999999994158868,9.9987081049924,-9.999999999167951
air_liur_24h.jpg,sehat,1,104.47810363769531,107.07513427734375,91.73515319824219,44.0565185546875,21.364456176757812,107.71812438964844,49.25093078613281,32.286380767822266,103.51412963867188,3195.8524865383374,0.46125946342531887,0.842351075271908,0.4289958985561628,26.483487071982324,0.18407910225181026,0.46478271484375,0.0,0.0,0.00799560546875,0.0846405029296875,0.1575927734375,0.1580963134765625,0.12689208984375,0.46478271484375,0.0,0.0,0.0033111572265625,0.0727996826171875,0.147552490234375,0.16265869140625,0.148895263671875,0.465423583984375,0.0037994384765625,0.01995849609375,0.0660552978515625,0.116668701171875,0.142913818359375,0.1168212890625,0.068359375,2.8972405343065035,6.60584458728066,9.016186124527707,9.727881305475252,-9.999999999900767,-9.999816365715231,-9.999999999969654
air_liur_26h.jpg,sehat,1,11.803817749023438,12.041000366210938,11.7978515625,10.35430908203125,1.7356109619140625,12.308670043945312,39.873836517333984,7.129335403442383,41.85881805419922,1353.6582409060188,0.8833486226172506,0.5906039428489881,0.881577733848169,10.545055081055208,0.7772059286821053,0.9147491455078125,0.0,0.0084381103515625,0.0289764404296875,0.023834228515625,0.01690673828125,0.0061798095703125,0.00091552734375,0.9147491455078125,0.0,0.0086212158203125,0.027130126953125,0.0223541259765625,0.01788330078125,0.007659912109375,0.0016021728515625,0.9147491455078125,6.103515625e-05,0.0155029296875,0.0235748291015625,0.019439697265625,0.0160064697265625,0.0079803466796875,0.002685546875,2.2304032165234897,4.558527918535784,7.562131569275554,7.817665680723784,9.999998676580562,9.758022501279727,9.999999832938332
air_liur_28h.jpg,sehat,1,77.27200317382812,75.61221313476562,68.15528869628906,20.86474609375,15.302963256835938,78.19721984863281,26.212316513061523,22.733810424804688,88.13687896728516,3209.3306294109902,0.506896236168428,0.7775582478267161,0.4823935565991391,26.34829808388993,0.23274987602880423,0.54083251953125,0.0,0.0007476806640625,0.057464599609375,0.1399688720703125,0.148590087890625,0.0737457275390625,0.0386505126953125,0.54083251953125,0.0,0.0,0.0716094970703125,0.1493988037109375,0.13226318359375,0.0730743408203125,0.0328216552734375,0.5410003662109375,0.003448486328125,0.020172119140625,0.1085357666015625,0.164581298828125,0.104248046875,0.048492431640625,0.009521484375,2.8503687947572036,6.376393110878897,8.855390337646961,9.616474837714241,-9.999999999815099,-9.999643130183523,9.999999999811545
air_liur_29h.jpg,sehat,1,88.88636779785156,88.41267395019531,79.44229125976562,46.36517333984375,21.747146606445312,91.33059692382812,62.6541633605957,29.271495819091797,90.8387680053711,2895.878162783016,0.4474286329129262,0.8096992839756143,0.4237242354277089,27.04392562317838,0.17959674817244933,0.47076416015625,0.0,0.0006103515625,0.0877838134765625,0.1511077880859375,0.1329498291015625,0.1137542724609375,0.04302978515625,0.47076416015625,0.0,0.0,0.0975341796875,0.1462554931640625,0.1263885498046875,0.117706298828125,0.041351318359375,0.4709014892578125,0.0060882568359375,0.06451416015625,0.1218414306640625,0.123443603515625,0.0935211181640625,0.0745391845703125,0.0451507568359375,2.9170746434255306,6.591238079112339,9.192560013495985,9.783497722120913,-9.999999999991262,-9.999906625626105,9.999999999948209
air_liur_2h.jpg,sehat,1,50.79383850097656,46.38377380371094,42.14678955078125,27.502227783203125,23.065902709960938,51.46376037597656,62.19290542602539,30.447307586669922,59.85470199584961,974.7444882117219,0.5431210199024046,0.8408240530753353,0.49775583376395066,13.684287420668687,0.24782898589033808,0.5505523681640625,0.0018157958984375,0.1266021728515625,0.19732666015625,0.1011810302734375,0.018402099609375,0.0017242431640625,0.0023956298828125,0.5505523681640625,4.57763671875e-05,0.2179718017578125,0.1494293212890625,0.066497802734375,0.0109710693359375,0.0014801025390625,0.0030517578125,0.5505523681640625,0.048126220703125,0.2325897216796875,0.1207122802734375,0.0321044921875,0.01129150390625,0.0010223388671875,0.00360107421875,2.8814896649041195,6.631942752885742,9.100771150513706,9.739989151273436,-9.999999999917383,-9.999839268397901,-9.999999999980668
air_liur_5h.jpg,sehat,1,39.74043273925781,35.68121337890625,29.403396606445312,18.7115478515625,29.156845092773438,40.428924560546875,34.844627380371094,42.46592712402344,51.9375,746.2339240357027,0.6040905716993082,0.8312479274417521,0.5617312117697012,11.401132759979818,0.3156221181902786,0.609527587890625,0.005584716796875,0.1681365966796875,0.1786041259765625,0.035369873046875,0.0027618408203125,1.52587890625e-05,0.0,0.609527587890625,0.0189361572265625,0.2119293212890625,0.1391143798828125,0.0164794921875,0.003997802734375,1.52587890625e-05,0.0,0.609619140625,0.1328887939453125,0.1836395263671875,0.0630950927734375,0.0086517333984375,0.002105712890625,0.0,0.0,2.782788817406461,6.596076469640644,9.42205164836211,9.653784665008297,9.999999999948399,9.999838814943066,-9.9999999999172
air_liur_6h.jpg,sehat,1,57.08479309082031,56.96351623535156,54.29328918457031,41.510223388671875,14.159271240234375,59.94172668457031,76.28468322753906,21.836103439331055,79.28473663330078,2631.570008238137,0.601047818820566,0.76693328305564,0.5553788764782042,20.81119700499719,0.30861519883397676,0.6187286376953125,0.0,0.000640869140625,0.068450927734375,0.209625244140625,0.0758514404296875,0.0129547119140625,0.0137481689453125,0.6187286376953125,0.0,0.0,0.11474609375,0.1659393310546875,0.0581512451171875,0.0174713134765625,0.02496337890625,0.6187286376953125,0.0,0.017364501953125,0.1676483154296875,0.08868408203125,0.06158447265625,0.0137176513671875,0.0322723388671875,2.8898127858687332,6.938315618072055,9.19589975258101,9.810780155724181,-9.999999999972228,-9.999919532841169,9.999999999970376
air_liur_7h.jpg,sehat,1,63.2706298828125,62.12530517578125,58.90513610839844,45.116973876953125,15.19219970703125,65.52932739257812,81.11629486083984,22.25251007080078,80.11781311035156,2544.5023062983123,0.5762264062872317,0.7808987139263159,0.5187398107708519,20.39032453340245,0.26925320413764003,0.580322265625,0.0,0.0004730224609375,0.080780029296875,0.2086639404296875,0.0977630615234375,0.015777587890625,0.0162200927734375,0.580322265625,0.0,0.0,0.13812255859375,0.171539306640625,0.0672760009765625,0.0165863037109375,0.026153564453125,0.580322265625,0.0,0.0278778076171875,0.1808013916015625,0.09344482421875,0.0732879638671875,0.01275634765625,0.0315093994140625,2.92622195915871,7.287443685007715,9.310375793039272,9.957870488143337,-9.9999999999975,-9.999995923729582,9.999999999998769
air_liur_9h.jpg,sehat,1,46.58634948730469,44.73628234863281,41.299713134765625,35.152618408203125,13.142974853515625,47.486907958984375,78.63732147216797,24.58379364013672,71.2579116821289,1050.7580334687775,0.6858108006516307,0.8863738560982227,0.643361529505932,10.742765563908746,0.4139662502521893,0.6790924072265625,0.0,0.00152587890625,0.1068267822265625,0.1198883056640625,0.077301025390625,0.002838134765625,0.0125274658203125,0.6790924072265625,0.0,0.0011138916015625,0.1357574462890625,0.1243133544921875,0.039886474609375,0.006591796875,0.01324462890625,0.6790924072265625,9.1552734375e-05,0.0788421630859375,0.09130859375,0.0821685791015625,0.0496978759765625,0.0061798095703125,0.0126190185546875,2.8787089628052027,7.116969464844892,9.4581696675619,9.17036543123001,9.999999999056378,9.999403856420615,9.99999999995595
augmented_healthyf_0.jpg,sehat,1,91.6143798828125,86.25563049316406,81.46383666992188,63.587066650390625,31.776199340820312,94.36219787597656,93.8049087524414,34.229793548583984,68.64579772949219,630.9293113987906,0.40710260912942536,0.9241502878348825,0.28829807077220393,9.56552098709025,0.08316168063747544,0.31427001953125,4.57763671875e-05,0.0136566162109375,0.3246917724609375,0.2302093505859375,0.09735107421875,0.019561767578125,0.000213623046875,0.31427001953125,0.0,0.138824462890625,0.2706146240234375,0.1455230712890625,0.105987548828125,0.0225982666015625,0.0021820068359375,0.31427001953125,0.044189453125,0.1720123291015625,0.246917724609375,0.0899658203125,0.08416748046875,0.0447235107421875,0.003753662109375,3.153044164336247,8.084465302853355,9.981940077560374,9.993632411596717,9.99999999999999,9.999999928918529,9.999999999999988
augmented_healthyf_1.jpg,sehat,1,36.554595947265625,37.286773681640625,36.83412170410156,34.08941650390625,6.6344451904296875,38.883544921875,75.76718139648438,14.579498291015625,71.425048828125,1791.615161851773,0.7508381823135598,0.8062338272687676,0.7250014307597983,13.647537497512198,0.5256795525548011,0.764923095703125,0.0,3.0517578125e-05,0.0294189453125,0.106353759765625,0.0857696533203125,0.0107269287109375,0.002777099609375,0.764923095703125,0.0,0.0,0.024322509765625,0.10540771484375,0.08636474609375,0.0108642578125,0.00811767578125,0.764923095703125,0.0,0.0001983642578125,0.0450592041015625,0.0897216796875,0.075042724609375,0.013214111328125,0.0118408203125,2.714508393578697,6.475150173797684,8.711159894290034,9.28825709677109,9.999999998519469,9.999813933264084,9.999999999458366
augmented_healthyf_10.jpg,sehat,1,103.81973266601562,86.35794067382812,54.414459228515625,31.561004638671875,84.19183349609375,105.38380432128906,40.63166427612305,75.39539337158203,81.70049285888672,378.00183736082613,0.4957231150275247,0.9614830766756227,0.3236508301345002,6.666082480148437,0.10479923727360703,0.342742919921875,0.0,0.01318359375,0.1300201416015625,0.224365234375,0.1822967529296875,0.05340576171875,0.053985595703125,0.342742919921875,0.0001068115234375,0.1424102783203125,0.1764984130859375,0.211639404296875,0.07037353515625,0.032928466796875,0.0233001708984375,0.39703369140625,0.258209228515625,0.159698486328125,0.07220458984375,0.0410919189453125,0.026153564453125,0.0320587158203125,0.0135498046875,3.076393657917266,7.190599638185004,9.939397009029515,9.984938869612668,9.999999999999906,9.99999742735504,9.999999999999941
augmented_healthyf_100.jpg,sehat,1,103.56417846679688,87.0179443359375,57.92893981933594,33.089019775390625,77.67817687988281,105.04507446289062,46.23261260986328,73.5367431640625,83.43597412109375,438.0964144353499,0.5010669617148709,0.9579118676681116,0.3343414230955571,7.083688072992838,0.11184394519023767,0.354766845703125,0.0,0.006744384765625,0.1172332763671875,0.23602294921875,0.161651611328125,0.0642547607421875,0.059326171875,0.354766845703125,4.57763671875e-05,0.1118927001953125,0.17340087890625,0.232330322265625,0.0621490478515625,0.0387420654296875,0.02667236328125,0.40081787109375,0.2292633056640625,0.152069091796875,0.07989501953125,0.04644775390625,0.0352935791015625,0.041412353515625,0.014801025390625,3.0617844270176744,7.168511253549351,9.926534427042881,9.98034359735543,9.999999999999963,9.999998913530973,-9.999999999999817
augmented_healthyf_101.jpg,sehat,1,16.2061767578125,15.694808959960938,14.983078002929688,7.807952880859375,3.3587493896484375,16.517669677734375,32.883907318115234,12.023880004882812,49.51344680786133,1088.8161294810234,0.8677456844092094,0.7582505757138338,0.8615904115732932,9.278636634194259,0.742356961714001,0.892608642578125,0.0,0.0005645751953125,0.0433349609375,0.0186767578125,0.02606201171875,0.014251708984375,0.0045013427734375,0.892608642578125,0.0,0.0061492919921875,0.041107177734375,0.0170135498046875,0.026153564453125,0.0121612548828125,0.0048065185546875,0.892608642578125,0.0001220703125,0.0264129638671875,0.0233306884765625,0.0172882080078125,0.025238037109375,0.009613037109375,0.0053863525390625,2.2924919187090946,5.293469451723126,8.130028358328289,7.760576947298791,9.999999947437384,-9.969301960744847,9.999999159878536
augmented_healthyf_102.jpg,sehat,1,42.29338073730469,38.07344055175781,32.58839416503906,13.975341796875,19.697158813476562,42.66957092285156,30.85802459716797,32.54609680175781,66.03807830810547,1858.824107284072,0.6556478887179749,0.7465698802304277,0.6204102801216694,17.93967911371456,0.38510871181179707,0.6904449462890625,0.0,0.005462646484375,0.159515380859375,0.0781707763671875,0.0395355224609375,0.024810791015625,0.0020599365234375,0.6904449462890625,0.0,0.0352020263671875,0.1810455322265625,0.0453948974609375,0.0325775146484375,0.010833740234375,0.0045013427734375,0.6904449462890625,0.0005645751953125,0.1649017333984375,0.0819549560546875,0.038360595703125,0.0163116455078125,0.0030517578125,0.0044097900390625,2.708735019029694,6.371956794517062,8.927059798485557,9.80426572143825,9.999999999944606,9.99998486096501,9.999999999973502
augmented_healthyf_103.jpg,sehat,1,54.64605712890625,47.40641784667969,38.82621765136719,16.565460205078125,32.98667907714844,54.74824523925781,27.9499568939209,41.97737503051758,65.68334197998047,1345.8467814556186,0.5531546295076478,0.8082958529742682,0.5021911663352947,16.140964043912287,0.2524022194425787,0.5670013427734375,0.0,0.0214691162109375,0.271759033203125,0.0743255615234375,0.0419464111328125,0.022003173828125,0.001495361328125,0.5670013427734375,0.0,0.199462890625,0.1402130126953125,0.0478363037109375,0.033050537109375,0.0109405517578125,0.001495361328125,0.5670013427734375,0.0545196533203125,0.2567291259765625,0.068756103515625,0.036163330078125,0.0140838623046875,0.0013427734375,0.00140380859375,2.9179321044898425,6.9998200565081214,9.322579117041524,9.952705774768562,-9.999999999998913,-9.999990732109636,-9.9999999999969
augmented_healthyf_106.jpg,sehat,1,34.33711242675781,33.769805908203125,31.141204833984375,28.87579345703125,15.986083984375,36.61155700683594,62.865379333496094,28.985374450683594,59.19612503051758,1338.6822317058638,0.6644303946973299,0.7766156567243718,0.6481445905186108,15.685305181131378,0.4202185652840253,0.702972412109375,0.00341796875,0.0968017578125,0.103851318359375,0.059600830078125,0.0195770263671875,0.0100860595703125,0.003692626953125,0.702972412109375,0.0,0.1048126220703125,0.1156463623046875,0.0473175048828125,0.01751708984375,0.0095672607421875,0.002166748046875,0.7030029296875,0.0261993408203125,0.10693359375,0.1061859130859375,0.03167724609375,0.015533447265625,0.009033203125,0.001434326171875,2.6969125626451884,6.333880419893785,8.541279613378812,8.908153591009956,-9.999999992946341,-9.99670310113854,-9.999999994814244
augmented_healthyf_109.jpg,sehat,1,67.14772033691406,65.08888244628906,59.602508544921875,17.9200439453125,12.473648071289062,67.43211364746094,23.480836868286133,18.432466506958008,83.91542053222656,1815.9613702947572,0.5818489859338835,0.8620099412639489,0.5571601833477957,17.40259312811911,0.3104636335811267,0.5929718017578125,0.0,0.0005340576171875,0.0511016845703125,0.131561279296875,0.146392822265625,0.0538177490234375,0.02362060546875,0.5929718017578125,0.0,0.0011749267578125,0.0655517578125,0.1437530517578125,0.1297149658203125,0.050079345703125,0.016754150390625,0.593017578125,0.001220703125,0.0228118896484375,0.0912322998046875,0.1610565185546875,0.0916900634765625,0.0327606201171875,0.0062103271484375,2.8654791015056604,6.496590007254218,9.219574788370307,9.502390433158576,-9.999999999988008,-9.999597131794125,-9.999999999694214
augmented_healthyf_11.jpg,sehat,1,13.542495727539062,13.270599365234375,12.712112426757812,6.72021484375,2.5984649658203125,13.925827026367188,31.107540130615234,10.408110618591309,47.57844161987305,980.5997665612193,0.8967575532432296,0.7606692075903964,0.8921239518522542,7.844190131012524,0.79589598383818,0.9156646728515625,0.0,0.0001373291015625,0.0267486572265625,0.0165252685546875,0.01971435546875,0.0146636962890625,0.0065460205078125,0.9156646728515625,0.0,1.52587890625e-05,0.03009033203125,0.0139923095703125,0.0201416015625,0.012603759765625,0.0074920654296875,0.9156646728515625,6.103515625e-05,0.011871337890625,0.0211029052734375,0.01416015625,0.01947021484375,0.009735107421875,0.0079345703125,2.314314282529094,6.029850821438329,7.64787004586605,7.415070719705589,9.999999559533766,-9.902772572915897,-9.999995138144014
augmented_healthyf_110.jpg,sehat,1,78.66871643066406,78.00454711914062,69.77925109863281,38.98553466796875,19.721405029296875,80.45487976074219,57.33565139770508,29.155153274536133,89.18669128417969,1739.4567347237262,0.522840981894974,0.8822738740925495,0.5004319015922659,19.310780957581432,0.2504605480336322,0.5274200439453125,0.0,0.0019683837890625,0.0789794921875,0.138092041015625,0.121978759765625,0.0951995849609375,0.0363616943359375,0.5274200439453125,0.0,0.001708984375,0.092193603515625,0.130950927734375,0.11224365234375,0.0997772216796875,0.03570556640625,0.5274810791015625,0.0086822509765625,0.0679168701171875,0.1027984619140625,0.105194091796875,0.08544921875,0.0669403076171875,0.0355377197265625,2.9176471519948692,6.679861629326639,9.412700870335602,9.75303944424382,-9.999999999954492,-9.999856110184867,-9.999999999981087
augmented_healthyf_111.jpg,sehat,1,43.98846435546875,40.39503479003906,37.51884460449219,31.117156982421875,22.051071166992188,45.03971862792969,69.37562561035156,31.33512306213379,55.662811279296875,788.422125258426,0.5693511613356106,0.8519046570563232,0.5258374611645739,11.912980191062763,0.2765924632861257,0.57489013671875,0.0182647705078125,0.16802978515625,0.166168212890625,0.05096435546875,0.01751708984375,0.002044677734375,0.0021209716796875,0.57489013671875,0.0255889892578125,0.2423248291015625,0.10394287109375,0.0359954833984375,0.0126190185546875,0.0017852783203125,0.0028533935546875,0.57489013671875,0.087554931640625,0.2173309326171875,0.07000732421875,0.0322113037109375,0.0133209228515625,0.0011138916015625,0.003570556640625,2.9226604602818638,6.890829625331696,9.645818818157439,9.71670028244508,-9.999999999957078,-9.999860937292539,-9.99999999999704
augmented_healthyf_112.jpg,sehat,1,64.48681640625,66.48419189453125,58.40626525878906,34.369903564453125,13.296905517578125,67.28868103027344,58.76148986816406,25.692750930786133,96.5303955078125,1382.9140864130316,0.6778394609958558,0.920691800836286,0.6460708715748579,12.563075793579364,0.41742394991097703,0.6627655029296875,0.0,0.0,0.00726318359375,0.0658111572265625,0.1027069091796875,0.0878753662109375,0.073577880859375,0.6627655029296875,0.0,0.0,0.0031280517578125,0.0540771484375,0.0979156494140625,0.0991668701171875,0.08294677734375,0.662811279296875,0.0014190673828125,0.0109710693359375,0.0300750732421875,0.1042633056640625,0.086822509765625,0.0420989990234375,0.0615386962890625,2.9004199484773716,6.212182897390546,9.069049376892373,9.512631331328867,9.99999999975127,9.999683281679486,9.99999999974622
augmented_healthyf_113.jpg,sehat,1,93.30813598632812,92.56947326660156,91.76834106445312,56.355194091796875,10.115890502929688,96.41307067871094,86.40541076660156,15.923930168151855,101.32099151611328,2587.9350407803813,0.5199689004342353,0.864705320109004,0.4678023288344273,21.30261339228089,0.21889475781440412,0.5098419189453125,0.0,0.0,0.0166168212890625,0.0924224853515625,0.1368560791015625,0.153564453125,0.0906982421875,0.5098419189453125,0.0,0.0,0.019683837890625,0.1055450439453125,0.12286376953125,0.15496826171875,0.08709716796875,0.5098419189453125,1.52587890625e-05,0.0017852783203125,0.027984619140625,0.1059112548828125,0.1104278564453125,0.1524505615234375,0.091583251953125,2.9473278237236884,6.776952334748889,9.387787702271398,9.650579192146417,9.999999999936477,-9.999988683143828,-9.99999999991646
augmented_healthyf_114.jpg,sehat,1,90.13652038574219,89.63307189941406,88.46775817871094,52.594940185546875,10.078521728515625,93.46658325195312,85.19659423828125,16.380645751953125,103.99177551269531,3224.57249115611,0.5333602641580218,0.8389248213122884,0.49521450446533294,24.29179609415495,0.2452931218065971,0.5413970947265625,0.0,0.0,0.0069122314453125,0.068389892578125,0.1065826416015625,0.18035888671875,0.0963592529296875,0.5413970947265625,0.0,0.0,0.0103759765625,0.0755767822265625,0.108795166015625,0.1599273681640625,0.1039276123046875,0.5413970947265625,1.52587890625e-05,0.0008392333984375,0.0210723876953125,0.086334228515625,0.0918731689453125,0.142486572265625,0.1159820556640625,2.873571937947342,6.623275734528769,9.25099502674215,9.612554827108433,-9.999999999935758,-9.999837944103996,9.999999999852163
augmented_healthyf_115.jpg,sehat,1,39.99285888671875,36.47882080078125,30.419204711914062,20.555572509765625,27.923629760742188,40.87139892578125,38.538944244384766,40.377689361572266,52.14057159423828,715.2832380043678,0.6007959251190355,0.8418444398284967,0.5589646568773913,11.097724108643748,0.3125426029224854,0.6055755615234375,0.007965087890625,0.16302490234375,0.1864776611328125,0.034027099609375,0.002899169921875,3.0517578125e-05,0.0,0.6055755615234375,0.0202484130859375,0.205780029296875,0.1451873779296875,0.018585205078125,0.004608154296875,1.52587890625e-05,0.0,0.6056060791015625,0.1212158203125,0.1953277587890625,0.065277099609375,0.0100555419921875,0.0025177001953125,0.0,0.0,2.7922443043217875,6.943240223380331,9.519923676813878,9.63774333861599,9.999999999929921,9.999876245318525,-9.999999999940705
augmented_healthyf_119.jpg,sehat,1,49.27056884765625,47.552734375,44.19483947753906,38.67694091796875,12.931350708007812,50.26225280761719,82.6946792602539,23.52705192565918,72.76194763183594,918.5544826128654,0.6796482590336451,0.905245191815339,0.6317351561972636,9.695346831759474,0.3991460171341053,0.663055419921875,0.0,0.0022735595703125,0.1030426025390625,0.128082275390625,0.08697509765625,0.0032958984375,0.013275146484375,0.663055419921875,0.0,0.0019989013671875,0.1301116943359375,0.138336181640625,0.0450439453125,0.0072174072265625,0.0142364501953125,0.663055419921875,0.0001373291015625,0.0702667236328125,0.098968505859375,0.0903167724609375,0.0569915771484375,0.0066070556640625,0.0136566162109375,2.95185110961645,7.5592267641809725,9.942034973913056,9.620744509647782,-9.999999999999998,-9.999958898918733,9.99999999997297
augmented_healthyf_120.jpg,sehat,1,93.846435546875,88.7498779296875,84.14968872070312,64.689697265625,30.616928100585938,96.57957458496094,93.11177062988281,33.18072509765625,68.40337371826172,543.2110366923507,0.4030345758377347,0.9346692432057929,0.27829728231486645,8.795293489907477,0.07749021595826537,0.302337646484375,1.52587890625e-05,0.0097198486328125,0.3324127197265625,0.2261810302734375,0.108856201171875,0.0203704833984375,0.0001068115234375,0.302337646484375,0.0,0.127777099609375,0.28216552734375,0.1438751220703125,0.118072509765625,0.025360107421875,0.0004119873046875,0.302337646484375,0.0365447998046875,0.17230224609375,0.2495269775390625,0.0930023193359375,0.0946044921875,0.0506744384765625,0.001007080078125,3.156588761651509,7.865341020932638,9.93542069028952,9.996780391384274,9.999999999999993,9.999999662982406,9.999999999999991
augmented_healthyf_121.jpg,sehat,1,87.09519958496094,81.33938598632812,74.33427429199219,62.85577392578125,38.673553466796875,89.4918212890625,88.97826385498047,37.672401428222656,61.78737258911133,766.1732964148949,0.3747359189136039,0.8866292202344584,0.25297316598007796,11.504483522584431,0.06403849750341714,0.283477783203125,0.000762939453125,0.06072998046875,0.462371826171875,0.10101318359375,0.0829620361328125,0.0085906982421875,9.1552734375e-05,0.283477783203125,0.00128173828125,0.240020751953125,0.2820281982421875,0.0971221923828125,0.082733154296875,0.0092315673828125,0.0041046142578125,0.283477783203125,0.0951995849609375,0.2962799072265625,0.148681640625,0.085784912109375,0.0728912353515625,0.011260986328125,0.0064239501953125,3.1617243722086448,7.792819227242625,9.982239421636542,9.996971745430864,9.999999999999995,9.999999727135569,9.999999999999998
augmented_healthyf_123.jpg,sehat,1,27.066925048828125,26.153396606445312,23.078704833984375,11.093902587890625,7.3856658935546875,27.430160522460938,34.58279037475586,20.731096267700195,66.48678588867188,995.0898668403761,0.8460846455618395,0.8779738630740334,0.8226665875921523,7.919692731490247,0.6768299933949323,0.844268798828125,0.0,0.0,0.0150146484375,0.0732269287109375,0.0201873779296875,0.0090789794921875,0.0382232666015625,0.844268798828125,0.0,0.0,0.044830322265625,0.04986572265625,0.0122833251953125,0.0102386474609375,0.03851318359375,0.844268798828125,1.52587890625e-05,0.0211029052734375,0.0635986328125,0.0187530517578125,0.011505126953125,0.0127716064453125,0.027984619140625,2.326326946114615,4.972659315336224,8.240940635002767,9.00284344719603,9.999999993462849,9.994513629990513,9.999999994241007
augmented_healthyf_124.jpg,sehat,1,48.9537353515625,43.65724182128906,38.10125732421875,20.515533447265625,24.857009887695312,49.39617919921875,45.41768264770508,35.630794525146484,61.390220642089844,1057.5328053951705,0.6001825850287923,0.8305846414094824,0.5434568206406314,12.818195026029306,0.2954425530452522,0.5962677001953125,0.0,0.0175933837890625,0.250335693359375,0.1236572265625,0.00897216796875,0.003173828125,0.0,0.5962677001953125,0.0,0.131072998046875,0.21484375,0.0471038818359375,0.0050048828125,0.0055084228515625,0.0001983642578125,0.5962677001953125,0.0279083251953125,0.213104248046875,0.126953125,0.025634765625,0.00408935546875,0.005279541015625,0.000762939453125,3.020961355205536,6.953579121972278,9.836434436829164,9.924875520285402,-9.999999999997625,9.999973085960566,-9.999999999999591
augmented_healthyf_125.jpg,sehat,1,57.30998229980469,48.50794982910156,40.54380798339844,17.142730712890625,39.32965087890625,57.45098876953125,25.346881866455078,44.87314224243164,57.87807846069336,1208.018519811971,0.47778848412927516,0.76929309534639,0.41621315526711333,16.378005492537802,0.17334307141965835,0.4902191162109375,7.62939453125e-05,0.0845489501953125,0.3267974853515625,0.0916595458984375,0.005584716796875,0.0010986328125,1.52587890625e-05,0.4902191162109375,0.0,0.288330078125,0.18878173828125,0.02679443359375,0.004150390625,0.0016326904296875,9.1552734375e-05,0.4902191162109375,0.1419677734375,0.25640869140625,0.0950469970703125,0.0113372802734375,0.00347900390625,0.0013427734375,0.0001983642578125,3.037647887188054,7.521139887721369,9.838309914009276,9.952657503373286,-9.999999999999856,9.999991953067155,-9.999999999998868
augmented_healthyf_126.jpg,sehat,1,21.567092895507812,21.058074951171875,19.528579711914062,11.6781005859375,5.12420654296875,22.093124389648438,39.56551742553711,15.195538520812988,55.270751953125,1106.7388358829646,0.8331554921976432,0.8034765995882102,0.8227420131213772,9.650514931365779,0.6769323489796645,0.8545684814453125,0.0,0.0003509521484375,0.0540771484375,0.036468505859375,0.0374908447265625,0.0144195556640625,0.00262451171875,0.8545684814453125,0.0,0.00079345703125,0.0601348876953125,0.0373687744140625,0.0252532958984375,0.0173187255859375,0.0045623779296875,0.8545684814453125,3.0517578125e-05,0.0316314697265625,0.0430145263671875,0.0310516357421875,0.02276611328125,0.01202392578125,0.004913330078125,2.619376579754709,5.7925178552981205,9.715640695288924,9.433080264819901,9.999999999828304,9.999068743184361,9.999999999933406
augmented_healthyf_128.jpg,sehat,1,40.214752197265625,40.73210144042969,40.92851257324219,25.354034423828125,2.73492431640625,41.6768798828125,67.51424407958984,7.845486640930176,85.42081451416016,2333.94441369688,0.7916546081524939,0.8320808549401021,0.7714515468758188,15.155532558596242,0.5951668853181763,0.80242919921875,0.0,0.0,0.0001068115234375,0.0290069580078125,0.0493621826171875,0.050079345703125,0.0690155029296875,0.80242919921875,0.0,0.0,0.0,0.0283966064453125,0.042236328125,0.052978515625,0.0739593505859375,0.80242919921875,0.0,0.0,0.000244140625,0.028778076171875,0.03887939453125,0.0520782470703125,0.0775909423828125,2.7230948858344877,7.243945349370953,8.393092297392062,8.63619613579121,9.999999975942389,-9.99778197333569,9.99999998498446
augmented_healthyf_129.jpg,sehat,1,33.81455993652344,33.91670227050781,33.50199890136719,23.43768310546875,4.191253662109375,35.20942687988281,62.7284049987793,11.331708908081055,76.23516082763672,2637.519937980803,0.7849850298542673,0.7566545430888739,0.773260297359104,17.79661168357351,0.5980019727399214,0.8162078857421875,0.0,0.0,0.0101165771484375,0.047576904296875,0.05157470703125,0.037933349609375,0.036590576171875,0.8162078857421875,0.0,0.0,0.0177001953125,0.0412139892578125,0.0464630126953125,0.0377044677734375,0.04071044921875,0.8162078857421875,0.0,0.0005035400390625,0.02593994140625,0.035308837890625,0.0418853759765625,0.03961181640625,0.0405426025390625,2.503070311943668,5.624700197133817,7.838266182150137,8.208392725439406,9.999999759248576,9.967298693705805,-9.99999994168721
augmented_healthyf_13.jpg,sehat,1,68.68980407714844,57.88487243652344,46.756683349609375,22.416656494140625,50.209930419921875,68.82881164550781,33.035030364990234,48.914756774902344,60.86933898925781,928.8993454295401,0.4229921656401912,0.8426670154191487,0.34669619267646845,14.499299732363951,0.12033072011860418,0.404144287109375,0.0,0.12591552734375,0.3443145751953125,0.0692596435546875,0.0366363525390625,0.0184478759765625,0.00128173828125,0.404144287109375,0.0174560546875,0.3502960205078125,0.146026611328125,0.042999267578125,0.0285797119140625,0.0091552734375,0.0013427734375,0.404144287109375,0.1960296630859375,0.2906341552734375,0.06298828125,0.031829833984375,0.0121002197265625,0.0010528564453125,0.001220703125,3.062908624841134,7.720172601005407,9.928971745949852,9.991104619402739,-9.99999999999995,-9.99999893406592,9.999999999999977
augmented_healthyf_130.jpg,sehat,1,101.81301879882812,89.33171081542969,59.937255859375,34.01251220703125,71.39373779296875,103.67208862304688,47.21939468383789,69.96208953857422,85.36512756347656,511.3266421969966,0.5273857727695065,0.954911872632297,0.3524863059823267,7.307426294248544,0.12431686166414231,0.3744659423828125,0.0,0.0055084228515625,0.10107421875,0.2195281982421875,0.177734375,0.05712890625,0.0645599365234375,0.3744659423828125,0.0,0.061187744140625,0.1657562255859375,0.226165771484375,0.1012420654296875,0.041351318359375,0.0298309326171875,0.3997650146484375,0.190185546875,0.17852783203125,0.082550048828125,0.049041748046875,0.03875732421875,0.04534912109375,0.0158233642578125,3.0452737726021564,7.418679857289997,9.941915451416072,9.978933256150693,9.99999999999982,9.999997976543082,-9.999999999999964
augmented_healthyf_132.jpg,sehat,1,60.08964538574219,52.95790100097656,45.15257263183594,22.85772705078125,34.55686950683594,60.649658203125,41.14695739746094,39.583126068115234,64.0813980102539,1426.2227764245542,0.48656063351608925,0.7893881077925903,0.4259464487032769,17.551757902417453,0.18162686658002314,0.49676513671875,0.0,0.0811309814453125,0.290740966796875,0.0713043212890625,0.03564453125,0.022430419921875,0.001983642578125,0.49676513671875,0.0,0.262298583984375,0.1560211181640625,0.0411834716796875,0.0301666259765625,0.0091705322265625,0.00439453125,0.49676513671875,0.059478759765625,0.3058319091796875,0.0820159912109375,0.0341796875,0.014678955078125,0.0024566650390625,0.0045928955078125,2.960425459488278,7.374544041031744,9.612392836587519,9.9947624971457,9.999999999999961,9.999999137916653,9.999999999999943
augmented_healthyf_133.jpg,sehat,1,31.907745361328125,28.64166259765625,23.6876220703125,8.69281005859375,14.670196533203125,31.96728515625,19.790693283081055,30.01613426208496,62.629947662353516,1391.7399969623732,0.7572814831983461,0.7896129082190312,0.7363414341136557,13.129421790203892,0.5423304206099372,0.7847900390625,0.0,0.0,0.0717926025390625,0.073974609375,0.04437255859375,0.0234832763671875,0.0015869140625,0.7847900390625,0.0,0.0018768310546875,0.11492919921875,0.049835205078125,0.0354156494140625,0.011474609375,0.001678466796875,0.7847900390625,0.0,0.092803955078125,0.0662078857421875,0.03814697265625,0.0152740478515625,0.0012664794921875,0.0015106201171875,2.669412137167807,6.584859495148679,8.561246202898221,9.015358426307188,9.999999995075315,9.99829006275761,-9.999999997157403
augmented_healthyf_134.jpg,sehat,1,35.405548095703125,30.742691040039062,25.915756225585938,11.73876953125,20.417327880859375,35.60783386230469,32.23472213745117,36.50102996826172,60.66069030761719,1867.1464963408362,0.6703660526036904,0.6895260797158359,0.6459611663799526,18.840225219984443,0.4173980375967688,0.7241973876953125,0.0,0.0124053955078125,0.1651153564453125,0.062530517578125,0.016510009765625,0.008270263671875,0.0109710693359375,0.7241973876953125,0.0,0.12384033203125,0.101470947265625,0.0235595703125,0.010223388671875,0.005279541015625,0.0114288330078125,0.7241973876953125,0.0231781005859375,0.1765594482421875,0.04400634765625,0.013458251953125,0.0053558349609375,0.0024871826171875,0.0107574462890625,2.6744959339679424,6.759360556889928,9.174677001823191,9.469772694102561,-9.999999999953447,9.999731306838132,-9.999999999620073
augmented_healthyf_136.jpg,sehat,1,30.293930053710938,30.329437255859375,28.065811157226562,31.838348388671875,16.48175048828125,32.953704833984375,67.22467803955078,30.266605377197266,53.94829177856445,1082.8465661889009,0.6739190981838243,0.7782859295862271,0.658347856568349,14.076750694054018,0.43352524746779614,0.7103424072265625,0.022216796875,0.1072540283203125,0.0923614501953125,0.0535430908203125,0.01123046875,0.0027313232421875,0.0003204345703125,0.7103424072265625,0.000732421875,0.12774658203125,0.1071319580078125,0.040924072265625,0.00927734375,0.0030975341796875,0.0007476806640625,0.7110748291015625,0.0363922119140625,0.1160430908203125,0.09930419921875,0.024200439453125,0.0084381103515625,0.003387451171875,0.00115966796875,2.7273326239782336,6.425699235202078,9.02741583097633,9.030475072728796,-9.999999997700629,-9.997818679318799,-9.999999998042325
augmented_healthyf_139.jpg,sehat,1,64.05899047851562,62.010498046875,57.250091552734375,16.388671875,10.944564819335938,64.21673583984375,22.603878021240234,16.602069854736328,84.8256607055664,1654.66193401437,0.6123630355961961,0.8774856060116963,0.5882453504835355,15.769843674823305,0.3460607276762638,0.6208038330078125,0.0,0.000335693359375,0.0446624755859375,0.1139678955078125,0.1271209716796875,0.059844970703125,0.03326416015625,0.6208038330078125,0.0,0.0001678466796875,0.0585784912109375,0.1241607666015625,0.113677978515625,0.0599365234375,0.022674560546875,0.6208038330078125,0.000457763671875,0.018035888671875,0.0814361572265625,0.1379852294921875,0.086883544921875,0.04461669921875,0.0097808837890625,2.8405622980111316,6.262511918377484,9.045301400734086,9.561217759972335,-9.999999999862954,-9.99961137841788,9.999999999751608
augmented_healthyf_14.jpg,sehat,1,42.549530029296875,36.02775573730469,29.797119140625,14.37762451171875,29.14013671875,42.70683288574219,33.44701385498047,42.2965087890625,58.51233673095703,1672.3318500159287,0.5748579014350463,0.6889079698857747,0.5443568492200681,19.480149205579217,0.2964623620935692,0.630523681640625,1.52587890625e-05,0.083740234375,0.1999053955078125,0.0595703125,0.0146942138671875,0.0074615478515625,0.00408935546875,0.630523681640625,0.0,0.2344970703125,0.0946807861328125,0.02154541015625,0.0102081298828125,0.0041961669921875,0.0043487548828125,0.630523681640625,0.089569091796875,0.21685791015625,0.0401153564453125,0.0128021240234375,0.005035400390625,0.0013427734375,0.003753662109375,2.8039200420297914,7.624682275335168,9.204579124967939,9.837382190551752,-9.999999999973523,-9.999984443699567,9.999999999984983
augmented_healthyf_141.jpg,sehat,1,40.74009704589844,37.549560546875,35.00828552246094,29.500335693359375,19.51397705078125,41.72611999511719,68.78428649902344,29.976640701293945,55.59080505371094,802.4863173541713,0.6044886915126046,0.8489172600217937,0.5646897074975196,11.70736725210539,0.31896203696706743,0.614013671875,0.0120391845703125,0.149322509765625,0.14886474609375,0.0543212890625,0.018218994140625,0.001129150390625,0.0020904541015625,0.614013671875,0.0096893310546875,0.221466064453125,0.09906005859375,0.039794921875,0.0125885009765625,0.00079345703125,0.002593994140625,0.614013671875,0.071533203125,0.18975830078125,0.072357177734375,0.0350341796875,0.0138702392578125,0.00054931640625,0.0028839111328125,2.882898330197848,6.693440889677203,9.785888953941352,9.659849395526185,-9.99999999997613,-9.999769858965244,9.999999999961947
augmented_healthyf_142.jpg,sehat,1,61.90574645996094,63.378814697265625,56.12794494628906,30.058013916015625,11.551437377929688,64.13241577148438,56.1251220703125,23.925323486328125,98.06501770019531,1467.7179632773675,0.7180081502098509,0.9189746422099985,0.6755333982575579,11.682240092490408,0.4563643706147975,0.6918487548828125,0.0,0.0,0.0041046142578125,0.0408935546875,0.0863800048828125,0.080535888671875,0.0962371826171875,0.6918487548828125,0.0,0.0,0.001068115234375,0.0330352783203125,0.08343505859375,0.08819580078125,0.1024169921875,0.6918487548828125,0.0006561279296875,0.007354736328125,0.02154541015625,0.0864715576171875,0.076629638671875,0.036041259765625,0.0794525146484375,2.80837425936094,6.027403770509739,8.728258940800332,9.386590007078263,9.999999999639972,-9.99950460555891,9.999999999067054
augmented_healthyf_146.jpg,sehat,1,61.41007995605469,61.02125549316406,57.92353820800781,46.2730712890625,15.735305786132812,64.23490905761719,79.79635620117188,22.374637603759766,77.7479476928711,2131.139624892942,0.5721187697385743,0.8036568234566382,0.5201400265970705,18.483005814273316,0.2706981879382314,0.5766754150390625,0.0,0.001617431640625,0.1010284423828125,0.22149658203125,0.0801849365234375,0.01092529296875,0.0080718994140625,0.5766754150390625,0.0,0.0011444091796875,0.14593505859375,0.179718017578125,0.0636749267578125,0.0155487060546875,0.017303466796875,0.5766754150390625,0.0,0.037628173828125,0.1828460693359375,0.0975341796875,0.0692596435546875,0.0128631591796875,0.023193359375,2.9444235176626576,7.235237532370087,9.322225582126856,9.817863396479293,-9.999999999977646,-9.999995934959934,-9.999999999977552
augmented_healthyf_147.jpg,sehat,1,72.93397521972656,70.4178466796875,66.26420593261719,54.0946044921875,21.06756591796875,75.15592956542969,87.77812957763672,25.52875328063965,73.65507507324219,1740.6012862833275,0.4822715908106503,0.8199351207557305,0.4079765499351618,17.785697612242306,0.16657488673306234,0.4665985107421875,1.52587890625e-05,0.0114898681640625,0.2084503173828125,0.1956329345703125,0.1061859130859375,0.0109405517578125,0.0006866455078125,0.4665985107421875,0.0,0.0454559326171875,0.224517822265625,0.169158935546875,0.0753173828125,0.0102996826171875,0.0086517333984375,0.4665985107421875,0.0002288818359375,0.1346435546875,0.192962646484375,0.0976104736328125,0.0868377685546875,0.00836181640625,0.01275634765625,3.029678962416324,8.770403522900917,9.953879084796075,9.880763855680316,-9.999999999997504,-9.999998671398624,-9.999999999999343
augmented_healthyf_148.jpg,sehat,1,56.18025207519531,58.89323425292969,55.788848876953125,33.48638916015625,8.458648681640625,60.52632141113281,64.90769958496094,17.893999099731445,95.64087677001953,2958.286426879273,0.6875900439246602,0.8243793301165944,0.6552728653571955,20.84824898345587,0.42943307257923524,0.7034454345703125,0.0,9.1552734375e-05,0.0065155029296875,0.075714111328125,0.07904052734375,0.0669708251953125,0.0682220458984375,0.7034454345703125,0.0,0.0,0.013946533203125,0.061920166015625,0.0510406494140625,0.0615692138671875,0.1080780029296875,0.7034454345703125,0.0,0.00030517578125,0.0343780517578125,0.0535736083984375,0.06243896484375,0.0699462890625,0.0759124755859375,2.6982413620306045,6.019559085924523,8.7456806487436,8.931164739478232,9.999999993733544,9.997412317397938,9.999999999664142
augmented_healthyf_149.jpg,sehat,1,51.441070556640625,49.577301025390625,45.800628662109375,41.6031494140625,14.93035888671875,52.57073974609375,84.47925567626953,26.390716552734375,72.3108139038086,778.6309286738428,0.6576687826099895,0.9181576330446389,0.6079749816587451,9.228603336449085,0.3696774863872902,0.63824462890625,0.0,0.0081024169921875,0.1257171630859375,0.125335693359375,0.0881805419921875,0.0031585693359375,0.011260986328125,0.63824462890625,0.0,0.0238800048828125,0.1324615478515625,0.139892578125,0.04595947265625,0.007598876953125,0.011962890625,0.63824462890625,0.007293701171875,0.087982177734375,0.0958099365234375,0.094757080078125,0.0576171875,0.006866455078125,0.0114288330078125,3.0053782438076637,7.338239638489411,9.939895913105708,9.83873660748626,-9.999999999995008,-9.999958299993992,9.999999999999265
augmented_healthyf_15.jpg,sehat,1,95.3995361328125,97.83213806152344,84.60102844238281,42.193023681640625,18.391937255859375,98.36039733886719,51.909027099609375,31.21878433227539,104.10456085205078,2348.8125441809443,0.5196740303829401,0.8857554818667502,0.4892264178330599,20.627296306006848,0.2393844056738024,0.516265869140625,0.0,0.0,0.0078887939453125,0.0619354248046875,0.1347808837890625,0.16357421875,0.1155548095703125,0.516265869140625,0.0,0.0,0.0023040771484375,0.05230712890625,0.124664306640625,0.169097900390625,0.1353607177734375,0.5168609619140625,0.0038604736328125,0.0190582275390625,0.0459136962890625,0.093994140625,0.134796142578125,0.1224365234375,0.063079833984375,2.859703843449349,6.5199571619665955,8.91547470013065,9.559208602721325,-9.999999999870418,-9.999692199173241,-9.99999999968743
augmented_healthyf_150.jpg,sehat,1,76.22886657714844,74.27711486816406,72.13601684570312,49.435333251953125,17.384597778320312,79.14205932617188,81.9927978515625,21.5229549407959,77.72347259521484,1275.420366897821,0.5185472042948276,0.8813544972484723,0.43482781166028595,12.883785606961196,0.18914968849438432,0.473358154296875,0.0,0.000244140625,0.1258392333984375,0.2745361328125,0.10467529296875,0.0210418701171875,0.00030517578125,0.473358154296875,0.0,0.0,0.2286224365234375,0.156524658203125,0.115570068359375,0.0230865478515625,0.002838134765625,0.473358154296875,0.0,0.0257110595703125,0.25750732421875,0.0989837646484375,0.0923614501953125,0.0466461181640625,0.00543212890625,2.9967582374320925,7.318853885711003,9.667762873541287,9.891150586707257,-9.999999999993092,9.999977326466754,-9.999999999998462
augmented_healthyf_151.jpg,sehat,1,39.6256103515625,39.931427001953125,39.06770324707031,35.24755859375,7.499420166015625,41.703887939453125,76.24439239501953,15.381082534790039,70.97599792480469,1717.0041261788922,0.7224300471527675,0.812583526907167,0.6925990020393167,14.10063048614093,0.47975396410376825,0.7365875244140625,0.0,0.000152587890625,0.0531768798828125,0.114593505859375,0.086883544921875,0.008544921875,6.103515625e-05,0.7365875244140625,0.0,0.0,0.053741455078125,0.11138916015625,0.088287353515625,0.006072998046875,0.0039215087890625,0.7365875244140625,0.0,0.00103759765625,0.073760986328125,0.0958251953125,0.0785675048828125,0.00836181640625,0.005859375,2.7539627198181282,6.594174170642175,8.796488936585114,9.520189376940351,9.999999999705208,9.99961706561232,9.999999999618595
augmented_healthyf_152.jpg,sehat,1,28.043899536132812,28.380752563476562,27.309234619140625,11.09649658203125,1.9709014892578125,28.5794677734375,34.9302864074707,6.868291854858398,74.02661895751953,1557.7882791592822,0.8647304603196346,0.8538275700136305,0.845867180008698,9.87539281726133,0.7155037645897533,0.8672943115234375,0.0,0.0,0.000152587890625,0.01470947265625,0.0222930908203125,0.0391082763671875,0.0564422607421875,0.8672943115234375,0.0,0.0,0.0,0.0139617919921875,0.0194244384765625,0.0406036376953125,0.0587158203125,0.8672943115234375,0.0,0.0,0.001373291015625,0.0191650390625,0.02392578125,0.0390625,0.0491790771484375,2.622435670709975,6.3038135592223625,8.59884659996163,7.930552997428808,9.999999747030296,9.97625896058489,9.999999911467158
augmented_healthyf_153.jpg,sehat,1,24.603866577148438,24.808563232421875,22.55322265625,10.394439697265625,3.841064453125,25.269195556640625,35.211769104003906,13.161885261535645,70.64622497558594,1143.0064288103315,0.8880798743649682,0.8773745967235493,0.868335783988166,7.306811356596995,0.7540209055536905,0.88299560546875,0.0,0.0,1.52587890625e-05,0.0131378173828125,0.0317840576171875,0.015472412109375,0.0565948486328125,0.88299560546875,0.0,0.0,0.0,0.0222015380859375,0.0193328857421875,0.0153350830078125,0.0601348876953125,0.88299560546875,0.0,7.62939453125e-05,0.01312255859375,0.0242919921875,0.0161285400390625,0.0213623046875,0.042022705078125,2.163557513014794,5.394564453772346,6.760505472698594,7.165723979888344,9.999979298217676,9.691120399934528,-9.999975336911032
augmented_healthyf_155.jpg,sehat,1,50.49183654785156,43.52293395996094,37.13325500488281,15.862884521484375,30.992446899414062,50.7216796875,29.612821578979492,41.67271423339844,61.239295959472656,1327.8131284698122,0.5535521829522915,0.782257039876287,0.5014420813562775,16.140656000358394,0.25156277720866,0.57177734375,1.52587890625e-05,0.0426788330078125,0.286529541015625,0.0811309814453125,0.007110595703125,0.00244140625,0.0083160400390625,0.57177734375,0.0,0.216278076171875,0.1705780029296875,0.0237579345703125,0.0054931640625,0.0038299560546875,0.0082855224609375,0.57177734375,0.0858917236328125,0.230926513671875,0.0840606689453125,0.01068115234375,0.0043182373046875,0.00390625,0.0084381103515625,2.9495568419605833,6.92754872754273,9.975914542721727,9.782909683897474,-9.999999999994813,9.999906021159585,9.999999999998439
augmented_healthyf_159.jpg,sehat,1,35.83941650390625,35.827606201171875,35.464752197265625,24.6510009765625,4.372711181640625,37.22032165527344,64.25068664550781,11.501585006713867,77.72200775146484,2775.748085618348,0.7718979104838505,0.7538489568486476,0.7590440070212772,18.87728721445767,0.5762245286986833,0.8050079345703125,0.0,0.0,0.009521484375,0.0532379150390625,0.054107666015625,0.0390472412109375,0.0390777587890625,0.8050079345703125,0.0,0.0,0.0177764892578125,0.0472412109375,0.048126220703125,0.039306640625,0.04254150390625,0.8050079345703125,0.0,0.0002899169921875,0.02740478515625,0.039306640625,0.0443572998046875,0.0407562255859375,0.042877197265625,2.5308758343430404,5.881415156659763,7.981331845781757,8.370659449155514,9.999999881688318,9.98546782306497,9.999999994126586
augmented_healthyf_16.jpg,sehat,1,33.413818359375,33.14515686035156,30.672607421875,31.994781494140625,16.6842041015625,35.97541809082031,66.83631134033203,29.088502883911133,56.720115661621094,1113.3847950410554,0.6624433245967056,0.7960310354363583,0.646081988970712,14.268752741439975,0.41751363907421646,0.6948699951171875,0.01226806640625,0.106201171875,0.1007080078125,0.06524658203125,0.0164794921875,0.004119873046875,0.0001068115234375,0.6948699951171875,9.1552734375e-05,0.118316650390625,0.11981201171875,0.049346923828125,0.01220703125,0.004608154296875,0.0007476806640625,0.6950836181640625,0.0265350341796875,0.1202239990234375,0.1150360107421875,0.02752685546875,0.0095367431640625,0.0045013427734375,0.001556396484375,2.7821230710592717,6.422248443489525,9.383253372831504,9.109951161694996,-9.999999999804812,-9.99880949978692,9.999999998661071
augmented_healthyf_160.jpg,sehat,1,102.58149719238281,85.52513122558594,55.483123779296875,30.649322509765625,76.85440063476562,104.24739074707031,43.084903717041016,74.20894622802734,85.9307861328125,504.5086500416666,0.5239334858087338,0.9531022366020041,0.35791878933578364,7.314237826786027,0.12816058304408964,0.377777099609375,0.0,0.00439453125,0.094573974609375,0.1975250244140625,0.188873291015625,0.0804290771484375,0.056427001953125,0.377777099609375,0.0,0.079345703125,0.1904754638671875,0.209564208984375,0.0836181640625,0.036346435546875,0.0228729248046875,0.4119110107421875,0.2167816162109375,0.1652984619140625,0.0822601318359375,0.0455169677734375,0.031158447265625,0.034515380859375,0.0125579833984375,3.0018392743350555,6.877812466781462,9.626454248984896,9.960342752207977,9.999999999998508,9.9999917063008,-9.99999999999985
augmented_healthyf_161.jpg,sehat,1,16.076019287109375,16.091262817382812,15.288726806640625,7.798858642578125,2.5441741943359375,16.662704467773438,33.692928314208984,10.035445213317871,53.858253479003906,1138.0068788278543,0.892921717763086,0.7864638925331519,0.8871471789662709,8.297958194628015,0.7870416541497804,0.9083404541015625,0.0,0.000274658203125,0.0125885009765625,0.021331787109375,0.026580810546875,0.01849365234375,0.01239013671875,0.9083404541015625,0.0,0.0,0.0148468017578125,0.0187835693359375,0.027862548828125,0.0161895751953125,0.01397705078125,0.9083404541015625,0.0,0.0016021728515625,0.01885986328125,0.02044677734375,0.0258636474609375,0.01251220703125,0.0123748779296875,2.308904881156915,5.089137962888036,7.623791506865758,7.872666918049281,9.999999819572524,-9.877218601294665,-9.999998990113733
augmented_healthyf_162.jpg,sehat,1,27.165969848632812,25.07861328125,21.71173095703125,8.50347900390625,9.814361572265625,27.43341064453125,25.119354248046875,23.54482650756836,61.33963394165039,1480.7558593689134,0.8008127918177639,0.7728121182200426,0.7840243015858275,12.365568251816796,0.6147929892225324,0.8270721435546875,0.0,0.0,0.027435302734375,0.0746612548828125,0.0408172607421875,0.0277557373046875,0.00225830078125,0.8270721435546875,0.0,0.0,0.0729217529296875,0.0475921630859375,0.0354156494140625,0.011993408203125,0.0050048828125,0.8270721435546875,0.0,0.032562255859375,0.0733642578125,0.0404052734375,0.0185089111328125,0.0028839111328125,0.0052032470703125,2.512482059040334,6.914259413672905,8.324014898401675,8.761828239622112,9.999999992753535,-9.999082168226106,9.999999981915987
augmented_healthyf_163.jpg,sehat,1,39.6234130859375,35.27372741699219,29.087478637695312,10.9163818359375,19.384384155273438,39.6982421875,21.658111572265625,33.921363830566406,66.2561264038086,1596.9829275683057,0.6977322742981592,0.7821334699238003,0.6665074491639814,15.375002567851368,0.4444123517169741,0.7241058349609375,0.0,0.0001068115234375,0.1153411865234375,0.0859222412109375,0.0475921630859375,0.0245513916015625,0.00238037109375,0.7241058349609375,0.0,0.0079193115234375,0.1621246337890625,0.0548553466796875,0.0362701416015625,0.012237548828125,0.0024871826171875,0.7241058349609375,0.000152587890625,0.141876220703125,0.0734405517578125,0.0409698486328125,0.015594482421875,0.0016937255859375,0.002166748046875,2.6811328054798933,6.463416292993682,8.718705679605979,9.433926429220953,9.999999999191319,9.9996334966529,9.999999999929353
augmented_healthyf_164.jpg,sehat,1,36.515533447265625,31.619064331054688,26.517837524414062,11.81353759765625,21.183319091796875,36.70036315917969,30.68570327758789,36.780845642089844,60.29580307006836,2025.7299122297507,0.6509928758417425,0.6539213910034851,0.6299126766303172,20.273552519462978,0.3969192881907306,0.71295166015625,0.0,0.0097808837890625,0.1750946044921875,0.067718505859375,0.0187225341796875,0.008880615234375,0.0068511962890625,0.71295166015625,0.0,0.1225738525390625,0.1140289306640625,0.02642822265625,0.011962890625,0.0048370361328125,0.0072174072265625,0.71295166015625,0.022674560546875,0.182952880859375,0.0514678955078125,0.0159454345703125,0.0052337646484375,0.002288818359375,0.0064849853515625,2.64446812481112,6.900864559441099,8.542777741777003,9.387086266827943,9.999999999422466,9.999525743966272,9.999999998894426
augmented_healthyf_166.jpg,sehat,1,35.42924499511719,34.483642578125,31.591812133789062,24.28314208984375,14.279617309570312,37.20361328125,56.59445571899414,26.746950149536133,63.03577423095703,1443.3638030727345,0.683067265232573,0.7908162433994272,0.6679578295175207,15.72433357231881,0.4462620106696847,0.720794677734375,4.57763671875e-05,0.0678253173828125,0.099029541015625,0.058929443359375,0.0228424072265625,0.02496337890625,0.0055694580078125,0.720794677734375,0.0,0.0723114013671875,0.1124267578125,0.04681396484375,0.0220489501953125,0.0228271484375,0.002777099609375,0.720794677734375,0.0140838623046875,0.088134765625,0.1028900146484375,0.033172607421875,0.02618408203125,0.0132904052734375,0.0014495849609375,2.675518823136808,6.426973990392327,8.448017429338115,8.747553390367862,-9.999999982453195,-9.996099714893155,9.999999997437444
augmented_healthyf_17.jpg,sehat,1,13.425933837890625,13.645843505859375,13.260116577148438,11.285980224609375,2.13665771484375,13.938278198242188,40.397491455078125,8.096390724182129,43.45887756347656,1324.711961056219,0.8663996692954944,0.6294210230553882,0.8640632046589644,10.997545565626828,0.7466462611141625,0.89935302734375,0.0,0.0159759521484375,0.0337066650390625,0.0260009765625,0.017547607421875,0.0067138671875,0.000701904296875,0.89935302734375,0.0,0.016387939453125,0.032135009765625,0.0244140625,0.01806640625,0.0081787109375,0.00146484375,0.89935302734375,0.0002593994140625,0.0251922607421875,0.0261993408203125,0.02178955078125,0.016510009765625,0.008209228515625,0.0024871826171875,2.259659236652375,4.6385169339052,7.78092869504433,8.656779147999885,-9.999999997234907,-9.989284985232612,-9.999999946295212
augmented_healthyf_171.jpg,sehat,1,48.07679748535156,44.004608154296875,40.285064697265625,29.7451171875,22.529800415039062,48.856292724609375,66.41651153564453,30.425045013427734,57.268699645996094,845.0382749638794,0.5520853591924297,0.8494524162225229,0.5049439394524768,12.648498959214896,0.2550522077241906,0.5564117431640625,0.005889892578125,0.154083251953125,0.177764892578125,0.08770751953125,0.0181121826171875,3.0517578125e-05,0.0,0.5564117431640625,0.001434326171875,0.24432373046875,0.1222686767578125,0.063995361328125,0.011566162109375,0.0,0.0,0.5564117431640625,0.062286376953125,0.229339599609375,0.1052398681640625,0.0343170166015625,0.0123748779296875,3.0517578125e-05,0.0,2.8773186450073176,6.689809163689449,9.044593341915817,9.692873813084686,-9.999999999880389,-9.999799223910435,-9.999999999953655
augmented_healthyf_172.jpg,sehat,1,72.65721130371094,74.57286071777344,65.70549011230469,35.19110107421875,14.090301513671875,75.44697570800781,57.60472869873047,25.672428131103516,101.23104095458984,1526.142283413188,0.6591901725957439,0.9208615571282537,0.6124706961485259,13.207266265409606,0.37514023356810694,0.630859375,0.0,0.0,0.0057220458984375,0.065032958984375,0.1073455810546875,0.082275390625,0.1087646484375,0.630859375,0.0,0.0,0.00238037109375,0.0574493408203125,0.1001434326171875,0.0893402099609375,0.1198272705078125,0.6308746337890625,0.0009918212890625,0.0092315673828125,0.034576416015625,0.108062744140625,0.0833740234375,0.04803466796875,0.0848541259765625,2.882100929946859,6.247558037155112,8.859701403940303,9.536095874205332,9.999999999906636,-9.999996240330123,-9.999999999600377
augmented_healthyf_173.jpg,sehat,1,104.25942993164062,104.68984985351562,103.54747009277344,68.46682739257812,12.452651977539062,108.95481872558594,91.4674301147461,18.100461959838867,101.63572692871094,3244.823625901072,0.4551690153215913,0.8303453908750223,0.4001643979575528,25.6575280589631,0.16021232718774622,0.4506072998046875,0.0,0.0,0.013031005859375,0.1043243408203125,0.1638031005859375,0.1768798828125,0.0913543701171875,0.4506072998046875,0.0,0.0,0.0107269287109375,0.1114349365234375,0.1435546875,0.1912994384765625,0.092376708984375,0.4506072998046875,0.0001068115234375,0.00311279296875,0.0244903564453125,0.1099853515625,0.127044677734375,0.189208984375,0.0954437255859375,2.948021500766975,6.691903823698548,9.193558217214152,9.756337060742535,9.99999999998105,-9.99994853683748,-9.999999999936879
augmented_healthyf_175.jpg,sehat,1,39.272674560546875,35.6318359375,29.50921630859375,19.977264404296875,28.337982177734375,40.12065124511719,38.021507263183594,41.90634536743164,52.013492584228516,662.0807228925457,0.6125754507205172,0.8520160004147644,0.5690840074341105,10.448294934495095,0.3239437733804513,0.613433837890625,0.00762939453125,0.162689208984375,0.1776580810546875,0.0359344482421875,0.002593994140625,6.103515625e-05,0.0,0.613433837890625,0.02294921875,0.1976470947265625,0.1447296142578125,0.0166473388671875,0.0045623779296875,3.0517578125e-05,0.0,0.6134796142578125,0.124176025390625,0.183624267578125,0.0669403076171875,0.0093994140625,0.0023651123046875,1.52587890625e-05,0.0,2.814135520555583,6.79639513616351,9.4419969786813,9.634058450237317,9.999999999966949,9.999848783212963,9.99999999989846
augmented_healthyf_177.jpg,sehat,1,66.32742309570312,64.61947631835938,61.016082763671875,47.211822509765625,17.091033935546875,68.53662109375,82.93258666992188,23.502182006835938,78.47993469238281,2114.581895295452,0.5602908221857058,0.808194520163298,0.49429320100063995,18.12368814419905,0.24448148652503796,0.5495758056640625,0.0,0.00042724609375,0.1024169921875,0.2215576171875,0.1037750244140625,0.0134429931640625,0.0088043212890625,0.5495758056640625,0.0,0.0,0.1644744873046875,0.182769775390625,0.0706329345703125,0.0145263671875,0.0180206298828125,0.5495758056640625,0.0,0.0470428466796875,0.19158935546875,0.0993194580078125,0.0770721435546875,0.0118865966796875,0.0235137939453125,2.964544888750239,7.609454055896246,9.421502038054628,9.962231245850067,-9.999999999998657,-9.99999730967366,-9.999999999998536
augmented_healthyf_179.jpg,sehat,1,50.61767578125,48.853759765625,45.400177001953125,39.554779052734375,13.257553100585938,51.632781982421875,83.2726058959961,23.6334285736084,73.27286529541016,959.4588118118609,0.6708702660206165,0.9023841471595971,0.6216916665569249,10.013135462971254,0.38655897013888335,0.6540679931640625,0.0,0.0018157958984375,0.1056976318359375,0.1324005126953125,0.0889892578125,0.0031585693359375,0.0138702392578125,0.6540679931640625,0.0,0.0011749267578125,0.134979248046875,0.141571044921875,0.0463714599609375,0.007232666015625,0.0146026611328125,0.6540679931640625,9.1552734375e-05,0.0711822509765625,0.102569580078125,0.0937347412109375,0.0577850341796875,0.0064697265625,0.01409912109375,2.9488231324404897,8.090253750711243,9.967953592913332,9.584608086248064,-9.999999999994586,-9.999988932407852,9.999999999976229
augmented_healthyf_19.jpg,sehat,1,73.61984252929688,71.89521789550781,64.54598999023438,19.126861572265625,15.1007080078125,74.45565795898438,24.07509422302246,22.688201904296875,88.62991333007812,2436.327356374248,0.5539751492347319,0.8328269794290012,0.5276769062847954,20.85754571280566,0.2784724990219128,0.57025146484375,0.0,0.000518798828125,0.0402374267578125,0.1273956298828125,0.1501617431640625,0.0687713623046875,0.04266357421875,0.57025146484375,0.0,0.0,0.053314208984375,0.1392974853515625,0.132232666015625,0.0712432861328125,0.033660888671875,0.570281982421875,0.0031890869140625,0.0213775634765625,0.089263916015625,0.1572418212890625,0.097625732421875,0.0502166748046875,0.01080322265625,2.797967103342775,6.261674181916474,8.652712021112567,9.5065893132127,-9.99999999940295,-9.999326667099762,9.999999999849994
augmented_healthyf_2.jpg,sehat,1,51.90966796875,49.82183837890625,44.820037841796875,22.794403076171875,16.7890625,53.10038757324219,42.368499755859375,28.571182250976562,74.37560272216797,2192.705184963679,0.5984206570100833,0.7811618377987152,0.561785626125516,20.815255362962457,0.3156804883019619,0.633941650390625,4.57763671875e-05,0.0085296630859375,0.1586151123046875,0.123077392578125,0.020721435546875,0.0271759033203125,0.02789306640625,0.633941650390625,0.0,0.032470703125,0.1943817138671875,0.06134033203125,0.0169830322265625,0.0290069580078125,0.0318756103515625,0.633941650390625,0.003082275390625,0.121429443359375,0.1401824951171875,0.03118896484375,0.019256591796875,0.0252685546875,0.0256500244140625,2.8907310455275717,7.952734332108815,9.206010202989145,9.72833772538976,9.999999999931692,9.999963837309146,9.999999999957533
augmented_healthyf_20.jpg,sehat,1,91.92510986328125,91.26113891601562,81.36219787597656,44.24871826171875,22.156265258789062,93.73486328125,56.57388687133789,28.4239501953125,88.86092376708984,2100.4412031995507,0.43968173577663383,0.8577904497231681,0.4124453884178398,22.704790921958878,0.17013840840719274,0.44622802734375,0.0,0.000640869140625,0.0943756103515625,0.16839599609375,0.1396484375,0.109405517578125,0.0413055419921875,0.44622802734375,0.0,1.52587890625e-05,0.107421875,0.1602783203125,0.13555908203125,0.111083984375,0.0394134521484375,0.4462738037109375,0.0052642822265625,0.072998046875,0.13055419921875,0.1348724365234375,0.1029052734375,0.0719146728515625,0.03521728515625,2.9151402215740547,6.589221859016019,9.209206622347159,9.761431196032177,9.999999999999442,-9.999904477906759,-9.999999999938105
augmented_healthyf_21.jpg,sehat,1,43.80546569824219,40.07917785644531,36.605438232421875,28.648284912109375,21.929534912109375,44.64813232421875,65.68201446533203,31.386350631713867,55.76572036743164,788.851605000953,0.5784752327600081,0.8510506898738758,0.5373627467008357,11.981935768852951,0.2888462068567818,0.58709716796875,0.0113372802734375,0.1519927978515625,0.1612091064453125,0.07171630859375,0.016265869140625,9.1552734375e-05,0.0002899169921875,0.58709716796875,0.010406494140625,0.2278289794921875,0.11614990234375,0.046966552734375,0.011138916015625,7.62939453125e-05,0.000335693359375,0.58709716796875,0.0743560791015625,0.208587646484375,0.0866241455078125,0.031036376953125,0.0118408203125,0.0001068115234375,0.0003509521484375,2.9372111545600874,6.899046496987808,9.558678252352696,9.758360643525641,-9.999999999969097,-9.999885632412202,-9.999999999979599
augmented_healthyf_22.jpg,sehat,1,73.39955139160156,75.12020874023438,66.89627075195312,35.699310302734375,13.297988891601562,75.98127746582031,58.89960861206055,24.225177764892578,101.59236145019531,1556.7343076697769,0.6621388415013203,0.9202313604853062,0.6122752201090101,12.983390425264092,0.3748999900671475,0.6298065185546875,0.0,0.0,0.004180908203125,0.0582427978515625,0.1116180419921875,0.0856781005859375,0.1104736328125,0.6298065185546875,0.0,0.0,0.001312255859375,0.0506439208984375,0.106903076171875,0.090789794921875,0.12054443359375,0.6298065185546875,0.0005645751953125,0.0066680908203125,0.028472900390625,0.11224365234375,0.08489990234375,0.045562744140625,0.0917816162109375,2.8502050859817865,6.214981615886274,8.674509650456306,9.375043643886306,9.999999999647548,-9.999765543934041,-9.999999998931779
augmented_healthyf_23.jpg,sehat,1,91.97175598144531,91.41592407226562,90.66976928710938,61.947723388671875,11.261260986328125,95.66607666015625,90.33856201171875,17.21866798400879,99.37649536132812,2705.1087106763366,0.504792494286729,0.8509072053794425,0.46146971567486356,22.326338354847323,0.2130243788875541,0.5051116943359375,0.0,0.0,0.01751708984375,0.0985107421875,0.1531829833984375,0.1684417724609375,0.0572357177734375,0.5051116943359375,0.0,0.0,0.02093505859375,0.11322021484375,0.13287353515625,0.1700439453125,0.0578155517578125,0.5051116943359375,6.103515625e-05,0.002166748046875,0.0308685302734375,0.11444091796875,0.116119384765625,0.1647491455078125,0.0664825439453125,2.915343148099628,6.762053395149072,9.147665921939067,9.66926266869019,-9.99999999991344,-9.999845118216681,-9.999999999901643
augmented_healthyf_24.jpg,sehat,1,95.57415771484375,95.40217590332031,93.77912902832031,54.27996826171875,10.852691650390625,99.32928466796875,85.405029296875,17.234201431274414,105.93079376220703,3468.299606200019,0.5160980896657924,0.8332307881880654,0.4721640451144556,25.454298793982584,0.2230076397865052,0.52069091796875,0.0,0.0,0.004913330078125,0.0640106201171875,0.107635498046875,0.1865692138671875,0.116180419921875,0.52069091796875,0.0,0.0,0.0055999755859375,0.07269287109375,0.1085968017578125,0.165008544921875,0.127410888671875,0.52069091796875,1.52587890625e-05,0.0009918212890625,0.018890380859375,0.08514404296875,0.0915679931640625,0.148101806640625,0.1345977783203125,2.8785449690206595,6.685645500263036,9.314270659306153,9.657177214391568,-9.999999999954815,-9.999849526275753,9.999999999897192
augmented_healthyf_25.jpg,sehat,1,37.56993103027344,33.621490478515625,27.890640258789062,21.641876220703125,31.222381591796875,38.50743103027344,41.880062103271484,45.31632614135742,48.70656967163086,618.6155749494413,0.5956518704879937,0.8396682447045695,0.5494630842270204,10.496742222727988,0.3020266454588998,0.598175048828125,0.019989013671875,0.221160888671875,0.1375579833984375,0.0206756591796875,0.002410888671875,3.0517578125e-05,0.0,0.598175048828125,0.079132080078125,0.214691162109375,0.0885162353515625,0.01495361328125,0.0045166015625,1.52587890625e-05,0.0,0.6038055419921875,0.174407958984375,0.1632537841796875,0.046722412109375,0.0092620849609375,0.0025482177734375,0.0,0.0,2.838147598116957,7.223783913895127,9.574636447758479,9.837963959120357,9.99999999999245,9.999952181616065,9.999999999984732
augmented_healthyf_26.jpg,sehat,1,64.75936889648438,63.60316467285156,60.21427917480469,48.272003173828125,18.137527465820312,67.5802001953125,81.29852294921875,24.66423988342285,76.0804214477539,1943.548080062703,0.5362487151361027,0.8112229157280009,0.4810856532617546,18.385235448307807,0.23160185746350778,0.5396728515625,0.0,0.004608154296875,0.1402130126953125,0.2181243896484375,0.0838775634765625,0.010467529296875,0.0030364990234375,0.5396728515625,0.0,0.012451171875,0.18212890625,0.1727447509765625,0.0656890869140625,0.0154571533203125,0.0118560791015625,0.5396728515625,6.103515625e-05,0.0770721435546875,0.184844970703125,0.09552001953125,0.072723388671875,0.0120086669921875,0.018096923828125,2.978049042647664,7.18942193404108,9.87572468549469,9.856823107805553,-9.999999999996062,-9.999967659537996,-9.99999999999534
augmented_healthyf_27.jpg,sehat,1,72.65756225585938,70.2420654296875,65.91355895996094,50.728851318359375,20.979660034179688,74.97166442871094,83.27999877929688,26.01779556274414,76.41116333007812,1848.395146847961,0.500580513272077,0.8227267658930272,0.42769557722200174,17.833906133458573,0.18306426811378532,0.48431396484375,0.0,0.005157470703125,0.1833648681640625,0.204833984375,0.0987396240234375,0.01458740234375,0.009002685546875,0.48431396484375,0.0,0.022064208984375,0.22552490234375,0.1649169921875,0.068603515625,0.01629638671875,0.018280029296875,0.48431396484375,0.00042724609375,0.1186981201171875,0.194610595703125,0.088714599609375,0.07745361328125,0.012451171875,0.0233306884765625,3.0394807991788624,7.843007198179635,9.764835123644668,9.938092637820384,-9.999999999997806,-9.999997867167592,9.99999999999975
augmented_healthyf_28.jpg,sehat,1,55.85777282714844,58.85597229003906,55.64704895019531,33.6876220703125,8.253768920898438,60.32383728027344,65.13313293457031,17.647178649902344,96.26022338867188,2956.1069044942474,0.693679863190234,0.8268595386782632,0.66191109686482,20.54335530750964,0.4381782427033963,0.7086029052734375,0.0,1.52587890625e-05,0.004638671875,0.065277099609375,0.08160400390625,0.0707855224609375,0.0690765380859375,0.7086029052734375,0.0,0.0,0.0084686279296875,0.055694580078125,0.050872802734375,0.0649566650390625,0.1114044189453125,0.7086029052734375,0.0,0.0002288818359375,0.02716064453125,0.050445556640625,0.0635528564453125,0.0716400146484375,0.078369140625,2.683014486659025,5.948754957803457,8.673671550659636,8.869477347613467,9.999999991395061,9.9968089562549,9.999999999313099
augmented_healthyf_29.jpg,sehat,1,52.270355224609375,50.45391845703125,47.01426696777344,45.64544677734375,14.212661743164062,53.516571044921875,90.10770416259766,24.752288818359375,72.11517333984375,750.5237434637456,0.6579619687645234,0.9202174538671498,0.6058232538986046,8.842728219500128,0.36706720585698477,0.633697509765625,0.0,0.00579833984375,0.112335205078125,0.1363983154296875,0.1069793701171875,0.0024566650390625,0.0023345947265625,0.633697509765625,0.0,0.0099334716796875,0.1323089599609375,0.1578521728515625,0.0553436279296875,0.00775146484375,0.00311279296875,0.633697509765625,0.0022735595703125,0.0779266357421875,0.0964202880859375,0.110748291015625,0.0695648193359375,0.0062713623046875,0.0030975341796875,3.0090803611578285,7.624627888316595,9.948398601603438,9.814927674939108,9.999999999994312,-9.999966745214307,-9.999999999998169
augmented_healthyf_31.jpg,sehat,1,36.875823974609375,37.54461669921875,37.03196716308594,34.36663818359375,6.837005615234375,39.1822509765625,75.9295883178711,14.866105079650879,70.8056869506836,1883.4416207616166,0.7412057656511978,0.7921300974981073,0.7154984719564766,14.558540915968385,0.5119953990465576,0.7592010498046875,0.0,0.0001983642578125,0.03546142578125,0.10943603515625,0.08477783203125,0.0105743408203125,0.0003509521484375,0.7592010498046875,0.0,0.0,0.03277587890625,0.1073760986328125,0.0850067138671875,0.009857177734375,0.0057830810546875,0.7592010498046875,0.0,0.0003509521484375,0.05316162109375,0.0908355712890625,0.0749359130859375,0.01214599609375,0.009368896484375,2.7002683837446098,6.341635195598229,8.628776436222955,9.184648055553282,9.99999999742311,9.999372147126234,-9.999999999248471
augmented_healthyf_32.jpg,sehat,1,36.87654113769531,35.867095947265625,33.43257141113281,14.458251953125,7.3050689697265625,37.47993469238281,36.36722946166992,17.748083114624023,73.58143615722656,2101.481952896415,0.757309663934793,0.791706706483862,0.728588197067801,16.397276447402326,0.5308893254388206,0.7796478271484375,0.0,1.52587890625e-05,0.033538818359375,0.1029815673828125,0.017364501953125,0.02667236328125,0.0397796630859375,0.7796478271484375,0.0,0.0,0.07916259765625,0.057647705078125,0.014739990234375,0.0272369384765625,0.04156494140625,0.7796478271484375,0.0,0.0093841552734375,0.1048736572265625,0.0273590087890625,0.0184478759765625,0.0255584716796875,0.03472900390625,2.700356774863317,6.194247289883288,8.555890435957897,8.763459246634923,9.999999985918649,9.995867088770822,9.999999995727253
augmented_healthyf_33.jpg,sehat,1,27.607177734375,27.99951171875,26.170257568359375,11.773193359375,3.0983734130859375,28.352828979492188,39.57572555541992,11.304421424865723,76.17050170898438,1395.3958285516348,0.8849342404520488,0.8738442808102359,0.8595285745196555,8.209009331276388,0.7388069000276151,0.87579345703125,0.0,0.0,0.0,0.005706787109375,0.0256805419921875,0.01715087890625,0.0756683349609375,0.87579345703125,0.0,0.0,0.0,0.009185791015625,0.0188751220703125,0.0160369873046875,0.080108642578125,0.87579345703125,0.0,1.52587890625e-05,0.00396728515625,0.0196533203125,0.01593017578125,0.0215606689453125,0.063079833984375,2.2341272324047465,5.408373068029291,6.758664088323695,7.191018138324649,9.99997367043046,9.785221896702943,9.999986552419013
augmented_healthyf_34.jpg,sehat,1,51.82713317871094,46.40202331542969,40.34910583496094,21.3472900390625,25.803985595703125,52.276397705078125,45.2873649597168,35.38759231567383,62.59675216674805,1104.221850428256,0.5869978275912366,0.8306259561026357,0.5251624428728427,13.122332805417308,0.2759034707798172,0.5782623291015625,1.52587890625e-05,0.0167083740234375,0.24237060546875,0.1497650146484375,0.009124755859375,0.0036163330078125,0.0001373291015625,0.5782623291015625,0.0,0.1193389892578125,0.2403411865234375,0.0507659912109375,0.0050048828125,0.0057525634765625,0.0005340576171875,0.5782623291015625,0.0204620361328125,0.219635009765625,0.14447021484375,0.0267791748046875,0.00360107421875,0.0055999755859375,0.001190185546875,3.005353293361525,6.866705483876508,9.784199471610933,9.883995686635634,-9.999999999995868,9.999951667283451,9.999999999995785
augmented_healthyf_35.jpg,sehat,1,54.825927734375,46.49964904785156,38.930908203125,16.539794921875,37.23114013671875,54.96223449707031,25.37058448791504,44.42674255371094,57.88913345336914,1269.192281336395,0.49363613384004684,0.7582197535449174,0.4366002020045856,16.85708374271065,0.19072644497323907,0.51312255859375,1.52587890625e-05,0.0720062255859375,0.320465087890625,0.08734130859375,0.0059661865234375,0.001068115234375,1.52587890625e-05,0.51312255859375,0.0,0.277587890625,0.1752471923828125,0.0280609130859375,0.0043487548828125,0.001495361328125,0.0001373291015625,0.51312255859375,0.1312713623046875,0.2463836669921875,0.0918121337890625,0.012542724609375,0.0032958984375,0.001373291015625,0.0001983642578125,3.0163402706455416,7.493105491666559,9.927191289722456,9.928415247259057,9.99999999999994,9.999986859945743,-9.999999999998593
augmented_healthyf_36.jpg,sehat,1,20.985809326171875,20.503036499023438,19.165679931640625,11.246612548828125,4.3655853271484375,21.447784423828125,39.79524230957031,13.387258529663086,55.355220794677734,1160.276116324959,0.8414999079439914,0.7950639330351503,0.8313800125695435,9.734673729486838,0.6912186223700179,0.8633575439453125,0.0,0.0,0.038970947265625,0.040496826171875,0.0388946533203125,0.015625,0.002655029296875,0.8633575439453125,0.0,0.0,0.048126220703125,0.04010009765625,0.026611328125,0.0168914794921875,0.004913330078125,0.8633575439453125,1.52587890625e-05,0.0168609619140625,0.0451202392578125,0.0336761474609375,0.0237884521484375,0.0117950439453125,0.0053863525390625,2.525075470202499,5.533104964275105,8.958128916707238,8.688502382283946,9.999999988733341,9.988483118477813,9.99999999641882
augmented_healthyf_37.jpg,sehat,1,21.867813110351562,21.081954956054688,19.531402587890625,10.766326904296875,5.3650665283203125,22.252487182617188,37.335838317871094,15.171954154968262,54.389163970947266,1110.2464901017763,0.8305666070671097,0.7940738190703976,0.8165975059560703,9.713383983418074,0.6668664608513656,0.8492889404296875,0.0,1.52587890625e-05,0.0617828369140625,0.0412445068359375,0.0313720703125,0.014251708984375,0.002044677734375,0.8492889404296875,0.0,0.0013427734375,0.0709381103515625,0.0395050048828125,0.0221099853515625,0.013153076171875,0.003662109375,0.8492889404296875,0.0,0.035614013671875,0.049591064453125,0.033355712890625,0.01812744140625,0.0101776123046875,0.00384521484375,2.491722787922891,6.016310958991869,9.118741220318764,8.660461556546988,-9.999999992238836,9.998818143490332,-9.999999992733615
augmented_healthyf_38.jpg,sehat,1,44.42474365234375,44.9931640625,44.953826904296875,25.168060302734375,2.8322296142578125,45.88999938964844,66.44929504394531,8.027673721313477,89.54155731201172,2510.777401092753,0.7810458684520453,0.836545667236876,0.7555835077482641,15.823844139015252,0.5709407673622677,0.787017822265625,0.0,0.0,0.0001068115234375,0.0236053466796875,0.0494842529296875,0.0547637939453125,0.08502197265625,0.787017822265625,0.0,0.0,0.0,0.0219268798828125,0.0426025390625,0.0582122802734375,0.090240478515625,0.787017822265625,0.0,0.0,0.0001220703125,0.024261474609375,0.0403900146484375,0.0572662353515625,0.0909423828125,2.767606836001896,7.846986170985281,8.876874941134147,8.704086430137371,9.99999998858631,-9.999209861514242,-9.999999995229125
augmented_healthyf_39.jpg,sehat,1,31.860671997070312,31.935958862304688,31.70001220703125,22.14849853515625,3.608367919921875,33.10173034667969,61.56730270385742,10.20336627960205,74.65072631835938,2527.166324055696,0.7996116810331534,0.7575477349085055,0.7881535391001816,16.900505505165878,0.6212336122894272,0.828521728515625,0.0,0.0,0.007843017578125,0.0434417724609375,0.047637939453125,0.0360260009765625,0.036529541015625,0.828521728515625,0.0,0.0,0.0137481689453125,0.038177490234375,0.04388427734375,0.03668212890625,0.0389862060546875,0.828521728515625,0.0,0.0001068115234375,0.0203704833984375,0.033050537109375,0.0406494140625,0.0379486083984375,0.0393524169921875,2.490150768118236,5.68626561861427,7.770333172053077,8.152057576179887,9.99999967406815,9.964989218256994,9.999999980085185
augmented_healthyf_4.jpg,sehat,1,55.57635498046875,50.057403564453125,44.13533020019531,23.9835205078125,26.68597412109375,56.11293029785156,48.3900260925293,35.676509857177734,63.642696380615234,1084.9990675438555,0.5525462784245211,0.8419073760612527,0.49047892487643147,13.47395034665926,0.24067634460650386,0.54388427734375,3.0517578125e-05,0.036956787109375,0.2586669921875,0.1373748779296875,0.0124969482421875,0.006683349609375,0.00390625,0.54388427734375,0.0,0.1573486328125,0.21795654296875,0.05889892578125,0.0088043212890625,0.0095672607421875,0.0035400390625,0.54388427734375,0.0371856689453125,0.22412109375,0.1409759521484375,0.0342254638671875,0.00634765625,0.0097808837890625,0.00347900390625,3.053475330612335,7.6327169284849985,9.999005303816123,9.910675538128805,-9.999999999999773,9.999990658489097,-10.0
augmented_healthyf_42.jpg,sehat,1,48.26812744140625,42.99479675292969,36.58146667480469,16.319000244140625,24.52239990234375,48.68144226074219,33.553138732910156,35.65502166748047,66.62012481689453,1822.7070061519582,0.6026482463243462,0.7531950797624102,0.5586364009372153,18.573816656947564,0.31230712480065687,0.63299560546875,0.0,0.01031494140625,0.2136993408203125,0.0777587890625,0.0377655029296875,0.0254364013671875,0.0020294189453125,0.63299560546875,0.0,0.0981597900390625,0.1783905029296875,0.042877197265625,0.032379150390625,0.0107269287109375,0.0044708251953125,0.63299560546875,0.0059814453125,0.2206268310546875,0.080078125,0.037078857421875,0.0158538818359375,0.0030364990234375,0.0043487548828125,2.7889154694719966,6.667415581438474,9.306592062889113,9.968928827787792,9.999999999999702,9.999986057617136,9.999999999998286
augmented_healthyf_43.jpg,sehat,1,27.80499267578125,25.334701538085938,21.224700927734375,7.58990478515625,11.006622314453125,27.884246826171875,19.83681869506836,26.012605667114258,61.759315490722656,1357.7174061937003,0.8021365863138524,0.792820089193155,0.7860839149265763,11.497230695313808,0.618025118692117,0.8249053955078125,0.0,0.0,0.0223541259765625,0.0778961181640625,0.047149658203125,0.024383544921875,0.0033111572265625,0.8249053955078125,0.0,0.0,0.0682525634765625,0.0554656982421875,0.0356292724609375,0.0122833251953125,0.0034637451171875,0.8249053955078125,0.0,0.0413055419921875,0.0721435546875,0.041107177734375,0.01544189453125,0.002044677734375,0.0030517578125,2.5719166659109987,7.052258977682797,7.897520661895283,8.820185108261416,9.999999977625073,9.999809028687544,9.999999987052606
augmented_healthyf_44.jpg,sehat,1,37.24212646484375,32.137420654296875,26.793807983398438,12.046173095703125,22.249679565429688,37.421478271484375,30.39809799194336,37.72641372680664,60.10485076904297,1919.5196459215156,0.6465599895353104,0.6684891873726367,0.6236981562004541,19.553673430650054,0.38913551398046725,0.703887939453125,3.0517578125e-05,0.0131683349609375,0.1812744140625,0.0688934326171875,0.017913818359375,0.0090179443359375,0.0058135986328125,0.703887939453125,0.0,0.1330413818359375,0.1143951416015625,0.0258026123046875,0.0116119384765625,0.004974365234375,0.00628662109375,0.703887939453125,0.0265960693359375,0.1909637451171875,0.049560546875,0.0157012939453125,0.0056610107421875,0.0020751953125,0.00555419921875,2.6579962736015723,7.4607284437083425,8.673604271092376,9.507894743920914,-9.999999999835191,9.99985790100007,9.999999999426926
augmented_healthyf_45.jpg,sehat,1,96.21641540527344,98.66384887695312,85.31118774414062,43.8515625,19.28741455078125,99.25621032714844,51.927730560302734,31.665075302124023,100.97345733642578,2636.533692123365,0.4903294371929567,0.8635519033188449,0.4650611149176909,23.201724368416837,0.2163215247125216,0.4951629638671875,0.0,0.0,0.0107879638671875,0.0833892822265625,0.1605682373046875,0.163360595703125,0.08673095703125,0.4951629638671875,0.0,0.0,0.005767822265625,0.0716400146484375,0.1502685546875,0.1697998046875,0.10736083984375,0.495758056640625,0.0044403076171875,0.022125244140625,0.0585479736328125,0.1140594482421875,0.143402099609375,0.1116943359375,0.0499725341796875,2.8748084296918437,6.50377216292421,8.903598393923962,9.617875769916855,-9.999999999923816,-9.999754247041272,-9.999999999765484
augmented_healthyf_46.jpg,sehat,1,34.51780700683594,33.764007568359375,31.106185913085938,25.8529052734375,14.593978881835938,36.51239013671875,59.28782272338867,26.721433639526367,61.60502243041992,1235.6212271158397,0.6901854792520473,0.809962362306925,0.6742383686047165,14.20214851197647,0.4546694563157095,0.71929931640625,0.00018310546875,0.0796966552734375,0.09478759765625,0.0601806640625,0.0212249755859375,0.019927978515625,0.00469970703125,0.71929931640625,0.0,0.0815887451171875,0.1113128662109375,0.047332763671875,0.01959228515625,0.018402099609375,0.002471923828125,0.71929931640625,0.012969970703125,0.0947418212890625,0.1074371337890625,0.0312347412109375,0.02203369140625,0.010772705078125,0.0015106201171875,2.671362447859054,6.415132968410601,8.580336460416385,8.705805612974906,-9.999999983190841,-9.995009765674837,9.999999994646458
augmented_healthyf_47.jpg,sehat,1,12.523666381835938,12.75335693359375,12.415237426757812,10.762481689453125,2.0279388427734375,13.039825439453125,39.763816833496094,7.83782958984375,42.05610275268555,1268.806337262926,0.8737581645337085,0.6178797483737716,0.8714502986665007,10.514570773699093,0.7594622306357474,0.9055938720703125,0.0,0.01458740234375,0.0324859619140625,0.025726318359375,0.0157318115234375,0.005218505859375,0.0006561279296875,0.9055938720703125,0.0,0.014617919921875,0.0310211181640625,0.02435302734375,0.0164031982421875,0.00665283203125,0.0013580322265625,0.9055938720703125,9.1552734375e-05,0.0234832763671875,0.02545166015625,0.0209503173828125,0.014923095703125,0.007080078125,0.0024261474609375,2.2290873955874115,4.545680045696045,7.730670757092161,7.940992139777066,9.999999289331365,9.805502332102689,9.99999992491785
augmented_healthyf_48.jpg,sehat,1,65.29658508300781,72.11993408203125,46.0157470703125,25.900604248046875,33.40721130371094,72.58287048339844,36.72877883911133,52.72463607788086,102.81310272216797,2303.670856965731,0.6469828735485199,0.8741275660269067,0.6228035961887217,18.722613699080934,0.3879685703272911,0.657745361328125,0.0,0.0,0.0221099853515625,0.06585693359375,0.0766143798828125,0.088531494140625,0.089141845703125,0.657745361328125,0.0,0.0,0.0108642578125,0.0338897705078125,0.0574798583984375,0.0822906494140625,0.1577301025390625,0.6641693115234375,0.0214385986328125,0.06048583984375,0.0685272216796875,0.069091796875,0.0605010986328125,0.0459136962890625,0.0098724365234375,2.841220239518406,6.234424751588112,9.335646343016014,9.54086656344746,9.999999999837511,-9.999920330956515,-9.999999999862876
augmented_healthyf_5.jpg,sehat,1,53.54913330078125,45.776214599609375,38.58784484863281,16.45111083984375,34.62321472167969,53.72215270996094,27.07210350036621,43.02522277832031,59.336944580078125,1274.8438041424474,0.5174508106811929,0.7708831672420712,0.4629500617672923,16.346608414350314,0.21444124526730413,0.5347747802734375,0.0,0.0528106689453125,0.3125,0.0891876220703125,0.00714111328125,0.0016021728515625,0.001983642578125,0.5347747802734375,0.0,0.2443084716796875,0.18310546875,0.0278472900390625,0.0053558349609375,0.00250244140625,0.002105712890625,0.5347747802734375,0.10400390625,0.24884033203125,0.090789794921875,0.0128021240234375,0.0041961669921875,0.0023040771484375,0.002288818359375,2.9862021616061964,7.165227076504541,9.959313170462261,9.882095726211663,-9.999999999998694,9.999966821602774,-9.999999999998021
augmented_healthyf_50.jpg,sehat,1,88.99781799316406,88.31930541992188,79.2615966796875,43.811737060546875,21.010971069335938,90.91508483886719,58.39030838012695,28.022233963012695,89.8188705444336,2244.0150946972194,0.45636510866850655,0.8505869004769893,0.4307562025946697,23.235219629832006,0.18558432736710814,0.4671630859375,0.0,0.00054931640625,0.090789794921875,0.1568603515625,0.130706787109375,0.110504150390625,0.043426513671875,0.4671630859375,0.0,0.0,0.1041259765625,0.148529052734375,0.1273193359375,0.111480712890625,0.0413818359375,0.4672393798828125,0.004730224609375,0.066802978515625,0.125335693359375,0.1262969970703125,0.09796142578125,0.0724945068359375,0.0391387939453125,2.8927699502450515,6.485283635985134,9.061885880566702,9.76705154452809,-9.999999999951902,-9.999843530419454,-9.999999999946507
augmented_healthyf_51.jpg,sehat,1,47.222381591796875,43.35377502441406,40.18013000488281,30.100738525390625,21.151885986328125,48.08088684082031,68.21443939208984,29.413602828979492,58.057769775390625,863.2351878091737,0.562507089221898,0.8507591066397934,0.5166343948020343,12.585452304637471,0.2669940856414731,0.5673675537109375,0.005950927734375,0.151458740234375,0.1723785400390625,0.079742431640625,0.0201568603515625,0.0013885498046875,0.001556396484375,0.5673675537109375,0.00140380859375,0.237884521484375,0.116607666015625,0.060638427734375,0.0128326416015625,0.001251220703125,0.00201416015625,0.5673675537109375,0.058380126953125,0.2193145751953125,0.1014251708984375,0.0366363525390625,0.0137176513671875,0.0008392333984375,0.0023193359375,2.8605915096175503,6.579793498430893,8.974544225299129,9.677271254073288,-9.999999999901767,-9.999758353513114,-9.999999999879078
augmented_healthyf_52.jpg,sehat,1,67.34754943847656,68.95713806152344,60.312469482421875,30.343353271484375,13.087966918945312,69.69772338867188,52.32568359375,25.061315536499023,99.90377807617188,1267.213363945625,0.6960030011825419,0.932448921745708,0.6486033629945799,11.074051524892115,0.4206962894726128,0.6619415283203125,0.0,0.0,0.0040130615234375,0.0528717041015625,0.099517822265625,0.0749664306640625,0.106689453125,0.6619415283203125,0.0,0.0,0.001312255859375,0.0470733642578125,0.0937957763671875,0.0798187255859375,0.116058349609375,0.6619415283203125,0.0006866455078125,0.0081634521484375,0.02984619140625,0.10089111328125,0.078399658203125,0.0405120849609375,0.079559326171875,2.8222062902215725,6.069846840678622,8.654896340521928,9.367826768048403,9.999999999557307,9.999720273111622,9.99999999889544
augmented_healthyf_53.jpg,sehat,1,95.50613403320312,95.55712890625,94.28033447265625,63.8341064453125,12.180496215820312,99.80918884277344,90.26747131347656,18.36322021484375,100.58261108398438,2934.6391107761356,0.49134812800724276,0.8420890123368565,0.44473698206175954,23.61524735940655,0.19786009466140578,0.489990234375,0.0,0.0,0.0139312744140625,0.0997467041015625,0.162017822265625,0.1660308837890625,0.0682830810546875,0.489990234375,0.0,0.0,0.01470947265625,0.1124420166015625,0.138427734375,0.171966552734375,0.0724639892578125,0.489990234375,7.62939453125e-05,0.002471923828125,0.0269775390625,0.11480712890625,0.122161865234375,0.16796875,0.0755462646484375,2.903577268807151,6.597712772899132,9.021146905606297,9.674326721596636,-9.99999999996498,-9.999853011947755,9.999999999854507
augmented_healthyf_54.jpg,sehat,1,97.59625244140625,98.05780029296875,96.61578369140625,61.58544921875,11.5594482421875,102.125244140625,89.34561920166016,17.80453109741211,105.06218719482422,3760.8931892736405,0.49156766105070143,0.814936715105763,0.4501862172614339,27.4981937009709,0.20273920261473974,0.5022125244140625,0.0,0.0,0.004425048828125,0.073486328125,0.1260833740234375,0.19720458984375,0.096588134765625,0.5022125244140625,0.0,0.0,0.0028533935546875,0.0820770263671875,0.1210174560546875,0.177459716796875,0.1143798828125,0.5022125244140625,4.57763671875e-05,0.0010833740234375,0.0172271728515625,0.0919952392578125,0.10479736328125,0.1572113037109375,0.12542724609375,2.867437721328158,6.551641173026039,8.974367139551173,9.666500742683713,-9.999999999916486,-9.99980894842999,-9.999999999855204
augmented_healthyf_56.jpg,sehat,1,60.850433349609375,60.87495422363281,58.0357666015625,47.342071533203125,14.66290283203125,63.79156494140625,81.24573516845703,21.094362258911133,78.37262725830078,2114.1163546565917,0.5836918535422991,0.8088327255620457,0.532321233500321,17.970163790145506,0.2835139150399858,0.5854339599609375,0.0,0.0009613037109375,0.0858154296875,0.2220611572265625,0.08770751953125,0.011962890625,0.0060577392578125,0.5854339599609375,0.0,0.0,0.1208953857421875,0.19183349609375,0.0683135986328125,0.017181396484375,0.0163421630859375,0.5854339599609375,0.0,0.020904541015625,0.1775970458984375,0.1047210693359375,0.074615478515625,0.013702392578125,0.0230255126953125,2.926827343614293,7.27964555170612,9.213305536514902,9.777611025337208,-9.999999999975616,9.999985514716572,9.999999999952115
augmented_healthyf_57.jpg,sehat,1,62.239990234375,61.390716552734375,58.66615295410156,47.153594970703125,14.376251220703125,64.68516540527344,84.39283752441406,21.306604385375977,80.20235443115234,2174.8361741124795,0.5958514083419847,0.8127933275572427,0.5344398130432615,17.905958042474936,0.2857740103746491,0.5877685546875,0.0,0.000457763671875,0.0817718505859375,0.1935882568359375,0.106170654296875,0.01678466796875,0.013458251953125,0.5877685546875,0.0,0.0,0.1307830810546875,0.1658935546875,0.0727386474609375,0.0188446044921875,0.0239715576171875,0.5877685546875,0.0,0.02227783203125,0.1707763671875,0.092864990234375,0.081146240234375,0.0150146484375,0.0301513671875,2.9274068190601006,7.4215816585012995,9.18473530058769,9.925264009770993,-9.999999999992932,-9.999990815540114,-9.99999999999562
augmented_healthyf_59.jpg,sehat,1,53.447723388671875,51.690277099609375,48.14909362792969,43.218353271484375,13.750930786132812,54.58258056640625,86.5348892211914,23.39756202697754,73.76373291015625,888.2382900803987,0.6534240480165204,0.9106766723150601,0.6014914634731648,9.697978876782377,0.3618471730838708,0.6328125,0.0,0.00164794921875,0.110137939453125,0.1439666748046875,0.097259521484375,0.00335693359375,0.0108184814453125,0.6328125,0.0,0.0013885498046875,0.1390533447265625,0.1566619873046875,0.0503997802734375,0.0079193115234375,0.0117645263671875,0.6328125,4.57763671875e-05,0.0704498291015625,0.11102294921875,0.1037445068359375,0.063690185546875,0.0072784423828125,0.010955810546875,2.9981931219699045,9.276036040136773,9.71408050997466,9.797357607422699,9.99999999999055,9.999995905886582,-9.999999999983267
augmented_healthyf_6.jpg,sehat,1,20.732391357421875,20.36590576171875,18.992401123046875,11.41015625,4.4126434326171875,21.268020629882812,39.84843444824219,13.606818199157715,55.11708068847656,1068.1504140740458,0.8444946033219214,0.8094631940001283,0.8348709253538583,9.15421303819138,0.6970306494579228,0.8642120361328125,0.0,7.62939453125e-05,0.0400238037109375,0.0384674072265625,0.0401458740234375,0.015289306640625,0.0017852783203125,0.8642120361328125,0.0,6.103515625e-05,0.0469207763671875,0.0389404296875,0.0275726318359375,0.0182952880859375,0.003997802734375,0.8642120361328125,3.0517578125e-05,0.01922607421875,0.04156494140625,0.03375244140625,0.023834228515625,0.0128631591796875,0.0045166015625,2.5938472522302214,5.731182400856608,9.759815586025555,9.082795732924586,9.999999999980114,9.996338097572476,-9.999999999269537
augmented_healthyf_60.jpg,sehat,1,92.55319213867188,86.95831298828125,81.83302307128906,63.283203125,33.33740234375,95.39881896972656,92.97441864013672,35.0984992980957,68.027099609375,683.764324332591,0.39555988744186954,0.9160333644344826,0.27783868502512143,10.098263614798187,0.07724399587764426,0.304779052734375,0.0001220703125,0.0152130126953125,0.3291778564453125,0.2368927001953125,0.094482421875,0.0190582275390625,0.000274658203125,0.304779052734375,0.0,0.144500732421875,0.277587890625,0.1461029052734375,0.101776123046875,0.0228271484375,0.0024261474609375,0.304779052734375,0.048004150390625,0.179931640625,0.2476043701171875,0.0891571044921875,0.0821685791015625,0.04376220703125,0.0045928955078125,3.1419545511521374,8.100201265467401,9.989944934147927,9.98898379690136,-9.999999999999998,9.999999904027998,9.999999999999973
augmented_healthyf_61.jpg,sehat,1,88.31266784667969,83.00930786132812,75.56903076171875,61.443328857421875,38.03533935546875,90.76942443847656,84.7249755859375,36.75910186767578,61.68280029296875,1158.4772947180381,0.3552113718356238,0.82761428356025,0.2373130795516979,14.69737421482291,0.05637154818466458,0.2794036865234375,0.000213623046875,0.0312347412109375,0.4893798828125,0.111602783203125,0.079620361328125,0.0084686279296875,7.62939453125e-05,0.2794036865234375,0.0,0.22308349609375,0.3029632568359375,0.1006927490234375,0.08038330078125,0.00921630859375,0.0042572021484375,0.2794036865234375,0.07666015625,0.3054962158203125,0.162322998046875,0.0866241455078125,0.0715179443359375,0.01116943359375,0.006805419921875,3.119356528740579,8.19803206040735,9.91441069270309,9.980038373065732,-9.999999999999957,-9.999999167819048,-9.999999999999797
augmented_healthyf_62.jpg,sehat,1,37.46849060058594,36.322113037109375,34.08741760253906,14.345428466796875,7.2307891845703125,38.0057373046875,36.7669792175293,17.888629913330078,74.16554260253906,2190.7459938838783,0.7565202230702317,0.7870718792527588,0.7239307164981418,16.80377136497116,0.5241262746550382,0.77703857421875,0.0,0.0,0.0339813232421875,0.105255126953125,0.016326904296875,0.024688720703125,0.0427093505859375,0.77703857421875,0.0,0.0,0.0822296142578125,0.0579833984375,0.013763427734375,0.0253448486328125,0.04364013671875,0.77703857421875,0.0,0.010467529296875,0.1061248779296875,0.0268402099609375,0.015228271484375,0.024932861328125,0.03936767578125,2.6806192661271155,6.020195498372392,8.548440298733164,8.565977540930323,9.999999970228012,9.989802051489136,-9.999999994036854
augmented_healthyf_64.jpg,sehat,1,48.757598876953125,43.72731018066406,38.150848388671875,20.1690673828125,23.783233642578125,49.19384765625,44.81832504272461,34.32469177246094,62.24488830566406,1066.738837047222,0.6131020464792778,0.8347623495270523,0.5555739177905342,12.49052018233642,0.3087611477279905,0.6055450439453125,0.0,0.013031005859375,0.2238922119140625,0.144775390625,0.0090484619140625,0.0035552978515625,0.000152587890625,0.6055450439453125,0.0,0.1045684814453125,0.2298583984375,0.0484466552734375,0.0054931640625,0.0054931640625,0.0005950927734375,0.6055450439453125,0.0145263671875,0.203277587890625,0.1403350830078125,0.0260467529296875,0.0038909912109375,0.00518798828125,0.001190185546875,2.9814293664214615,6.73540584686803,9.766841470232846,9.807042203769651,-9.99999999999451,9.999901518585409,9.9999999999857
augmented_healthyf_65.jpg,sehat,1,58.177093505859375,49.258697509765625,41.21739196777344,18.44378662109375,42.10246276855469,58.321075439453125,27.38644790649414,47.31699752807617,58.06820297241211,1031.6202555104494,0.4640452863535998,0.8103084747604963,0.40024739924749997,15.049438385892257,0.16028863304644164,0.46685791015625,0.000244140625,0.176788330078125,0.260955810546875,0.080474853515625,0.00567626953125,0.0012359619140625,0.0077667236328125,0.46685791015625,0.0236968994140625,0.318206787109375,0.1495361328125,0.02801513671875,0.00408935546875,0.00189208984375,0.0077056884765625,0.46685791015625,0.213226318359375,0.2109375,0.083404541015625,0.012969970703125,0.0031890869140625,0.001708984375,0.0077056884765625,3.0599884006729954,7.660955533039553,9.97926851576036,9.933769149768358,-9.999999999999359,9.999991529613762,-9.99999999999996
augmented_healthyf_66.jpg,sehat,1,20.477294921875,20.098190307617188,18.770599365234375,10.9986572265625,4.125885009765625,20.963241577148438,39.248538970947266,12.922046661376953,55.057044982910156,1152.6045291551297,0.846887280505323,0.7946711396309634,0.8373910108672162,9.554779209956857,0.7012473236239739,0.8681793212890625,0.0,1.52587890625e-05,0.031585693359375,0.0420074462890625,0.0413970947265625,0.01458740234375,0.002227783203125,0.8681793212890625,0.0,0.0,0.0403289794921875,0.04180908203125,0.0277862548828125,0.0183563232421875,0.0035400390625,0.8681793212890625,1.52587890625e-05,0.01239013671875,0.042449951171875,0.035125732421875,0.024932861328125,0.0133056640625,0.00360107421875,2.5217063711016485,5.555423721452075,9.133227076756445,8.532140330243974,9.999999983665733,9.983440469382685,-9.999999997366404
augmented_healthyf_67.jpg,sehat,1,26.148880004882812,25.035491943359375,23.039031982421875,12.845672607421875,7.3749542236328125,26.622879028320312,39.94568634033203,18.418058395385742,57.62081527709961,1165.5754066302468,0.7958221558784114,0.8067001710559808,0.7770715710436304,10.589866418669585,0.6038867350751489,0.81365966796875,0.0,0.0006256103515625,0.0929718017578125,0.04052734375,0.0333709716796875,0.016448974609375,0.0023956298828125,0.81365966796875,0.0,0.01123046875,0.0897979736328125,0.04229736328125,0.022918701171875,0.015960693359375,0.0041351318359375,0.81365966796875,3.0517578125e-05,0.064208984375,0.0511627197265625,0.035125732421875,0.01904296875,0.0126190185546875,0.004150390625,2.5977151107975036,6.34815033285998,9.82038365962428,9.31706543134785,9.999999999878261,-9.999422745020775,-9.999999999802563
augmented_healthyf_7.jpg,sehat,1,26.189468383789062,25.184234619140625,23.07122802734375,13.305877685546875,7.6006622314453125,26.69110107421875,40.501312255859375,18.700170516967773,57.34953308105469,1146.841582288145,0.7937186491329657,0.8087305082986349,0.7744309298667682,10.439937832290223,0.5997896667920275,0.8106231689453125,0.0,0.001434326171875,0.1000518798828125,0.0370635986328125,0.031982421875,0.0163726806640625,0.002471923828125,0.8106231689453125,0.0,0.0169219970703125,0.0894317626953125,0.0406494140625,0.0218353271484375,0.0162811279296875,0.0042572021484375,0.8106231689453125,7.62939453125e-05,0.07012939453125,0.0500946044921875,0.033538818359375,0.0186004638671875,0.0126190185546875,0.0043182373046875,2.632809006018029,6.068776976171852,9.074922511561812,9.579655945928176,-9.99999999998898,-9.9994780774029,9.9999999997536
augmented_healthyf_70.jpg,sehat,1,98.9117431640625,84.63557434082031,55.28688049316406,32.7008056640625,74.87092590332031,100.50448608398438,45.65289306640625,72.80657196044922,83.53030395507812,404.2174604984137,0.5216649321097885,0.9616328992226121,0.3586136138962641,6.714792042304853,0.1286617257894382,0.37799072265625,0.0,0.0068511962890625,0.1180877685546875,0.2261505126953125,0.16241455078125,0.056121826171875,0.0523834228515625,0.37799072265625,7.62939453125e-05,0.1048431396484375,0.156768798828125,0.2251434326171875,0.0770416259765625,0.035430908203125,0.022705078125,0.4188995361328125,0.20892333984375,0.1703338623046875,0.0767822265625,0.0427703857421875,0.032745361328125,0.0369110107421875,0.01263427734375,3.064515902458282,7.251048286775007,9.918867988464106,9.984706339735174,9.999999999999932,9.99999956101799,9.999999999999885
augmented_healthyf_71.jpg,sehat,1,15.293914794921875,14.996261596679688,14.507644653320312,8.000335693359375,2.7874755859375,15.732742309570312,34.74909210205078,10.487690925598145,50.16800308227539,1057.79312878056,0.8839513923663511,0.7703994944825987,0.878647562242441,8.50204259015357,0.7720365040616132,0.9043731689453125,0.0,0.0001983642578125,0.0304718017578125,0.0175628662109375,0.02520751953125,0.0153045654296875,0.0068817138671875,0.9043731689453125,0.0,0.0002593994140625,0.033050537109375,0.0157012939453125,0.0258636474609375,0.01275634765625,0.00799560546875,0.9043731689453125,0.0,0.014068603515625,0.021453857421875,0.01641845703125,0.02392578125,0.0108184814453125,0.008941650390625,2.3380711629395647,5.416166687196748,8.51003335879157,7.635371532408455,-9.99999940215364,9.981443691917452,9.99999942241459
augmented_healthyf_72.jpg,sehat,1,50.583251953125,45.012908935546875,38.37510681152344,17.3746337890625,26.180206298828125,51.00834655761719,34.48400115966797,36.12499237060547,66.15109252929688,1780.368167251387,0.5759946224910194,0.7554341711724186,0.5297185159947204,18.802482558804154,0.2808318681444161,0.6058502197265625,0.0,0.014373779296875,0.242034912109375,0.07421875,0.037567138671875,0.0239410400390625,0.00201416015625,0.6058502197265625,0.0,0.1342620849609375,0.171417236328125,0.04205322265625,0.0320281982421875,0.0101776123046875,0.00421142578125,0.6058502197265625,0.0117340087890625,0.2422637939453125,0.0812835693359375,0.03662109375,0.015106201171875,0.00299072265625,0.004150390625,2.833198416700318,6.72077953811554,9.330624605673448,9.979366779608728,9.999999999999382,9.999994329427677,9.999999999999355
augmented_healthyf_73.jpg,sehat,1,42.49566650390625,37.62391662597656,30.949920654296875,11.79949951171875,21.725433349609375,42.577911376953125,22.278270721435547,35.67887496948242,66.72787475585938,1598.282899310977,0.673523349610924,0.7836371059945294,0.6374107458195853,15.799315287485513,0.4064798087956236,0.6973419189453125,0.0,0.0004119873046875,0.1439666748046875,0.0859832763671875,0.0458831787109375,0.0238494873046875,0.0025634765625,0.6973419189453125,0.0,0.0290069580078125,0.17144775390625,0.0529632568359375,0.03472900390625,0.01177978515625,0.0027313232421875,0.6973419189453125,0.001373291015625,0.1711883544921875,0.0719146728515625,0.0392303466796875,0.014923095703125,0.0017547607421875,0.0022735595703125,2.7100557446888405,6.42340676215295,8.980875022034276,9.698930236473371,9.999999999868274,9.999862806266233,-9.999999999978037
augmented_healthyf_74.jpg,sehat,1,44.4036865234375,37.44950866699219,30.893356323242188,15.09429931640625,30.913787841796875,44.563201904296875,34.57240295410156,43.38235855102539,59.013309478759766,1672.715295360553,0.5586360488239158,0.692799207716363,0.5268424518932461,19.742371715023904,0.2777019162863013,0.6137542724609375,1.52587890625e-05,0.0911102294921875,0.2054595947265625,0.061248779296875,0.01666259765625,0.007781982421875,0.00396728515625,0.6137542724609375,0.0,0.247161865234375,0.0968017578125,0.0231170654296875,0.010650634765625,0.004150390625,0.004364013671875,0.6137542724609375,0.1029510498046875,0.216522216796875,0.0426788330078125,0.0139312744140625,0.0048828125,0.0016326904296875,0.0036468505859375,2.824990241333651,7.612707881667275,9.270701078563814,9.865053778582404,-9.999999999986896,-9.999983244297237,9.999999999984952
augmented_healthyf_75.jpg,sehat,1,88.05511474609375,90.04058837890625,77.96484375,38.416015625,17.246795654296875,90.586181640625,49.09324645996094,29.80886459350586,101.26762390136719,2434.9897384577052,0.5386569712409787,0.8748610235094642,0.5150083930075853,21.019193645497403,0.2652747006913027,0.543792724609375,0.0,0.0,0.0107269287109375,0.06634521484375,0.1369476318359375,0.1539459228515625,0.0882415771484375,0.543792724609375,0.0,0.0,0.0051727294921875,0.0574951171875,0.13055419921875,0.1585693359375,0.1044158935546875,0.5442962646484375,0.003662109375,0.0181427001953125,0.0503692626953125,0.0982818603515625,0.1323699951171875,0.10479736328125,0.0480804443359375,2.8785131764920866,6.520486721102199,9.05626022059619,9.597550660600042,-9.999999999773047,-9.99964105701702,9.999999999973916
augmented_healthyf_76.jpg,sehat,1,39.44090270996094,38.215087890625,34.97306823730469,23.881134033203125,14.174652099609375,41.052398681640625,55.14813995361328,25.5852108001709,67.18863677978516,1571.1598576604044,0.6703844099926766,0.8010260933699053,0.6538627230290709,16.560412928050418,0.4276287157367631,0.707550048828125,0.0,0.049530029296875,0.10308837890625,0.0677337646484375,0.0286865234375,0.0373077392578125,0.006103515625,0.707550048828125,0.0,0.0518951416015625,0.1214599609375,0.0544586181640625,0.029998779296875,0.0313873291015625,0.0032501220703125,0.707550048828125,0.0073394775390625,0.0785980224609375,0.112030029296875,0.0396575927734375,0.0384063720703125,0.01458740234375,0.0018310546875,2.7054550564775037,6.4899325686273555,8.58888905702764,8.8054369760533,-9.999999988760708,-9.996571704485682,9.999999995458522
augmented_healthyf_77.jpg,sehat,1,10.881637573242188,11.059646606445312,10.7354736328125,9.2742919921875,1.7942047119140625,11.30450439453125,36.995582580566406,7.514337062835693,39.25518035888672,1084.5438997356925,0.8898009179609665,0.6253049697217588,0.8878364981594666,9.061832808901569,0.7882831808922539,0.9173431396484375,0.0,0.0137481689453125,0.0290679931640625,0.0209503173828125,0.01361083984375,0.00469970703125,0.000579833984375,0.9173431396484375,0.0,0.014007568359375,0.027587890625,0.0198974609375,0.013946533203125,0.00604248046875,0.0011749267578125,0.9173431396484375,0.0001983642578125,0.0217742919921875,0.0224609375,0.017364501953125,0.0126953125,0.0060577392578125,0.002105712890625,2.2246739592180673,4.546374871757556,8.00297116404135,8.719793885668224,9.99999998221263,9.986281753667676,-9.99999997213233
augmented_healthyf_78.jpg,sehat,1,69.09251403808594,75.94320678710938,49.20631408691406,26.931396484375,34.11474609375,76.47602844238281,36.92744827270508,52.15750503540039,104.74812316894531,2484.459783693112,0.6297589133970091,0.8701843141201816,0.6038756150403154,19.779609696456372,0.3647635893256762,0.6419677734375,0.0,0.0,0.0243988037109375,0.0642852783203125,0.073089599609375,0.091827392578125,0.10443115234375,0.6419677734375,0.0,0.0,0.0131378173828125,0.034332275390625,0.05621337890625,0.0789031982421875,0.175445556640625,0.6485595703125,0.0196685791015625,0.0604705810546875,0.06756591796875,0.071441650390625,0.0693359375,0.052703857421875,0.01025390625,2.867996067492571,6.336956125200271,9.106749198906792,9.60741383376374,9.999999999965631,-9.99971508403675,-9.999999999800924
augmented_healthyf_8.jpg,sehat,1,47.78489685058594,48.26371765136719,48.27392578125,27.459228515625,2.861663818359375,49.21807861328125,69.48693084716797,7.7616095542907715,91.68588256835938,2541.7239684665615,0.7644144650144441,0.8426477580081931,0.7382666609371277,16.465130133873547,0.5450705046908991,0.7706451416015625,0.0,0.0,0.00018310546875,0.0284576416015625,0.047760009765625,0.0612335205078125,0.0917205810546875,0.7706451416015625,0.0,0.0,0.0,0.0268402099609375,0.04364013671875,0.0626678466796875,0.0962066650390625,0.7706451416015625,0.0,0.0,0.0002288818359375,0.028350830078125,0.0417022705078125,0.0623779296875,0.0966949462890625,2.866316019189453,7.5794137309131075,9.408236310284149,9.106716497720932,9.999999999142739,-9.999649911512531,-9.999999998997502
augmented_healthyf_81.jpg,sehat,1,44.293609619140625,40.62164306640625,37.53117370605469,30.293060302734375,22.120590209960938,45.28245544433594,68.00346374511719,31.577350616455078,56.18640899658203,827.8279615011824,0.5715796003186051,0.8471568384752225,0.5273394912757632,12.207872009497551,0.27817701955500257,0.5781707763671875,0.013885498046875,0.1629486083984375,0.1662750244140625,0.0570831298828125,0.0175323486328125,0.00189208984375,0.0022125244140625,0.5781707763671875,0.015625,0.2425384521484375,0.10772705078125,0.0389862060546875,0.0124664306640625,0.0015869140625,0.002899169921875,0.5781707763671875,0.0821990966796875,0.2161712646484375,0.072662353515625,0.03289794921875,0.0135650634765625,0.000885009765625,0.003448486328125,2.915924026335217,6.858846521690648,9.631608395463099,9.735034430065134,-9.999999999964153,-9.999865908041988,9.999999999985459
augmented_healthyf_82.jpg,sehat,1,68.49171447753906,70.07315063476562,62.46099853515625,34.6357421875,12.679656982421875,70.95841979980469,59.3056640625,23.88495445251465,99.32415008544922,1483.130185953956,0.6779309993741639,0.9202922005107451,0.6345091398107859,12.54203234646549,0.4026219020351424,0.651702880859375,0.0,0.0,0.0047454833984375,0.0546722412109375,0.1075286865234375,0.0866546630859375,0.094696044921875,0.651702880859375,0.0,0.0,0.001861572265625,0.04632568359375,0.103912353515625,0.0943603515625,0.101837158203125,0.651702880859375,0.000640869140625,0.007110595703125,0.025665283203125,0.1077117919921875,0.083984375,0.0417327880859375,0.081451416015625,2.872618784676074,6.224095117788896,8.882960578365376,9.45721462797899,9.999999999714113,-9.999798822246435,9.999999999480133
augmented_healthyf_84.jpg,sehat,1,93.07876586914062,92.86268615722656,90.94566345214844,54.081939697265625,10.873336791992188,96.69538879394531,85.40515899658203,17.50636100769043,104.77157592773438,3355.616896731857,0.5220606457681299,0.8347906942851476,0.48044821612579147,24.913630595058777,0.2308921912587613,0.5284576416015625,0.0,0.0,0.0052642822265625,0.0675048828125,0.110076904296875,0.188140869140625,0.100555419921875,0.5284576416015625,0.0,0.0,0.00634765625,0.0770416259765625,0.11151123046875,0.1646270751953125,0.1120147705078125,0.5284576416015625,0.0,0.001068115234375,0.0200347900390625,0.0908203125,0.0952301025390625,0.1477508544921875,0.11663818359375,2.8847418214707488,6.526396432807565,9.0222474703374,9.597885008853801,-9.999999999998561,-9.999865485557516,-9.999999999761744
augmented_healthyf_85.jpg,sehat,1,38.172027587890625,34.42433166503906,28.337142944335938,19.7762451171875,29.184188842773438,38.99822998046875,37.81983947753906,43.405704498291016,50.73975372314453,709.5064668239053,0.610344830195176,0.8321433896637594,0.5664353377445147,11.02035296708089,0.32095365323895564,0.6146392822265625,0.00872802734375,0.183258056640625,0.16156005859375,0.0290985107421875,0.0027008056640625,1.52587890625e-05,0.0,0.6146392822265625,0.03363037109375,0.2119293212890625,0.1185455322265625,0.016815185546875,0.0044403076171875,0.0,0.0,0.6153106689453125,0.1452178955078125,0.17169189453125,0.0559234619140625,0.009552001953125,0.0023040771484375,0.0,0.0,2.781230058945728,6.84678727006107,9.406974781237333,9.766700305419532,9.99999999995617,9.999990040547297,9.999999999992355
augmented_healthyf_89.jpg,sehat,1,48.4505615234375,46.83668518066406,43.86665344238281,39.348297119140625,11.877517700195312,49.46101379394531,84.6564712524414,22.343408584594727,73.24652099609375,911.0084692658976,0.6917272353505824,0.9073796174962981,0.6439957336563294,9.40657673679875,0.41478693553436313,0.674102783203125,0.0,0.001251220703125,0.0878143310546875,0.12677001953125,0.092864990234375,0.0036773681640625,0.013519287109375,0.674102783203125,0.0,0.0009307861328125,0.112823486328125,0.141937255859375,0.0479736328125,0.0077362060546875,0.014495849609375,0.674102783203125,3.0517578125e-05,0.057098388671875,0.0922088623046875,0.095123291015625,0.0604400634765625,0.007080078125,0.013916015625,2.9339531627340754,7.806642482447608,9.915377214150586,9.5173313726812,9.999999999998254,-9.999890517365438,-9.999999999941396
augmented_healthyf_9.jpg,sehat,1,30.958541870117188,31.128082275390625,30.880142211914062,21.798736572265625,3.486236572265625,32.23497009277344,60.990501403808594,10.00002670288086,74.24561309814453,2302.6136095941924,0.8094122903151564,0.7766026703005654,0.7979303452414067,15.52385308750452,0.6367474634617047,0.8343658447265625,0.0,0.0,0.00872802734375,0.039642333984375,0.0442047119140625,0.035858154296875,0.037200927734375,0.8343658447265625,0.0,0.0,0.01446533203125,0.03375244140625,0.040496826171875,0.0363616943359375,0.040557861328125,0.8343658447265625,0.0,0.0001068115234375,0.0190277099609375,0.0305633544921875,0.0383453369140625,0.03765869140625,0.0399322509765625,2.4808305735761107,5.571209598893256,7.945628384110581,8.156696149217291,9.999999742112408,9.960033110886137,9.999999952788334
augmented_healthyf_90.jpg,sehat,1,67.5582275390625,67.14688110351562,66.547119140625,51.012420654296875,13.232131958007812,71.06370544433594,86.00527954101562,18.039976119995117,80.99969482421875,1664.3868823626747,0.5759248686408817,0.8579879113786371,0.5047531298455207,14.784256944542618,0.2548934734345418,0.550811767578125,0.0,0.0001220703125,0.06231689453125,0.242706298828125,0.1191253662109375,0.0244598388671875,0.000457763671875,0.550811767578125,0.0,0.0,0.1368865966796875,0.1494903564453125,0.128814697265625,0.0304107666015625,0.0035858154296875,0.550811767578125,0.0,0.0015411376953125,0.1767730712890625,0.103118896484375,0.1039581298828125,0.05718994140625,0.0066070556640625,2.9430625685709306,7.446420882233292,9.637231864362011,9.895587841254263,9.999999999994795,-9.999983960811472,-9.999999999995271
augmented_healthyf_91.jpg,sehat,1,86.81179809570312,81.13813781738281,73.9100341796875,63.475982666015625,38.62623596191406,89.0882568359375,89.73380279541016,38.579376220703125,61.76640319824219,768.2094529777888,0.37514307302295063,0.886788247337159,0.254927372420144,11.667445552639856,0.06502675285769188,0.2857666015625,0.000518798828125,0.0599365234375,0.4605865478515625,0.1011199951171875,0.0836334228515625,0.0083465576171875,9.1552734375e-05,0.2857666015625,0.0008392333984375,0.24090576171875,0.2763519287109375,0.100067138671875,0.0838623046875,0.0082550048828125,0.0039520263671875,0.2857666015625,0.105743408203125,0.2820892333984375,0.147918701171875,0.0882110595703125,0.0739593505859375,0.01068115234375,0.0056304931640625,3.1551986329659294,7.804054992905811,9.923714016176964,9.996944717354731,9.99999999999999,9.999999957147313,-9.999999999999996
augmented_healthyf_92.jpg,sehat,1,44.14997863769531,42.813079833984375,39.53887939453125,18.090057373046875,10.443115234375,45.0042724609375,40.137027740478516,22.264570236206055,76.42552947998047,2200.2909941627436,0.6953577181269374,0.7975593894398635,0.6619612735756452,18.34954182558454,0.43826503671788225,0.72186279296875,0.0,0.00115966796875,0.075103759765625,0.111846923828125,0.01898193359375,0.0303192138671875,0.0407257080078125,0.72186279296875,0.0,1.52587890625e-05,0.131072998046875,0.0572662353515625,0.0157012939453125,0.0302276611328125,0.043853759765625,0.72186279296875,0.0,0.0432586669921875,0.121337890625,0.029144287109375,0.0184478759765625,0.02874755859375,0.037200927734375,2.8198038099052956,6.789102855373608,9.096428471673715,9.326113229687564,9.999999999194504,9.999543027372086,9.999999999822874
augmented_healthyf_93.jpg,sehat,1,25.741928100585938,26.007156372070312,23.806045532226562,10.58319091796875,3.629180908203125,26.415496826171875,35.56175994873047,12.56823444366455,72.68441009521484,1222.2843280309946,0.8852044171178562,0.8773121909598304,0.8643716165719818,7.7268896227068495,0.7471540562748499,0.8801116943359375,0.0,0.0,0.0,0.009735107421875,0.030120849609375,0.0174560546875,0.0625762939453125,0.8801116943359375,0.0,0.0,0.0,0.017608642578125,0.0190277099609375,0.016571044921875,0.066680908203125,0.8801116943359375,0.0,0.0001220703125,0.0092926025390625,0.0234375,0.01666259765625,0.0224761962890625,0.0478973388671875,2.239316627996524,5.659895494572882,6.906126163062677,7.27760794670073,9.999988144999064,9.820492366142371,-9.999985813090094
augmented_healthyf_95.jpg,sehat,1,60.66780090332031,51.77934265136719,43.68751525878906,19.18798828125,41.409637451171875,60.82366943359375,28.30061912536621,45.53419876098633,58.99332809448242,1057.1844423948758,0.45494614605710354,0.8135433216074522,0.3879978368633261,15.127106325233465,0.1506381870885576,0.4532470703125,0.00018310546875,0.161407470703125,0.27862548828125,0.090087890625,0.0062408447265625,0.001739501953125,0.0084686279296875,0.4532470703125,0.012542724609375,0.315338134765625,0.1728363037109375,0.030792236328125,0.004486083984375,0.0023956298828125,0.00836181640625,0.4532470703125,0.1888427734375,0.2369232177734375,0.0930938720703125,0.013824462890625,0.0033416748046875,0.0025634765625,0.0081634521484375,3.0684224119238195,7.513781663855544,9.974279278066872,9.955704851465914,-9.999999999999902,9.999994721280004,9.999999999999636
augmented_healthyf_96.jpg,sehat,1,21.336441040039062,20.817428588867188,19.342132568359375,11.367919921875,4.9356689453125,21.835540771484375,39.099365234375,14.771048545837402,55.18552780151367,1134.5016643004235,0.8355811936186811,0.7979713272487435,0.8251480557257568,9.726040374884363,0.6808964815479133,0.857513427734375,0.0,7.62939453125e-05,0.0499725341796875,0.038055419921875,0.0368804931640625,0.0149383544921875,0.0025634765625,0.857513427734375,0.0,9.1552734375e-05,0.0581512451171875,0.0373382568359375,0.024871826171875,0.0174713134765625,0.0045623779296875,0.857513427734375,4.57763671875e-05,0.02789306640625,0.043212890625,0.0314788818359375,0.0228424072265625,0.0118865966796875,0.005126953125,2.5813577690752396,5.72073997811118,9.223359548400108,9.171291338447977,9.999999998725704,9.997823704157486,-9.99999999960892
augmented_healthyf_97.jpg,sehat,1,35.560882568359375,32.55839538574219,29.445709228515625,17.00555419921875,14.749649047851562,36.04559326171875,46.863643646240234,28.05870246887207,60.57686233520508,1095.768120771602,0.7115416284573027,0.8293168923971405,0.6786508565057393,11.451434766656467,0.46062533344573703,0.7206878662109375,0.0,0.01361083984375,0.174835205078125,0.0407562255859375,0.032928466796875,0.0150299072265625,0.0021514892578125,0.7206878662109375,0.0,0.11163330078125,0.08575439453125,0.040191650390625,0.0225677490234375,0.015228271484375,0.003936767578125,0.7206878662109375,0.01031494140625,0.15020751953125,0.0509033203125,0.03350830078125,0.018585205078125,0.0118560791015625,0.003936767578125,2.7926973106027138,7.00962198448001,9.583155257511851,9.981080246126556,-9.999999999999734,9.999999209490799,9.999999999999556
augmented_healthyf_99.jpg,sehat,1,32.80287170410156,32.9185791015625,32.48356628417969,22.060302734375,3.5653228759765625,34.01612854003906,61.03034210205078,10.105451583862305,76.37710571289062,2562.264392720464,0.8020856861426943,0.7652111800230003,0.7895575793589318,16.721483081887396,0.6234547004743776,0.8280181884765625,0.0,0.0,0.0031890869140625,0.0403289794921875,0.04852294921875,0.037872314453125,0.0420684814453125,0.8280181884765625,0.0,0.0,0.00640869140625,0.037139892578125,0.0455322265625,0.0375213623046875,0.045379638671875,0.8280181884765625,0.0,6.103515625e-05,0.014190673828125,0.0325164794921875,0.04266357421875,0.0401611328125,0.042388916015625,2.4303861027726317,5.666010261174981,7.5802993182018366,8.408340768108909,9.999999840645993,9.988350459172818,9.99999995733288
