mean_r,mean_g,mean_b,std_r,std_g,std_b,skew_r,skew_g,skew_b,energy,contrast,correlation,homogeneity,dissimilarity,ASM,label
0.5709323287010193,0.2749451994895935,-0.8233947682686936,0.5248576998710632,0.2577047049999237,-0.7171417386245204,0.3832145035266876,0.21609558165073395,0.008584162874504177,0.030236865057329334,453.6422807783672,0.9461439925859151,0.1933548701279231,11.46978709464412,0.0009202770310471261,sakit
0.5453239679336548,0.20856589078903198,-0.7869407536920164,0.47052836418151855,0.200969859957695,-0.3695280978901756,0.3738356828689575,0.1942475438117981,0.2690100366374569,0.029293806438086396,433.61682877330105,0.9132703432953327,0.17062500217179855,11.817726033729977,0.000863268176123858,sakit
0.44670870900154114,0.2479974925518036,0.14841449221844935,0.42325180768966675,0.27481716871261597,0.39402959762695217,0.40662622451782227,0.2732616066932678,0.4080392513232012,0.03329754008943966,860.3324998556527,0.9043734597860325,0.1584021475421759,16.005126658487374,0.0011122743387795102,sakit
0.48526525497436523,0.2000509351491928,-0.7059047937397759,0.43179863691329956,0.20088757574558258,-0.39077998365855504,0.4406502842903137,0.23119249939918518,-0.1350875417657852,0.03342760117515762,217.81825006559825,0.958289768720253,0.22456323586524127,7.538083350905367,0.001122984251033065,sakit
0.40942853689193726,0.29190289974212646,0.6363570474195703,0.40061047673225403,0.27274638414382935,0.5776568018173525,0.3863457441329956,0.24648542702198029,0.47646957799971473,0.02886628309451277,544.0471045029778,0.9437111057483952,0.15150349716461245,13.444325750139178,0.0008380948207066643,sakit
0.35537850856781006,0.21551643311977386,0.029904124677026547,0.33645039796829224,0.21773944795131683,0.116119229881889,0.32360804080963135,0.2240545153617859,0.22955360069919253,0.03669153599706509,349.6834406607965,0.9426318987195246,0.22276926622490467,9.458902785475496,0.0013529336272584994,sakit
0.4474892020225525,0.24556393921375275,0.12367143119917728,0.4248409867286682,0.2727473974227905,0.379105173838153,0.4057801365852356,0.27041879296302795,0.39899435623769475,0.03007736082460741,856.8935082308817,0.9029448907985547,0.15642722336146603,16.01077653813704,0.0009080849636062912,sakit
0.1908556967973709,0.1577257364988327,1.3721566938050733,0.17861150205135345,0.15022866427898407,1.4251030976258379,0.17288094758987427,0.1653730720281601,1.57624835419913,0.051300210646555384,287.6787773328735,0.9063011646472958,0.27356239495450424,8.70104567132544,0.0026508575638243023,sakit
0.4573124647140503,0.3157811462879181,0.18932453765577223,0.430431604385376,0.32736968994140625,0.48151460697137677,0.41300150752067566,0.330581933259964,0.6420547590619068,0.03450339535992066,738.5181297505542,0.9452026582019345,0.23306104766444935,13.259821952809887,0.0011973717128506234,sakit
0.40597841143608093,0.3030497133731842,0.4483068664742831,0.34927403926849365,0.2758728265762329,0.5858198957548116,0.28435444831848145,0.22128139436244965,0.8118738347317317,0.028650930239472617,823.9236344939468,0.9167124107410745,0.16144970799892883,16.97243425093415,0.0008259655358049941,sakit
0.41507846117019653,0.277252733707428,-0.012967673466838652,0.360881507396698,0.24001747369766235,-0.019302756043152923,0.33312246203422546,0.2219250351190567,0.021324526810814884,0.030738827456191553,262.7188137551884,0.9663507137983118,0.21900688767709509,8.397039372944212,0.0009500170923053551,sakit
0.5030818581581116,0.37540730834007263,-0.3716924905514535,0.40218648314476013,0.31398704648017883,0.039661417638778486,0.3477904796600342,0.2902556359767914,0.3183461003936658,0.0743045861945041,512.8437165094466,0.9628954175114895,0.29860985502677423,9.887384410607392,0.005533727829969418,sakit
0.547964334487915,0.29570886492729187,-0.35719769656835404,0.5237780809402466,0.28752607107162476,-0.22150088519582328,0.45786598324775696,0.27685195207595825,0.33246535030262725,0.02858854134694903,924.9875742194049,0.9123386111741278,0.14090163357423544,17.501111869159445,0.0008206145166452658,sakit
0.5542196035385132,0.26098108291625977,-0.38905153997496256,0.42602774500846863,0.2176150679588318,-0.008942171689741608,0.2904079556465149,0.17546823620796204,0.581397769683611,0.027835818431450027,631.9195308250074,0.8992636767895905,0.16776911698411037,14.066156271427067,0.0007789552975790737,sakit
0.4078117311000824,0.24602395296096802,0.2813859963806657,0.3903050124645233,0.23854027688503265,0.2971335640205015,0.4089891314506531,0.23706981539726257,0.10673985134883579,0.02915284106300794,571.7395637684543,0.9222196968936621,0.13747264153121055,14.473517450514066,0.0008542847915713717,sakit
0.36651819944381714,0.3046794831752777,0.46910334572124973,0.34282955527305603,0.302265465259552,0.5367619599168796,0.3135913610458374,0.29124829173088074,0.6779570105395792,0.050773919979281594,226.0221041879765,0.9808393468681788,0.35515711569238245,6.654804380383766,0.0025947406938600427,sakit
0.46215322613716125,0.30518755316734314,0.17486356258347108,0.4150192439556122,0.289529949426651,0.4989641631832993,0.3834274113178253,0.2751568555831909,0.7074554157359731,0.03306155429301377,569.1948503176112,0.9474256364834192,0.15122443461005977,13.438530118638505,0.0010971053929542322,sakit
0.36992010474205017,0.3235725164413452,0.9609581989611748,0.3562767207622528,0.310486763715744,1.0671073186004207,0.31283777952194214,0.28267282247543335,1.3863774305076497,0.24065531646920216,352.1146680324969,0.9717284898180828,0.45650389608085035,7.998047421796639,0.05793306552768138,sakit
0.4633590877056122,0.3050134479999542,0.17091625584434922,0.4147012531757355,0.28897279500961304,0.5039105291566084,0.3817431330680847,0.2740781903266907,0.7133375526940974,0.034248897784238695,539.5662523787056,0.949890966571029,0.15027166940444422,13.240753359173867,0.0011766562312741195,sakit
0.40635162591934204,0.27694523334503174,0.3906143857975043,0.3820040822029114,0.27151480317115784,0.4659582888952844,0.36692845821380615,0.23960287868976593,0.37875043062562397,0.033433543428286715,393.5204636116817,0.9576967842801816,0.17737199974127693,10.8505573885757,0.0011227390037025966,sakit
0.3470844626426697,0.24112333357334137,0.3218466130011995,0.34955495595932007,0.24278537929058075,0.3471074823818806,0.3462035655975342,0.2367061972618103,0.40863666116176756,0.03842062983601161,517.3771129953443,0.9310486616906832,0.18148451943110291,12.770489838728862,0.0014809925889193018,sakit
0.5407708287239075,0.33366265892982483,-0.03418990571556167,0.49314987659454346,0.3100108504295349,0.05341651490763994,0.44395777583122253,0.2810412049293518,0.14431715540375584,0.033358844178986935,568.6502266549084,0.954766723977576,0.2158798372044998,11.245303817812141,0.0011185260546734156,sakit
0.2852403223514557,0.2770373821258545,0.671794272894412,0.2628605365753174,0.27693843841552734,0.7203566314516778,0.2895473837852478,0.24326997995376587,0.6507144628890534,0.046503780048245576,1080.3553157560916,0.8878104929503281,0.25366854621238166,17.679166957101298,0.002178384662380074,sakit
0.3015702962875366,0.20092669129371643,0.5873856441976545,0.29602909088134766,0.19384129345417023,0.3159703774090589,0.3072625994682312,0.20504215359687805,0.21954866906068826,0.045282752718034606,193.89045396264032,0.96062093942496,0.3207092905053648,6.625995411809417,0.002061346671888169,sakit
0.42798733711242676,0.230327308177948,-0.027697374202763372,0.3793463110923767,0.22760605812072754,0.2858309016359913,0.35778796672821045,0.23415257036685944,0.5113573540364877,0.03273512406108555,319.0866340497985,0.9521723841499395,0.20113662690233147,10.468443775962907,0.0010779544396939229,sakit
0.5077811479568481,0.4102402627468109,-0.012098310017244538,0.5099970102310181,0.4077359139919281,-0.008813815464640495,0.4691655933856964,0.3893077075481415,0.020626486877497026,0.07509835591703906,680.1092172149007,0.9682043891739299,0.3612260850270965,10.682001288757716,0.005659684179694416,sakit
0.4522049129009247,0.31329333782196045,0.19947791457676992,0.4257221519947052,0.3250501751899719,0.49325640581771896,0.4096890091896057,0.32845014333724976,0.6534030350752629,0.03566613863328123,729.3461288164035,0.9450342832457506,0.23121140780511598,13.281066741848472,0.0012781893477274518,sakit
0.3818058967590332,0.3758261203765869,0.3850785750452942,0.3546186685562134,0.3580758571624756,0.5693665980583625,0.3164893090724945,0.32103636860847473,0.8141600233714388,0.07480555579858321,510.43000290906366,0.9683514075750401,0.33194604132455924,9.317804581332664,0.005622552053004604,sakit
0.39770862460136414,0.26218336820602417,0.4249062695641309,0.36490628123283386,0.2548813223838806,0.48570399143489507,0.3415937125682831,0.2574070692062378,0.7021438421216633,0.03047204439453112,644.5033698202359,0.9218455257016408,0.15246732472401112,14.411783354487701,0.0009324160185636537,sakit
0.38150754570961,0.34495553374290466,0.6093970246895424,0.3302847445011139,0.30598998069763184,0.6695241462925817,0.24953508377075195,0.27909350395202637,0.9050756318181415,0.03472645206500566,432.24689809010914,0.9658327156492327,0.1648706868499541,12.30355051639266,0.0012115511663917842,sakit
0.45476365089416504,0.2439165711402893,-0.08484956728795191,0.4430448114871979,0.24805013835430145,0.01265682423535114,0.4330011308193207,0.2566065490245819,0.09522858448462693,0.032899347819327115,281.6441942566867,0.9640163105151797,0.20703840357873912,8.717787159375044,0.0010873239462851861,sakit
0.4603474736213684,0.28833863139152527,0.1982848504339059,0.4221687614917755,0.2807829678058624,0.30909066557983766,0.38932541012763977,0.28406235575675964,0.44789979990297546,0.03872373431553438,257.04693423086957,0.97511016943184,0.252153715587324,8.289217088947993,0.0015062592167797253,sakit
0.19513705372810364,0.21715286374092102,1.8294370977261931,0.2196355164051056,0.2298985719680786,1.667522860994073,0.2461414486169815,0.2082405537366867,1.1745277716160991,0.0423043349621926,353.7023575173517,0.9446107673373522,0.2515914325359894,8.510914508838596,0.0018036828569821127,sakit
0.3303167521953583,0.3354860544204712,0.7088997354628085,0.2960675060749054,0.28568828105926514,1.0348799274044103,0.28443485498428345,0.2819541394710541,1.201919543970797,0.06822088680078096,558.2043940781663,0.9513467679521016,0.28691207227921495,10.17729450158469,0.004669835049848277,sakit
0.41160035133361816,0.275441437959671,0.011901364326284955,0.3600229322910309,0.2400406301021576,-0.004582054219577194,0.3330954313278198,0.22294165194034576,0.024557288233347695,0.030982819298114875,267.5549675558263,0.9655733482416897,0.21938004283376808,8.451192591037463,0.0009653944217146243,sakit
0.5553544163703918,0.26091331243515015,-0.4033977333407238,0.4287993013858795,0.2189830094575882,-0.0030850571875029875,0.29242151975631714,0.17761318385601044,0.6141451001256489,0.028564198453553267,673.0038781660368,0.8936083501258275,0.16802379289477956,14.463589785870314,0.0008203170528420441,sakit
0.4407995939254761,0.32346367835998535,0.19665993976818386,0.4231618344783783,0.3170457184314728,0.30800470087332166,0.4099433422088623,0.30920326709747314,0.3827490834306542,0.04375098240223584,590.5285421656916,0.9546116351722707,0.2001498197272513,12.278067805607698,0.00192137976649251,sakit
0.3711265027523041,0.3081519901752472,0.4504437571680495,0.347774475812912,0.3063993453979492,0.5135972552848346,0.31890061497688293,0.29567497968673706,0.6472752354787624,0.04888417348247041,297.234113076677,0.9755087403445497,0.35193731853973026,7.151124294745933,0.0024067093543908413,sakit
0.32803788781166077,0.26714468002319336,1.1221397470070253,0.30704954266548157,0.2569821774959564,1.2715682611417831,0.23906567692756653,0.22528651356697083,1.5439553654070974,0.03679624346777597,422.2769854293502,0.9503392308388995,0.1953505296537793,11.246427016902663,0.0013598673024991688,sakit
0.42264309525489807,0.2704559862613678,0.06625857258024222,0.38990268111228943,0.2633190155029297,0.13623988261903844,0.39224064350128174,0.2599330544471741,0.11342826997362111,0.036958817759477,248.51903014417277,0.9725413990814248,0.2224181609270636,8.197538694841038,0.001373589951501267,sakit
0.42233169078826904,0.2583809196949005,-0.003588031736800612,0.4416680932044983,0.27516621351242065,0.024727560724930486,0.4057081639766693,0.24508467316627502,-0.050174198462663216,0.03285484153259072,815.2042252754869,0.9100938225006097,0.14137978144315103,16.969171147825154,0.0010832068304158706,sakit
0.5282599329948425,0.3331722319126129,0.026433831801636422,0.48225080966949463,0.30934950709342957,0.10842264151887479,0.4351142644882202,0.2792240381240845,0.18866140583775384,0.03715324107639836,496.96696816589474,0.9602670014815281,0.2198242263849379,10.912510943261639,0.0013866035274354655,sakit
0.37931087613105774,0.34530916810035706,0.6176716680910641,0.32636159658432007,0.30665332078933716,0.6855927127882286,0.24619340896606445,0.27921321988105774,0.9313007196501782,0.03533692305322384,412.60938885467135,0.967485277368909,0.1703995733157484,11.987551351744896,0.0012557164148847297,sakit
0.5456563234329224,0.3073810040950775,-0.08279100544517463,0.5275158286094666,0.307816743850708,0.010023456118533246,0.5152490139007568,0.30022695660591125,0.06203849974102531,0.04153027564083373,708.3948550140276,0.9413136840666239,0.20383217608059298,14.376528049186424,0.001730909690781918,sakit
0.3588019609451294,0.21281497180461884,-0.028832319991457248,0.339773952960968,0.2149268388748169,0.054698686435876206,0.3269369900226593,0.22120989859104156,0.18099432213896818,0.036372661472755564,339.2525979608299,0.9427446830320281,0.2227786354219294,9.41610032636528,0.0013288955052118193,sakit
0.43359339237213135,0.27882346510887146,-0.021335136990557595,0.3950299918651581,0.2547001540660858,0.12253683339689514,0.36747878789901733,0.22465942800045013,0.15772960533390368,0.032853006087463194,493.00502164083014,0.9424752179811938,0.19528312511163096,11.878295175640327,0.001084944837031707,sakit
0.2816894054412842,0.31261107325553894,0.4554055538611483,0.23557506501674652,0.26963743567466736,0.6064593302441641,0.17649932205677032,0.21618607640266418,0.9787273793270214,0.4326318135013641,381.1065249339181,0.9612234459734014,0.5315101467959691,7.624923371935442,0.18719237617386578,sakit
0.134530171751976,0.2441137731075287,1.6666861927181726,0.1408139169216156,0.25622379779815674,1.6748015542877426,0.12907810509204865,0.23337312042713165,1.6447026861771188,0.6276458643550038,488.53437633862,0.940048473832345,0.6779290847241355,8.075694454635082,0.39395503231954215,sakit
0.15646134316921234,0.2909122407436371,1.6086140145603944,0.1491423398256302,0.2785516083240509,1.6531713442965912,0.13013887405395508,0.25014567375183105,1.9209715671231613,0.6623462064404039,497.51949853152183,0.9509220049379086,0.711798151337775,7.1858606909069636,0.4387156282362133,sakit
0.15389740467071533,0.2578262388706207,1.8440101891906757,0.15157878398895264,0.25630661845207214,1.8727256949680298,0.14771537482738495,0.24609024822711945,1.8148484197149237,0.532815371951951,397.40336313536505,0.9528472419385462,0.617488275114601,7.00453010972275,0.2839073952738375,sakit
0.06057913228869438,0.15493357181549072,3.536026011962549,0.0690225139260292,0.16700026392936707,3.286037307186183,0.07530487328767776,0.1638057380914688,2.7020606063908863,0.6632887548906959,340.93823979037444,0.9014122044469031,0.7268758736317205,4.931619341922086,0.43996293551442145,sakit
0.2252269685268402,0.3202638626098633,1.1562462403289084,0.20919255912303925,0.3029232919216156,1.2995742014392984,0.1961069256067276,0.2888057827949524,1.4141144932796195,0.4920891913860701,441.19430032584955,0.963714984937047,0.5597643707002607,8.267534087102671,0.24216597116744787,sakit
0.1080973893404007,0.23315855860710144,2.414154258929545,0.08255310356616974,0.19341439008712769,2.8999973137434587,0.0853181704878807,0.20161165297031403,2.864680503334404,0.6651808086722969,405.542903023272,0.9267649724348163,0.7362493026570528,5.278493070984924,0.442481051927519,sakit
0.14945241808891296,0.2840244770050049,1.825182943070866,0.1429808884859085,0.2818194627761841,2.021931652298166,0.13834862411022186,0.2793041169643402,2.1349707290207696,0.6245307079571627,571.4824914946674,0.9449217192144882,0.6983835053480963,7.219846125264559,0.39005208223726967,sakit
0.3274485766887665,0.21166689693927765,0.5435339015844564,0.31351935863494873,0.20795662701129913,0.6979726125347135,0.30119800567626953,0.210627481341362,0.7562062295944587,0.04279975824434684,277.12418380140974,0.9507569026740881,0.1914168653614409,9.366108684485221,0.0018394387487445634,sakit
0.1792362779378891,0.22468511760234833,1.1080194761681808,0.16551519930362701,0.21426966786384583,1.2963714627659066,0.161251962184906,0.2123626470565796,1.3496758760040024,0.4193890726871436,221.53533545815296,0.9636313540294319,0.5141931888306944,6.466054931639495,0.1759074292691405,sakit
0.13022294640541077,0.24691861867904663,1.6923257768982856,0.12832432985305786,0.24461182951927185,1.715245813600597,0.12464690208435059,0.24157418310642242,1.7860694162233683,0.6824845200966184,305.21812212310414,0.9611121710679872,0.7324167185586137,4.734619241326915,0.4657956137730593,sakit
0.15955877304077148,0.291095107793808,1.7148247545827642,0.1537133902311325,0.2822687327861786,1.7816003083637821,0.14882393181324005,0.2752636671066284,1.8348411671124583,0.6007206056151627,558.8195588727599,0.9469991497890377,0.6582695969936171,7.585564852221769,0.36087837835116315,sakit
0.43661975860595703,0.2324596643447876,-0.009407347073328808,0.35853898525238037,0.21542519330978394,0.5156199277149283,0.3008708357810974,0.20984438061714172,0.7706780796713536,0.03201249562169442,531.673396380141,0.912944799197655,0.19241526822545788,11.214904904667565,0.0010299284922146502,sakit
0.3246683180332184,0.3344191312789917,0.7441203177815414,0.2932818531990051,0.28605619072914124,1.0569095338921186,0.2827989459037781,0.2821623980998993,1.2120905052251612,0.07114181601452294,539.9125275122097,0.9529904161835874,0.2899071071183711,10.02719694493348,0.005076083893791515,sakit
0.5033450126647949,0.37668144702911377,-0.3731674824732466,0.4036843180656433,0.31482401490211487,0.024314225243391753,0.3490040898323059,0.29104727506637573,0.301510746358404,0.07852098685857258,528.5312354569245,0.9619804252881644,0.3029078728208718,9.906318699360407,0.006177583763794106,sakit
0.43559709191322327,0.20740768313407898,-0.2646990753005681,0.4250109791755676,0.22171933948993683,0.21422324900576303,0.3768109083175659,0.21705083549022675,0.3584042455241197,0.028585763861526763,769.2528579950828,0.866936977807963,0.13202113444606065,16.85409649033285,0.0008202933390771137,sakit
0.37123239040374756,0.275261789560318,0.26928368855048496,0.35089585185050964,0.2634819447994232,0.33030370022038463,0.30906131863594055,0.2425295114517212,0.40821985410144473,0.03146461616350696,1111.6904803457471,0.8768102916987983,0.139159710100475,18.444078131416592,0.000994405013411708,sakit
0.5615701079368591,0.2737836241722107,-0.7170765859100511,0.3988032341003418,0.21492056548595428,-0.18649370667506762,0.36369550228118896,0.20441493391990662,0.16123450169405049,0.03084759169673044,185.38180154473102,0.972276898189231,0.21714393246754973,8.411508941095141,0.0009608034539479881,sakit
0.49988657236099243,0.22140365839004517,0.24206983748647473,0.49365100264549255,0.2250228375196457,0.2996955270492792,0.4684843420982361,0.21214579045772552,0.31806206912364765,0.01863111554218885,223.99480700249595,0.9651102252309407,0.17218438394444516,9.144611265881085,0.00035120519261992185,sakit
0.48815417289733887,0.2619197964668274,0.13626259538972088,0.4776666760444641,0.3078888952732086,0.11962384003658368,0.48496460914611816,0.35602235794067383,0.12080023011335866,0.020025606990406532,439.91953480177114,0.9616277066590714,0.21560993263052777,11.143189140879592,0.0004053108766244543,sakit
0.3428490161895752,0.39863577485084534,0.540907924549745,0.31465086340904236,0.3693501353263855,0.6972417257085248,0.26595646142959595,0.3282535970211029,0.8836117988115599,0.23822919372498286,236.61071172066178,0.9868749245722236,0.4560287505009284,6.094561971703011,0.05677633017458169,sakit
0.3533543646335602,0.41354092955589294,0.5756607375391607,0.3265446424484253,0.3744986355304718,0.7489058367825898,0.26769399642944336,0.32494843006134033,0.9847241713584296,0.0954155176921312,232.9491545550633,0.9875068555145798,0.4252272821958245,6.112624451433862,0.009142202666453379,sakit
0.48654383420944214,0.27711477875709534,-0.13748893217318267,0.4837300181388855,0.29616665840148926,-0.019294947385320674,0.4689125716686249,0.3086375892162323,0.09620009826564567,0.021207269690037504,98.8750276879676,0.9909753125378123,0.2665599402049679,5.701575766261523,0.00046199326915329357,sakit
0.5098507404327393,0.2233264148235321,0.49001624674605254,0.48381781578063965,0.2225472629070282,0.6450708479824291,0.4279140532016754,0.2393612265586853,0.73749912952655,0.021300016418959775,272.4291970456902,0.9572648207844412,0.17693890527328696,9.200813541955068,0.0004598486975420269,sakit
0.25192710757255554,0.2826419174671173,0.7505189598150711,0.7273908853530884,0.28496477007865906,-0.49901760360327874,0.4778614044189453,0.1582331657409668,-0.5810310470244092,0.183074903905865,196.89557322618154,0.9422306878332738,0.421051319707007,7.624273826928579,0.03356670801593796,sakit
0.34459221363067627,0.2359122782945633,1.3454443282032038,0.3504743278026581,0.21507105231285095,1.2993787752912014,0.27911192178726196,0.1751386970281601,2.1172748870717997,0.014122671791956512,476.86524035348293,0.919189362110496,0.12573161645794756,14.022104742615008,0.00020101050270748428,sakit
0.3447344899177551,0.2025514543056488,0.6143082675858088,0.3256584405899048,0.17980578541755676,0.5527043502703883,0.2434157133102417,0.1352136880159378,1.3197359043447103,0.021419944422626777,471.36448200494334,0.8827495821301223,0.12326843956407614,14.858866835727243,0.00046188697899157656,sakit
0.24021266400814056,0.35502514243125916,1.0612097603332786,0.2106751799583435,0.3178180158138275,1.2831320738300216,0.16643892228603363,0.2716476619243622,1.5671819283894797,0.3711325753284966,173.39134580667908,0.9871281132013818,0.5382814274782376,5.063651562973081,0.1377878246729552,sakit
0.3846356272697449,0.41155102849006653,0.5044137004703233,0.358648419380188,0.37376078963279724,0.6886326732057437,0.3001768887042999,0.32708674669265747,0.9131338382832104,0.08008446887326166,264.24812730969523,0.9857644994130426,0.40697056294061823,6.451248636610688,0.006445202708050118,sakit
0.33628660440444946,0.22175508737564087,0.476355129807129,0.3064979910850525,0.21695813536643982,0.6060076129430304,0.25042301416397095,0.224443718791008,0.8326658444103948,0.06509049789535062,282.6981907531354,0.9533502344822794,0.2153439299259442,9.146511364585074,0.004246390330442429,sakit
0.4646412134170532,0.2823561728000641,0.11111151226887155,0.4596632719039917,0.3006060719490051,0.055443239185028664,0.4650265574455261,0.318425714969635,0.08532535154129135,0.01977221558753642,341.41798771936527,0.9699225200148273,0.21062807179361645,9.808364933418654,0.0003945603861364964,sakit
0.2861393392086029,0.22401052713394165,1.2481700420111843,0.24155855178833008,0.2314070761203766,1.540055707125752,0.21809908747673035,0.24143268167972565,1.587168751445242,0.024128617393258556,214.49688059180667,0.968493934423884,0.22140082667094999,7.588436820657161,0.0005903810882880901,sakit
0.5694848299026489,0.26254841685295105,0.15305035758110624,0.4655187726020813,0.30704113841056824,0.3562489606003848,0.39966368675231934,0.3424672782421112,0.45649517325068617,0.01460126657376433,337.0003695194282,0.9702113916719073,0.15644148000882094,10.696684779580076,0.0002155801885138751,sakit
0.422165185213089,0.29585233330726624,0.7722868818121398,0.49524855613708496,0.2548847496509552,0.47774817232587896,0.48769232630729675,0.25018200278282166,0.5488022651741651,0.03826753036534893,462.6481136551051,0.9463167434274999,0.17388136412031607,12.450705183745546,0.001467721985767791,sakit
0.584509015083313,0.27921628952026367,0.09521877673037334,0.5933408141136169,0.27423718571662903,0.031153638714129926,0.5971435308456421,0.26381269097328186,-0.1573717949562448,0.03270808099709315,537.4238298144953,0.943535294928945,0.1717680398011372,12.855592710958197,0.001075461581056193,sakit
0.4884558618068695,0.25693443417549133,0.24249908334580897,0.4610982835292816,0.2823933959007263,0.33278837624622765,0.44846004247665405,0.3124995231628418,0.42157920034129515,0.014092469192190357,525.3359970349808,0.9461389194065969,0.14864664106146316,13.336756665336702,0.00020078446076828222,sakit
0.4176703095436096,0.2575877904891968,0.649489950760465,0.4219421446323395,0.2733238935470581,0.5428278255394858,0.430370032787323,0.29397377371788025,0.49966103245164856,0.01761165206303053,595.5898955041159,0.9359366646103952,0.1344051435643893,14.597158159626348,0.000312710847359337,sakit
0.4905046224594116,0.258975088596344,0.023329326644723584,0.4412965178489685,0.2537917196750641,0.03365422394277284,0.42193418741226196,0.24343031644821167,0.0202334577977221,0.015430838205244657,179.13680715012083,0.9782526114925855,0.189115060703438,7.862392199390794,0.00024225195848166485,sakit
0.420736163854599,0.2850351333618164,0.3552988922818205,0.4043733477592468,0.2834295630455017,0.4556406594712804,0.38711196184158325,0.2770668566226959,0.5382854634860713,0.013192633891208186,534.2677005266908,0.9479159939185976,0.13491654564648686,13.763376649876399,0.00017608287581380585,sakit
0.46652939915657043,0.27913564443588257,-0.0022931794540544696,0.35506105422973633,0.2579251825809479,0.8426872360715958,0.2744201719760895,0.2798440158367157,1.5905699089000662,0.01790807297138325,267.4676596352801,0.9694179109095441,0.19589680133485818,9.287279951119613,0.0003239980235678738,sakit
0.5852388143539429,0.2593905031681061,-0.45339331724806164,0.5492094159126282,0.2663823962211609,-0.2229898347968414,0.5425538420677185,0.26090091466903687,-0.17776198062352613,0.029747184206021557,286.13336872444796,0.9678613129553869,0.20946318264714595,9.035960203327518,0.0008883907673971574,sakit
0.5147641897201538,0.2563696503639221,0.13067192994834026,0.3980165421962738,0.26850032806396484,0.9774891660971232,0.30994516611099243,0.3056557774543762,1.3741896125247663,0.02965086424620222,276.9451219543892,0.9690785071700451,0.2091260895126982,10.193315008934976,0.0008872006943624989,sakit
0.442301869392395,0.24342091381549835,-0.08796837249377525,0.40526723861694336,0.2511402666568756,0.08247855227569148,0.3870546817779541,0.26291611790657043,0.2266890698256677,0.01887281756482218,257.3869759955837,0.9681802064391993,0.1918477807707172,9.683777475498644,0.00036233651864043176,sakit
0.5954020023345947,0.24789480865001678,-0.03396085180931389,0.5486858487129211,0.2525840699672699,0.13953675010828484,0.5342351794242859,0.247554212808609,0.18434595610694743,0.04584611860586849,338.1637778116265,0.9580017775159179,0.18819729629036108,10.812169940147804,0.002104870197844139,sakit
0.7639385461807251,0.21273942291736603,-1.3674923835904036,0.5961393713951111,0.23264490067958832,-0.4568956413861276,0.40833553671836853,0.2380555123090744,0.2752260774444162,0.017344088571311204,189.55274614240707,0.9704987835387442,0.2222296567461375,7.474021879344068,0.00031028901092083823,sakit
0.5181825757026672,0.252926230430603,-0.9208892240492558,0.5125194787979126,0.25307607650756836,-0.7765977483499418,0.5017504096031189,0.27140480279922485,-0.5797788529708744,0.02808922060938267,272.16034382375375,0.9672090100923869,0.1930208010683323,9.687050596190485,0.0007949979171993981,sakit
0.37772050499916077,0.20181602239608765,0.4356774930321013,0.3544190227985382,0.20178471505641937,0.4615612808706081,0.37537598609924316,0.21968495845794678,0.4614387765260661,0.01500672733247666,229.14949453526808,0.9569030240019972,0.17568751868170543,9.14543257664579,0.0002295886036220189,sakit
0.31691229343414307,0.25175511837005615,0.4376278321204958,0.2934388518333435,0.24149514734745026,0.5830568033307519,0.3352714776992798,0.278489351272583,0.5303023220059989,0.10763919778603646,416.6244730131886,0.947629739185528,0.25153826190710676,11.456010717703057,0.011595740113327065,sakit
0.4331411123275757,0.29477226734161377,0.2912785170822206,0.3781704306602478,0.28424715995788574,0.6537122532821917,0.36208248138427734,0.28062787652015686,0.7377730815807203,0.032973767717937114,438.7937310704924,0.9585789990820314,0.23059776104771149,10.987614287564812,0.001094605171680413,sakit
0.5369569659233093,0.246864452958107,0.17834204033645604,0.4972107410430908,0.26327720284461975,0.33421418378364903,0.4857984185218811,0.2668498456478119,0.44098147454143793,0.015144225596067705,352.46522960062657,0.958935451913519,0.16332693188323286,10.623181283824996,0.00023227727847129856,sakit
0.6260238885879517,0.23562853038311005,0.24240668444472763,0.5258845090866089,0.2692647874355316,0.5522164044550916,0.47788548469543457,0.2780076265335083,0.8020038768349376,0.05467171863128395,259.69508774104645,0.9699234504815716,0.20948276022424386,8.80972972592625,0.0029958303261833972,sakit
0.3322603106498718,0.3144048750400543,0.775609468968691,0.27254873514175415,0.2759467661380768,1.151023381618448,0.2277553379535675,0.2684401273727417,1.5696837481755246,0.08737717870316436,611.156995259621,0.9400286666618939,0.25156195257938035,13.302952090865967,0.007658752464311136,sakit
0.39173489809036255,0.2021600604057312,0.5456790677587642,0.3735705316066742,0.19754397869110107,0.7758098163543102,0.3562279939651489,0.20289970934391022,0.8066287758740833,0.01659477472311306,301.1424672448078,0.940488827754688,0.15998842628429003,9.840606114961203,0.0002789843177621472,sakit
0.4754236042499542,0.2333824634552002,-0.17427075324740926,0.45238229632377625,0.24592454731464386,-0.06354651584419586,0.45934489369392395,0.2620191276073456,-0.09463098882149877,0.018398345073361726,304.77944062605087,0.9600808620777496,0.23136135823546364,8.889072319022722,0.0003438079363470097,sakit
0.43023616075515747,0.22130675613880157,0.8304029768143039,0.3842725455760956,0.21874384582042694,0.8812111636373884,0.32211926579475403,0.22934536635875702,0.9645188629280022,0.012129214118105346,1164.9747321337725,0.804624168775423,0.09666824652986528,22.078246587583426,0.0001480430583353671,sakit
0.5516987442970276,0.22109872102737427,-0.7062575874286976,0.5595991611480713,0.21267110109329224,-0.9655765404715181,0.5715404748916626,0.21630023419857025,-1.035367339800305,0.03189181450449426,304.9393652153797,0.9475445479812737,0.25311634689797363,8.316414578641082,0.0010316690126153311,sakit
0.4471239447593689,0.2907027006149292,0.3601076333738997,0.40125662088394165,0.2849043309688568,0.5854282075377724,0.36413589119911194,0.27749887108802795,0.7965588426503364,0.016988690939773992,322.2459173581204,0.969181311319284,0.18261629910596003,10.084034260735274,0.00029154590002416353,sakit
0.7726479768753052,0.2502487301826477,-0.7195640949381449,0.7530438303947449,0.26971346139907837,-0.713447974768426,0.7482834458351135,0.2795068323612213,-0.7661167279192468,0.14079916452422903,463.4263322217023,0.948597333671969,0.2819837329412286,10.887370862033917,0.019838702297556424,sakit
0.566338062286377,0.20711173117160797,0.07454210844039907,0.48602724075317383,0.23156261444091797,0.44557902881224676,0.41919052600860596,0.2382238209247589,0.4512733715043986,0.018521683166913088,398.03480083372716,0.9365985399339434,0.21064857425705133,10.032924551330295,0.00034675119963356913,sakit
0.7479907274246216,0.2218368798494339,-0.4382152043542063,0.7060043215751648,0.22538447380065918,-0.34018192802622127,0.6827307939529419,0.2310849279165268,-0.21172023855183617,0.12277449891199455,490.3723918762332,0.9224519455892682,0.2339860429862366,12.847394630166306,0.015081121911116026,sakit
0.6280586123466492,0.234146386384964,-0.2992155110315256,0.572317361831665,0.2352183759212494,-0.2583425826683506,0.5360931158065796,0.2346811592578888,-0.20970587690353593,0.015609388974514271,688.7604193955755,0.9014320114197663,0.17534974373399545,14.481392675114868,0.00024809112839072864,sakit
0.5290453433990479,0.2715506851673126,-0.00978435632691998,0.4415665864944458,0.24642443656921387,0.33163455345166304,0.37146082520484924,0.21785499155521393,0.6098270956460444,0.018465860963389914,134.5385762581038,0.9829930225358071,0.23745965520611248,6.533641749098611,0.00034742200617530024,sakit
0.4705348312854767,0.22106745839118958,0.306656116276502,0.41760191321372986,0.23087887465953827,0.3345240408010201,0.3697107136249542,0.24573443830013275,0.5110740430978191,0.013471437749614193,315.7029979912489,0.9524028344475415,0.15545610874214472,10.265515986091389,0.0001834915566153851,sakit
0.6167847514152527,0.2609628736972809,-0.5841386113199789,0.5595297813415527,0.25443190336227417,-0.400138258550168,0.5264990329742432,0.2442564219236374,-0.32531109915382506,0.01409445439439444,446.50740416838613,0.9458376722869876,0.1446571466665768,12.95736972326086,0.00020042753350070974,sakit
0.5140156149864197,0.26428502798080444,-0.17167620241601964,0.46938949823379517,0.2507312595844269,-0.04714900955209558,0.4428819715976715,0.23555345833301544,0.03282554483510482,0.013202478265681555,418.1593070148315,0.9480573133317072,0.1358874499811486,12.792280459368298,0.00017566261362815975,sakit
0.6371646523475647,0.24610750377178192,0.27602962712728185,0.5783699154853821,0.2802582383155823,0.3846198588110777,0.527988612651825,0.31912922859191895,0.3673655851587673,0.11846930486373623,653.2187973546785,0.9316828003814336,0.219799913800355,14.747430786050423,0.01404110531998387,sakit
0.44688278436660767,0.24248237907886505,0.5247640202410272,0.41143277287483215,0.2723689377307892,0.59511127508439,0.37891319394111633,0.2991909980773926,0.7640312235629115,0.011713780069526955,808.6997843275926,0.9102318210614633,0.11031380586785987,17.174469019627516,0.0001385053380248401,sakit
0.442876935005188,0.19829946756362915,0.8320763075163495,0.4124775826931,0.2406747192144394,0.6525046207678171,0.39218682050704956,0.28202950954437256,0.7759279686290866,0.013487790277031479,641.9493825714721,0.9023378470969372,0.126969780616534,14.818979962970133,0.00018329432654974956,sakit
0.5769040584564209,0.26652559638023376,0.27954263936364965,0.5189406275749207,0.3036006689071655,0.3096239441743693,0.46634212136268616,0.330730140209198,0.4456941521815431,0.056627896146426056,716.0780787871241,0.9355098030151031,0.17007324590001097,15.661154033159534,0.0032103216826397363,sakit
0.4214235544204712,0.2553767263889313,0.10559933549957522,0.4489348828792572,0.25623995065689087,-0.1695153122008042,0.47907277941703796,0.262020081281662,-0.3668375864981888,0.016626462055117263,257.88063890448734,0.9693295821988283,0.22349447166198247,7.7928208029123445,0.00028298952189251926,sakit
0.6605026721954346,0.23936323821544647,-0.9431188388906895,0.6025056838989258,0.253006249666214,-0.4627312259523994,0.5632494688034058,0.24512986838817596,-0.2921840911066264,0.021727743198572135,271.09412118504537,0.9654621044222406,0.210287886380595,9.018180241210013,0.00048099155249862715,sakit
0.6336984038352966,0.25365376472473145,-0.07841288282824936,0.5740423202514648,0.253799706697464,0.0749938173213251,0.5045962929725647,0.25270944833755493,0.34901090756584174,0.04131392170615971,932.1054212016078,0.8867252325216378,0.13237803687596592,19.112006599422354,0.0017091573482138623,sakit
0.48566097021102905,0.2143273800611496,0.06220436163482686,0.43713340163230896,0.23232868313789368,0.28285593540405723,0.3948693573474884,0.2493676394224167,0.48592431318710866,0.01872048324797217,245.725099190459,0.9633109292539332,0.18990625361345972,9.103746862107183,0.00035469382653630647,sakit
0.5256091952323914,0.2241797149181366,0.3814573259552083,0.5224705338478088,0.2600622773170471,0.3406173867363542,0.5141794085502625,0.3130541741847992,0.31512728798826045,0.012190049116542841,620.7285408609534,0.9239344107238757,0.12393317637573244,15.088684558411378,0.00015076063564709009,sakit
0.3485003113746643,0.25655168294906616,0.8318232137464606,0.4121585488319397,0.2817598879337311,0.41612739902497886,0.5061565637588501,0.32470208406448364,0.100636678595967,0.016889826275030682,811.7639924526989,0.9136918400102149,0.1826524003645342,15.41717785165902,0.00028802881668928127,sakit
0.43086153268814087,0.2457348257303238,-0.1191454340627408,0.4272206723690033,0.24672183394432068,-0.08411949448167193,0.44339191913604736,0.2580457329750061,-0.03236605013220357,0.017297647283412383,286.7867795372158,0.9635679477695276,0.18147222651426662,9.757965708986962,0.0003033383544260529,sakit
0.48434293270111084,0.3131474554538727,0.2987577906494229,0.4507547914981842,0.3295816481113434,0.3963671731172749,0.438566118478775,0.3383021950721741,0.43625345132697396,0.10073887106754346,365.7703937099845,0.9732675406606783,0.2946214148985951,9.287116952663842,0.010154553473473977,sakit
0.4600697159767151,0.2643497586250305,0.5089698644546111,0.48464691638946533,0.2646454870700836,0.4058919087352456,0.5849426984786987,0.2885078191757202,0.03132287280152809,0.011462688820404883,551.2473964476025,0.9376994843021688,0.12375677191405715,14.468607058484183,0.0001331436250025342,sakit
0.45196521282196045,0.24465437233448029,1.27890456717964,0.448562890291214,0.24812237918376923,1.1884781623327754,0.4953555464744568,0.27214422821998596,0.9493013845776107,0.03572561575599948,367.01835729314115,0.9537007887449529,0.17035694992354386,10.919566527452504,0.0012806597639935045,sakit
0.60727858543396,0.1844841092824936,0.8345059016821398,0.5846439599990845,0.1889781355857849,0.9769236271210093,0.5940139889717102,0.18672077357769012,0.9059759131593245,0.06561146079554529,259.92579257987046,0.9424701906556341,0.1850350989330254,10.319775027047028,0.004310544117733148,sakit
0.48353445529937744,0.22958438098430634,0.19206557285021622,0.4688013195991516,0.21035026013851166,0.15090762656669973,0.5113298296928406,0.23313194513320923,0.3521034367567395,0.011909500187431914,356.33786173265554,0.9357919789995063,0.11982091065141859,12.082603966656498,0.00014406070858332355,sakit
0.5156363844871521,0.2727872133255005,0.2985298419786914,0.5184255838394165,0.27509212493896484,0.22907020893201066,0.5897310972213745,0.30329787731170654,-0.0600868895190051,0.06832094711868393,494.44378544003615,0.9485048690448576,0.20816252867281268,12.29819815926327,0.0046691055554681565,sakit
0.4876679480075836,0.2675166428089142,0.30367498048177066,0.4861573278903961,0.27811622619628906,0.31795345079325826,0.5542387366294861,0.3190830647945404,0.17368206797335453,0.014627891622639841,511.59270079006933,0.9478049376214699,0.1531555775715443,12.788506978998782,0.00021652421904186435,sakit
0.42968428134918213,0.286737322807312,0.21388016793168776,0.40844666957855225,0.26928961277008057,0.3315189245997628,0.39852669835090637,0.2603171467781067,0.38853942863670654,0.017495024358344744,341.4635734071541,0.9643790343792739,0.18668764210290192,10.613067741572676,0.00030987499461584213,sakit
0.5076463222503662,0.25114259123802185,-0.11127670300590113,0.4820363521575928,0.23687024414539337,-0.11423165031545408,0.48847949504852295,0.23975691199302673,-0.04975948089515795,0.012702595044030263,419.5754175727072,0.9421489196642993,0.1365262182860595,12.55045098678954,0.00016341180605101218,sakit
0.3592803478240967,0.3288952112197876,0.9237718304333522,0.35258811712265015,0.33183321356773376,0.908528604998991,0.3535323143005371,0.3346213698387146,0.8485301197865698,0.06813341217673673,511.34007616729804,0.9640331496594353,0.2856845941265025,10.416078888059847,0.00465150891181513,sakit
0.3953574597835541,0.21330168843269348,0.6797663966492371,0.46200260519981384,0.256254643201828,0.4178500535253763,0.5311375856399536,0.310141921043396,0.28262917399941767,0.01397597212515892,320.1046892272653,0.9571112704258443,0.1699302711298296,10.353973226757379,0.00019871390684697034,sakit
0.6476577520370483,0.21316055953502655,-0.45436596325944967,0.7323163747787476,0.2270960807800293,-1.0147917289655972,0.7965659499168396,0.24331329762935638,-1.00473347366024,0.020125358056831636,210.6419076516571,0.9648223469416818,0.22726675928576248,8.272739040281104,0.0004123129911360756,sakit
0.4588600695133209,0.25978875160217285,-0.1482553765967087,0.40800389647483826,0.2531726658344269,0.182285902901862,0.3675273656845093,0.2621082067489624,0.46148385396204544,0.013653104393134476,379.9793139362088,0.9538741666095403,0.16618804045979224,10.97605239787679,0.00018886210794989572,sakit
0.37650102376937866,0.2723357677459717,0.33676497999507987,0.3652801513671875,0.26233938336372375,0.37520786289041896,0.3744911551475525,0.2550128698348999,0.2709312359628449,0.046660897188784044,509.13566600323276,0.9434063764616134,0.1946072236134727,12.658686185627054,0.0021828274549931014,sakit
0.3467475175857544,0.23796643316745758,0.20893490456236644,0.312332421541214,0.2233920842409134,0.44178393339914973,0.30799219012260437,0.2226342409849167,0.4646307659917585,0.021989839364723304,368.26699942090727,0.9441725855812884,0.1962585124873083,10.214820025330546,0.00048778788121061056,sakit
0.42493629455566406,0.25126534700393677,0.06249035873598053,0.4183191657066345,0.2508634626865387,0.0848570606448691,0.4153555631637573,0.2505364418029785,0.0652975793693638,0.01733398538167609,345.0328750309988,0.9573178457811283,0.2045255632114671,9.937697461153883,0.00030540798499764595,sakit
0.4523514211177826,0.2501576542854309,0.07770903167725197,0.43938103318214417,0.2468469738960266,0.14145455838778567,0.4155011475086212,0.2453496903181076,0.32441510570059784,0.014778663125269797,231.0388295364743,0.970703873058791,0.20400148540015653,8.56204630370169,0.00022199758476330878,sakit
0.4523514211177826,0.2501576542854309,0.07770903167725197,0.43938103318214417,0.2468469738960266,0.14145455838778567,0.4155011475086212,0.2453496903181076,0.32441510570059784,0.014778663125269797,231.0388295364743,0.970703873058791,0.20400148540015653,8.56204630370169,0.00022199758476330878,sakit
0.4830704629421234,0.2743322551250458,0.4677827055927995,0.4977053999900818,0.29005590081214905,0.3609873438647193,0.5036187171936035,0.3079946041107178,0.30308131091100965,0.03479512895253211,425.97120399262485,0.9599742188265413,0.177463689218603,12.310746596476173,0.0012147834145719758,sakit
0.26597753167152405,0.30679622292518616,0.9505865367125523,0.23534607887268066,0.2843514084815979,1.1218006397784193,0.20867280662059784,0.25838664174079895,1.2690324204552395,0.1231448107738292,298.3651000704436,0.9722109633277154,0.35770257725410287,7.814904664727485,0.015210308913263438,sakit
0.7344633340835571,0.29747235774993896,-1.1042616104165448,0.707603931427002,0.2958028018474579,-0.7974768122988878,0.627487301826477,0.32747289538383484,-0.2760740151049086,0.19887576423274655,332.6476753803106,0.9699175646917397,0.32841334981257814,8.823698808725315,0.039561474206838615,sakit
0.2513180673122406,0.19431152939796448,0.1309657136070281,0.25952279567718506,0.2187098264694214,0.4465092646254702,0.28924810886383057,0.2597573697566986,0.6622733517821182,0.061010653053009296,241.06320578047064,0.9586612288628816,0.269717264545193,8.206314509792858,0.0037354304605365803,sakit
0.19969871640205383,0.2108980268239975,1.3736510893129112,0.20773473381996155,0.20545902848243713,1.1847644965409616,0.22331233322620392,0.2118053138256073,0.9273332764673174,0.14943093673627228,332.37964572622315,0.9398181156941795,0.3572272359180342,7.982419485861829,0.022381569768061882,sakit
0.38686588406562805,0.23592649400234222,0.16776882157629017,0.376217782497406,0.24372757971286774,0.1484673760839974,0.3879236578941345,0.2689239978790283,0.05006685234414216,0.022851140593901646,272.32696486296186,0.9631732927363927,0.20313329716034692,8.760522646938428,0.0005274729133246794,sakit
0.5201957821846008,0.21968147158622742,-0.05863927030206253,0.5299191474914551,0.21684154868125916,-0.0054007247794995526,0.5527963042259216,0.21747541427612305,-0.12276934064773722,0.014111243941872758,288.97016427471107,0.9518600520283104,0.16384600977026406,9.802807125913569,0.00020242069396559284,sakit
0.493999719619751,0.247430682182312,0.3729146191027021,0.48429226875305176,0.24064292013645172,0.3775009693752141,0.4704369306564331,0.23554565012454987,0.33325029519882177,0.013290331060944127,405.57918942170573,0.9457478986143819,0.15319409635484282,11.663002077410903,0.00017936594709984727,sakit
0.45467203855514526,0.24913112819194794,-0.019642702396336458,0.4300929605960846,0.25136449933052063,0.13128339871732775,0.4169464409351349,0.25776734948158264,0.2817189685304128,0.025480085977813736,212.72807252003292,0.9736469971937809,0.22237629722561217,7.985651995323526,0.0006530765710637177,sakit
0.4677627384662628,0.2602815330028534,0.38293211129895294,0.47222331166267395,0.2718846797943115,0.24550974523825936,0.4889664053916931,0.28364846110343933,0.17046391547364542,0.017945665266593892,444.1531502066396,0.9521564703150308,0.16040525313357942,11.900278586084134,0.00032480820039974264,sakit
0.4428630769252777,0.23294278979301453,0.5883676661097845,0.4148852527141571,0.24150502681732178,0.6735961346557823,0.41457995772361755,0.24674385786056519,0.7218986288247375,0.010196243162383696,608.6763239164382,0.9181670550383898,0.08584573732076704,16.05547743470299,0.00010478648936876606,sakit
0.48350051045417786,0.1731036901473999,-0.33842028782804057,0.4428754448890686,0.21598903834819794,-0.12742630836455376,0.4343422055244446,0.2477070540189743,0.04330363966746667,0.01600063998554316,229.27737995228702,0.9577622960578384,0.1903792827349735,8.723100601088467,0.0002604116229240724,sakit
0.5200380086898804,0.27806857228279114,-0.3217921673255509,0.44522273540496826,0.2704198956489563,-0.1083028789298546,0.3858974874019623,0.2728193998336792,0.15054764187866973,0.021999158565756596,196.62240128155585,0.9791721643127339,0.1907061464115307,8.836954432379022,0.0004886129731072054,sakit
0.444720059633255,0.31521448493003845,0.4930571655893736,0.4018462002277374,0.30664610862731934,0.58288717072869,0.35999447107315063,0.2868862450122833,0.6748041705114782,0.012310442799011027,685.2614634194848,0.9439181201443971,0.10982145641106811,15.732011687535215,0.00015274167147445364,sakit
0.5300151109695435,0.2380443960428238,0.03029122902720996,0.5371086597442627,0.2978699505329132,0.1416557273631868,0.5326345562934875,0.33677056431770325,0.23815248624836538,0.025141635736431255,216.72833249978206,0.9784494686876144,0.17356880446884995,9.02419833130077,0.0006349199535220773,sakit
0.4126890003681183,0.30847153067588806,0.0776364823532333,0.35135823488235474,0.29219743609428406,0.20172056795606536,0.3086130917072296,0.28659918904304504,0.4339262125615936,0.046258738541721627,163.8645033687548,0.9854401633325006,0.27510874450487094,7.218820253109886,0.0021617520989166967,sakit
0.5557488203048706,0.25572526454925537,-0.1909167396370244,0.4520207643508911,0.2274104803800583,0.2749204301513764,0.38194581866264343,0.21245932579040527,0.700595709033786,0.011669234211642428,718.620135398689,0.895877512026504,0.11696707920850329,16.42529405253239,0.0001376861221140571,sakit
0.5863779783248901,0.32548585534095764,-0.7971101945833153,0.48170989751815796,0.2725622057914734,-0.6509713230531315,0.3669625222682953,0.22666336596012115,-0.06092849272890251,0.09244504146819504,346.3263893550372,0.9654100462753479,0.21946422468958984,10.650769955523598,0.008555472425986812,sakit
0.6924407482147217,0.2595025599002838,-1.5233225588322015,0.6396669149398804,0.27214139699935913,-1.0388302769895932,0.6221197843551636,0.2744540572166443,-0.9511037758179413,0.03399188985321966,237.61410517292177,0.9743005980194744,0.18075287123128095,9.081803365727842,0.001157262224817676,sakit
0.6518230438232422,0.23275022208690643,-0.3244641736055088,0.48037630319595337,0.2695765197277069,0.41895888573336726,0.35642457008361816,0.3073467016220093,0.6784489784610955,0.010333730113304513,576.4489511741042,0.9330640906622393,0.10552207777495481,14.966680633409055,0.00010952541848949708,sakit
0.40709197521209717,0.2645209729671478,-0.13837626674793602,0.39942747354507446,0.27009591460227966,-0.08963465375318867,0.3936293125152588,0.27640336751937866,-0.006017605841203152,0.026756994429537103,376.9574270109488,0.9595816812724247,0.24109955958916754,9.293794481272593,0.0007235056555084514,sakit
0.5098567605018616,0.24018977582454681,-0.08019077133263215,0.5047040581703186,0.24144478142261505,-0.10223380855626059,0.5240815877914429,0.25146982073783875,-0.1796761662097286,0.01645805439659355,269.9873007922697,0.9638409794806878,0.179583769912843,9.526869461124347,0.0002763845631282112,sakit
0.6498212218284607,0.22992247343063354,-0.40603170220015844,0.48511838912963867,0.2653922438621521,0.290097071382482,0.35616111755371094,0.3015652894973755,0.5056114236799435,0.012207536671060587,368.90912726404537,0.9557387289451166,0.1463882848388958,11.15509018441105,0.0001542464589670586,sakit
0.8039838075637817,0.17431744933128357,-1.2456399834268457,0.6547214984893799,0.22095216810703278,-0.5763536267687005,0.5019721388816833,0.24555745720863342,-0.030422479860965523,0.01803118449875685,157.79778317898266,0.971563436174276,0.21730563335311912,7.0541918167897295,0.00033818145511356744,sakit
0.6154283285140991,0.26614779233932495,-0.3466621758952066,0.5507304668426514,0.28367558121681213,-0.040014723411505033,0.5177551507949829,0.28521859645843506,0.19414000982894306,0.04078275052743958,210.64102861018443,0.9787788587394536,0.24172328251092076,7.449753960270388,0.0016679150160508122,sakit
0.5558652877807617,0.2511216998100281,0.014747861292115614,0.5065794587135315,0.27535825967788696,0.25609337591696824,0.490241676568985,0.28484809398651123,0.3743943397865427,0.016067038990892627,350.5473824816783,0.9621134130060064,0.20210875193874434,9.857754989840046,0.00026342862630916866,sakit
0.5084010362625122,0.22284536063671112,0.11627007964931806,0.4698607921600342,0.22985334694385529,0.2724517716858642,0.4622722864151001,0.22042454779148102,0.2752535769407381,0.016757528436192538,244.08993593812954,0.9627180411649064,0.18634489655241007,9.102901200495712,0.0002866048542767158,sakit
0.3202877640724182,0.19069363176822662,1.030510248392471,0.2765076458454132,0.19391395151615143,1.0865088327160497,0.2707407772541046,0.2460063248872757,0.8664550672216275,0.04381163936956603,265.7504369861177,0.9481340121168662,0.269662028939438,8.496104428019533,0.001957942181027959,sakit
0.6071388125419617,0.30695730447769165,-0.01415964314962079,0.5673046112060547,0.31917470693588257,0.15032079406646354,0.5502364635467529,0.30555084347724915,0.23163258357519723,0.11326761597195528,492.4110541581388,0.9611855727534468,0.25887729557486555,11.334217214383427,0.012838736854645469,sakit
0.6032315492630005,0.18713562190532684,0.23227422160519626,0.5545445680618286,0.20293331146240234,0.573763733316598,0.5028610229492188,0.26208847761154175,0.6030835614505693,0.03215949736312592,733.356455312582,0.8556186896139616,0.10618507353571054,18.386971268494353,0.0010363727976333565,sakit
0.6183251738548279,0.31721577048301697,-0.14852231048088776,0.6097000241279602,0.32611092925071716,-0.117394329079545,0.5949735045433044,0.32590049505233765,-0.07552727979757898,0.08260313594681294,229.40334656855964,0.9830238539848132,0.26522697942519696,8.152664053812725,0.006846683178367276,sakit
0.4554191827774048,0.16441723704338074,0.37505072986054816,0.47985759377479553,0.19512690603733063,0.6041991433745177,0.5085698366165161,0.2438492327928543,0.5827952590362651,0.011589480179787748,464.4220896501957,0.8927676383272152,0.10295080991681531,14.3800813989431,0.0001358214369530531,sakit
0.5488357543945312,0.16362382471561432,0.041020850418356555,0.4904726445674896,0.16449792683124542,-0.300206078196594,0.45860689878463745,0.18291904032230377,-0.28037895279779457,0.01035113357871025,690.6603879632795,0.7934552388646473,0.0665666983684564,18.928770519946344,0.00010769362167005184,sakit
0.3706399202346802,0.22545590996742249,0.78644968569856,0.30978742241859436,0.20424577593803406,1.16253178232949,0.2423887401819229,0.17457611858844757,1.6719659940118896,0.02099493070480143,258.1665049370045,0.9531342006840701,0.2221522444568268,8.269839755365924,0.0004491300744609177,sakit
0.42798250913619995,0.3354402780532837,-0.06658200774134804,0.35045766830444336,0.2999177873134613,0.30393374408622564,0.2901102900505066,0.2758790850639343,0.5160166915704838,0.09730830320746953,999.1163433387204,0.9100647033630903,0.22702608229096408,18.11340654159637,0.009479932008097916,sakit
0.6046472787857056,0.23548446595668793,0.0012668719230686423,0.5877878665924072,0.23806022107601166,0.13508053062960512,0.565190315246582,0.23120304942131042,0.12117355910427458,0.021892070488925188,266.54172466563983,0.9626967032920035,0.16608005887696653,10.009832866217241,0.00048477070611976534,sakit
0.4317995309829712,0.26633453369140625,0.5505325210241199,0.4447251558303833,0.28311049938201904,0.46575612134308997,0.4572645425796509,0.2811627686023712,0.5095232263799687,0.024315074775615172,263.11320824637943,0.9731869793840952,0.1600295746675498,9.570771439546848,0.0005934431615458246,sakit
0.46453744173049927,0.22178731858730316,-0.16977521389565256,0.44333821535110474,0.1763656735420227,-0.3318692796521163,0.6574313640594482,0.27205172181129456,-0.42819211288703085,0.019002358023185763,297.5313614966217,0.9362975972239318,0.19048991558922887,9.742275504007846,0.00036700204578654947,sakit
0.4984409511089325,0.19659677147865295,-0.3691930901158994,0.42144614458084106,0.16844184696674347,-0.005787707771584528,0.6100306510925293,0.2972625494003296,-0.30538804665881214,0.021508456665226845,311.3001984407733,0.9281901219001765,0.216249698215322,9.921706397288443,0.0004708266125891035,sakit
0.4687439203262329,0.18944033980369568,0.30771626095843074,0.4128618538379669,0.158781498670578,0.29333201860715336,0.5149312615394592,0.2928743064403534,0.5059042144095404,0.012289711134616887,442.8376128515437,0.8905562330009452,0.1282933213597153,13.180489327724258,0.00015335724138276896,sakit
0.40466946363449097,0.20924781262874603,0.5506237998258694,0.4296948313713074,0.17823149263858795,0.3914073236755831,0.674782931804657,0.2647169828414917,-0.46488671035261214,0.015330664683562499,285.5376260509828,0.9274391507182566,0.1657739891252725,10.336087763585189,0.00023831042780884408,sakit
0.45891305804252625,0.2282041609287262,-0.06428098790930639,0.44185203313827515,0.184329092502594,-0.27875047745593695,0.6552124619483948,0.277730256319046,-0.4103080257717098,0.017656507935802538,351.88955548494204,0.9298828584530218,0.1785128095968651,10.657059977138026,0.00031662845729527473,sakit
0.5213838219642639,0.2602027654647827,0.1262861418830053,0.4995391070842743,0.248973086476326,0.32130966618729595,0.6817902326583862,0.28934961557388306,-0.47208401941863354,0.014270024672174456,350.9239133112387,0.9560970714278235,0.1743366456358639,10.900343352321181,0.00020703512267008175,sakit
0.41084545850753784,0.17940309643745422,0.3468237066725539,0.382826566696167,0.1681755930185318,0.5152320653090576,0.502968430519104,0.26589247584342957,0.25485408539278576,0.012987756674195168,341.1824453223562,0.9145663222026114,0.13104919261142514,12.149554124724993,0.00017096647288134727,sakit
0.46076878905296326,0.19567857682704926,0.30120575540414685,0.4558907747268677,0.18882939219474792,0.2079538194409982,0.6097026467323303,0.28801804780960083,0.01028269038629525,0.011852474255769144,510.5082597137128,0.8922479271601681,0.12024269700465556,13.915529254187943,0.00014300482226329596,sakit
0.7057837843894958,0.20518304407596588,-0.7122794004903226,0.6901165843009949,0.21080806851387024,-0.7020838798542,0.8195368647575378,0.19786834716796875,-1.2545046112881018,0.01917480915702666,180.9384377332863,0.9639310212731518,0.19372221764368655,8.051710935825518,0.0003734377670005393,sakit
0.3986184298992157,0.20547017455101013,0.3701381061958671,0.4312379062175751,0.16822557151317596,-0.05422332923756204,0.6823418736457825,0.27200692892074585,-0.39190598900426665,0.016914203901753518,248.56058839878594,0.9304921520289176,0.19373618303118698,8.944780012613666,0.00029044669945479056,sakit
0.402818888425827,0.17971652746200562,0.22107529933813477,0.45032328367233276,0.1551111340522766,-0.3178197026656959,0.7010068893432617,0.25728839635849,-0.45527280722017527,0.01996945862151765,235.19042874545337,0.9220084493399873,0.18724859679783346,8.951746251636987,0.00040511130969738394,sakit
0.4759942889213562,0.23548650741577148,0.06287685425346172,0.4821149706840515,0.2216874361038208,0.07638953008596101,0.46002256870269775,0.2299293428659439,0.22427390931654145,0.007985995600775637,1162.4098927735602,0.8208760171689123,0.06392326284919665,22.986957610667584,6.436148752078587e-05,sakit
0.40244171023368835,0.2625676691532135,0.4997772116237984,0.3136545419692993,0.2327820509672165,0.6452414290148016,0.2594115138053894,0.20991739630699158,0.889353613957805,0.0433772155422501,366.2230009032846,0.9481563699601797,0.22375352616289113,8.934346556124014,0.0018888550325420435,sakit
0.49866533279418945,0.2486782819032669,0.5745805049714232,0.4187232553958893,0.22879193723201752,0.6097810805060955,0.366834819316864,0.2138863354921341,0.7133452261576101,0.014582899031507265,212.50900396872726,0.968495292479004,0.1816253734424902,8.347011860059167,0.00021784347347632272,sakit
0.4863860309123993,0.2443399727344513,-0.39311113437984346,0.3373722434043884,0.1899353265762329,0.053784996753157226,0.24774116277694702,0.1437789350748062,1.0596306028356504,0.03056962788983988,321.3893824837712,0.9355428145448078,0.14739594772950318,12.021368008729937,0.0009407046938843906,sakit
0.5193181037902832,0.2941959798336029,-0.39457095188921454,0.4772774577140808,0.26460233330726624,-0.4163493463523418,0.41863858699798584,0.23499487340450287,-0.36537204367355847,0.01385053726574298,244.59388944913493,0.9739440931713522,0.13875801954738665,10.110964584401001,0.00019327457238112197,sakit
0.45518213510513306,0.18327471613883972,0.038890737951404575,0.48593664169311523,0.2379424124956131,0.23499841853468395,0.42343080043792725,0.20331071317195892,0.0421176584114827,0.008326253486654498,1136.633105073052,0.7945980507832077,0.06284710318092075,23.025787566283753,6.987484402767959e-05,sakit
0.4416922926902771,0.2782670557498932,0.3341431916180548,0.4298115074634552,0.2888500392436981,0.3879691299917623,0.3885093927383423,0.28986474871635437,0.6218737800829001,0.012055719855205899,777.2558013078819,0.9253299689945859,0.11721857655139706,17.268008905076695,0.0001472692885203486,sakit
0.5832606554031372,0.24483999609947205,-0.13618300886017395,0.5772243738174438,0.23216761648654938,-0.2757295403397417,0.5760445594787598,0.21954841911792755,-0.7068496942165544,0.012588568906377919,281.0498128713131,0.9594196137511027,0.13931068136982902,10.251306060589291,0.00016006533967434622,sakit
0.6783239245414734,0.25734153389930725,-0.43728315995160866,0.6566551327705383,0.27074435353279114,-0.4720168485461646,0.6628383994102478,0.2844226360321045,-0.4493798706984485,0.0451935876402827,400.5751681645832,0.9555236933723091,0.18881299373602897,11.61456823422435,0.0020532421508753346,sakit
0.5314660668373108,0.21038922667503357,0.548786050349853,0.5460824966430664,0.2526213526725769,0.061187716131262726,0.6149064302444458,0.32734963297843933,-0.06856050775886378,0.014704038153258625,474.857332268095,0.9337968276896681,0.1681700582405121,12.324461515634903,0.00021931689868643936,sakit
0.3038199245929718,0.2507413327693939,1.1428537829913703,0.42954033613204956,0.22202397882938385,0.7423135164786615,0.603598415851593,0.2438962161540985,-0.49990279751749356,0.022787841998190728,212.94281505265963,0.9648327822434443,0.23146863305481827,7.824681568493102,0.0005241048501153552,sakit
0.2725311517715454,0.2252272367477417,0.9717927672905174,0.29271841049194336,0.21320191025733948,0.8263964453938076,0.40369606018066406,0.275855153799057,0.4135089787837266,0.02317199149716083,179.57637744221014,0.9700951454218701,0.2398104941372987,7.460023196329257,0.0005449103511186011,sakit
0.5334550142288208,0.19470389187335968,0.6656919137175297,0.5517740249633789,0.1937015801668167,0.3452230317073524,0.6165288090705872,0.2358223795890808,-0.08944765943736285,0.014414391264796433,384.977119199437,0.9190038877483784,0.14963720380080467,11.674709841649252,0.00021100631438756426,sakit
0.5286781191825867,0.22614429891109467,0.07896232344453111,0.5324047803878784,0.23593983054161072,-0.07914502525531437,0.5585615634918213,0.2880457639694214,-0.16428708684658017,0.01055633122251069,541.8238151863972,0.9224524918564497,0.11773758861265064,14.480835101138553,0.00011296527826417242,sakit
0.49228277802467346,0.2034866213798523,0.378507784824571,0.5474490523338318,0.2510933578014374,0.2835117280515418,0.6485020518302917,0.29562315344810486,-0.032851555184721326,0.014273900554331254,315.21152320001687,0.9556110841029865,0.1554653176652908,10.703988784412784,0.00020710107143312104,sakit
0.2640293538570404,0.2269115000963211,0.6981526275473428,0.3007160425186157,0.2540512979030609,0.3461570724675006,0.4063195586204529,0.38096532225608826,0.4186858783077035,0.03212201403982488,244.91637843295086,0.9705069767681854,0.24382913613680934,7.897306721300631,0.0010438983330524074,sakit
0.35619422793388367,0.2191150188446045,0.3320324292361407,0.3585222065448761,0.20160526037216187,-0.11199429433734442,0.36521828174591064,0.2328348308801651,0.14380799243433776,0.021104855667557352,111.23242508757949,0.9788919074412599,0.2412091386791987,6.320340882794746,0.00045340087531940844,sakit
0.422484815120697,0.2640703022480011,-7.294272608130976e-05,0.4275818169116974,0.25562915205955505,-0.08557067464158036,0.33704620599746704,0.25196003913879395,0.8000854327408922,0.028524308205497954,388.5537408369014,0.9485171472690822,0.19296845970118,11.661550287874755,0.0008195179854740177,sakit
0.5150787830352783,0.25360748171806335,-0.6683712961524243,0.45011916756629944,0.22589978575706482,-0.49418273436533555,0.41629379987716675,0.2177167534828186,-0.33334234947462343,0.03518556342968035,219.9141789462642,0.9683067353645939,0.2284300738137491,8.945950245558665,0.0012419878478421905,sakit
0.5202243328094482,0.21066008508205414,0.016030286748556374,0.4982264041900635,0.22747477889060974,-0.11790579064395294,0.5054159760475159,0.26815521717071533,-0.32352949652438817,0.012277792097467788,377.35555896859523,0.9404195590244169,0.1444399935133248,11.67607005205994,0.00015288068787017275,sakit
0.6293360590934753,0.14876961708068848,-0.3562840158696458,0.6360244750976562,0.19825759530067444,-0.3245299903300659,0.6627002954483032,0.21818219125270844,0.07236327647429332,0.01200172755361681,407.87510332516155,0.8973556917322476,0.10870503252010388,13.334104496092083,0.00014561856217096467,sakit
0.6021237373352051,0.28991520404815674,0.08743143824151893,0.560062050819397,0.3066142797470093,0.21105502777569443,0.5455552935600281,0.3165939450263977,0.181464687352627,0.10817142333979353,530.2439302999904,0.9544233813688642,0.2424124985775201,12.407145339066759,0.011707286617516605,sakit
0.6623088717460632,0.24165405333042145,-0.23858713532837528,0.6343140006065369,0.25692039728164673,-0.2754845921139077,0.6445666551589966,0.2714122533798218,-0.30987018048542847,0.039934202490875245,434.3785601708246,0.9453325750498959,0.16993399161001052,12.461256393252924,0.0016029415846455656,sakit
0.4033774733543396,0.3291725516319275,0.5427031598058761,0.49864739179611206,0.31281059980392456,0.5183297604387799,0.6428253650665283,0.2711319625377655,-0.19798389705514405,0.027979939225105537,251.91778260915297,0.9788899491630866,0.2653241077536003,8.093885088093927,0.0007911669735828176,sakit
0.4682944416999817,0.19049423933029175,0.4098589550036958,0.4981943368911743,0.19338464736938477,-0.010166893228683745,0.609946608543396,0.27496716380119324,-0.040345098121927644,0.012389075452974664,475.19433392929847,0.8971428079460558,0.13044820013872127,13.130570977483245,0.00015628397125714506,sakit
0.30282989144325256,0.27108970284461975,0.6965540548521043,0.35521647334098816,0.3019295632839203,0.5990076100623467,0.40974900126457214,0.36190828680992126,0.5546039964267321,0.021882636823345052,344.339401982997,0.9678444864535446,0.21673770688962513,9.791122952104688,0.00048615366879505386,sakit
0.4057244658470154,0.2332959622144699,0.2017143611772909,0.45020079612731934,0.2728029489517212,0.13263023431429977,0.5772044658660889,0.35649383068084717,-0.08126454871276619,0.016914159676230934,345.0142831586223,0.9616948398232917,0.2001047044567238,10.307181928204649,0.0002901150032656599,sakit
0.45980918407440186,0.24231570959091187,-0.17112187276447724,0.4579780399799347,0.2466261386871338,-0.09879389464333843,0.3313511312007904,0.2187342792749405,0.5809437960215009,0.014861350565494529,367.0350954267795,0.9482558395126683,0.1596465057052048,11.613153951595548,0.0002239852756463529,sakit
0.5922822952270508,0.2625376880168915,0.034973793634416314,0.5303165912628174,0.274505615234375,0.3100902322194804,0.49366992712020874,0.282243549823761,0.5243724568850557,0.062151685093828124,589.372212391778,0.9366028350760703,0.16614075017251265,14.507823672470073,0.0038661996620695375,sakit
0.4923992156982422,0.29348987340927124,0.21339571039733937,0.42226743698120117,0.276290625333786,0.4370116444575116,0.3774983882904053,0.2636081874370575,0.7561316320801732,0.01684682784197274,540.3353225116562,0.9444402742704631,0.14569801791562978,13.853691352768989,0.00028563546923782,sakit
0.5098168253898621,0.24911577999591827,-0.03708079109965477,0.5212047696113586,0.24384446442127228,-0.08778352428556235,0.5084787011146545,0.2749461829662323,0.2573957094481428,0.010551122392989111,453.2049650939097,0.9389994627833382,0.11582309553987637,13.253864992801384,0.00011264360257195168,sakit
0.44954708218574524,0.2779974937438965,0.7561416326306235,0.46892327070236206,0.25388795137405396,0.5507436099419464,0.5328487157821655,0.28169354796409607,-0.027204101791987293,0.014735477170181527,776.7721679618977,0.9053061876421923,0.13990063993857707,16.279515904557233,0.0002192333212463344,sakit
0.5878145694732666,0.20401492714881897,-0.5333897762174745,0.5256381034851074,0.21694618463516235,-0.25216115793773036,0.5755503177642822,0.25825172662734985,0.056872450773243294,0.012546401361167485,285.51086994024917,0.9483545242228356,0.13606446904957284,11.186820280285085,0.00015936209204962261,sakit
0.4829147458076477,0.24627329409122467,0.3064075744710204,0.4258825182914734,0.24924083054065704,0.37292073187225183,0.43029358983039856,0.28075432777404785,0.40725218424690257,0.012842100578247329,306.074965838164,0.9617735328128293,0.15615543405952947,10.253682554563044,0.00016763055781460946,sakit
0.46372097730636597,0.1993243396282196,0.0020625358955177323,0.4725497364997864,0.1989990919828415,-0.06265745435656707,0.5388596653938293,0.25563982129096985,0.07983181773566828,0.012078683853444178,394.5398499487328,0.9216007573575835,0.12857044026466005,12.274220077768762,0.0001480922835305436,sakit
0.4788346588611603,0.2819233238697052,0.07130042771641969,0.570152759552002,0.33303290605545044,-0.12977321145473206,0.6658527255058289,0.345988929271698,-0.333361918576098,0.01950931703847739,398.90028739171936,0.9688693587615029,0.20681618276240124,10.392119647549675,0.00038608448437458723,sakit
0.5405982732772827,0.24376548826694489,-0.10315028759135918,0.6217450499534607,0.27994057536125183,-0.22553470188151045,0.7385690808296204,0.2763636112213135,-0.45117090685994304,0.0165861815453528,357.88502718812964,0.9597734960385406,0.18588324016989585,10.769603608476205,0.00028018445022798076,sakit
0.472273588180542,0.20323386788368225,0.3814756554595322,0.433172345161438,0.19402459263801575,0.5537576877964973,0.35185185074806213,0.1836598515510559,0.8656446775244515,0.009686897110224468,613.430284573429,0.874741013594745,0.07330324681759788,17.702470830174214,9.433655208093076e-05,sakit
0.4915698766708374,0.21187621355056763,0.38863684813763794,0.4931557774543762,0.2180636078119278,0.11738648013505837,0.5927282571792603,0.2959210276603699,-0.19727104695431177,0.014072094566015604,224.25545941011853,0.9624368279102349,0.17693290605953452,8.884096983267547,0.0002014666082013969,sakit
0.45571887493133545,0.19435599446296692,0.08511896265738143,0.49747949838638306,0.20049312710762024,-0.374171518430228,0.6295158267021179,0.29056739807128906,-0.30636676360745546,0.014770485532451536,343.08274589813715,0.9337045601722919,0.15354133299944475,11.099866818888557,0.0002210367740538637,sakit
0.6839426755905151,0.24300919473171234,-0.5727801552214452,0.610089123249054,0.24949781596660614,-0.37855117507317326,0.673812747001648,0.25134536623954773,-0.3927871231335662,0.030156536285783467,242.81092634709194,0.9673738705939942,0.18498107657208593,9.618958610943189,0.000913316901350777,sakit
0.5941505432128906,0.23630355298519135,0.021900251723534454,0.5944026708602905,0.23374225199222565,-0.04512967296064206,0.5998144149780273,0.24649135768413544,-0.14007048471826036,0.015024158021320984,581.159352266261,0.9172522313674256,0.1031956707694625,16.134122615287684,0.00022838147438624886,sakit
0.3889591097831726,0.238456591963768,0.6215188290799283,0.42801862955093384,0.2670544981956482,0.7870552745646409,0.5175958871841431,0.2931571304798126,0.5028694070084079,0.015171871383890269,405.44823922066735,0.9520787125333688,0.15739606824098457,11.751715910570267,0.00023449538151558704,sakit
0.5419189929962158,0.16223731637001038,-0.014023182925215816,0.5294995307922363,0.19377748668193817,-0.12353548092980364,0.6409039497375488,0.25251924991607666,-0.09509402025341929,0.01582161663251587,219.2109543916312,0.9481272382313156,0.1759430356953383,9.15606862167291,0.0002541448900809348,sakit
0.49829384684562683,0.26956820487976074,-0.10241672354940538,0.4670836925506592,0.28243663907051086,0.19131833976768764,0.5174630880355835,0.3230328857898712,0.1787494990947339,0.012342249604184835,547.680387282752,0.9451760691832529,0.1456495252852147,13.285554732110688,0.00015476120888636882,sakit
0.471853107213974,0.2761548161506653,0.23761020376353206,0.431627482175827,0.2670624256134033,0.3586946292139542,0.444192498922348,0.3074699938297272,0.5251999219714168,0.013867799743193137,318.71288430950335,0.9666477120664952,0.159218534066169,10.630438742634297,0.00019399088136523655,sakit
0.4450714588165283,0.2931174635887146,0.728073965561416,0.54371577501297,0.2874690592288971,0.21004695258821898,0.6129492521286011,0.2947620451450348,-0.10671698476316577,0.06450543575701743,513.3617935557228,0.9497143433856369,0.21957424298368944,12.052430623765632,0.004165520385598126,sakit
0.5118558406829834,0.2215312123298645,0.32474426866730477,0.5673440098762512,0.21722394227981567,0.12055497515991284,0.5898208022117615,0.22490258514881134,0.2525665473462965,0.010891441647848818,441.441644409336,0.9205893541691511,0.11233888436509672,13.501478896526493,0.00012078820479885067,sakit
0.3973575830459595,0.27624574303627014,0.5007113499218423,0.47175702452659607,0.3167620301246643,0.27279582717886613,0.5048837661743164,0.34683069586753845,0.08680535469458678,0.015526192663772734,624.3449326406344,0.946718147303486,0.17406993349924094,13.554252643938861,0.0002448784899378832,sakit
0.6090134382247925,0.27042070031166077,-0.10390457245239497,0.5787795186042786,0.2661881446838379,0.10711925222568829,0.5325888395309448,0.2714003026485443,0.2987044533420616,0.02984176315936049,517.0051554901653,0.941155903129476,0.16699713201854258,13.246029940441387,0.000893369357769772,sakit
0.38819292187690735,0.27175459265708923,0.5827129306830732,0.4247879981994629,0.30160751938819885,0.7004859836123657,0.4302550256252289,0.30934953689575195,0.649915185517283,0.015863194985468208,541.1520507962342,0.9487818209428033,0.16303312904394565,12.986392604156912,0.00025565458367706313,sakit
0.3559618890285492,0.28132036328315735,0.5993789291957049,0.43320366740226746,0.31314629316329956,0.49112137794339916,0.48678910732269287,0.33023801445961,0.3247224915856387,0.024155878291255314,375.37956965628285,0.9668015134545156,0.17693873117665873,11.671775453380187,0.0005872178965320544,sakit
0.45262235403060913,0.21492648124694824,0.6260538618893304,0.544209897518158,0.23518259823322296,0.03669634652854971,0.6021992564201355,0.26154425740242004,-0.07981563003402013,0.012440713209388382,346.04927245706045,0.9439939617490678,0.1366671916566453,11.877733890161798,0.00015755944782356495,sakit
0.47230350971221924,0.22623902559280396,0.46865040098918714,0.5345616340637207,0.24418330192565918,0.18383650469845428,0.5723856687545776,0.2643201947212219,0.21771279282041994,0.01225146226674873,389.096754191896,0.9433620036206087,0.11856114364228403,13.119506842808427,0.00015217279613881208,sakit
0.5186470150947571,0.26098722219467163,0.2643021413627113,0.5698465704917908,0.263134241104126,0.09479615320829445,0.6037307381629944,0.27094554901123047,0.09696936083336656,0.029027971161959695,527.6472831976795,0.9368072232957033,0.1321953992629317,15.066661097453228,0.0008443731460478981,sakit
0.45354244112968445,0.26066240668296814,0.6292072383300757,0.5336934328079224,0.2545168995857239,0.2856381995291058,0.5748291015625,0.26287660002708435,0.12945705395079965,0.011913767187333016,635.0565552545866,0.9188550389691369,0.12042419391025694,15.318165198833283,0.0001451385741363168,sakit
0.4259353280067444,0.25836578011512756,0.7567704718337753,0.49882712960243225,0.28356921672821045,0.3127759588266415,0.5384273529052734,0.31095507740974426,0.2547285052154818,0.012430351262832049,931.2640079595548,0.8988441669839607,0.12477977666033312,17.97042126304932,0.00015641719089816552,sakit
0.49401935935020447,0.2879039943218231,0.19240271768890435,0.45771002769470215,0.2594279944896698,0.17685853496434775,0.4291669726371765,0.2461249977350235,0.2368330907450772,0.011688101178795686,553.0075297517621,0.9392873546552298,0.13426082937859807,14.616179754137194,0.00013832282835931554,sakit
0.482690691947937,0.2660048305988312,0.5557355270814411,0.44904762506484985,0.24678698182106018,0.7048394097000469,0.42184117436408997,0.23651394248008728,0.8185989348244038,0.019181427314076186,504.9251476484439,0.9378139316708105,0.18765460555823119,11.677183676156028,0.00037301860661615935,sakit
0.47775235772132874,0.3241318166255951,0.4592992688899429,0.4412313997745514,0.3085968792438507,0.5913263950894929,0.4042338728904724,0.2943967580795288,0.7479726266048053,0.01932478676589405,699.0945327941398,0.9438675741206022,0.19256959709619004,12.854903737379088,0.0003780000651329569,sakit
0.4483005404472351,0.2892238199710846,0.6278142191659472,0.4153471887111664,0.2679069936275482,0.754084318708925,0.39203518629074097,0.25456827878952026,0.8844972410449582,0.014626066025990045,694.9151702529471,0.9267095334261061,0.155108917325763,14.01159387877297,0.00021630281193990746,sakit
0.3015676438808441,0.29498010873794556,0.8499552243725333,0.2973918914794922,0.25990617275238037,0.9530690547200994,0.29223859310150146,0.2575345039367676,0.9975315817118922,0.028920108843694475,483.8052441436093,0.9480741128032086,0.26670925068195567,10.136963010898521,0.0008465002473086189,sakit
0.3137142062187195,0.2704436779022217,0.4361552711282455,0.31594976782798767,0.2180393934249878,0.12004517852527084,0.2751484215259552,0.2183043360710144,0.35000285363844535,0.03550336458519263,148.27938774082395,0.974486150186595,0.3066983938254301,6.421405646537466,0.0012776091764074339,sakit
0.5481658577919006,0.3644784688949585,-0.2012094229343507,0.47734805941581726,0.33745086193084717,0.22457524318393726,0.476284384727478,0.33670279383659363,0.18279701527436867,0.02192478436976979,143.47747994121053,0.9904379077065538,0.23430031375487695,6.6033174310938305,0.0004890045787730649,sakit
0.37892022728919983,0.23613809049129486,-0.0812296270422188,0.26436662673950195,0.17116646468639374,0.11095271397228514,0.16685080528259277,0.1303485780954361,0.639432944938728,0.02566077879067172,216.15812520041436,0.9495228521641291,0.17946209504460486,9.327867761774376,0.0006640972223483022,sakit
0.5096596479415894,0.27148839831352234,0.058967023701832065,0.4748955965042114,0.28447529673576355,0.27081019286249197,0.4642740488052368,0.29003292322158813,0.30156623267232996,0.013750053685784488,402.49063310264427,0.9602097465524028,0.16450232951283036,11.776416630777936,0.00019169784278604595,sakit
0.5538042783737183,0.26104265451431274,-0.2552985085668565,0.4598802626132965,0.24027884006500244,-0.009977070595879975,0.396131694316864,0.21731048822402954,0.21423353862705813,0.011851587118733548,308.80620406960634,0.9593653659511183,0.11661491261031735,11.671844483382001,0.00014205227344361838,sakit
0.7669694423675537,0.22967948019504547,-0.8742336512810638,0.7153310775756836,0.2572822570800781,-0.5865831004722001,0.7033692002296448,0.26740962266921997,-0.4976381683396026,0.09823259825206591,269.1496676933411,0.9663091483597582,0.27799270976755613,8.95703775259813,0.009661126367830064,sakit
0.5765891075134277,0.22823479771614075,-0.24351257025077858,0.5241907835006714,0.2450273185968399,-0.07826460818083233,0.4953753650188446,0.24641023576259613,0.1297230130085215,0.018011575449214418,492.573339528607,0.9334816101156657,0.13033820157514567,13.680723300705326,0.00032675342869887197,sakit
0.6633949875831604,0.21795277297496796,-0.42984392669262217,0.6050111651420593,0.2298022359609604,-0.08786884167195216,0.5679824948310852,0.2427421510219574,0.10974612028166485,0.07638481762955444,491.56243781955754,0.9258004436921387,0.16016403647653896,14.41431549945785,0.005837515878756811,sakit
0.5618301630020142,0.2660697400569916,-0.4034340873028378,0.5296632051467896,0.2717870771884918,-0.29833711740444974,0.5278561115264893,0.2755122184753418,-0.26729895607480875,0.014790699831626815,403.7635471273961,0.9573315886578767,0.18837367356796453,10.503977894045507,0.00022254693606768702,sakit
0.5032869577407837,0.29801779985427856,0.11354229774635947,0.4520041346549988,0.2811146080493927,0.18142886457669233,0.40056324005126953,0.2663089334964752,0.3460969304058491,0.01649907218591694,498.42004242536945,0.9521109519410293,0.12429058879669579,13.63780814030256,0.0002733018965199319,sakit
0.6344068050384521,0.2695615291595459,-0.3324372478390359,0.6026910543441772,0.26778751611709595,-0.22974055617563743,0.5772024989128113,0.2691047489643097,-0.08892617556333042,0.014979950026025058,680.0165575974899,0.9264511949727742,0.11371959017651119,16.37853647725505,0.0002267990246400262,sakit
0.5546022653579712,0.29485785961151123,0.10737708982700951,0.5074355602264404,0.3005129396915436,0.1725565785922633,0.48622238636016846,0.2942877411842346,0.2122293468320743,0.021131942630369032,614.1501054828038,0.9461731737744868,0.12936348186652036,15.445495469947899,0.0004496456289518813,sakit
0.6241430640220642,0.24339894950389862,-0.6123684261207656,0.5806385278701782,0.21270263195037842,-0.6521346298173143,0.5473039746284485,0.20422755181789398,-0.5851439680741517,0.0193716769232742,113.56593235230183,0.9816811541347042,0.23908132045301356,5.996242128361818,0.0003803273777582305,sakit
0.5971700549125671,0.16103221476078033,-0.4255933159571885,0.5183752179145813,0.19456587731838226,0.14235893513857126,0.4783264994621277,0.22135397791862488,0.3682316548102507,0.024879927564551364,99.7773591103808,0.977538367541854,0.31773804848035936,4.62117377371954,0.0006344899551233148,sakit
0.570034384727478,0.2671507000923157,-0.5787410526125671,0.5415782332420349,0.2564406394958496,-0.54453807467439,0.5239286422729492,0.25358152389526367,-0.41624976689961757,0.018452327774300146,137.16637179409605,0.9840856338515325,0.2442902524182445,6.2469595418444035,0.00034756021350428973,sakit
0.6235491633415222,0.24243101477622986,-0.01023167011434913,0.5193533301353455,0.26911526918411255,0.2577600323090583,0.4976791739463806,0.26833319664001465,0.37521041945170547,0.051404329903622585,106.64361017557485,0.9877187669876552,0.267737224750996,5.953369877611071,0.002649575615925414,sakit
0.7156558036804199,0.12315655499696732,-1.3957783585702666,0.5591192841529846,0.12042238563299179,-0.75217367959268,0.4728953242301941,0.13698305189609528,-0.2038993738528881,0.02014767387740925,153.41233804058604,0.9156285098557174,0.16535984075383947,7.815186222397448,0.00041117225980905693,sakit
0.7373384237289429,0.19476933777332306,-0.855914278409731,0.6197109818458557,0.21639232337474823,-0.250129828124518,0.588153600692749,0.22264300286769867,-0.00794161225101005,0.054883014485755194,166.6628677227943,0.9693416163888618,0.23203196532185996,7.473685961295878,0.003017526436326778,sakit
0.5977789163589478,0.32202473282814026,-0.2467718800880644,0.563529372215271,0.3248075544834137,-0.09643870449862085,0.5536644458770752,0.3228025734424591,0.0007128166639774945,0.09573246958475791,499.9700936834636,0.9630907930333567,0.24849753709013975,11.632834545999552,0.009178705240242505,sakit
0.6374824047088623,0.29101088643074036,-0.37437007583509185,0.5865307450294495,0.2860028147697449,-0.26438928069075873,0.5603379607200623,0.2807985246181488,-0.1863904213704042,0.07706787846485232,594.5594329911693,0.9438814966532499,0.1981209854846733,13.285114756886893,0.005942213202495706,sakit
0.6831215023994446,0.1771407127380371,-1.3286009215004324,0.5958404541015625,0.1917392611503601,-0.4323346996302895,0.6001615524291992,0.19548369944095612,-0.6070880622870988,0.04045248881692028,85.14896471681305,0.9809890539285183,0.39815783561247914,4.264684001875898,0.0016683287146029896,sakit
0.7553078532218933,0.21700669825077057,-0.7120270289241245,0.7351049780845642,0.23330938816070557,-0.6435388386987365,0.7282224297523499,0.24097317457199097,-0.43727639220460796,0.11124070358656928,364.992894059904,0.9453967574607497,0.26176988498098963,10.635716543472467,0.012386483450262676,sakit
0.561751127243042,0.33311060070991516,-0.07947612754840784,0.5123039484024048,0.32787564396858215,0.0407352366746398,0.49704936146736145,0.3266945779323578,0.12196522817884706,0.02743519068919859,383.19370752374334,0.9725481317868976,0.1980246318264044,10.214477915515781,0.0007560758892592563,sakit
0.5144004225730896,0.3068705201148987,0.23658914529657685,0.4735792279243469,0.303981214761734,0.35880949722751143,0.4511661231517792,0.3006434440612793,0.41592073453879114,0.03943672961321896,673.6156175542684,0.9435707615393804,0.15954762313969892,14.83250469509548,0.001559171743066581,sakit
0.7094850540161133,0.22139081358909607,-0.4257779971882564,0.651129961013794,0.23420041799545288,-0.197156973203065,0.6060864925384521,0.2429620772600174,0.029086764196972287,0.06987986251667853,462.81558995784934,0.9322327934333147,0.18502799593469646,12.6404185204582,0.004887971133467858,sakit
0.6692293882369995,0.2920515537261963,-0.5659416401597056,0.6064056158065796,0.29064545035362244,-0.3642199928778263,0.5695947408676147,0.2860408425331116,-0.17504491920415507,0.10493706709578586,503.56061313196193,0.9535925557105928,0.21319731649785492,12.71595632466565,0.0110151220747031,sakit
0.650416374206543,0.19687806069850922,-0.5497131735995623,0.5821393728256226,0.20692577958106995,-0.29160961959507936,0.5670062899589539,0.2129477709531784,-0.2559136081321241,0.010375595314833721,615.1782681667495,0.8828168948123084,0.08111341547362978,17.30000790909569,0.00010860701243508329,sakit
0.6488142609596252,0.21839842200279236,-0.8439566499208949,0.5597190856933594,0.236452117562294,-0.34393704598509284,0.4960978627204895,0.2478397786617279,0.17433353593362433,0.017360450771995394,209.38313220920622,0.9695713094866477,0.18803403865759374,8.997604058776682,0.0003069211002833203,sakit
0.7362731099128723,0.19090403616428375,-0.6502819737802948,0.6701656579971313,0.203483447432518,-0.3377401722202656,0.6125920414924622,0.2138373851776123,0.03871910104666248,0.06656185870144597,268.5132538630332,0.9474313312329765,0.20695890392572772,9.563986442054949,0.004435663982255818,sakit
0.7371756434440613,0.1947842538356781,-0.8566935594152564,0.6198377013206482,0.21642781794071198,-0.2504160058574039,0.5881391763687134,0.22265949845314026,-0.008637199491324018,0.05372473551029872,167.56950311203707,0.9691855804004325,0.23009178568420832,7.499743570904506,0.00289145838150095,sakit
0.6618587374687195,0.32794103026390076,-0.4641498934145145,0.5972238779067993,0.3025003969669342,-0.3025585588211334,0.5856345891952515,0.3012905716896057,-0.2251022071397058,0.08430519433839007,310.91556060619797,0.9746235602076352,0.24958111061440466,9.412225696721633,0.007114544804902575,sakit
0.481915146112442,0.2715589106082916,-0.02573638839652405,0.4137950837612152,0.2684437334537506,0.294612124834665,0.4075106382369995,0.2674520015716553,0.30823348436205505,0.014711327561303838,280.27924002509945,0.9698218511707543,0.17559616745548703,9.615923387880267,0.0002205271446463574,sakit
0.6826509833335876,0.20776939392089844,-1.0005147420909335,0.6207634210586548,0.16815660893917084,-1.0000333741442806,0.5918014049530029,0.16518458724021912,-0.9646648648813747,0.02453979049960424,74.67020767534434,0.9811524420699879,0.27683384724545096,4.943835351328491,0.00061120878090446,sakit
0.35805681347846985,0.27077287435531616,0.7924692093068587,0.3561987280845642,0.25424087047576904,0.85320680170903,0.36633703112602234,0.2400449514389038,0.6745080352570201,0.014712338921761032,502.18991410548045,0.9399063365808491,0.14029169717330436,12.935042277379585,0.00021882940235853478,sakit
0.2663804590702057,0.25749829411506653,0.6526752324388894,0.3765401542186737,0.2504459023475647,-0.09120882383542363,0.3958566188812256,0.28823110461235046,-0.12669774407258172,0.029002020408247963,124.04756745135734,0.9808644856324252,0.333811553618558,5.223946049162986,0.0008554096811354556,sakit
0.522575318813324,0.29698535799980164,-0.6501583519107276,0.3367972671985626,0.21845214068889618,-0.11485567263027369,0.29845380783081055,0.2077946811914444,0.2774780713336807,0.045303300121941774,210.65351342409983,0.9706683410910516,0.23650274988268158,8.513530450143744,0.0020618005797524356,sakit
0.3174307942390442,0.24573159217834473,1.1226117814484533,0.31815773248672485,0.22848662734031677,0.9880386017965405,0.2508343458175659,0.1847645342350006,1.6606134708268914,0.07547786323678951,407.02848345236504,0.9383565313785688,0.1982511419861679,12.273463010719404,0.0057064709673901705,sakit
0.32130756974220276,0.25838103890419006,1.1024115271951858,0.2651357650756836,0.19246767461299896,1.1333806882567703,0.1969117522239685,0.10260803252458572,1.769436614348676,0.026873165949231143,276.04311435569315,0.9456889673903941,0.163313221671081,10.369182389522058,0.0007268743321027278,sakit
0.4711792767047882,0.20940394699573517,0.10737930948155668,0.45960524678230286,0.21136613190174103,0.20564967670378603,0.44120708107948303,0.21634970605373383,0.2046944058810621,0.011498438954753734,421.9225582263701,0.9264419848846223,0.12586331117545216,13.117521566485784,0.00013369909163293467,sakit
0.5200202465057373,0.15459243953227997,-0.09580224508039835,0.46487802267074585,0.16758878529071808,-0.03423395132136625,0.4765569269657135,0.20593787729740143,0.03343009706024658,0.01761637610500279,134.06441355762922,0.9626168198536668,0.19129683580669288,7.203285373257806,0.0003146275384692231,sakit
0.5307769775390625,0.2861725986003876,-0.2520271498023917,0.47575920820236206,0.26300933957099915,-0.09929697462296641,0.4515833258628845,0.25569164752960205,0.009527667989701118,0.014769483025502156,330.4103721097396,0.9644338922145831,0.15642131389814623,10.922412481572971,0.0002209022960690529,sakit
0.5800673961639404,0.23308071494102478,-0.3931463851833633,0.5935486555099487,0.23791652917861938,-0.5334390504609152,0.4795944094657898,0.24593102931976318,0.5916432619891423,0.014484424457451904,398.7536647343954,0.9424617440931587,0.16370008945729686,10.875732484532532,0.00021423482442387855,sakit
0.5215967893600464,0.24289371073246002,-0.1651451460570824,0.539986252784729,0.24927707016468048,-0.34202773057105945,0.4207458198070526,0.2576350271701813,0.749962525397818,0.013149559245722644,477.2171432779177,0.9369544552023953,0.15114492798891058,11.895884983534293,0.00017645738040157922,sakit
0.47912850975990295,0.2819920778274536,0.5039129194036011,0.46564415097236633,0.2850310206413269,0.49206012363618745,0.4538622498512268,0.2971464693546295,0.4392364553786835,0.019291402392313816,500.13326900345277,0.9520207667868176,0.1411679949762414,13.373922406424901,0.0003746891599570999,sakit
0.4815647602081299,0.2826780080795288,0.503506023759655,0.4677405059337616,0.2858322262763977,0.4883348892658245,0.456443190574646,0.2978047728538513,0.4395482394668,0.024129768824863545,547.3683746621666,0.9477596861155836,0.14087038900925622,14.0018288558415,0.0005847073827286038,sakit
0.446979820728302,0.22165541350841522,0.3502842392907092,0.4670175313949585,0.20714493095874786,0.33254605109302227,0.512915849685669,0.197403684258461,-0.0932828027384278,0.017295379617939487,266.4016291797385,0.9517978772380661,0.1897487654979867,8.695113340062324,0.0003038102523947452,sakit
0.5703673958778381,0.19075752794742584,-0.5560799341245728,0.5365699529647827,0.19961199164390564,-0.296956001791161,0.5208979845046997,0.2261933535337448,-0.050091238394149966,0.013050738601459852,312.54820646052843,0.9372341956716936,0.13785763815747296,11.196094219561724,0.0001723138450045054,sakit
0.4688420593738556,0.22573940455913544,0.19766662844094418,0.45161935687065125,0.22695426642894745,0.26054102857006933,0.4657052755355835,0.233117014169693,0.13284238599163425,0.013900226526523998,451.20763256499373,0.9312722004547709,0.1718532582698318,11.88205459244382,0.00019602505286903397,sakit
0.5759695172309875,0.1940818578004837,-0.480202915697863,0.5442832112312317,0.19324758648872375,-0.3526452276582775,0.50925213098526,0.22272279858589172,0.09518840320186973,0.013113982092528344,314.352579804877,0.9334916529740266,0.12933934214958986,11.536817267398462,0.00017393893889303485,sakit
0.5773454308509827,0.18038229644298553,-0.5951199721239095,0.5398481488227844,0.1992305964231491,-0.3167781094240533,0.5216227173805237,0.2250184267759323,-0.13472857223753235,0.013270521127070792,311.5228834220422,0.9357935169604428,0.13484546185340454,11.240452349405535,0.00017797539076506725,sakit
0.5801861882209778,0.2232305407524109,-0.4958264600780974,0.5345335006713867,0.2238393872976303,-0.22994530120895945,0.5067995190620422,0.23311682045459747,0.0054389112065904716,0.016840344463722505,176.02421293207036,0.9724801437642027,0.2058205801442725,7.413786026642278,0.0002890718053248162,sakit
0.5248222351074219,0.23180457949638367,-0.08105510158077332,0.44175660610198975,0.22839078307151794,0.2314157282253897,0.42555487155914307,0.2225528210401535,0.25579275193858847,0.013761233258482199,462.3323275757566,0.9305692155318067,0.17355452607493008,11.816844174299938,0.00019255829702732722,sakit
0.34790343046188354,0.2635931372642517,0.7284352906309197,0.3295624554157257,0.26060372591018677,0.8526076480276652,0.3366437256336212,0.25730010867118835,0.825001803384146,0.018073016194479326,193.87227714956657,0.9779571861848848,0.2133003943443911,7.575284214725474,0.0003315731649713284,sakit
0.44145992398262024,0.2463216632604599,0.33829569180160407,0.4128361940383911,0.2428051233291626,0.44749757717069,0.41296759247779846,0.2414848953485489,0.4679835876386171,0.010910818637545961,432.78896732917445,0.9436707309995946,0.12498588962512357,12.852944261926156,0.00012045065555298448,sakit
0.49437880516052246,0.22144685685634613,0.09885146023124589,0.48202043771743774,0.21725259721279144,0.06329814880381085,0.4568820893764496,0.208724245429039,0.10556775803338578,0.009757440575877628,415.8787605246027,0.9321199911562271,0.0863494877712933,14.380571857263774,9.598401818193242e-05,sakit
0.4846009910106659,0.1548517346382141,0.03353421819151385,0.4287227988243103,0.14553618431091309,0.25125794601242507,0.35776662826538086,0.13512000441551208,0.298322163288426,0.012186910067340746,489.1074340901276,0.8214508784231671,0.08259126152638006,15.402630892725997,0.0001491461409328388,sakit
0.5322585105895996,0.23031660914421082,-0.0051810724054680846,0.5131447315216064,0.2169731706380844,0.12777690054265833,0.5072736740112305,0.2131109982728958,0.10160933422915548,0.013974197295314723,302.4007682863484,0.9497975682132084,0.17133756520733853,9.80065286104589,0.00019855669545745425,sakit
0.4784722924232483,0.21082662045955658,0.1001677402132767,0.46404850482940674,0.20528781414031982,0.1433796836195584,0.43089058995246887,0.20156802237033844,0.29729136882069435,0.01572736125598713,220.40136527518288,0.9595489078276417,0.17182953000177967,9.082916963907326,0.00024971935895474546,sakit
0.61083984375,0.22284729778766632,-0.6005585746824975,0.5646603107452393,0.2363196611404419,-0.20742478940964568,0.5584868788719177,0.23835642635822296,-0.14966267388079996,0.0188175006175593,171.20895467791402,0.9753472780000169,0.22464517495507064,7.578997549077972,0.00036039393914866344,sakit
0.5140409469604492,0.2658851742744446,-0.007992037572938194,0.5073902606964111,0.24755656719207764,0.035637009702819036,0.5115029811859131,0.23728381097316742,-0.07118551721683189,0.016091648807486172,311.9324306648027,0.9613034723783045,0.18628283333661053,9.871385256668976,0.00026289875536833804,sakit
0.4077950716018677,0.2901332378387451,0.4359010844796746,0.3784545361995697,0.2717793583869934,0.5404124554611445,0.37453240156173706,0.2530977427959442,0.5026521999241844,0.014804505778594499,504.1153225835672,0.9480389510806785,0.17443559101283976,11.42455617578345,0.00022209491941572825,sakit
0.5422688126564026,0.18043263256549835,-0.5838325203894418,0.5360288619995117,0.17411687970161438,-0.5512465753498264,0.5162699818611145,0.16340389847755432,-0.48275455490858754,0.011100644182099844,494.15511201429575,0.875018321332269,0.07339092847024592,16.083692143292055,0.00012369641436284833,sakit
0.5365821719169617,0.180314302444458,-0.40272548041548506,0.5202234387397766,0.18203622102737427,-0.4140664914392923,0.5029618144035339,0.18969860672950745,-0.4839961693347331,0.026018655542432503,211.28110760243965,0.9495409880948288,0.2596644989624075,7.278172571640538,0.0006882171442803654,sakit
0.5381990671157837,0.260675311088562,-0.7505279509370526,0.4683355987071991,0.24273356795310974,-0.3191134514527754,0.4638937711715698,0.25506043434143066,-0.4301498142404609,0.023212423308176123,178.10005261943593,0.9775001801033381,0.246069332454711,6.448825935112662,0.0005467798677414162,sakit
0.5609138607978821,0.2366233468055725,0.41475650084047483,0.5444663166999817,0.23560458421707153,0.45168131951865564,0.5001750588417053,0.24547609686851501,0.6466155727216478,0.031727268264703255,312.3634435497409,0.9566688985950887,0.17382970282160393,11.067182253212167,0.001010225178623516,sakit
0.5861250162124634,0.2805166244506836,0.12049427179212063,0.5809838175773621,0.27872925996780396,0.15617381017186957,0.5582202672958374,0.286953330039978,0.27060574216945227,0.045308448538380786,305.8572531268428,0.9699018219511193,0.2243848371945547,10.066897973256486,0.002060716401859143,sakit
0.41257625818252563,0.26736995577812195,-0.3569446155518517,0.4473866820335388,0.19903075695037842,-0.609118884026574,0.4461686611175537,0.22264626622200012,-0.45430588744811157,0.016493174121578483,230.31800683399567,0.9533529788793452,0.20242707534617152,8.464620133446372,0.00027796950125815996,sakit
0.25591304898262024,0.2700255215167999,0.6013579451543247,0.4320470690727234,0.20494209229946136,-0.37281517393129876,0.45163291692733765,0.254607230424881,-0.0027490449439173024,0.029652613265514435,101.67286409143894,0.973772656067882,0.32455229824778326,5.482669953841406,0.0008937789069911277,sakit
0.31554093956947327,0.18904489278793335,0.7423894595054309,0.30980542302131653,0.18320253491401672,0.39227907806168877,0.3223462998867035,0.19598107039928436,0.24939496977344897,0.02802454261435802,192.46436163596482,0.9562195590621497,0.3011693702972608,6.884372802533133,0.0007959805746363788,sakit
0.5122630596160889,0.2345070093870163,-0.0589013394606613,0.4941847324371338,0.22831664979457855,0.05304428497712879,0.48733437061309814,0.24011284112930298,0.0811769908040527,0.012748485056403075,399.73073943831696,0.9413388265755009,0.14366019758157114,11.653721500651036,0.00016553072994018801,sakit
0.39110007882118225,0.22524158656597137,0.6189761860911022,0.37495967745780945,0.21595299243927002,0.7447476407756024,0.34913191199302673,0.22413033246994019,0.8228235525595652,0.01223052346590238,468.9498823861289,0.9222591865146251,0.1165800592926984,13.818913510469804,0.0001509968056352966,sakit
0.4253256320953369,0.2699369490146637,0.35481375276466515,0.38567054271698,0.2834901809692383,0.585488570022053,0.3527486324310303,0.29352352023124695,0.7713033006777229,0.014714680341863006,398.31964506620346,0.9602442723677987,0.1597963756908438,11.280303530508148,0.00021898133825194103,sakit
0.5106754302978516,0.2724185883998871,-0.10953085317703683,0.512376070022583,0.2710925340652466,-0.24191907148726,0.48346710205078125,0.2855710983276367,-0.11514814911340292,0.022232841039079146,213.68436900461697,0.9774807041237811,0.2332898545492458,7.5987195659218685,0.0005022139790889709,sakit
0.4339485466480255,0.225147545337677,0.29528374459836815,0.4164275825023651,0.22636933624744415,0.3484369539034268,0.3944224417209625,0.23873260617256165,0.4444523062914124,0.015684273775092707,305.76914911122486,0.9541622581073627,0.18744165107826757,8.813690672800176,0.00025056502658148057,sakit
0.4096807539463043,0.23276442289352417,-0.13873660432119495,0.42404642701148987,0.2235492318868637,-0.2466231315188768,0.4280354976654053,0.2185710370540619,-0.30872693402291906,0.02178705022264686,229.553042177062,0.9648796618002579,0.231685979255285,7.994401246922145,0.000482054463943979,sakit
0.36765041947364807,0.24534855782985687,0.5319102943055317,0.3640756607055664,0.22851020097732544,0.6152886856907629,0.3639659285545349,0.21305958926677704,0.6620241618825684,0.021400467756253264,284.3987381157838,0.9585367183130483,0.20775386592413722,8.361444865894816,0.00046238470210362674,sakit
0.4601086974143982,0.2706398665904999,0.11317059091481754,0.4503357410430908,0.25355103611946106,0.1823344232332306,0.45174890756607056,0.24156048893928528,0.0949425877159906,0.015114126209730743,326.02543187383804,0.9612650839737603,0.18198988190208207,10.069160904799904,0.00023200030493520353,sakit
0.5364659428596497,0.24662184715270996,-0.3904256389758649,0.5217759609222412,0.2526983320713043,-0.2073450680585987,0.5075756311416626,0.2596127986907959,-0.12452370373143676,0.012658960867575222,488.73609637831333,0.9400577156389828,0.15873995973293778,11.497605484796638,0.00016260815521958289,sakit
0.3386118412017822,0.21330313384532928,0.8570064671284247,0.33202695846557617,0.22055307030677795,0.748520119556619,0.3400304913520813,0.2257731407880783,0.6886758546376296,0.014269895912510489,519.0108870320233,0.9123982969132824,0.1253557689263936,14.516185900848447,0.00020643994227450177,sakit
0.3366282880306244,0.23954014480113983,0.4733727658382462,0.339150071144104,0.2313912957906723,0.38761361348725426,0.3340417146682739,0.22763925790786743,0.32880088983762445,0.018333842550616927,431.9940743458633,0.9378909988206291,0.18931314882689276,10.785564924375672,0.0003417764637471074,sakit
0.4689445495605469,0.20451268553733826,-0.1759879002600997,0.4001276195049286,0.2075316607952118,0.056870258417060844,0.41063785552978516,0.22156482934951782,0.07669489881302193,0.014882258678323367,298.7717308702884,0.9457088794633175,0.16979814529912093,9.625695873109796,0.00022482037151877194,sakit
0.25964292883872986,0.18098562955856323,1.3369925899097965,0.22432401776313782,0.1794758439064026,1.3960636284234116,0.22731396555900574,0.22372767329216003,1.1611422866325092,0.05608760059936446,310.4024843530053,0.9299455870852635,0.29921137242562457,8.610290046774072,0.003198614690330411,sakit
0.4471645951271057,0.350098580121994,0.43056671443075073,0.36800655722618103,0.33049261569976807,0.7647405994637078,0.39194321632385254,0.3286687433719635,0.7042591345237503,0.0505348209385029,514.8111326429415,0.9635764410031861,0.2638361660620503,10.834437918743648,0.0025658086776029782,sakit
0.5515832901000977,0.2833986282348633,-0.19143237576937522,0.5286231637001038,0.2882411777973175,-0.09896147826928743,0.5162835121154785,0.28658369183540344,-0.04889999753338085,0.017031104225546514,432.19191979395555,0.9591456098415088,0.2067694323960115,10.179004692937376,0.0002949187596582819,sakit
0.44734030961990356,0.22808042168617249,0.1262321429354446,0.4378817081451416,0.21127182245254517,0.03894860691477271,0.424995481967926,0.22314311563968658,0.15317821249665278,0.011932538311964542,310.6440035186024,0.9472835670161309,0.13179054904156517,11.2698746788016,0.00014401149288252547,sakit
0.4506363570690155,0.23780609667301178,0.3139341747813116,0.3838278651237488,0.24802573025226593,0.5649382531181808,0.3498294949531555,0.2387830764055252,0.7583581600901891,0.01365035894390676,555.9359453282595,0.9259346355705431,0.143559537254917,13.786092771886244,0.0001892318996925935,sakit
0.4204980432987213,0.3348950147628784,0.4376757164353257,0.3723265528678894,0.31981202960014343,0.6970693332378416,0.31329110264778137,0.31713056564331055,0.937155476678464,0.05098689308437158,573.5868305725891,0.9573624793807715,0.24677988556412414,12.065861266102706,0.0026094416280571034,sakit
0.40781232714653015,0.2564994692802429,0.5740367502454498,0.3482469320297241,0.23371897637844086,0.8291589186077674,0.33354416489601135,0.22328853607177734,0.9543622593995751,0.013513852896620314,593.0671073239167,0.9180355782526678,0.12365122712957831,14.38953447152383,0.00018400619217988256,sakit
0.3091484308242798,0.2745693325996399,0.5028405393422788,0.3008853793144226,0.2708055078983307,0.5801818275598954,0.2882521152496338,0.26681339740753174,0.567706599197565,0.057125633074601945,409.7924007691618,0.9569016499671418,0.3019486864157952,9.995960020482261,0.0032945483584768055,sakit
0.5251352190971375,0.22944898903369904,-0.18317761543522817,0.4823687970638275,0.2586069107055664,-0.007549949163873056,0.4776812195777893,0.27171024680137634,0.03337272410856599,0.013338232197906854,465.7780237814659,0.9424406067997664,0.16161613080324264,11.261681895597865,0.00018116101497470723,sakit
0.3842523992061615,0.24575775861740112,0.6182835190464919,0.35791608691215515,0.24006475508213043,0.7224926899969921,0.35708773136138916,0.23948559165000916,0.723292879984109,0.012482600939339382,417.2031919074202,0.9447712065760864,0.13407899045854096,12.315246253724837,0.0001574266831784411,sakit
0.44898873567581177,0.25580403208732605,0.06847873938088792,0.41546431183815,0.25214681029319763,0.14264168782775338,0.413862019777298,0.24843595921993256,0.13357598886324074,0.021634493721395472,159.85543932195267,0.98062938682077,0.18103578876942192,8.145044075410214,0.00047170514716996843,sakit
0.518685519695282,0.33399519324302673,0.24232437443078297,0.5008279085159302,0.3348877429962158,0.2877925271946783,0.4638945460319519,0.33053064346313477,0.3983491086863028,0.024976042506845254,404.9164643263709,0.9719569563584858,0.1775330457217994,10.758442897152884,0.0006320826744688926,sakit
0.4332951307296753,0.21340437233448029,0.26470997672045615,0.4520286023616791,0.2044415920972824,0.08168258122553204,0.30320262908935547,0.21383525431156158,1.0738512545118144,0.013425224518290058,361.8834927615324,0.9307172558333532,0.1278022737978249,11.710795696577717,0.00018411337006487237,sakit
0.41316133737564087,0.27913227677345276,0.4055980206187484,0.35862213373184204,0.24752157926559448,0.5403128920632673,0.33139026165008545,0.24117997288703918,0.8581758779951636,0.015474697358885452,236.1380290191344,0.9718891401994932,0.17156062501041422,9.180565321215072,0.00024362927504984098,sakit
0.5987446904182434,0.3638630211353302,-0.4517222498745697,0.5705337524414062,0.40022894740104675,-0.2698760476169674,0.587145984172821,0.41764336824417114,-0.2887566222622807,0.10187751029446324,803.9725458436936,0.9592353228270598,0.3793873203760229,12.335979452379304,0.010389180351521558,sakit
0.6121236681938171,0.26646047830581665,-0.2251309041131416,0.5150238871574402,0.2920771837234497,0.142910682295858,0.4352545738220215,0.2826659083366394,0.30909781863419966,0.019152823302892388,270.8833878644144,0.9735401178171643,0.21240833203091436,9.096541896285187,0.00037247056026806324,sakit
0.4565061330795288,0.2810773551464081,0.3681799917678185,0.3825007677078247,0.28190475702285767,0.8739182973181467,0.3291798233985901,0.2884694039821625,1.226658388162891,0.07190317681433248,381.9227108673995,0.9615220657619151,0.19340247094718524,11.409478983032058,0.0051715837652418365,sakit
0.3626408278942108,0.2861950993537903,0.536650991136708,0.28760427236557007,0.2668777406215668,0.8719564461547366,0.2374570518732071,0.2637063264846802,1.1932347991003147,0.08782738516428447,413.11737132033653,0.9564411752267609,0.29492564999032816,8.772524833080686,0.0077253863180306095,sakit
0.4058736264705658,0.2278815358877182,0.6931199598764777,0.30043888092041016,0.20623810589313507,0.7691977757167321,0.20404592156410217,0.19939012825489044,0.9791369719294839,0.02234453891254079,165.43378630888648,0.9710824927579202,0.23473617617298273,6.9168223137455795,0.0005080387289029231,sakit
0.5398675203323364,0.28157734870910645,0.5636786300006094,0.5019048452377319,0.30360499024391174,0.592969649861068,0.48915237188339233,0.30938559770584106,0.6159275585887166,0.11467977717498314,200.95066720699978,0.9824214021944035,0.3196151520808343,6.883268482122941,0.013157787807657672,sakit
0.42530524730682373,0.25099560618400574,0.06310982680948395,0.41859322786331177,0.2506190538406372,0.08563189663291959,0.41527676582336426,0.2501700818538666,0.06388022749266316,0.01723887778692686,330.76348224677093,0.9590044573748178,0.20379441692919206,9.763551800673905,0.0003020837866193471,sakit
0.39204561710357666,0.26490914821624756,0.15656317254881955,0.4165591895580292,0.26760154962539673,-0.07767009480849742,0.44382578134536743,0.27442461252212524,-0.24240392111796902,0.02915122211198576,320.04844805455866,0.9647814804091684,0.24939668492300093,8.070924678264213,0.0008590709490789349,sakit
0.44695383310317993,0.2905672490596771,0.3588464619822132,0.40164822340011597,0.2845832109451294,0.5859269197095741,0.3642098903656006,0.2771763801574707,0.7953429349373303,0.016668606988191777,310.7625084150043,0.9702271659895273,0.18348093123869677,9.90078150048989,0.00028107765526575666,sakit
0.4049498736858368,0.312250554561615,0.4370327773790854,0.36532658338546753,0.30380627512931824,0.667077573663916,0.33381974697113037,0.2950260639190674,0.8471488450127898,0.06608945472372432,393.39471977833654,0.9671173849446673,0.23645703109275817,10.115603590735148,0.004377352037068442,sakit
0.5158403515815735,0.27242156863212585,0.29657351765395085,0.5186293125152588,0.2746996283531189,0.22907091817208883,0.5891734957695007,0.30226364731788635,-0.06321411928968403,0.06669548399869643,476.06570434873873,0.9502684912986666,0.206312208277336,12.089319081524396,0.004449682048529598,sakit
0.4150349199771881,0.25502002239227295,0.3648606172071227,0.38799339532852173,0.24879339337348938,0.4758824266443625,0.3895012140274048,0.24722686409950256,0.4872298894251033,0.014192968304594477,448.65678283693074,0.9442473023465764,0.13954964049989374,12.26128783312416,0.00020437700831136383,sakit
0.6069082021713257,0.30621206760406494,-0.016282705189920272,0.5674995183944702,0.31876131892204285,0.14993026348499366,0.5501937866210938,0.30474522709846497,0.22917654544581276,0.10960181131542814,471.55363199149866,0.962701314119199,0.25640833960748616,11.12317721521598,0.012021428735632063,sakit
0.5110087394714355,0.24021992087364197,-0.08207436227759204,0.5042723417282104,0.24107414484024048,-0.09886973593090852,0.525840163230896,0.2514447867870331,-0.1807014671833209,0.016304538257177436,259.34428839765957,0.9652054841986186,0.17925668740164957,9.344494355812005,0.00027123566465438534,sakit
0.47781094908714294,0.30880022048950195,-0.15564649849403953,0.41896143555641174,0.27423182129859924,0.08532797000136662,0.383790522813797,0.2577562928199768,0.2029360931100917,0.021488372335855575,439.8528301505368,0.9567920677143018,0.18339679389676558,11.580148505220643,0.0004684857624041084,sakit
0.5977466106414795,0.32158416509628296,-0.2477624053473023,0.5638067722320557,0.3244326412677765,-0.09547397986338681,0.5532948970794678,0.3223446309566498,-0.0016002885009592162,0.09442969208079288,478.3617211961259,0.9646033254622881,0.24736254533020596,11.406873688613848,0.008929010458924915,sakit
0.6634374260902405,0.31941813230514526,-0.382826693235896,0.6373395323753357,0.3242548406124115,-0.26635630407767974,0.6459736227989197,0.3194586932659149,-0.22897137794792832,0.19592518281384316,479.4853043567835,0.9643257439132848,0.32013684043070123,11.041889293176629,0.038400870914106454,sakit
0.715643584728241,0.12310710549354553,-1.376437967706343,0.5593489408493042,0.12028224021196365,-0.7513998500260105,0.473156601190567,0.13625627756118774,-0.2251740673027172,0.020270753170160975,148.32793261967498,0.9182472779358711,0.16664418741514164,7.689452745594994,0.00041635212134028286,sakit
0.32063719630241394,0.19042536616325378,1.022909332938378,0.2766657769680023,0.19364753365516663,1.0790127305883241,0.27072444558143616,0.2450166493654251,0.8658017830532699,0.042789209024185114,251.19796344797712,0.95081308679185,0.26453413664405767,8.328551626458863,0.0018669680368287366,sakit
0.40327563881874084,0.17949487268924713,0.21403698292488244,0.45057913661003113,0.15487739443778992,-0.31810571335494164,0.7005955576896667,0.2558048665523529,-0.45481926535432565,0.01997116413499458,225.82893509550584,0.9248281078580834,0.1866781604417428,8.79145268647032,0.0004051501853320622,sakit
0.4986873269081116,0.19626207649707794,-0.3757723898987393,0.42165911197662354,0.16800031065940857,-0.011338495885381538,0.6100632548332214,0.296645849943161,-0.30773545401586977,0.021231075831378187,297.2469082562124,0.9311330969006181,0.21470692237560163,9.722775979334351,0.00045855972666646776,sakit
0.5084520578384399,0.22588664293289185,0.09993452014969065,0.48085689544677734,0.20801033079624176,-0.012089668718248311,0.4659201204776764,0.20131036639213562,-0.04666095261484139,0.3480794550653239,269.02861778070024,0.9536306207940233,0.4640926028189403,7.7538727578097095,0.12116186817281831,sakit
0.5558367967605591,0.3005860149860382,0.020999196187468757,0.5451502799987793,0.304167777299881,0.044304532727734866,0.5188306570053101,0.29088497161865234,0.22413810532434683,0.021867158083284228,442.54357923515016,0.9620936361157403,0.18475100305787454,11.44351330800702,0.00048306040264710603,sakit
0.42436087131500244,0.2510882318019867,-0.33932643485343683,0.3626110851764679,0.2368054986000061,-0.04253891197987272,0.37423452734947205,0.24716326594352722,-0.012987537201299535,0.09997043815061807,267.0182343838683,0.9640458136116266,0.25671878049918145,8.660281881629482,0.010004785931109973,sakit
0.4715084433555603,0.2300405353307724,0.23563392006556844,0.4681418538093567,0.24187342822551727,0.30756068993994606,0.4770175516605377,0.25481876730918884,0.4016005852919944,0.011790915061826723,313.51166925547903,0.9570514205394899,0.13343258199477012,10.9054622708778,0.0001413011061888233,sakit
0.33517634868621826,0.17310753464698792,0.3336006211028718,0.34120887517929077,0.19167670607566833,0.5562554674377078,0.3547864854335785,0.20989398658275604,0.6415639438549202,0.0223378175751022,186.83893419237464,0.9586591289294891,0.21218536429807103,7.723952169673193,0.0005055930927271304,sakit
0.3791728615760803,0.20167016983032227,0.053549079979677824,0.32557860016822815,0.21636979281902313,0.43508091150691897,0.3226439952850342,0.2186383306980133,0.5421228596245188,0.024382626338424505,250.05539723952236,0.9562593147612394,0.24811618974698735,7.72135319620154,0.0006031222220881749,sakit
0.5155357122421265,0.2654246389865875,0.028103891743140184,0.44041118025779724,0.28759750723838806,0.28865447254613064,0.4067098796367645,0.29794198274612427,0.38321216055110746,0.030856814980202527,349.79891241159424,0.9658028820974196,0.20616432777551,9.63921212723836,0.0009542054912748312,sakit
0.4407219886779785,0.26036879420280457,-0.18434887018258705,0.4311012625694275,0.25961071252822876,-0.12166432853407085,0.3161267638206482,0.2257920205593109,0.4609314283130877,0.03600758399491624,429.67824221462837,0.946018961316065,0.1910597495161781,11.486025217787438,0.0013047517595031156,sakit
0.4059777855873108,0.232883483171463,0.2029140585044005,0.4505385458469391,0.2726912200450897,0.1341819669248454,0.5767495632171631,0.35534995794296265,-0.08230649832524857,0.01687867394269117,328.88637335983327,0.9633935891677746,0.20042320892771046,10.076142313669129,0.0002890072808564309,sakit
0.5845456719398499,0.2784669101238251,0.09145293544531559,0.5932583212852478,0.2734549939632416,0.02874422072529999,0.5970864295959473,0.26284945011138916,-0.1669423007267542,0.029236885902011372,514.8948575729293,0.9456018827802994,0.17038901562488293,12.586623459453092,0.0008594599464496334,sakit
0.4686291217803955,0.18968510627746582,0.4015802287807295,0.4983690083026886,0.19289004802703857,-0.015891724111523373,0.6096150875091553,0.27385538816452026,-0.048132663240449576,0.012478997188401335,450.3210587366391,0.9018822798718894,0.13084949258158415,12.830639228007854,0.00015862273808235278,sakit
0.48575037717819214,0.19554683566093445,0.2156345704919097,0.5152837038040161,0.21807274222373962,0.06403177719113848,0.5353391766548157,0.26491042971611023,0.27628241255973307,0.013262996569755691,296.6451441167357,0.945197238652267,0.15958917560583988,10.261622641974034,0.00017846042304301403,sakit
0.5825071334838867,0.23509208858013153,-0.31707925353647,0.5600773692131042,0.24779126048088074,-0.1939364123098003,0.5467872619628906,0.26095160841941833,-0.09402041813074838,0.012857922213981134,419.76219860810164,0.9457446593184211,0.15019047748848602,12.70625323191313,0.0001678808431899415,sakit
0.4093198776245117,0.2933289706707001,0.6687562994360253,0.41114065051078796,0.2930859327316284,0.6384106689536516,0.4209313690662384,0.2996610105037689,0.5055195340268304,0.018565733402847714,445.4865151919408,0.9601218892829458,0.21411108877182414,10.531265147249696,0.0003489878408830393,sakit
0.2221396118402481,0.22727465629577637,1.0536156048532273,0.20913811028003693,0.21692529320716858,1.0243935820346772,0.20753441751003265,0.2253749519586563,1.120628218670616,0.10648405794826787,341.27853126510234,0.946084096212605,0.28469305386899657,9.791893588588618,0.011373005799698748,sakit
0.3468582034111023,0.2375449538230896,0.20794828563408638,0.3126217722892761,0.2230926901102066,0.43633558683361895,0.3081410229206085,0.22236958146095276,0.45902550898001687,0.02188320673519724,353.05447373925495,0.9463385315242601,0.19612380712624422,10.041588581526446,0.0004833712733129732,sakit
0.4159497320652008,0.20118142664432526,0.510018387795634,0.44353047013282776,0.23625397682189941,0.4080590336118573,0.46523597836494446,0.2725401520729065,0.41764367349758874,0.010352589926913614,480.537949173604,0.92722623505374,0.09632213542220165,14.67915234592648,0.00010825174432805189,sakit
0.554114580154419,0.21488867700099945,-0.3620497056622839,0.5473920106887817,0.20813925564289093,-0.18076038931664098,0.5354605913162231,0.21435633301734924,-0.08381453273471746,0.011960403546746753,629.4709193689683,0.8867255908257596,0.07247855796575499,18.451459125233228,0.00014348488549197264,sakit
0.7346508502960205,0.29706764221191406,-1.1040510543737283,0.7078292369842529,0.29562753438949585,-0.799321106252732,0.6275290250778198,0.3269294500350952,-0.2750043623239277,0.1972789568739104,318.50231308882485,0.9711455209259192,0.32777483533833074,8.618340775384585,0.038927288261338816,sakit
0.40186169743537903,0.24417047202587128,0.3737805593869925,0.3783040940761566,0.245380699634552,0.35385317780089015,0.340751588344574,0.2498842477798462,0.4026295265436769,0.01580016508044066,327.2912148295425,0.9574574807225975,0.16214891924020738,10.15696728575559,0.00025275457649077867,sakit
0.5260869860649109,0.2238132506608963,0.39237384011506926,0.5226150751113892,0.25930002331733704,0.3451167102035886,0.5141805410385132,0.31253179907798767,0.3156862435821648,0.012334296351797369,591.8778875561756,0.9271523013808901,0.12546348950626862,14.740485491050912,0.0001544401135997231,sakit
0.6086660623550415,0.22540801763534546,0.4590475671973468,0.5660778880119324,0.22780349850654602,0.7462564785739781,0.5217853784561157,0.24031071364879608,0.9095128990944426,0.07392581091647984,589.9750178573103,0.9102931543050575,0.16774128319998924,15.509375704423073,0.005470285844904516,sakit
0.5538328289985657,0.2604503631591797,-0.2560660396270468,0.4602293074131012,0.24016426503658295,-0.013371806975242479,0.3962741792201996,0.21684670448303223,0.20790194726710512,0.011980286638338949,291.33717407067127,0.9615833657979899,0.1184116251740824,11.361787023062563,0.00014522606343095375,sakit
0.5769656896591187,0.18525779247283936,-0.37604385844203064,0.5182293653488159,0.18466317653656006,-0.2648237279745289,0.48315858840942383,0.18322892487049103,-0.12542583077698408,0.009254331061516128,888.9212200634952,0.79607305443192,0.0611495486776697,21.346035004006684,8.627231487518413e-05,sakit
0.6829220056533813,0.20900601148605347,-0.3969442911357427,0.6274077296257019,0.22389808297157288,-0.09244070276205575,0.5925962328910828,0.23608846962451935,0.09804195268724622,0.08135637264835914,460.5193170333369,0.9259941501283767,0.16955341318177272,13.879068592508611,0.006622611306568867,sakit
0.5304021239280701,0.2377610206604004,0.02868947219663638,0.5372821688652039,0.2977195084095001,0.13945884424169971,0.5319111943244934,0.33575719594955444,0.2352716571915527,0.025204994998394254,208.71539459211397,0.9792084690214726,0.1760113313361804,8.829609383628842,0.0006379133697758759,sakit
0.548918604850769,0.1625259518623352,0.029436337156780183,0.49080896377563477,0.16337686777114868,-0.3162465736434213,0.45861124992370605,0.18120470643043518,-0.3003796085519477,0.010547819853236181,645.378687415159,0.8042465905751083,0.0680983426731772,18.282769503598974,0.00011188264290297815,sakit
0.43212810158729553,0.265904039144516,0.5492883641959615,0.4449153542518616,0.2829587161540985,0.4647944070798665,0.4574261009693146,0.28037604689598083,0.5029985676009748,0.024948735647253334,250.35367579399602,0.9744369276717931,0.16237838818216924,9.316092767639324,0.0006246368008471923,sakit
0.4446360170841217,0.3096005618572235,0.36503817859266,0.44023215770721436,0.30602407455444336,0.4426269118687195,0.4261409342288971,0.328804075717926,0.42317203169954337,0.01661691318987868,376.79113321457254,0.9695379781402317,0.17898006467377245,10.27840198285832,0.0002813773701297356,sakit
0.5084835886955261,0.2227845937013626,0.11658838236633555,0.47032037377357483,0.22950683534145355,0.2720310299834187,0.4621427059173584,0.22018101811408997,0.2739833518789144,0.016634788935549344,235.53113131261034,0.9639627574098263,0.18542429081465753,8.980589748226718,0.000282375106526051,sakit
0.4488295912742615,0.22446733713150024,0.06716860628239045,0.3933606445789337,0.24219952523708344,-0.054985036047291685,0.3792053461074829,0.32119905948638916,0.2882972191968337,0.019624017623919063,210.2061452112572,0.9708330320419177,0.22019209488456473,7.900094573658854,0.0003920175346181082,sakit
0.3684871792793274,0.2482491135597229,0.361043822853412,0.33313414454460144,0.2621973156929016,0.6459013195917593,0.31946316361427307,0.27334097027778625,0.8624496966500391,0.01739283316515026,273.28567026449883,0.9680579763704013,0.18860361501987452,9.034173479938252,0.00030647703015551116,sakit
0.3936159610748291,0.23903441429138184,0.1985968325909604,0.373718798160553,0.23849022388458252,0.1804530856755798,0.37461358308792114,0.239467591047287,0.11942597074779919,0.01778052150844635,320.9335731392868,0.9559118271494236,0.18400427865310065,10.127819667267383,0.0003199089638463352,sakit
0.5975947380065918,0.18457669019699097,-0.512395578443012,0.5166939496994019,0.17276631295681,-0.15300172343263863,0.4476485550403595,0.1718263179063797,0.17467475549531028,0.012187990560246246,390.041995576481,0.8996710523261234,0.10298323876978688,13.176376944794873,0.0001502847912781064,sakit
0.44827279448509216,0.3015558123588562,0.23921827533314152,0.43598276376724243,0.3058888018131256,0.32306865875283597,0.4427642822265625,0.30469173192977905,0.3243222541389111,0.02766042651638868,484.7421904042806,0.9593055080198631,0.2310224870011376,9.930203521401298,0.0007716553395145073,sakit
0.4597766697406769,0.2366742044687271,0.25713130685482927,0.3796633183956146,0.22734901309013367,0.5573170572494633,0.3636123836040497,0.21954740583896637,0.5665324872590257,0.014316805832599555,498.496971406937,0.9254185813517487,0.17690681061821725,12.354179458345106,0.00020846035156694046,sakit
0.5215967893600464,0.24289371073246002,-0.1651451460570824,0.539986252784729,0.24927707016468048,-0.34202773057105945,0.4207458198070526,0.2576350271701813,0.749962525397818,0.013149559245722644,477.2171432779177,0.9369544552023953,0.15114492798891058,11.895884983534293,0.00017645738040157922,sakit
0.4416922926902771,0.2782670557498932,0.3341431916180548,0.4298115074634552,0.2888500392436981,0.3879691299917623,0.3885093927383423,0.28986474871635437,0.6218737800829001,0.012055719855205899,777.2558013078819,0.9253299689945859,0.11721857655139706,17.268008905076695,0.0001472692885203486,sakit
0.5607512593269348,0.3116874396800995,-0.11601305342780495,0.48654818534851074,0.32177186012268066,0.15854882715861884,0.46249157190322876,0.3276159167289734,0.2553103368568721,0.0438033708663596,594.3668776032091,0.9544473810864665,0.18452818770177937,13.344999648411532,0.001924384068254518,sakit
0.5398675203323364,0.28157734870910645,0.5636786300006094,0.5019048452377319,0.30360499024391174,0.592969649861068,0.48915237188339233,0.30938559770584106,0.6159275585887166,0.11467977717498314,200.95066720699978,0.9824214021944035,0.3196151520808343,6.883268482122941,0.013157787807657672,sakit
0.5850471258163452,0.21086731553077698,-0.2605766097870296,0.5141646862030029,0.21531493961811066,-0.020472621372535076,0.4990254342556,0.21888785064220428,0.013139100414745891,0.009267876920838811,837.4962369579692,0.85423036385568,0.0746197299510927,19.59755793454274,8.664147610897802e-05,sakit
0.45518213510513306,0.18327471613883972,0.038890737951404575,0.48593664169311523,0.2379424124956131,0.23499841853468395,0.42343080043792725,0.20331071317195892,0.0421176584114827,0.008326253486654498,1136.633105073052,0.7945980507832077,0.06284710318092075,23.025787566283753,6.987484402767959e-05,sakit
0.40388724207878113,0.1986701339483261,0.4656463314590358,0.3868626356124878,0.1850680261850357,0.5787195730617172,0.3616713285446167,0.2110925316810608,0.7167968628096621,0.010572672757669042,572.2215607686771,0.8712388679193981,0.08025549921506867,16.41405703777187,0.00011276468206927312,sakit
0.3351778984069824,0.31222566962242126,0.9764245739962246,0.31789565086364746,0.31208524107933044,1.0892920358106808,0.2840133607387543,0.3068753480911255,1.2597678022844792,0.052151325136262666,580.1907297553479,0.9534811182029498,0.23153691011959232,11.830010524964344,0.0027247918194998003,sakit
0.42484933137893677,0.3261346220970154,0.6233028724973161,0.41052940487861633,0.33016446232795715,0.7021522061472335,0.3982776701450348,0.32638636231422424,0.7722390221534767,0.03756581413319481,622.7332109791863,0.9554102025934835,0.21982754697062243,11.925736189476394,0.0014212729198184182,sakit
0.4012875556945801,0.32121333479881287,0.5467999644787177,0.37034958600997925,0.3182509243488312,0.6502273952414137,0.36280861496925354,0.32254114747047424,0.728324466922418,0.023861815409287685,503.58180646240385,0.9617424682965091,0.19287056221231882,11.106952588282036,0.0005762310924415532,sakit
0.4846009910106659,0.1548517346382141,0.03353421819151385,0.4287227988243103,0.14553618431091309,0.25125794601242507,0.35776662826538086,0.13512000441551208,0.298322163288426,0.012186910067340746,489.1074340901276,0.8214508784231671,0.08259126152638006,15.402630892725997,0.0001491461409328388,sakit
0.47068700194358826,0.18272700905799866,-0.36559307016285286,0.4656962752342224,0.17817042768001556,-0.341568910213362,0.44245773553848267,0.16610094904899597,-0.260567352308871,0.010361999231525004,636.0974129349197,0.8451498652929859,0.0724510789704035,17.592829456382358,0.00010780900318830009,sakit
0.4262925386428833,0.23050279915332794,-0.09209126560117802,0.4166676998138428,0.24743640422821045,0.07445370233713088,0.41944316029548645,0.25727590918540955,0.12122842018861166,0.01660562311443582,169.41944813912076,0.9778057968607049,0.2258186194366105,7.318516735542574,0.00028059625570887766,sakit
0.44644030928611755,0.3015608489513397,0.30123487010866795,0.39662596583366394,0.2781056761741638,0.3795727920292048,0.3429107666015625,0.256970077753067,0.59073165161055,0.0165849479397037,594.7789784320798,0.941998012973904,0.12752986195902102,14.16356923576123,0.00027646378195382896,sakit
0.5277885794639587,0.24091356992721558,0.10196289796009268,0.4396355450153351,0.24186159670352936,0.30795691295112,0.4287552237510681,0.24123188853263855,0.30667047082323917,0.012374525120643678,349.16227982346976,0.9528296387133087,0.1541966526695292,10.574474758283024,0.00015635349171474883,sakit
0.3563191294670105,0.24851849675178528,0.8033472318308548,0.3253812789916992,0.2542550265789032,0.8136885519135083,0.3190327286720276,0.2667921781539917,0.7020246512952475,0.02392865897144189,376.9580155990914,0.9546635345760272,0.21625242387098553,10.544169739383397,0.0005801244497502897,sakit
0.5556968450546265,0.3010985851287842,0.019812000758634648,0.5448492765426636,0.3045557737350464,0.04288707451084341,0.5187673568725586,0.29101791977882385,0.2248563321360886,0.02207370211033485,464.7680745364699,0.9602897687537822,0.18602727214152118,11.685080011261737,0.0004925062353335402,sakit
0.47132956981658936,0.2302074283361435,0.23152383657348963,0.46785998344421387,0.2421966940164566,0.30662350297724944,0.47680121660232544,0.2550334632396698,0.4009450335003168,0.011677136301415508,326.78819864031226,0.9553167324047216,0.13219856875562888,11.136462661890524,0.0001385236882569999,sakit
0.5635291934013367,0.2835262417793274,-0.18312384986342498,0.5514077544212341,0.2975357472896576,-0.1479295163722065,0.5585362315177917,0.30276909470558167,-0.1580935305133264,0.01751718761306252,533.242173896765,0.9520489906418926,0.17902888153676386,11.781607005808327,0.00031043492778664867,sakit
0.4324835538864136,0.2798503637313843,0.33845855993105195,0.3755713701248169,0.28566497564315796,0.6329388680428844,0.349496454000473,0.3079213500022888,0.7302134274738344,0.026561880122732556,586.9023581547323,0.9440476087214171,0.18528467621666375,13.027033833395928,0.000709982120002403,sakit
0.4471645951271057,0.350098580121994,0.43056671443075073,0.36800655722618103,0.33049261569976807,0.7647405994637078,0.39194321632385254,0.3286687433719635,0.7042591345237503,0.0505348209385029,514.8111326429415,0.9635764410031861,0.2638361660620503,10.834437918743648,0.0025658086776029782,sakit
0.25964292883872986,0.18098562955856323,1.3369925899097965,0.22432401776313782,0.1794758439064026,1.3960636284234116,0.22731396555900574,0.22372767329216003,1.1611422866325092,0.05608760059936446,310.4024843530053,0.9299455870852635,0.29921137242562457,8.610290046774072,0.003198614690330411,sakit
0.3366282880306244,0.23954014480113983,0.4733727658382462,0.339150071144104,0.2313912957906723,0.38761361348725426,0.3340417146682739,0.22763925790786743,0.32880088983762445,0.018333842550616927,431.9940743458633,0.9378909988206291,0.18931314882689276,10.785564924375672,0.0003417764637471074,sakit
0.4442332684993744,0.3095017671585083,0.36353492405029103,0.4399840235710144,0.3063851296901703,0.4416812867566158,0.4259585738182068,0.3289144039154053,0.42091845153801966,0.016599542956308624,390.12405245883406,0.9685039506356247,0.17850854189765705,10.453143780363991,0.0002807344232135729,sakit
0.550982654094696,0.2543230950832367,-0.064798843354099,0.468525767326355,0.2671869993209839,0.35130492336590374,0.4436299204826355,0.28210631012916565,0.4555225372785971,0.015722003447625314,357.6211286667717,0.9600011535809223,0.15331376543034494,11.306092672909074,0.00024937347190126985,sakit
0.4506363570690155,0.23780609667301178,0.3139341747813116,0.3838278651237488,0.24802573025226593,0.5649382531181808,0.3498294949531555,0.2387830764055252,0.7583581600901891,0.01365035894390676,555.9359453282595,0.9259346355705431,0.143559537254917,13.786092771886244,0.0001892318996925935,sakit
0.4689445495605469,0.20451268553733826,-0.1759879002600997,0.4001276195049286,0.2075316607952118,0.056870258417060844,0.41063785552978516,0.22156482934951782,0.07669489881302193,0.014882258678323367,298.7717308702884,0.9457088794633175,0.16979814529912093,9.625695873109796,0.00022482037151877194,sakit
0.3842523992061615,0.24575775861740112,0.6182835190464919,0.35791608691215515,0.24006475508213043,0.7224926899969921,0.35708773136138916,0.23948559165000916,0.723292879984109,0.012482600939339382,417.2031919074202,0.9447712065760864,0.13407899045854096,12.315246253724837,0.0001574266831784411,sakit
0.5251352190971375,0.22944898903369904,-0.18317761543522817,0.4823687970638275,0.2586069107055664,-0.007549949163873056,0.4776812195777893,0.27171024680137634,0.03337272410856599,0.013338232197906854,465.7780237814659,0.9424406067997664,0.16161613080324264,11.261681895597865,0.00018116101497470723,sakit
0.40781232714653015,0.2564994692802429,0.5740367502454498,0.3482469320297241,0.23371897637844086,0.8291589186077674,0.33354416489601135,0.22328853607177734,0.9543622593995751,0.013513852896620314,593.0671073239167,0.9180355782526678,0.12365122712957831,14.38953447152383,0.00018400619217988256,sakit
0.4204980432987213,0.3348950147628784,0.4376757164353257,0.3723265528678894,0.31981202960014343,0.6970693332378416,0.31329110264778137,0.31713056564331055,0.937155476678464,0.05098689308437158,573.5868305725891,0.9573624793807715,0.24677988556412414,12.065861266102706,0.0026094416280571034,sakit
0.44734030961990356,0.22808042168617249,0.1262321429354446,0.4378817081451416,0.21127182245254517,0.03894860691477271,0.424995481967926,0.22314311563968658,0.15317821249665278,0.011932538311964542,310.6440035186024,0.9472835670161309,0.13179054904156517,11.2698746788016,0.00014401149288252547,sakit
0.5515832901000977,0.2833986282348633,-0.19143237576937522,0.5286231637001038,0.2882411777973175,-0.09896147826928743,0.5162835121154785,0.28658369183540344,-0.04889999753338085,0.017031104225546514,432.19191979395555,0.9591456098415088,0.2067694323960115,10.179004692937376,0.0002949187596582819,sakit
0.3091484308242798,0.2745693325996399,0.5028405393422788,0.3008853793144226,0.2708055078983307,0.5801818275598954,0.2882521152496338,0.26681339740753174,0.567706599197565,0.057125633074601945,409.7924007691618,0.9569016499671418,0.3019486864157952,9.995960020482261,0.0032945483584768055,sakit
0.4601086974143982,0.2706398665904999,0.11317059091481754,0.4503357410430908,0.25355103611946106,0.1823344232332306,0.45174890756607056,0.24156048893928528,0.0949425877159906,0.015114126209730743,326.02543187383804,0.9612650839737603,0.18198988190208207,10.069160904799904,0.00023200030493520353,sakit
0.4096807539463043,0.23276442289352417,-0.13873660432119495,0.42404642701148987,0.2235492318868637,-0.2466231315188768,0.4280354976654053,0.2185710370540619,-0.30872693402291906,0.02178705022264686,229.553042177062,0.9648796618002579,0.231685979255285,7.994401246922145,0.000482054463943979,sakit
0.36765041947364807,0.24534855782985687,0.5319102943055317,0.3640756607055664,0.22851020097732544,0.6152886856907629,0.3639659285545349,0.21305958926677704,0.6620241618825684,0.021400467756253264,284.3987381157838,0.9585367183130483,0.20775386592413722,8.361444865894816,0.00046238470210362674,sakit
0.5364659428596497,0.24662184715270996,-0.3904256389758649,0.5217759609222412,0.2526983320713043,-0.2073450680585987,0.5075756311416626,0.2596127986907959,-0.12452370373143676,0.012658960867575222,488.73609637831333,0.9400577156389828,0.15873995973293778,11.497605484796638,0.00016260815521958289,sakit
0.3386118412017822,0.21330313384532928,0.8570064671284247,0.33202695846557617,0.22055307030677795,0.748520119556619,0.3400304913520813,0.2257731407880783,0.6886758546376296,0.014269895912510489,519.0108870320233,0.9123982969132824,0.1253557689263936,14.516185900848447,0.00020643994227450177,sakit
0.39110007882118225,0.22524158656597137,0.6189761860911022,0.37495967745780945,0.21595299243927002,0.7447476407756024,0.34913191199302673,0.22413033246994019,0.8228235525595652,0.01223052346590238,468.9498823861289,0.9222591865146251,0.1165800592926984,13.818913510469804,0.0001509968056352966,sakit
0.5106754302978516,0.2724185883998871,-0.10953085317703683,0.512376070022583,0.2710925340652466,-0.24191907148726,0.48346710205078125,0.2855710983276367,-0.11514814911340292,0.022232841039079146,213.68436900461697,0.9774807041237811,0.2332898545492458,7.5987195659218685,0.0005022139790889709,sakit
0.4253256320953369,0.2699369490146637,0.35481375276466515,0.38567054271698,0.2834901809692383,0.585488570022053,0.3527486324310303,0.29352352023124695,0.7713033006777229,0.014714680341863006,398.31964506620346,0.9602442723677987,0.1597963756908438,11.280303530508148,0.00021898133825194103,sakit
0.4506385922431946,0.3075912892818451,0.17897232880801614,0.37999165058135986,0.29844221472740173,0.5082738388106947,0.3634610176086426,0.3055357038974762,0.5460157206347267,0.032390629984620466,492.6825080712813,0.9575232225271004,0.24262240637781143,9.979468690575404,0.0010581776355190788,sakit
0.38237589597702026,0.2325913906097412,0.418406405891535,0.34056827425956726,0.24360929429531097,0.7101713874152367,0.31931763887405396,0.24665826559066772,0.8145351080382423,0.020559982611522035,371.54475522441095,0.9499566830347587,0.2062105292347536,10.048480278480584,0.0004291367233841536,sakit
0.4293556809425354,0.1966789960861206,0.4980269479507669,0.36555933952331543,0.20402032136917114,0.7599260694191324,0.3579527735710144,0.19879774749279022,0.6184447499954253,0.015093915782618464,198.03310494253057,0.9609679198407058,0.17814720879887083,8.624399391044754,0.0002324180755090808,sakit
0.5577120780944824,0.2912561595439911,-0.3983120076741942,0.5030396580696106,0.2992803752422333,-0.17355601892654252,0.46080783009529114,0.3082562983036041,0.05759961138263805,0.020624881981318847,426.332364449886,0.9623711255450752,0.2130926988687155,9.886318848916085,0.00043195623140104573,sakit
0.4456378221511841,0.2516595721244812,0.20556345700827014,0.43183109164237976,0.23710012435913086,0.32896205433306486,0.4382939040660858,0.23240754008293152,0.32733094116500366,0.015331497290715049,420.1277165769383,0.943641884145691,0.16708836871457944,11.216301291557373,0.0002373045733230901,sakit
0.4339485466480255,0.225147545337677,0.29528374459836815,0.4164275825023651,0.22636933624744415,0.3484369539034268,0.3944224417209625,0.23873260617256165,0.4444523062914124,0.015684273775092707,305.76914911122486,0.9541622581073627,0.18744165107826757,8.813690672800176,0.00025056502658148057,sakit
0.5122630596160889,0.2345070093870163,-0.0589013394606613,0.4941847324371338,0.22831664979457855,0.05304428497712879,0.48733437061309814,0.24011284112930298,0.0811769908040527,0.012748485056403075,399.73073943831696,0.9413388265755009,0.14366019758157114,11.653721500651036,0.00016553072994018801,sakit
0.28774046897888184,0.25060516595840454,1.2648044800275602,0.28750258684158325,0.2309698462486267,1.3124411829246483,0.28912708163261414,0.22718265652656555,1.2172025398062094,0.02230094618490545,220.50806421847093,0.969298198045138,0.1847574919583853,8.626859657144136,0.0005016302850286968,sakit
0.42377758026123047,0.1668226569890976,0.6051691226151799,0.3313412070274353,0.14587058126926422,0.9033284387682862,0.2235911786556244,0.1260737031698227,1.6057418318706715,0.011976995148880615,494.50794986803027,0.8270029808356728,0.07531826227309134,16.05108041263706,0.00014420086332472823,sakit
0.42002516984939575,0.2822026014328003,0.7869371417829985,0.40046030282974243,0.26554492115974426,0.8512221922520026,0.3717777132987976,0.2493215948343277,0.9892674576672551,0.018398855731014012,607.3629373716328,0.9338867405235612,0.16321786301608338,13.65502329133867,0.000342065984925032,sakit
0.5268675684928894,0.24124762415885925,-0.0717034916859051,0.48114240169525146,0.23794102668762207,0.4553855780692262,0.48671969771385193,0.2364657074213028,0.4156652913001882,0.017607857469471893,147.91767436580162,0.9793435255861366,0.21497656494176445,7.124257999993204,0.0003142009332665424,sakit
0.2782137989997864,0.24166357517242432,1.1353235684130252,0.2761777937412262,0.23725835978984833,1.202941191115463,0.26290351152420044,0.22711096704006195,1.2265375792972557,0.024275142533661767,675.5801493236321,0.9070250739844932,0.19089207211503778,14.208284572415655,0.0005955700014745941,sakit
0.4854804575443268,0.30357328057289124,0.1312185439407537,0.46843504905700684,0.29221802949905396,0.22033546540245355,0.4366813004016876,0.2743200659751892,0.3584137616349962,0.016284857932949395,292.32606720788425,0.973761524990282,0.14712002611098637,10.490512666830545,0.00026625786112819343,sakit
0.4867939352989197,0.1549212485551834,0.033024385170894933,0.4306660592556,0.14564494788646698,0.24600533698690907,0.35985222458839417,0.13522933423519135,0.2934843659397389,0.012223840438936312,486.78710407190323,0.8225400352572926,0.08317937081567263,15.330641871079857,0.00015005730478744278,sakit
0.5004318952560425,0.23106612265110016,0.042817782512277754,0.3866237998008728,0.21318702399730682,0.3556627576932016,0.2657601833343506,0.17459693551063538,0.7762725364366118,0.011011515206171586,666.730138841557,0.887132807007602,0.09497704174319137,16.72355142836868,0.00012200437927273001,sakit
0.3465384244918823,0.2547525465488434,1.2421633917660566,0.29566073417663574,0.2563346028327942,1.3360992805762233,0.2840627431869507,0.2471800148487091,1.2768832852377858,0.0427674087960366,465.6407901931313,0.943849294999857,0.27196649722602506,9.821889251774666,0.0018448776108684845,sakit
0.3132781386375427,0.1894393414258957,0.36342964278256895,0.32301586866378784,0.20032015442848206,0.3297737592414594,0.3647168278694153,0.2157782018184662,0.23562272452934246,0.016187513542487174,209.1608256694723,0.958186049062523,0.1814336092652594,8.235034198674153,0.0002657883789227573,sakit
0.4742962121963501,0.22226037085056305,0.02362112776194792,0.4112667143344879,0.2178163081407547,0.629245768302629,0.3535337746143341,0.21969348192214966,1.1133408336058088,0.012557620838347529,573.8712461519068,0.9049399162084918,0.13964284716387323,13.397019485447403,0.00016001462810344422,sakit
0.33481255173683167,0.1730944812297821,0.32988507390905236,0.3410646617412567,0.19192631542682648,0.5559539847101189,0.3545891046524048,0.20999549329280853,0.6416058058627688,0.022321080081422782,194.49053620817827,0.957040338962643,0.21204004168462262,7.862699737500673,0.0005046815745519324,sakit
0.4607747197151184,0.2564469277858734,0.2903453745150722,0.3921314775943756,0.270911306142807,0.5477515925482054,0.37435606122016907,0.270841121673584,0.6484208897162884,0.018887012396683795,374.7178013869208,0.9587055302317983,0.19916645116916343,9.31814916299283,0.0003617170930900523,sakit
0.5136702656745911,0.21711276471614838,-0.03293967685621907,0.4725933074951172,0.21218827366828918,0.16090980283813403,0.42608919739723206,0.19762656092643738,0.28095302879408274,0.012562725350318797,466.65520277717786,0.9187083138714248,0.14395598174610022,11.937963026170038,0.00016002327573818822,sakit
0.3535754680633545,0.24141378700733185,0.9737783936987557,0.3324555456638336,0.2243349254131317,1.0231855693555192,0.3332599997520447,0.22163356840610504,1.00959992071178,0.016454592674003708,323.5992656934014,0.9519133121816777,0.17920421444147452,9.908141436589537,0.0002739270368567285,sakit
0.6460930109024048,0.2702804207801819,-0.24756913307399148,0.6261531710624695,0.28294602036476135,-0.18936763295601342,0.6135998964309692,0.3020031750202179,-0.18414504054543648,0.08512224695009174,711.6135092521728,0.9284317235447365,0.20488930659058893,14.677030045343342,0.007256380857457397,sakit
0.3228675425052643,0.24886025488376617,0.9022120295384788,0.28645145893096924,0.22608838975429535,1.2209758557454844,0.2647620737552643,0.21021203696727753,1.3806591156112453,0.027718066741719293,267.8843012265703,0.9603139052567647,0.23363862103827937,8.359918510411328,0.000777662629074377,sakit
0.4725241959095001,0.26393499970436096,0.13123520570643404,0.4525596797466278,0.26197001338005066,0.3108094456946632,0.42798441648483276,0.25760361552238464,0.5269968987053031,0.0194164765893777,441.9606910070144,0.9495967560668975,0.18589250825358564,10.908865925304111,0.00038109966616127103,sakit
0.35805681347846985,0.27077287435531616,0.7924692093068587,0.3561987280845642,0.25424087047576904,0.85320680170903,0.36633703112602234,0.2400449514389038,0.6745080352570201,0.014712338921761032,502.18991410548045,0.9399063365808491,0.14029169717330436,12.935042277379585,0.00021882940235853478,sakit
0.3788531720638275,0.20193380117416382,0.05146799235293869,0.32542744278907776,0.21649187803268433,0.4355855682826944,0.3224419951438904,0.21895432472229004,0.5415622451753903,0.024626860216878637,259.5403069847802,0.9546728716719955,0.25020486731835945,7.808834138279706,0.0006153496297472441,sakit
0.48901379108428955,0.19208119809627533,-0.38038862228153913,0.4252459406852722,0.19212228059768677,0.08530790871137424,0.3980562686920166,0.19950470328330994,0.2682753330529979,0.016844677304731086,235.5466419290185,0.9486617772820894,0.19236875248697116,8.751520415697405,0.00028879898567486854,sakit
0.39106622338294983,0.20723004639148712,0.8944044758904487,0.3583950996398926,0.255879282951355,0.5975651775427842,0.34713631868362427,0.2979988753795624,0.5998017119859501,0.03091421967959797,349.92073860735036,0.9536242946185082,0.25318651350872073,9.004403047570706,0.000970380158747395,sakit
0.43021875619888306,0.2261291742324829,0.35447141167591023,0.41642889380455017,0.21081411838531494,0.42105219383299625,0.4061996340751648,0.20395337045192719,0.5931159787480419,0.01347891870285283,345.9745410706769,0.9408215539639797,0.14591203778773834,11.094043271322741,0.00018313551324736766,sakit
0.4102327227592468,0.35352662205696106,0.1549383450775947,0.42031389474868774,0.36189383268356323,0.14334947556581595,0.39041435718536377,0.3487682640552521,0.24067664896583074,0.08714035018512273,212.68177227187644,0.9871864292305946,0.41830670981370743,6.329277158403684,0.0076404090209121625,sakit
0.4167555272579193,0.30764490365982056,0.6120644057588129,0.3484165668487549,0.2971705496311188,0.9058535782817605,0.2433559000492096,0.2699562907218933,1.3973662910032159,0.024827051236221174,573.8767809698511,0.9492944062657234,0.20275492365975556,13.261355360613905,0.000621627476572091,sakit
0.5626615285873413,0.26544541120529175,0.07529345104078472,0.5365741848945618,0.25787708163261414,0.31381796131766365,0.4904799461364746,0.23251110315322876,0.42295826126243796,0.015906179739812277,402.12945966511285,0.9518337315482753,0.14907408974815448,11.783671956732173,0.0002558228151815422,sakit
0.4165123701095581,0.2512795329093933,-0.09660274759000824,0.394692063331604,0.2506527602672577,-0.06099403431558926,0.37469393014907837,0.2488691657781601,0.048350156453253426,0.020807758936833832,314.54001719707185,0.9606937374084937,0.19706565628521222,9.637613876473855,0.0004372508112759697,sakit
0.4425651431083679,0.324876993894577,0.48638867516906936,0.4336082935333252,0.3230518400669098,0.4975459673595284,0.46039527654647827,0.31288883090019226,0.49088879059726664,0.06838860734863562,337.1926194758683,0.9746765970682877,0.30802369639436367,7.792287857163544,0.004718528540136368,sakit
0.41725409030914307,0.27135327458381653,0.17442339996817108,0.5107741355895996,0.23623597621917725,-0.5319812539446299,0.5855110883712769,0.31379058957099915,-0.3066327232671591,0.015794029667657368,454.42178699412653,0.9319536919448251,0.15174243719034783,12.722404675380995,0.0002535172578872218,sakit
0.4109343886375427,0.33882421255111694,0.3760396780761173,0.3611697852611542,0.272609680891037,0.5155130761441481,0.3274720013141632,0.2548861801624298,0.671869798180226,0.037871308108400885,194.59454623954005,0.9818737357201791,0.24860193864646044,8.266013651829242,0.0014503221921643317,sakit
0.4533929228782654,0.3379153311252594,0.4074397482143862,0.44167637825012207,0.3131278157234192,0.6011082221509048,0.34743475914001465,0.26494038105010986,0.9843925141665316,0.05729496978210627,701.5569979402763,0.9452397100549804,0.29223796183920187,11.946237965482547,0.003297907997437778,sakit
0.5551646947860718,0.2904874086380005,-0.13673873644942022,0.43362146615982056,0.25892332196235657,0.22140291480760388,0.45230549573898315,0.27084168791770935,0.17290952769981832,0.011831320775069279,983.6177071717957,0.894728448635285,0.11045068061691356,18.144603876173466,0.0001416972897664284,sakit
0.29864776134490967,0.2993418276309967,1.1414392825519888,0.3397265076637268,0.30552318692207336,1.0734045936226428,0.2961983382701874,0.27473822236061096,1.2723211595136723,0.181591836095893,977.772434452766,0.9143030216616753,0.4019478329002035,13.55739335956042,0.03301753252235233,sakit
0.2024279534816742,0.3195556104183197,1.593712899826169,0.28155890107154846,0.30019643902778625,1.2299047102427207,0.2970835566520691,0.26286399364471436,1.3070055868164034,0.03134138546945689,939.6107847854413,0.9189386549187648,0.22048762511089948,14.682505237349732,0.0009962028755269147,sakit
0.4030804932117462,0.2203598916530609,0.20796406338233697,0.3915156424045563,0.2129218876361847,0.1802508681657758,0.3569474518299103,0.18974730372428894,0.25184187305894523,0.016585781352645445,276.4724024435538,0.95196023628358,0.220807597154314,8.208399355278093,0.000281773456713885,sakit
0.34887680411338806,0.2732914090156555,0.7777424584544093,0.2678575813770294,0.2676793932914734,1.0806432011597287,0.24089249968528748,0.2475740760564804,1.206270070070701,0.06483284409789335,278.21571629395993,0.9694423305568098,0.22647699649991657,10.161476775036334,0.004208670756717789,sakit
0.31304728984832764,0.28591540455818176,0.7448526623644292,0.21881988644599915,0.26823240518569946,1.1193701769532458,0.18501736223697662,0.24139907956123352,1.3010697705032719,0.179560881786288,252.33008294498435,0.9725845335284838,0.3001767144328193,9.351200245110494,0.032255195731863306,sakit
0.6041126847267151,0.2622378170490265,-0.5220877975944214,0.47506070137023926,0.2362639158964157,-0.10670211105015012,0.46992725133895874,0.22240659594535828,-0.07986142826157015,0.01625769293439701,731.6386655814227,0.9020425333222096,0.10371792864633038,18.695995893386858,0.0002654541564331054,sakit
0.5906305313110352,0.3212963938713074,-0.5166576942131305,0.4425462484359741,0.25209441781044006,-0.21968130994549587,0.4473230838775635,0.23923902213573456,0.08677756040318403,0.019761818084822528,598.8120313744311,0.9347784262279042,0.15016644072565982,15.198271477655569,0.00039467774968440463,sakit
0.5401231050491333,0.25567626953125,0.020966954340094008,0.5051088929176331,0.28781989216804504,0.08390114629789916,0.4431939721107483,0.28996455669403076,0.24793405085036815,0.0167179729384043,694.8380244141836,0.9304505874608976,0.11947117089634009,16.873588331611824,0.0002813012650763979,sakit
0.4774041175842285,0.3378928601741791,-0.1171124920988627,0.4095553159713745,0.3249392807483673,0.048382051909636584,0.34547165036201477,0.28325873613357544,0.1884387874895805,0.06790441582304971,632.7735791913088,0.9530728961487834,0.18913032619917522,14.354029542147954,0.004617581353382974,sakit
0.582483172416687,0.3193857967853546,-0.1775778098202472,0.5027576684951782,0.31537583470344543,-0.01824767120774901,0.42795559763908386,0.276816725730896,0.13623886116109338,0.01887367161797235,667.1734304626492,0.9466784362329289,0.12422615649655323,15.948351105759054,0.00035879616778157676,sakit
0.6063010096549988,0.22157955169677734,0.20428612149666264,0.6026983857154846,0.2145034521818161,0.16618137081769432,0.5620632171630859,0.20608165860176086,0.3144111127994481,0.013185234106498673,664.7457953767527,0.8879084941072527,0.08745148371670357,17.654697903576995,0.00017521305408349337,sakit
0.5767768025398254,0.19393588602542877,-0.6653212178026994,0.5550149083137512,0.1958787739276886,-0.5079641408191279,0.5373600721359253,0.18636547029018402,-0.3529483496197775,0.01124729093423501,632.2179212561903,0.868247947278364,0.08381082929535764,17.317985480686946,0.00012771144072097919,sakit
0.5509240627288818,0.22064705193042755,-0.7734969673920185,0.5296685695648193,0.2170858234167099,-0.6150332503407211,0.4957067370414734,0.21733184158802032,-0.4348460966771618,0.011547954003982218,411.2741349528228,0.9325730265357989,0.0977715414814576,13.395008689797647,0.000134790243338342,sakit
0.43557921051979065,0.260418564081192,0.6999467276459821,0.4265296161174774,0.26489701867103577,0.6352354675102734,0.4262319505214691,0.2829797863960266,0.6451813546565597,0.017923812445438385,273.63343667258306,0.9700076295421645,0.14150709104318526,10.098899723388316,0.000324151152477369,sakit
0.5914933681488037,0.22394141554832458,-0.09403668026072295,0.5444849729537964,0.27420899271965027,-0.007199807561914237,0.5051820874214172,0.24370695650577545,0.13368538180999498,0.017215012105331377,1142.783164209515,0.8642898511696576,0.09170053161634488,21.84268167936108,0.0002976518205249541,sakit
0.5792297720909119,0.1550334393978119,0.026273206583401872,0.550386369228363,0.16483594477176666,-0.2152496398407892,0.5150146484375,0.1736822873353958,-0.26258832418250116,0.014203694306248203,273.6710980333485,0.9178342804231175,0.12893009539836467,11.142672672758245,0.00020482515604584127,sakit
0.38567423820495605,0.19008108973503113,0.17794618362248757,0.3727012276649475,0.18947003781795502,0.22204112631067308,0.35607025027275085,0.18777094781398773,0.2561278743319632,0.009623392521356971,1639.4424639296046,0.6435911063808364,0.0543658140942111,29.089242012234664,9.333547349169193e-05,sakit
0.47122177481651306,0.2082192301750183,0.001660331744307929,0.4434192180633545,0.20938777923583984,0.20999105718756136,0.4274624288082123,0.21895654499530792,0.32692883026292374,0.010772505011448075,581.2637120433375,0.8962670447387254,0.09978614419424152,15.764290897023137,0.00011783528253287615,sakit
0.6308165192604065,0.14465482532978058,-0.10717680486387857,0.5898876786231995,0.13925115764141083,-0.06846944541011431,0.566758930683136,0.14410850405693054,0.13421347653303844,0.01659487043251875,156.11763180198804,0.9379528060506194,0.15959481259631025,8.285366311860935,0.0002806598221271867,sakit
0.5103889107704163,0.180150106549263,-0.04095437471399793,0.4837287366390228,0.18617193400859833,0.022437073470509855,0.46862688660621643,0.19046567380428314,0.07761274541695312,0.010835556914887712,456.9947980194084,0.8954528659950937,0.08879376007808548,14.413082234608963,0.00011802342669609834,sakit
0.5457271337509155,0.154873326420784,0.6447258798860529,0.5078930258750916,0.15786920487880707,0.6540164494139538,0.4975823163986206,0.16469916701316833,0.6638350603325182,0.012301426322693392,576.2791703620875,0.8176074686169733,0.0885522446116087,16.189955412907878,0.00015222539238542114,sakit
0.4093196392059326,0.21982721984386444,0.4940045165607392,0.37990111112594604,0.16635720431804657,0.7187915274497217,0.34583771228790283,0.1514778882265091,0.8073357842778137,0.01915380950646847,218.8092668232317,0.9451899444411617,0.20975129568441667,9.029635408896848,0.0003724179387934532,sakit
0.5105801224708557,0.2216569185256958,-0.12142732388738361,0.4900658130645752,0.2352074384689331,0.004416476335801393,0.46992945671081543,0.2492319643497467,0.07721177081379234,0.012028542758918966,417.02987564921676,0.94038230172197,0.12275055546255915,12.76913509431804,0.00014714103767611924,sakit
0.5344367027282715,0.20305438339710236,-0.3991167025876306,0.5105155110359192,0.20113018155097961,-0.30095980259065386,0.4763903319835663,0.21564196050167084,0.0076334920721556985,0.010419456845458143,800.6142853926273,0.8461827437207933,0.0849242665001994,18.282779451176953,0.00010994325508492324,sakit
0.41661015152931213,0.1708201915025711,0.052001703414606575,0.3840230703353882,0.1736224740743637,0.1979108001159016,0.35873717069625854,0.17526398599147797,0.3475618181586598,0.0138832088528799,281.8437707317668,0.9258814829548255,0.12817946308710199,10.898274800112503,0.00019534079284656394,sakit
0.6759759783744812,0.2331250160932541,-0.804468753429963,0.6416406035423279,0.25516432523727417,-0.5694848326950664,0.6168319582939148,0.27452364563941956,-0.4291356512562882,0.012500222969662354,723.9296165413834,0.9105938158964023,0.10781567608563086,16.781105408354858,0.00015922321703734516,sakit
0.6104294657707214,0.251423180103302,-0.6300941237152015,0.45841965079307556,0.20405058562755585,-0.2704410681643014,0.2678268253803253,0.148075670003891,0.9651717185985803,0.0159357164234707,319.039720431544,0.9418642614640667,0.15428337684536958,10.650589543659576,0.00025780172209797803,sakit
0.3272305428981781,0.1863635778427124,0.3787952530813139,0.27887028455734253,0.16292373836040497,0.5881199984892646,0.22105403244495392,0.15184226632118225,0.9373771644610025,0.01744997921475304,234.01224018707558,0.9352595889641754,0.17876147386511376,9.340436898421686,0.00030980138737297746,sakit
0.7107733488082886,0.19934521615505219,-0.7915333723075929,0.5627195835113525,0.21834619343280792,-0.02216121477664659,0.3943216800689697,0.21596260368824005,0.7012660329618504,0.01728434984767168,200.2228273806942,0.9648924427316188,0.18979647196736385,8.49949156297007,0.00030446702549981325,sakit
0.5041669011116028,0.2250538170337677,-0.08564585897351154,0.4810236394405365,0.2207968384027481,-0.00843505219804948,0.462532103061676,0.22639615833759308,0.06931945443301446,0.009351432000395494,830.8292829258193,0.8699907199818154,0.07834877105657194,18.95623600254068,8.837463672538668e-05,sakit
0.5656573176383972,0.22503754496574402,-0.5123386018286987,0.5514563918113708,0.22456233203411102,-0.4302581235892369,0.5336270332336426,0.2086798995733261,-0.28081842354642716,0.00973593685444177,701.3143618308844,0.8902119526107555,0.07590730634292536,18.161419746646466,9.568636061456159e-05,sakit
0.5688163042068481,0.20861122012138367,-0.19105464315495815,0.5154527425765991,0.21164707839488983,0.07777667634103294,0.4698812663555145,0.21422669291496277,0.3279382297185314,0.009283980816201883,694.8956481502415,0.8769598842607933,0.08303842943592546,17.80095135629738,8.731727982014021e-05,sakit
0.5334320068359375,0.19097337126731873,0.055784773383349265,0.5093886852264404,0.1701604425907135,-0.12154635883249455,0.49946868419647217,0.15873241424560547,-0.30900611188431015,0.010591343046813946,404.31208079096706,0.8962747196233868,0.07666899159623765,14.815706273649559,0.00011303682479182893,sakit
0.5557858347892761,0.25778940320014954,-0.3006828678427993,0.5296620726585388,0.2501472532749176,-0.27903933681916726,0.5256455540657043,0.2486855387687683,-0.3339621146115702,0.011653802458410236,1291.9435278279213,0.8431563322971213,0.08022242947597574,25.120773864942848,0.00013667590570796563,sakit
0.2821868062019348,0.1889909952878952,0.8013513851483371,0.23935580253601074,0.1669394075870514,1.1394172007552885,0.18838699162006378,0.15569761395454407,1.5438566854962366,0.025340171789241476,222.08778127082942,0.9413147053418639,0.21828463138641266,8.662240695628103,0.0006509740192706923,sakit
0.7807844877243042,0.16544793546199799,-1.3276388889295525,0.6548685431480408,0.16928786039352417,-0.873031112855682,0.5107195973396301,0.16753973066806793,-0.26346217769544167,0.017137457478725537,173.04047052335673,0.9515687432366686,0.1650726546600731,8.373607354027653,0.0002998119375769346,sakit
0.541084885597229,0.1868874728679657,-0.23272687268356199,0.5118274688720703,0.1765967160463333,-0.16649682033534144,0.4960176348686218,0.1708666980266571,-0.23019694495240653,0.00965332779229234,814.2014717200809,0.7972330217804054,0.06381291442223803,20.213171331937478,9.415168199554309e-05,sakit
0.5796741843223572,0.19966711103916168,-0.6938532500194566,0.5564912557601929,0.20183822512626648,-0.5232254840850192,0.5384570956230164,0.1920684576034546,-0.3763471214846466,0.011251958145301265,661.583475361068,0.8677178358728904,0.08628150161490213,17.207550010827134,0.0001278876316971861,sakit
0.6538746953010559,0.27182358503341675,-0.9551962707678958,0.4793126881122589,0.24771736562252045,-0.3986211922403205,0.5658321380615234,0.28126075863838196,-0.5309573162398205,0.049881058674886763,295.21843690179645,0.9650712539615748,0.3121928323130911,6.6512848463938035,0.0024969560477788575,sakit
0.7028877139091492,0.2328203171491623,-0.3225870811704162,0.3801872134208679,0.2277098298072815,0.6737830883812381,0.3908587694168091,0.22278937697410583,0.6972243450823451,0.018885198117721005,234.2868391750886,0.9638403711672883,0.1800674469246295,9.339401932576672,0.0003606623015352548,sakit
0.43794047832489014,0.2104865312576294,-0.29000999518089404,0.27495938539505005,0.17164215445518494,0.44492232892770506,0.22900889813899994,0.16624416410923004,0.9850474200889684,0.019800538351236015,285.97223710276586,0.9309329626600166,0.1988841357792411,9.69431190843071,0.0003956442491463079,sakit
0.5884276628494263,0.14395712316036224,-1.2657611885448445,0.44769176840782166,0.13458065688610077,-0.6754654010657379,0.5602000951766968,0.1708241105079651,-0.8459823420112668,0.017771828668298167,255.03378933911017,0.8986291612391399,0.14651306966554964,9.510064829164312,0.0003192631081199555,sakit
0.7642115950584412,0.11209408938884735,-2.7414120793818286,0.6458919048309326,0.125160813331604,-1.6510124235648105,0.7257468104362488,0.12879203259944916,-2.1640422829753714,0.02516816113933817,190.90101047881993,0.8965818588447672,0.19747439782752196,7.205490435557956,0.0006356069704629058,sakit
0.365675151348114,0.37505993247032166,0.28711301426568697,0.2871626019477844,0.30996817350387573,0.45734917421951987,0.29780519008636475,0.3129114508628845,0.44850245062939037,0.3015856458527235,208.64280929862056,0.9851008759077694,0.4344500786972792,7.072525021088506,0.09096980688909385,sakit
0.45502883195877075,0.3222805857658386,-0.26893652541428414,0.45326027274131775,0.33921700716018677,-0.14712493744117,0.38659462332725525,0.34721899032592773,0.3596412843540112,0.08468954955549368,192.2810500126611,0.9866357772059917,0.297348510228133,7.50976544992885,0.0072005711205733085,sakit
0.652193009853363,0.2216462641954422,-0.7072106485275461,0.46567294001579285,0.20494334399700165,-0.20079053800154956,0.5899937748908997,0.2590002417564392,-0.4118029667777031,0.015076766505597522,213.89247621510776,0.9638764648800963,0.1612759899895255,9.108657918805049,0.00023145528229346347,sakit
0.5590130090713501,0.3451162874698639,-0.30105247536340896,0.5130226016044617,0.3027336597442627,-0.18491621786121504,0.47930777072906494,0.30269861221313477,-0.005855999111244349,0.012155883825534704,580.794226063167,0.9545037131446364,0.11063322526242243,15.056477213347483,0.00014918813568445168,sakit
0.5142712593078613,0.20460566878318787,0.07146840335005092,0.3038572371006012,0.14469076693058014,0.7467537808449536,0.2322521209716797,0.11767817288637161,1.1267158934467076,0.013975195265630682,323.27058310852925,0.89938809550764,0.12298431718501762,11.89292050314719,0.00019713251597559584,sakit
0.6508981585502625,0.21424004435539246,-0.49484508969180646,0.4023776650428772,0.16965441405773163,0.0480313056223336,0.3298991918563843,0.1515531688928604,0.28167530657866213,0.012278978416649176,366.64857900902985,0.9112975849048621,0.11527973204279107,12.600544694647708,0.00015208769759662757,sakit
0.4638448655605316,0.28099626302719116,-0.08979534968718404,0.43045467138290405,0.24986179172992706,-0.006395540090873703,0.39360830187797546,0.23927922546863556,0.18520178962528488,0.03508854207294005,492.83651011035613,0.9402270201454153,0.1813800106647665,12.728660129183567,0.001235268107830616,sakit
0.27110555768013,0.22405515611171722,0.79008265867732,0.23184552788734436,0.20913559198379517,1.1412943791488914,0.19728514552116394,0.21139299869537354,1.3569533517241197,0.026088013310073727,394.8347160444494,0.9322292197415075,0.21602045485983631,10.37715525534954,0.0006927432916751944,sakit
0.26499858498573303,0.2591630220413208,1.0353908448090632,0.2643555998802185,0.2599318325519562,1.0654498316320433,0.2504367530345917,0.24773603677749634,1.236932437426924,0.08986870050298378,807.1070408467559,0.9058441932069833,0.23743415246394942,13.852065740397947,0.008083826371107704,sakit
0.17054307460784912,0.16248470544815063,1.8125984415344922,0.1537664830684662,0.15579482913017273,1.830926705362706,0.14102676510810852,0.15680578351020813,1.7401787992615927,0.028677546977634735,464.4219441390557,0.8550664177330977,0.19081589205512794,11.779061172322521,0.0008312371619858199,sakit
0.37912285327911377,0.3109109103679657,0.8775472799238899,0.3761979043483734,0.3089108169078827,0.8567548683364331,0.32565248012542725,0.3014613687992096,1.1094603051959655,0.05966916722692095,708.7620969450546,0.9425980356501111,0.17273560130869695,14.700583534479852,0.0035620643023239113,sakit
0.34101518988609314,0.28687208890914917,0.8275738040642605,0.33290895819664,0.2741242051124573,0.8043859665532559,0.25952911376953125,0.23317378759384155,1.2248849588000459,0.014827204606820452,662.1698931279062,0.9308794587767669,0.13364672707486366,15.366236249401906,0.00022196544304519956,sakit
0.15116405487060547,0.17304430902004242,1.523539073646402,0.22692428529262543,0.2184230089187622,0.7210097231823912,0.21903127431869507,0.2205520123243332,0.8222467072778832,0.04351190436468311,172.84916897584176,0.9585583505943442,0.28688200555688853,7.163368216967583,0.0019102507347861476,sakit
0.3616234064102173,0.2829986810684204,0.4521267257842841,0.35596758127212524,0.22612549364566803,0.15426988489713872,0.30801910161972046,0.22974592447280884,0.4689604756189107,0.03810046224951123,190.94385767742594,0.9690089657063429,0.3135135552858383,6.794207412252436,0.001469544085220774,sakit
0.4210406541824341,0.2682802975177765,0.5965744159963214,0.4065662622451782,0.2663877010345459,0.6577084490962423,0.42356598377227783,0.2634282112121582,0.6175870796881252,0.030532321770299894,312.08509472551765,0.9654740443498996,0.1679308580843515,10.29602023515039,0.0009347698317258425,sakit
0.45880821347236633,0.2590360939502716,0.2760877810591899,0.37043318152427673,0.2635585367679596,0.5465129100045533,0.27003422379493713,0.26388055086135864,0.8558805426266212,0.015519798570521387,318.4360796423348,0.9637870978096968,0.1559156073985649,10.48596354129583,0.000243476989988218,sakit
0.763340413570404,0.20974251627922058,-0.8314363704659994,0.6572112441062927,0.25232574343681335,-0.09732749680621286,0.5696166157722473,0.28702130913734436,0.28947205053398656,0.12917801023017064,294.25541900845445,0.9603474205556642,0.34923833859649767,6.619155343454611,0.016736806968821884,sakit
0.597201943397522,0.355673223733902,-0.35547169581525867,0.5595194697380066,0.3490772545337677,-0.1512446017380186,0.5407457947731018,0.34990158677101135,-0.057141514378075145,0.16117746089648816,484.1874165165061,0.9694574937102106,0.37934826535705835,8.087462104526281,0.026020557461653535,sakit
0.5013599395751953,0.30159568786621094,0.06521724584623782,0.4894166588783264,0.3061088025569916,0.13345110795008308,0.49503394961357117,0.3057807981967926,0.1290093427211259,0.0258327508505924,263.01222469899875,0.9780262578720391,0.2311356763404879,8.246471035734292,0.0006736914976121679,sakit
0.3648949861526489,0.32024115324020386,0.43296534238726625,0.33726760745048523,0.3191860318183899,0.5303188448921176,0.3265415132045746,0.3219451904296875,0.6077086195472564,0.05212587719446831,402.44624470236386,0.9695557308510475,0.21860204672376185,10.18860974991782,0.0027341112942174937,sakit
0.4867861866950989,0.27950361371040344,0.14898925863180182,0.42740631103515625,0.28957295417785645,0.42350181760757155,0.3906950354576111,0.31758689880371094,0.5469389125656139,0.01988762733733117,452.37389849048867,0.9578752415688481,0.18006911770912717,12.003523962905517,0.0003991407769898241,sakit
0.4842998683452606,0.2951689660549164,0.15153044978189578,0.4399089515209198,0.2991444170475006,0.39372907770065807,0.4136754274368286,0.3151020109653473,0.5345647488860047,0.04234575071078167,520.0509727029257,0.9548668799464196,0.2081377321095593,12.067496686881755,0.001798819553564939,sakit
0.38335472345352173,0.3674394190311432,0.20830294351228673,0.31251299381256104,0.32210657000541687,0.531087888412602,0.28887709975242615,0.31462058424949646,0.7704841681504094,0.36557274642800475,397.2145264308729,0.9722839859702287,0.444177162386539,9.152638096360997,0.1336702564626931,sakit
0.37634512782096863,0.3678934872150421,0.24696647233643224,0.30783775448799133,0.3230236768722534,0.5572914430578977,0.2857957184314728,0.3155885934829712,0.7858276597084095,0.342932236730026,397.6060921196492,0.9724089741667526,0.43872114558590747,9.046690373788183,0.1176316715361825,sakit
0.38096359372138977,0.3669813573360443,0.2198367308959477,0.3101256787776947,0.32166218757629395,0.542236604862653,0.2862015664577484,0.31340667605400085,0.7822051077121946,0.3358237067132737,395.5562477137209,0.972297914186079,0.4346087850343996,9.18876453496341,0.11281673479744748,sakit
0.17053988575935364,0.21926918625831604,1.3101580642491373,0.14400382339954376,0.19850096106529236,1.6337215909497376,0.12351900339126587,0.1898387223482132,1.9208012610682494,0.29365646491841757,263.6469543326216,0.9506121052747488,0.4526591473672526,7.190091687000095,0.08626956147651954,sakit
0.17103421688079834,0.21915678679943085,1.3074754202536765,0.14433133602142334,0.19846689701080322,1.632014555038344,0.12347191572189331,0.18984997272491455,1.9226114616460843,0.2937453261324568,269.57921728659034,0.9495081316820095,0.4522280538396042,7.280722548685858,0.0863184935395717,sakit
0.2791006565093994,0.3028241991996765,0.5237572077097111,0.2783818542957306,0.3070302903652191,0.5693237642976451,0.27337977290153503,0.3060481548309326,0.6181603595393435,0.3998873432636376,334.26662995941456,0.9723721231951278,0.5047209009514132,7.1114405284637625,0.15993996963116244,sakit
0.27647966146469116,0.30155080556869507,0.5332508803528568,0.27565494179725647,0.3057340383529663,0.5790926667618211,0.2709576189517975,0.30478906631469727,0.6262877853820504,0.4046639605945359,331.5372282296093,0.9723665731368785,0.5048668460053721,7.124482001025118,0.16377325902620773,sakit
0.4134461581707001,0.37569954991340637,0.11594065046870652,0.36633095145225525,0.3533775806427002,0.2880230309124464,0.33204740285873413,0.3387649357318878,0.47086497067165284,0.2749113943077374,403.36866512386547,0.9755976782711467,0.43507262749214354,7.625971375098605,0.07560642418850956,sakit
0.4159654676914215,0.37448641657829285,0.10751247500331922,0.3685013949871063,0.3527543246746063,0.2800802076930952,0.333967000246048,0.33848509192466736,0.46157068763310033,0.28471742272504186,412.9350564827696,0.9749224449585504,0.4346139032992264,7.663630169915304,0.08109717347376065,sakit
0.419146865606308,0.37559229135513306,0.09726075419124401,0.37139150500297546,0.35412630438804626,0.27340402230414346,0.3367345631122589,0.3404545187950134,0.45838661930736074,0.27605525618979687,508.2531542063648,0.9693882275691038,0.4364633275385081,8.168510176449498,0.07625139820088069,sakit
0.46523427963256836,0.22920340299606323,-0.2792013217490969,0.38713133335113525,0.21621379256248474,0.015501200381900145,0.4441501498222351,0.22352874279022217,-0.28050864061338276,0.05027952639463725,344.2224746797975,0.9429177035057964,0.17258022902841152,10.822232393355234,0.002537779605183704,sakit
0.47571277618408203,0.22723394632339478,-0.27335730439680783,0.397174596786499,0.21719171106815338,0.03153463121469886,0.45512133836746216,0.22231100499629974,-0.2763735987057395,0.03903544539569825,378.5587773114824,0.937296462445948,0.1678510905252583,10.984951465585539,0.00153373131303313,sakit
0.5371110439300537,0.22046898305416107,-0.24946734762363051,0.4672223925590515,0.21404674649238586,0.01994664164347365,0.5175148248672485,0.2166740447282791,-0.250352164740118,0.026625953032831644,426.4498965735116,0.9263424634679741,0.15292445999950477,11.44241437667953,0.0007225762698625637,sakit
0.4718349874019623,0.22513480484485626,-0.2737318685497202,0.39312437176704407,0.21384896337985992,0.018573702004857806,0.4505869448184967,0.21981802582740784,-0.2840413503901196,0.03890834900900314,350.8555711349654,0.9399659660107381,0.16466946222821913,10.960338983131821,0.0015269263838471943,sakit
0.2907150983810425,0.33189454674720764,0.9049055543994273,0.26309913396835327,0.2897317111492157,1.164950899391304,0.25572913885116577,0.28513267636299133,1.3034598971906866,0.13381157887025083,574.6908744976951,0.9507937015900687,0.3593288621680594,9.554605852178112,0.017932399995667685,sakit
0.3106062412261963,0.33648252487182617,0.8098674425831806,0.2797697186470032,0.29398539662361145,1.0957401717812714,0.2709283232688904,0.28901249170303345,1.2433680546901962,0.09880173738901316,667.4220866667318,0.944571890618128,0.336250156953148,10.18602508349399,0.00980647120018872,sakit
0.3149261474609375,0.3382432162761688,0.7927070243160029,0.2839651107788086,0.2952866852283478,1.0777963402472492,0.274681955575943,0.290344774723053,1.2283037164976514,0.11682497254824002,671.165822905498,0.9447190598440901,0.3523351890331472,10.027544912938856,0.013698966951826227,sakit
0.29998907446861267,0.3343189060688019,0.8498719793364267,0.26929765939712524,0.2912444770336151,1.1218377357741256,0.2606225311756134,0.2860325872898102,1.2709123035473342,0.1271350534960842,589.0944929200385,0.9501139297353118,0.3496263294624508,9.787691570347242,0.016189114473116585,sakit
0.216012641787529,0.27215903997421265,1.1438287486381087,0.21606691181659698,0.2751350402832031,1.2410525201593365,0.2096988558769226,0.2672586441040039,1.269890191535255,0.2338117795159728,309.0727965666649,0.9682155821716151,0.41296257052336127,7.433805712485552,0.054722551901615325,sakit
0.21502423286437988,0.2721754014492035,1.14706922350337,0.2148326337337494,0.27546167373657227,1.2447649946056918,0.20812880992889404,0.26750805974006653,1.2720519220037354,0.22623602577621002,315.4381620177074,0.9676200897713816,0.405342572676781,7.535220917156316,0.051223312762943694,sakit
0.5255183577537537,0.32996633648872375,-0.48985250626095467,0.44916751980781555,0.2965792715549469,-0.36144347905925844,0.3436075747013092,0.25081145763397217,0.06246944254171536,0.1086056474159632,435.5389891392542,0.962102354679336,0.23791574455216236,11.085981809911454,0.01183323680773069,sakit
0.5517895817756653,0.23621350526809692,-0.3726221637315103,0.4651741683483124,0.21612273156642914,-0.13573068159522106,0.39640921354293823,0.20806807279586792,0.12170298057237733,0.012731717512809824,237.4904118866366,0.9617742141131878,0.1505956433418681,9.787883673351276,0.00016447803729943133,sakit
0.3421856462955475,0.26476168632507324,0.4424255372640896,0.3616311550140381,0.28736934065818787,0.44458755493410834,0.38494402170181274,0.3088915944099426,0.5172618886993192,0.12751759897477274,374.0633027148369,0.9626361986260686,0.3029814912137831,8.818315853510585,0.0163011735985478,sakit
0.46810051798820496,0.32300642132759094,-0.05370200899854177,0.40533190965652466,0.2964352071285248,0.0730010464921332,0.35508376359939575,0.26989609003067017,0.2727641985367927,0.0360523533638405,409.1458168043162,0.9648162776513644,0.21911404238829688,10.353414728312005,0.0013120917278284436,sakit
0.467678964138031,0.32525452971458435,-0.03551420810709501,0.4003553092479706,0.29634353518486023,0.09592087328629709,0.34634920954704285,0.2679513990879059,0.31341465137535396,0.03615797020765406,351.54320831547244,0.9698263266871311,0.2172039233627313,9.981234090058686,0.001318533530748035,sakit
0.14420658349990845,0.2368229329586029,1.6774693653288855,0.13091526925563812,0.22683997452259064,1.8996229682258723,0.1272449642419815,0.2222415655851364,1.9476571029445293,0.5812553225442627,197.1150077569307,0.9712307940583131,0.6636656833707867,4.400397626601613,0.33787946636510496,sakit
0.1438767910003662,0.23629052937030792,1.6786195905167018,0.1304066926240921,0.22587913274765015,1.9030724845608211,0.12709757685661316,0.22184808552265167,1.948806327123831,0.5950227873180745,186.02516004370554,0.9726218811322566,0.6676319512677128,4.334702614734857,0.3540683269510934,sakit
0.1435307413339615,0.23560333251953125,1.6805669192138668,0.1302076280117035,0.2257062792778015,1.9089951885438037,0.12685367465019226,0.22117261588573456,1.95408133944281,0.5836678027517154,185.22204105435426,0.9726503005745816,0.6620721396197883,4.365287968423461,0.3406850266364452,sakit
0.28820550441741943,0.2502357065677643,0.47619116381442217,0.290475994348526,0.25208017230033875,0.4872041859043338,0.28703927993774414,0.24656151235103607,0.5294115132544683,0.16149258033385278,444.20250406309714,0.9453154500162947,0.28889301699256953,11.144934803530056,0.026102168636460258,sakit
0.2870739698410034,0.2508080005645752,0.4820849918093899,0.28945672512054443,0.25268274545669556,0.4894092927771954,0.2862427532672882,0.24730707705020905,0.5305345567479202,0.16986583908028377,443.16371536646676,0.9457237699719844,0.29336511167450136,11.137599467833548,0.028871440026585565,sakit
0.2908608615398407,0.24888969957828522,0.46566905316706675,0.293192982673645,0.25076520442962646,0.4769982342757143,0.289815217256546,0.24537737667560577,0.5225953121832954,0.15161951065274307,443.2868010628143,0.9448480787913264,0.2839542001440198,11.114228264379696,0.023033717495701777,sakit
0.2935296893119812,0.24965517222881317,0.4585371696035445,0.2956332564353943,0.25147545337677,0.4704065251451161,0.2924754023551941,0.24605031311511993,0.5116836264126658,0.15983146752912766,453.4753480002846,0.9440053795028454,0.2925401405277671,11.09502721090501,0.025600906032882318,sakit
0.32043200731277466,0.32862821221351624,0.6130207397601682,0.28882676362991333,0.30619099736213684,0.8295372138380391,0.2667786777019501,0.2878975570201874,0.9729362700888228,0.29064268163359225,463.2185263881532,0.9626508983640192,0.3966767333909498,9.686198565878847,0.08450367737191584,sakit
0.3258766829967499,0.32873743772506714,0.5858713952527224,0.2948109209537506,0.307198166847229,0.8010375538029284,0.2729588449001312,0.28908607363700867,0.9439435116247213,0.28507894542762413,453.81397261555975,0.9635914385428945,0.3952781827160221,9.644314685776958,0.08132502673184117,sakit
0.3216359317302704,0.32853296399116516,0.6061079796254139,0.29040050506591797,0.3066748082637787,0.8232966942829485,0.2688747048377991,0.28855133056640625,0.9642058825394297,0.29072755113681986,475.4885295335371,0.9617682460382976,0.39488187004787373,9.748007755975094,0.08455617822686862,sakit
0.425190269947052,0.3512239456176758,-0.07317320285605605,0.3910023272037506,0.32585635781288147,-0.02875091992231788,0.2847975194454193,0.2545918822288513,0.370411782744376,0.24192194254975283,404.0603405535119,0.9703787713665778,0.3828826394586222,9.128929279403355,0.05856177961392279,sakit
0.43130365014076233,0.34910857677459717,-0.10838599342883865,0.3963591158390045,0.32407113909721375,-0.060937119831436,0.2881528437137604,0.25348860025405884,0.35020400047955824,0.24451094736548906,421.1903625664993,0.9687572489199532,0.3809109047499027,9.249463900309502,0.0598262667849384,sakit
0.4221307635307312,0.3311047852039337,0.10865673728920172,0.37226951122283936,0.30398479104042053,0.19711208897829885,0.3343755006790161,0.29045894742012024,0.40311800656728913,0.20549561996061536,454.0607735901154,0.9628055849491505,0.36741897287655445,8.624771838493045,0.042264056895991664,sakit
0.4121049642562866,0.32753533124923706,0.14381393669455084,0.35774627327919006,0.2977483570575714,0.23875655781185845,0.3169803023338318,0.28448352217674255,0.47099987898768736,0.21876997228098224,425.3761781572178,0.9637473140775992,0.3764087631286274,8.452697003553428,0.04789095771634424,sakit
0.4205103814601898,0.3310399055480957,0.1216035458285709,0.3713742196559906,0.30387189984321594,0.20616180868051245,0.3343757390975952,0.29019808769226074,0.4047701502068147,0.20474369665643252,427.6204395634713,0.9649627311246444,0.3705357097464413,8.405253738859894,0.041960978107726234,sakit
0.4200160503387451,0.33252835273742676,0.11328807480012817,0.3698481619358063,0.30496859550476074,0.2023386798724552,0.3319849371910095,0.2909735143184662,0.4103985578988755,0.20045147420206574,468.9525484944054,0.9618774739882116,0.3653586575385797,8.739398027164867,0.04021050529259661,sakit
0.21149273216724396,0.23286014795303345,0.9431768605515107,0.20509333908557892,0.22886337339878082,1.0729359366105307,0.20173878967761993,0.22807934880256653,1.099774437324821,0.2993020450357262,383.23205098058753,0.9439727135043997,0.40261646644590815,9.472671942417104,0.08960981542754187,sakit
0.21101917326450348,0.23063060641288757,0.9392685487355082,0.20467980206012726,0.2263881117105484,1.0716769115564826,0.20166461169719696,0.22543053328990936,1.093522499751838,0.2955728636920787,360.82843534842476,0.9460001724269983,0.4017163338716461,9.30884233584124,0.08738884751290033,sakit
0.2132551074028015,0.23256228864192963,0.9346587089866247,0.20688693225383759,0.22827567160129547,1.0614619026983667,0.2034623771905899,0.2278265804052353,1.0890448379498345,0.2984416892804695,380.43613220754037,0.9441327851220541,0.4032219503529691,9.464461485703929,0.08909266709903096,sakit
0.21640034019947052,0.2333214282989502,0.9237894888413153,0.21012520790100098,0.22892031073570251,1.0501656819756864,0.20704634487628937,0.22835277020931244,1.0703984411928509,0.2975432008184232,375.75008502196823,0.9450698490670777,0.4062061313499539,9.427022168543765,0.08856620251299219,sakit
0.5027514696121216,0.37485969066619873,-0.3970244838888593,0.46505677700042725,0.36293208599090576,-0.22718495597733926,0.4526052176952362,0.35785695910453796,-0.1842035712489685,0.22439101929093205,480.7373668680775,0.9720748165794214,0.3908370985551475,7.863101660292728,0.05038870008260349,sakit
0.502385675907135,0.37442687153816223,-0.3908821959285847,0.46385204792022705,0.36206910014152527,-0.21738520806257047,0.4517054557800293,0.35722124576568604,-0.17536277896581945,0.21967915088234524,446.556706801551,0.973939666160404,0.3896153437339726,7.703998210483846,0.04830462464772984,sakit
0.29006174206733704,0.21604207158088684,0.5745980016125356,0.27351632714271545,0.21010328829288483,0.767118492246476,0.26017147302627563,0.21195924282073975,0.8485418316873427,0.10483179243837111,246.9329999795095,0.9571556158083291,0.2552199735653122,8.401103417305897,0.01101597439632243,sakit
0.29893648624420166,0.21627186238765717,0.5580327036237122,0.2842180132865906,0.2112886905670166,0.7281897948713303,0.27314138412475586,0.21313048899173737,0.7980125531131762,0.0963227880361253,247.54557528523173,0.9575087605249178,0.2478539383407131,8.442002658480718,0.009317802229036831,sakit
0.2979848384857178,0.21737690269947052,0.5518184815310807,0.28298047184944153,0.2123137265443802,0.7175914082786435,0.27177539467811584,0.21386735141277313,0.7936358235372678,0.08743754116068027,249.06589614724317,0.9576428110129337,0.24669850903335555,8.464884299426055,0.007673387533101272,sakit
0.36411726474761963,0.28665968775749207,0.26207014642194826,0.34781157970428467,0.3012145161628723,0.508880601709724,0.33358457684516907,0.2958664000034332,0.5431320406089661,0.22998686021248724,624.3682883577826,0.9443610452251313,0.3374842828295146,12.052701157824592,0.05293580249117691,sakit
0.27679044008255005,0.30588123202323914,0.9847582335860111,0.2703089714050293,0.29128652811050415,0.9152377092676476,0.2604121267795563,0.2692287266254425,0.7943761724457048,0.2961068535258134,455.6017768820355,0.9590094070992202,0.403669744131487,9.803477818058623,0.08771064212899769,sakit
0.2714901268482208,0.30100151896476746,1.0003397169841843,0.2653128206729889,0.28669473528862,0.925489014415576,0.2560797929763794,0.2658143639564514,0.8008217158458024,0.3030279897944321,425.454457209551,0.9603968399800973,0.404494072703814,9.75146256121037,0.0918572552740131,sakit
0.28011658787727356,0.30543556809425354,0.9704394384523297,0.27354905009269714,0.2906467914581299,0.8970942127259607,0.26393383741378784,0.2686016261577606,0.7745906909353834,0.2972181543035235,437.5825234791161,0.9604585822039989,0.4045425729214808,9.706555829750448,0.08837477073211047,sakit
0.33578503131866455,0.3389929234981537,0.5815676712096289,0.2930971086025238,0.3063971698284149,0.789067008196825,0.264997661113739,0.2747628688812256,0.9196061874629795,0.28432528614340263,572.2429431543815,0.9533748286476714,0.414541618446316,11.720475933499264,0.08086275636004242,sakit
0.3010300099849701,0.3424404263496399,0.6377993689238405,0.25543320178985596,0.3056337237358093,0.8366237212967509,0.22641782462596893,0.27208176255226135,0.9785101063674849,0.2861706741267433,543.3143673710398,0.9554084946209488,0.42684570797458465,11.409933652776798,0.08192538486455775,sakit
0.2873481214046478,0.2965695858001709,0.7220095530669308,0.27058035135269165,0.28683438897132874,0.7914491034000624,0.25949522852897644,0.2616925537586212,0.6826030310973826,0.2848033208556728,397.37179207534,0.9626662175294146,0.4156562538272122,8.282077848986399,0.0811421956573568,sakit
0.2907519042491913,0.2971515655517578,0.7070529707976767,0.27353230118751526,0.2873052954673767,0.777611270665822,0.26234933733940125,0.26190686225891113,0.667557627587997,0.27686031747062767,392.6565692928843,0.9632221527630925,0.41291427900348365,8.237106998115665,0.07668486565860143,sakit
0.2951705753803253,0.2987888753414154,0.6885644570530968,0.27739381790161133,0.28855621814727783,0.7568135806111491,0.2659013271331787,0.2628934383392334,0.6514442050890168,0.27419403553973654,399.01536294881953,0.9629761340999227,0.412126077850055,8.249078021745214,0.07522197548013652,sakit
0.6216760873794556,0.3178977072238922,-0.7512902006350193,0.5037156939506531,0.3046949803829193,-0.5184663375180878,0.4102570414543152,0.2296229749917984,-0.04686932250043144,0.021215466494537007,245.47287219970914,0.9783874054804605,0.2037651992217753,8.30496159293374,0.0004574529074049916,sakit
0.5893670916557312,0.3466017246246338,-0.6371072503007023,0.4805518388748169,0.32297369837760925,-0.4247805597560844,0.39148640632629395,0.24764758348464966,-0.08066267970894897,0.05927398671295616,234.90973972701735,0.982088199667483,0.25024272401984854,7.804605865830911,0.003524690231792535,sakit
0.616389274597168,0.3194884657859802,-0.7230107047108745,0.4996330142021179,0.3048138916492462,-0.48847691946775246,0.40617525577545166,0.22999148070812225,-0.035690806724085776,0.02198942009414587,227.78440083420105,0.9799862440382934,0.2040845197291573,8.305121083531157,0.000490445053814507,sakit
0.6337801814079285,0.30638357996940613,-0.7615831952082541,0.5132136344909668,0.29767218232154846,-0.5359522931247633,0.41865289211273193,0.2226637601852417,-0.00369572785418825,0.019402346691119583,218.18174421178756,0.9796483058107031,0.19196707220165368,8.403038225113935,0.00038200377535540543,sakit
0.2178703099489212,0.22380124032497406,0.876904174470333,0.21335402131080627,0.21798628568649292,0.7140195859469506,0.22347065806388855,0.22975477576255798,0.6633078883894826,0.2835636838730072,186.92489223694054,0.9702509889296573,0.4959457939137226,5.5652153066420675,0.08044764435850137,sakit
0.21899667382240295,0.22327080368995667,0.8687531473257559,0.21436798572540283,0.21744786202907562,0.7086729665540903,0.22469769418239594,0.22957991063594818,0.660904611562172,0.27407908212597143,184.12766478323348,0.9705687744467232,0.4955852977703757,5.537479806156207,0.07517575284348803,sakit
0.2976313531398773,0.2236928939819336,0.8782432188465158,0.2924324870109558,0.217601478099823,0.7054000479602088,0.30303847789764404,0.23036262392997742,0.659464866647781,0.27689058736527117,174.0616660408108,0.9722131618702474,0.49687503429399055,5.401455019238864,0.0767155524716487,sakit
0.21636085212230682,0.22432193160057068,0.8789850166066141,0.21176458895206451,0.2183673232793808,0.7227774524317511,0.22205056250095367,0.2304069697856903,0.6718935124156961,0.28065396370351675,188.43114248135439,0.9701541309322327,0.49485292252067686,5.5828390022416725,0.07880637142177073,sakit
0.5398101210594177,0.34077924489974976,-0.18475724040173466,0.5210863947868347,0.3452354669570923,-0.05541834270349553,0.4985339641571045,0.32734277844429016,0.009142151433449193,0.13205840402012248,993.2361021243479,0.933429042768063,0.28139927469964543,14.82739683398176,0.017505037260726955,sakit
0.38366347551345825,0.2720825970172882,-0.07329990417966664,0.3306705951690674,0.29048657417297363,0.3440294474076367,0.30728235840797424,0.2826828062534332,0.5283335897782405,0.13422838283468372,517.8453085429246,0.9484483009030918,0.2615870912364852,12.724892030294756,0.0180631266079917,sakit
0.4514327049255371,0.27144432067871094,-0.4744759210563471,0.4017096161842346,0.2584042549133301,-0.24169608905913148,0.4140022397041321,0.28514590859413147,-0.02081417626190861,0.1323507352928675,298.0138001385913,0.9666846733654313,0.32827829871444386,7.375826923479927,0.017551990822988736,sakit
0.46080905199050903,0.2673608362674713,-0.5265002335922503,0.41006407141685486,0.2552453577518463,-0.280757930101598,0.42258012294769287,0.2830483913421631,-0.0528632629602854,0.13770210219321763,251.67818895126706,0.9711500776602299,0.3330217336307915,6.977116148125962,0.019001170669035942,sakit
0.4489150643348694,0.27099093794822693,-0.4700000037035666,0.3990248441696167,0.2572302222251892,-0.24021406037144263,0.41071611642837524,0.2832210958003998,-0.02437368606573472,0.13533816044948702,276.21601509982673,0.9688269590845254,0.3277814570268025,7.346704046212985,0.018352944396860874,sakit
0.22714687883853912,0.28537648916244507,0.9805992577254063,0.2192632555961609,0.28087934851646423,1.0553696651482405,0.20976880192756653,0.27616775035858154,1.1293028767212758,0.39716998982874446,351.8303761322782,0.9658402915555283,0.5413507257828264,6.743280932468358,0.15777411885388856,sakit
0.22155164182186127,0.2834913432598114,1.023336015228418,0.21353742480278015,0.2788853049278259,1.1027527615286832,0.20285815000534058,0.27297356724739075,1.186347517282331,0.3933444115396456,338.10456021748786,0.9666500884667567,0.5357958355379066,6.725640026456657,0.15474574034709368,sakit
0.2255076766014099,0.2854185104370117,0.9893006892051598,0.2176758348941803,0.2810705900192261,1.0662089108881627,0.2085990309715271,0.2764267325401306,1.135422989914788,0.39803285701841906,384.6860128031636,0.9627450285418221,0.5323074771586352,7.0270540768449665,0.15845323171834114,sakit
0.44928210973739624,0.3277707099914551,-0.09782971922090367,0.35509249567985535,0.27544263005256653,0.1396380651479431,0.31533485651016235,0.24240514636039734,0.3468556021261127,0.11508121667580455,337.98200355207433,0.9678896669952896,0.29233345170319763,8.84093325152116,0.013284837816200384,sakit
0.454872727394104,0.3273816406726837,-0.11779748345426108,0.36067768931388855,0.27557963132858276,0.12023214153053119,0.3206048309803009,0.24263308942317963,0.3298016513978446,0.12185104826758181,298.75543337735564,0.9716249864706628,0.29424904184340245,8.649417019049672,0.014888584759151299,sakit
0.44296711683273315,0.3304675221443176,-0.07486432358029574,0.34982988238334656,0.2770269215106964,0.15971414912655615,0.3099521994590759,0.24366416037082672,0.36371508493618426,0.12769839376586942,339.4691724788725,0.9682026095041967,0.30158063109973693,8.790580394350988,0.016330031306355356,sakit
0.39768186211586,0.2568242847919464,-0.08203468436794936,0.42271173000335693,0.2786308526992798,-0.09789949280022177,0.44202351570129395,0.3125244677066803,0.13803215028709248,0.1354942265931989,310.7254736565958,0.9665979808101307,0.2870879888158594,9.016610062897785,0.018401026647733337,sakit
0.391224205493927,0.25884994864463806,-0.05677028121596836,0.4158840775489807,0.2806518077850342,-0.07752378262300201,0.43478208780288696,0.313712477684021,0.15503022206823094,0.1277795742761258,341.9727475103244,0.9637467159936074,0.28221697506514026,9.277919108750524,0.016369473740094384,sakit
0.38434281945228577,0.26353272795677185,-0.038183622572881076,0.4085589349269867,0.28531500697135925,-0.052999285847633484,0.42765775322914124,0.31817957758903503,0.16864973552074472,0.1495772404324933,347.00929547401614,0.9645889025592008,0.296962497250609,9.187934743873704,0.022393359056906478,sakit
0.715610146522522,0.2758387625217438,-1.4446012742487222,0.6220858693122864,0.25019627809524536,-1.30284549752536,0.49540945887565613,0.21500450372695923,-0.6430488896025094,0.023553349396808573,327.2003327653418,0.9588903858435813,0.17864580148006612,9.330920614978343,0.0005646064684777479,sakit
0.699924886226654,0.29489701986312866,-1.3622767914835063,0.6087899208068848,0.2667560875415802,-1.2240114126034694,0.4860556721687317,0.22742806375026703,-0.6609963695802866,0.037868762891494,367.7525635633731,0.9596772895986464,0.19837248464455007,9.389655996103755,0.0014448075339844218,sakit
0.7308071255683899,0.2568119466304779,-1.5184506192131904,0.6359786987304688,0.23486827313899994,-1.3628684756498617,0.5071014165878296,0.20483265817165375,-0.6027084427558127,0.021004967379093107,329.3111240997309,0.9525336591890539,0.16553674760179474,9.494771175323455,0.0004496409550884587,sakit
0.30584394931793213,0.3843047320842743,0.7469534596060984,0.27112218737602234,0.3439868092536926,0.833493874970977,0.2319023460149765,0.29402047395706177,0.9630707096471174,0.3673168321326962,371.133211412343,0.9766131016041251,0.5082152598183216,7.511479759117364,0.13495517978761487,sakit
0.3010803461074829,0.3840504288673401,0.7643079585857092,0.2653234302997589,0.343437135219574,0.8590276286937072,0.2277354747056961,0.2941095530986786,0.980890803603148,0.34571731054203325,430.955457549854,0.9728611602367518,0.49830975118813176,7.9242927488287025,0.11955752414735203,sakit
0.28133004903793335,0.29594868421554565,0.4373361032829354,0.304139643907547,0.2704465091228485,0.10523830292659234,0.30445173382759094,0.28106242418289185,0.21214886395922775,0.25359107487654076,264.11668758868296,0.9711112130566674,0.41772893385713056,7.207284031087297,0.06436042402706586,sakit
0.3537353575229645,0.2919643223285675,0.14730889637401273,0.34246575832366943,0.2961861193180084,0.28425162302429896,0.34946683049201965,0.30296292901039124,0.2960387411108374,0.23162062319384644,241.67625042160935,0.978594706283627,0.39013319565649524,6.8955993270608475,0.05368839977421958,sakit
0.4115354120731354,0.333291232585907,0.16191255625339993,0.3638111352920532,0.30594196915626526,0.24343707110474969,0.3282787799835205,0.29223623871803284,0.43707232639848465,0.20683372604502456,449.43366566647325,0.963713372549469,0.36410227487201635,8.728436285658233,0.042803273077899745,sakit
0.4141371548175812,0.33284035325050354,0.14990218202988492,0.3657684624195099,0.3051337003707886,0.23243452940979709,0.3300391137599945,0.2917230725288391,0.4273467183727207,0.20308444939530992,448.2885308750421,0.9636383997861953,0.3640481786503403,8.725971291599132,0.04127287762436052,sakit
0.4552864134311676,0.3405546247959137,0.09250229338239625,0.3939342498779297,0.30618852376937866,0.2131851126180984,0.34476572275161743,0.29221850633621216,0.5166664276034646,0.23027375817889828,484.8659446554961,0.9609939925194536,0.38012523753848965,8.878848315210744,0.05304431937674564,sakit
0.4944288432598114,0.3013967275619507,-0.20416608382995877,0.4412953853607178,0.2763201594352722,-0.07576592015417054,0.4195573627948761,0.26657894253730774,0.003312003342552908,0.02959383371931408,434.6929022235097,0.9573801750305627,0.1926239911221622,10.849118932687146,0.0008854421706268322,sakit
0.5035122632980347,0.29690980911254883,-0.20788778294815122,0.45016661286354065,0.2730035185813904,-0.07417596845191934,0.4284942150115967,0.2633439004421234,0.01516507174377869,0.017968381578916264,464.29022896614975,0.9531218429376865,0.17589322771780916,11.237383734639453,0.0003286880645156144,sakit
0.5154634714126587,0.2944048345088959,-0.20540718244808076,0.4707779288291931,0.27393972873687744,-0.08363023591899413,0.4517926573753357,0.26583707332611084,-0.016942559082455254,0.016383681482485663,450.38603252814397,0.9545985603416244,0.17447109778876027,11.122334192420395,0.00027328895712854553,sakit
0.4736776351928711,0.3125401437282562,-0.1357671903899169,0.4220796525478363,0.2851296663284302,-0.012325372234278563,0.40123745799064636,0.27394387125968933,0.06347582073950064,0.07814374327501111,397.6120173087392,0.9635934857681979,0.22729170570504711,10.386592646755906,0.006115997132771417,sakit
0.2148514837026596,0.3041591942310333,1.1104055567897517,0.1884273886680603,0.2694542109966278,1.1738850225467108,0.17069780826568604,0.24547956883907318,1.3322665495677206,0.47765964166928193,351.1485588866555,0.9646387783385669,0.569674208652677,7.698086441719277,0.22818384449700638,sakit
0.21262578666210175,0.30204248428344727,1.121416494108603,0.18624237179756165,0.2674373686313629,1.187258120707494,0.16894489526748657,0.24371284246444702,1.3444313912545716,0.4538751190538061,378.6508990758514,0.9614562347224669,0.5559745870109263,7.895989704856059,0.20603775843477642,sakit
0.3602830767631531,0.3435523211956024,0.6065173073834004,0.3258233964443207,0.29590174555778503,0.9724104263127308,0.31341373920440674,0.29299217462539673,1.133213934097526,0.05568491229455166,431.3297792116223,0.9645538032188608,0.2944753287343742,9.42618282875607,0.0031127186393344526,sakit
0.6005486249923706,0.23932640254497528,-0.857454291551666,0.552229642868042,0.22486835718154907,-0.717001465856396,0.40116602182388306,0.19642190635204315,0.1625344170842752,0.01617453459095858,358.9961356300386,0.9448045707003411,0.17543882735211522,10.914888897552204,0.00026636779385602784,sakit
0.4355473518371582,0.22395116090774536,0.4091276366932064,0.41812798380851746,0.21838529407978058,0.40082357942422064,0.43860504031181335,0.21651685237884521,0.19386051611365765,0.010709558815066716,511.8468683229032,0.9170574328582607,0.10853828391574709,14.297571014550817,0.00011718938135420046,sakit
0.3955225348472595,0.2969425916671753,0.37938055179954566,0.3712925314903259,0.297437846660614,0.43527433524353965,0.33968546986579895,0.28810709714889526,0.5799371561378731,0.042559637746452335,184.68499133976255,0.9838205425252328,0.3594299979668811,6.362371501903406,0.0018327408521788934,sakit
0.39391183853149414,0.31468573212623596,0.9500002812112166,0.38036322593688965,0.30117979645729065,1.0680696377142678,0.333758145570755,0.27417534589767456,1.4227744660007073,0.2867619518756009,348.5672164763844,0.9704530867033488,0.4765414235449145,7.734470218496796,0.082255873147269,sakit
0.49481555819511414,0.2902159094810486,0.14530235201105102,0.4488191604614258,0.27949273586273193,0.48718921804283416,0.4154333770275116,0.2675684988498688,0.7131234099902234,0.014105100941258582,439.32705235147546,0.9560933378649602,0.11911880143801883,13.121464165953833,0.0002013574729119071,sakit
0.45083558559417725,0.26504597067832947,0.34874973364836886,0.42359521985054016,0.2614496946334839,0.40126334037612893,0.40500935912132263,0.2271164208650589,0.38229740791035177,0.015312547683695998,279.77697439893143,0.9673882800416255,0.15261685374713088,10.155564301410063,0.00023687351933576858,sakit
0.3670071065425873,0.2282983511686325,0.3123304926811044,0.3709101676940918,0.23049892485141754,0.3332605662150368,0.36507517099380493,0.22415605187416077,0.43578078270245857,0.014075645987240917,460.2423061945189,0.9320570634506335,0.16451650779794266,12.186850432800862,0.00020316306577820807,sakit
0.5795139074325562,0.3138704001903534,-0.04662325693052411,0.5282219052314758,0.29242634773254395,0.05590461604514882,0.47484225034713745,0.26492440700531006,0.16568419239996915,0.02058425761384663,372.0092940535513,0.9667936429537942,0.1979454439649925,10.37606920669793,0.00042932930399161877,sakit
0.23596879839897156,0.19123899936676025,0.7632945345865775,0.23135849833488464,0.18382778763771057,0.49020699432834625,0.2426624447107315,0.1932556927204132,0.3691006222678331,0.09884415488388565,171.06785731236076,0.9615748984464433,0.3603291027233059,6.11603830208275,0.009782875963862262,sakit
0.44653812050819397,0.20909634232521057,0.17539420628800978,0.39539775252342224,0.21157152950763702,0.443648107232658,0.37151995301246643,0.22074894607067108,0.6494092746038254,0.015534568312034034,277.0525362103941,0.9516836229783828,0.18517371122786763,10.038941363390004,0.0002480205783920278,sakit
0.5409046411514282,0.3992321491241455,-0.14053852718779739,0.5425540804862976,0.39693668484687805,-0.1344598177724435,0.49802151322364807,0.38010573387145996,-0.10645697157552744,0.06338401397850248,821.3940390704087,0.9594000933966086,0.33360809845130485,11.68692356556741,0.004036182981816961,sakit
0.4309527575969696,0.38247230648994446,0.18572853805357634,0.40369024872779846,0.36693230271339417,0.3696152621974681,0.3628649115562439,0.332107812166214,0.6053415828255517,0.06753414599469203,304.9425762148112,0.9818419649392922,0.3272836756790171,8.149779789453715,0.004585972392644058,sakit
0.4988511800765991,0.30302420258522034,0.0863502506316404,0.47252458333969116,0.32104912400245667,0.3762236469127447,0.45514899492263794,0.32874953746795654,0.5469123085909846,0.022216226085915464,580.4389393720775,0.9548835006635207,0.22864589429836424,12.337043125287323,0.0005004111054250453,sakit
0.4046928286552429,0.34269216656684875,0.554909756667344,0.3523697257041931,0.3034084737300873,0.602253643808863,0.26362496614456177,0.2806556522846222,0.8384222900056147,0.019256879612728765,394.765834512192,0.968467632225674,0.13426538012795433,12.396704208144635,0.0003748545937382368,sakit
0.46313992142677307,0.2512219250202179,0.4293456850964684,0.42590928077697754,0.2479540854692459,0.4848658043908688,0.39622005820274353,0.2574189305305481,0.7189367538196637,0.013032985622172859,532.8608697102892,0.9306785593281363,0.1354173273917455,13.570545386874842,0.00017292167578276537,sakit
0.4914085566997528,0.21847067773342133,0.043273456541229924,0.4779479503631592,0.22469870746135712,0.1339233188261811,0.46586522459983826,0.2371758073568344,0.17033901166483167,0.01507473646514425,184.64681050713816,0.9715367717536991,0.1850460619540355,8.092755467830639,0.00023273707811632187,sakit
0.520634651184082,0.2843964695930481,-0.10696558400431738,0.4530627727508545,0.25358161330223083,0.23011464056984848,0.4435320198535919,0.2482985258102417,0.3817634778468778,0.012470761836807134,593.9744666608551,0.9304001784245383,0.14617500594297506,13.47600837411001,0.00015816801199364334,sakit
0.38998132944107056,0.2712894380092621,0.3012185814608396,0.35845354199409485,0.26638829708099365,0.3866354184133951,0.3316526412963867,0.2702993154525757,0.4811985787882756,0.028312078777723803,220.96806713698632,0.9762267006629363,0.259585702718375,7.80257252626816,0.0008169835390483917,sakit
0.4807625412940979,0.2679315209388733,0.29853985812671513,0.4416702389717102,0.263374388217926,0.383411408453963,0.40828463435173035,0.2703298032283783,0.4795927846863311,0.022637600213240277,201.74897107959052,0.9778888999198917,0.25654091722553013,7.608197967541677,0.0005237863733834376,sakit
0.5453963875770569,0.3655022382736206,-0.5683344052264726,0.4397328495979309,0.3113038241863251,-0.0685015417811899,0.38170358538627625,0.2934458553791046,0.25440804921708265,0.07860401959478232,343.8479225913964,0.9744343186114829,0.3089502380482782,8.815079871746766,0.00619192595549569,sakit
0.3162761628627777,0.2785218060016632,0.5169732401465598,0.2935703992843628,0.2814843952655792,0.5515681437368293,0.3163730502128601,0.23997117578983307,0.5415163620744663,0.0340893817634988,1101.7745206514255,0.8875844041182229,0.21355186515074917,18.809194968570534,0.0011740615305907444,sakit
0.22485670447349548,0.23096294701099396,1.5858442903993448,0.2517799139022827,0.24356508255004883,1.4628960829839748,0.27521607279777527,0.2116619348526001,1.0674293421035326,0.02343059873276077,294.4997267292202,0.9587051887877397,0.2305254082106326,8.32342104105311,0.0005644437678307872,sakit
0.4399300813674927,0.26000919938087463,-0.06607549173509966,0.3817335069179535,0.2253495454788208,-0.05302578031445024,0.3515440821647644,0.20942018926143646,-0.006112100507392043,0.01679222320219802,185.99389516872895,0.9730769043694313,0.20176414870397988,7.730969679928286,0.00028724180783335905,sakit
0.5967477560043335,0.22077089548110962,-0.10552093438591544,0.4601425528526306,0.19287531077861786,0.3075812269652055,0.31499603390693665,0.16642513871192932,0.8075104114322472,0.015360013941282669,535.2164550501336,0.8894367747662342,0.14566476835586079,13.532897179089785,0.00023899612425549448,sakit
0.47962963581085205,0.3222082555294037,0.13719984220836343,0.4618866443634033,0.3183680474758148,0.2549030586026904,0.4483107626438141,0.31258028745651245,0.3373915577699087,0.029415597803545582,449.60627749311806,0.9656848164698074,0.18938963275066537,11.526059753068916,0.0008703909645968888,sakit
0.3486364185810089,0.2560013234615326,1.1938938968054666,0.32694435119628906,0.24670356512069702,1.3486497978914889,0.2539662718772888,0.218970388174057,1.5898869786203267,0.01653005606388427,403.30797938846354,0.9487619036755987,0.1720994658076633,11.364256234352629,0.0002811332389078454,sakit
0.2521665692329407,0.21721433103084564,1.3096483779069692,0.24599501490592957,0.2135581374168396,1.3868598362564857,0.24863599240779877,0.21319633722305298,1.4026417803053721,0.0786609296470903,435.87642814077384,0.9270160812070344,0.2938426048638185,10.505556604778553,0.006201841424791299,sakit
0.44811514019966125,0.1995309293270111,0.034033200463834484,0.4330880343914032,0.20270390808582306,0.07785550796155197,0.422026127576828,0.2089502513408661,0.16737353847550718,0.016275575284590237,318.17837335025644,0.9396660503733371,0.20229626435043066,9.322529932630152,0.00027194285836030954,sakit
0.42306041717529297,0.200702965259552,0.4956173711615938,0.41056883335113525,0.19792869687080383,0.6529092218656845,0.39826101064682007,0.20042011141777039,0.6912120605429106,0.02357416065523979,266.67797882227785,0.9473760937428967,0.18107715560288232,9.1017210954084,0.0005616233744694627,sakit
0.34554803371429443,0.19834627211093903,0.7120546495086173,0.3298274576663971,0.19535212218761444,0.908489109260973,0.3153172731399536,0.19944696128368378,0.9223929666305952,0.01569665919270212,274.2893618637376,0.9449091949472793,0.1578308774870905,9.463348743157693,0.000249832068824482,sakit
0.49158042669296265,0.35024091601371765,-0.4822219030085593,0.36490049958229065,0.2925209701061249,0.108267956791929,0.3008885383605957,0.26981574296951294,0.5495268794416392,0.1931856941399681,436.69555593056947,0.9630641383015103,0.3626117385242158,9.072332257825915,0.03732984325839689,sakit
0.44953182339668274,0.24193912744522095,0.008395735581247555,0.4720519185066223,0.2585640847682953,0.005149551094402465,0.4306447505950928,0.22911866009235382,-0.030328038480482714,0.010550458752436346,731.051053474118,0.908839641798747,0.11507935063070378,16.673170772946083,0.0001145189013918579,sakit
0.5869296193122864,0.28001245856285095,-0.007262812005142526,0.5678000450134277,0.28287217020988464,0.07822105834469989,0.55485600233078,0.27636274695396423,0.1504443294997004,0.0366281631360659,540.0724275920327,0.9472149743600782,0.18893359268787627,13.60764365246982,0.001347201642487472,sakit
0.466320663690567,0.1779763102531433,0.047423849548640123,0.4585142135620117,0.19681426882743835,0.5743096170316855,0.4047706723213196,0.198089599609375,0.5698849965732727,0.011070192292838529,710.7088812720184,0.8412229486670225,0.10064064679406091,17.059538387683777,0.000124257109727262,sakit
0.39849749207496643,0.2692851722240448,0.18617914816135436,0.37549346685409546,0.25635260343551636,0.2663735171099128,0.3273788392543793,0.2367594689130783,0.3449646944752735,0.01337607656143483,1061.2754602544715,0.8764905023795877,0.11783944405263043,18.261824506324267,0.00018188398104023286,sakit
0.5885425209999084,0.15089905261993408,0.36158175828692934,0.5099059343338013,0.15989722311496735,0.4043940114058678,0.4066372811794281,0.1753639280796051,0.6805575979321627,0.01486275812708643,329.2785524244742,0.8929086427083246,0.14611806512909362,11.386753950932372,0.00022587394863085556,sakit
0.48830243945121765,0.22800087928771973,0.35745195048875766,0.46691280603408813,0.26310256123542786,0.4391970505737096,0.44790586829185486,0.26296326518058777,0.4253318172557328,0.014285148812820595,754.2653117741756,0.9068215428360079,0.13522068394974776,15.93042571764505,0.00020606779232531668,sakit
0.5457426309585571,0.1906164437532425,-0.6690770802771477,0.4988681972026825,0.19375848770141602,-0.39005630380927314,0.5062018632888794,0.22011005878448486,-0.1847440657568006,0.031210643085596956,208.11194222155257,0.9567210719925942,0.2250242678473654,7.338190533300346,0.00098084460130338,sakit
0.4423942565917969,0.2826334834098816,0.6927636639938061,0.432105153799057,0.2611417770385742,0.6736180246015544,0.41581952571868896,0.2321658730506897,0.6217526220046999,0.013341930422420436,457.62991021384,0.9488398569099575,0.1261780649718205,12.973497895706183,0.00018135157215503253,sakit
0.4492257833480835,0.30583900213241577,0.16459604676408215,0.4259757101535797,0.3201083540916443,0.4222247913460561,0.4108428955078125,0.3256934881210327,0.5821589211654923,0.02218293872396058,686.5580702657103,0.9465859684620767,0.22703027999505973,12.928262984909745,0.0005006720803222993,sakit
0.20488277077674866,0.15273571014404297,1.3984223506283104,0.19197387993335724,0.14536301791667938,1.4687076067117695,0.18426837027072906,0.16129837930202484,1.5876705547530803,0.038063497588276915,276.3849262696563,0.9045707248846404,0.25197553494934405,8.684727558603823,0.0014766809265964874,sakit
0.4481556713581085,0.29395776987075806,0.3685094322680838,0.3843802511692047,0.26959121227264404,0.5174355841408698,0.3121413290500641,0.21684810519218445,0.8018511711844026,0.015557927878405028,756.2340083690618,0.9196583402840948,0.13222398583587003,17.274822647857142,0.0002462358939704823,sakit
0.5985276103019714,0.26376795768737793,-0.3756858301829316,0.5724219679832458,0.2596549987792969,-0.18571833588404396,0.5007021427154541,0.2612711191177368,0.45561208138660075,0.018326436703862976,743.2226498309541,0.9145180929253732,0.12964282134484245,16.423360111408645,0.0003382249326441473,sakit
0.45696908235549927,0.18359948694705963,0.2550975571071168,0.4261496663093567,0.18627667427062988,0.514214330304853,0.3929615616798401,0.1837690770626068,0.6477725211592449,0.016107717943361632,246.15161356295826,0.9431976918591376,0.19182179172960126,9.077186810206198,0.00026686766935177,sakit
0.44644030928611755,0.3015608489513397,0.30123487010866795,0.39662596583366394,0.2781056761741638,0.3795727920292048,0.3429107666015625,0.256970077753067,0.59073165161055,0.0165849479397037,594.7789784320798,0.941998012973904,0.12752986195902102,14.16356923576123,0.00027646378195382896,sakit
0.5850471258163452,0.21086731553077698,-0.2605766097870296,0.5141646862030029,0.21531493961811066,-0.020472621372535076,0.4990254342556,0.21888785064220428,0.013139100414745891,0.009267876920838811,837.4962369579692,0.85423036385568,0.0746197299510927,19.59755793454274,8.664147610897802e-05,sakit
0.4262925386428833,0.23050279915332794,-0.09209126560117802,0.4166676998138428,0.24743640422821045,0.07445370233713088,0.41944316029548645,0.25727590918540955,0.12122842018861166,0.01660562311443582,169.41944813912076,0.9778057968607049,0.2258186194366105,7.318516735542574,0.00028059625570887766,sakit
0.6333665251731873,0.16283810138702393,-0.5559034004075536,0.56044602394104,0.1505640298128128,-0.31220786511333537,0.47262370586395264,0.14598454535007477,-0.07112571807755624,0.010856886925043894,575.6560845950347,0.8045849658078962,0.07240877510992726,17.211399093463022,0.00011903179150076034,sakit
0.5148876905441284,0.2953064739704132,-0.34344492257504694,0.48632752895355225,0.2938530445098877,-0.14264503256032882,0.4678526520729065,0.3000842332839966,0.13215312636834403,0.021745368679289626,495.28257024705044,0.9556702689722519,0.23035006790706336,10.623090169995221,0.000480937743949215,sakit
0.40853917598724365,0.24478426575660706,0.2853029444760211,0.38925865292549133,0.23759864270687103,0.3041773313775579,0.4056709110736847,0.2353833019733429,0.11912791732844716,0.03341013918521862,564.2192944495926,0.9226723281006503,0.1391379003451296,14.418951564274886,0.0011199037430697832,sakit
0.4259181320667267,0.23093901574611664,-0.007173863699681326,0.378468781709671,0.22830113768577576,0.2999822018122378,0.3572174608707428,0.23507127165794373,0.5155929426964435,0.033427976056739646,322.16250162798787,0.9520410498736208,0.1999626294650139,10.575124715002268,0.0011234324785119063,sakit
0.06061365455389023,0.1548078954219818,3.531042209241602,0.06922464072704315,0.16692626476287842,3.2767926443323727,0.0754958838224411,0.16389784216880798,2.684608040087673,0.663600010755019,343.3133010208472,0.9008910980755448,0.7256253184618662,4.902332497255708,0.4403758610603339,sakit
0.22496262192726135,0.3199921250343323,1.1580389136260116,0.2092290222644806,0.30305215716362,1.300658121958181,0.19609548151493073,0.28880980610847473,1.4138322486324366,0.48801783367958507,418.6727596369105,0.9655455348101406,0.5629751674921524,8.056738209724099,0.23818528177551945,sakit
0.10801085829734802,0.23266977071762085,2.414769787679921,0.08235575258731842,0.19306182861328125,2.9091870268067006,0.08511190861463547,0.20107921957969666,2.8730578778464357,0.6670623499527405,387.7797651734427,0.9296857495620885,0.7379099629062851,5.169019696545208,0.44498774699012505,sakit
0.14945194125175476,0.2838660478591919,1.823215350449521,0.1426772177219391,0.2813626527786255,2.022205184746473,0.1381429135799408,0.2787964344024658,2.13357223511346,0.6336759867253611,549.59373083111,0.9468910060062606,0.7018532598748984,7.055873047625622,0.4015601357170298,sakit
0.17925618588924408,0.22443754971027374,1.1052601883090551,0.16540251672267914,0.2140340805053711,1.2931163202637719,0.1611758917570114,0.21217308938503265,1.346091186872582,0.4284989665493298,220.93209395985733,0.9636746585065056,0.5218420004063467,6.399698092137829,0.1836345265997438,sakit
0.13001756370067596,0.24677933752536774,1.6963358959452053,0.12821762263774872,0.24475064873695374,1.7205084337774461,0.12456294149160385,0.2414650171995163,1.7867359732027939,0.6847200955447983,279.4935260774028,0.9643559873270954,0.7383175132250733,4.548338361310853,0.46885501242090594,sakit
0.13450664281845093,0.24412256479263306,1.6703864151260888,0.14074695110321045,0.25605207681655884,1.6768371989028978,0.12866923213005066,0.2327735871076584,1.6471768827907278,0.6302606704406557,462.88339829609026,0.94305314929934,0.6799003471303817,7.877121711527207,0.3972448796133254,sakit
0.15969215333461761,0.29082393646240234,1.7086518334233975,0.15388748049736023,0.28208035230636597,1.7741935321474775,0.1487160474061966,0.27504968643188477,1.8273208817322908,0.5984771669778778,541.342793961261,0.9485802689784594,0.6557754013330863,7.440410828230289,0.35818823377926257,sakit
0.32461103796958923,0.33407968282699585,0.7438090789020382,0.2930049002170563,0.2862032353878021,1.0522984451364668,0.2826526463031769,0.2823142111301422,1.2080812086386925,0.06715898479357592,486.1503922210814,0.9576141382955304,0.2854526866882882,9.70410753366253,0.004528488776073105,sakit
0.5070753693580627,0.4093545973300934,-0.007142801643083217,0.5093933343887329,0.406934916973114,-0.004584704191933709,0.4687156081199646,0.38830655813217163,0.024931971825962428,0.07282143137826684,655.3951497466161,0.9692293663021875,0.357721319009036,10.552730041715355,0.005322597765822515,sakit
0.570957601070404,0.27527499198913574,-0.8199869002598301,0.524734616279602,0.2577469050884247,-0.7158362007800533,0.3836228847503662,0.2161826640367508,-0.0028641994095699873,0.031180528782833773,416.22174095319133,0.9505736619712258,0.1891567649800491,11.328536055062765,0.0009776191434739772,sakit
0.5025849938392639,0.3751538395881653,-0.3718664929992344,0.4021337330341339,0.3140833377838135,0.036814695992885504,0.34759461879730225,0.2901611328125,0.30979216544234267,0.07353038074044072,474.163311698039,0.9656754743494234,0.2966244719900946,9.638167697596854,0.005418574037811016,sakit
0.28520894050598145,0.27724984288215637,0.6752393600599287,0.2628127336502075,0.27697518467903137,0.7218829701032665,0.28983980417251587,0.24360884726047516,0.6538594308218257,0.04622447080480021,1077.4924770534947,0.8880815108888737,0.2546803444175357,17.754668057260606,0.002153026506414256,sakit
0.3303763270378113,0.3351038992404938,0.7084144268966992,0.2958846688270569,0.2858850955963135,1.0311907401199727,0.28442564606666565,0.282053679227829,1.1975725116431468,0.06797289122406443,519.3245929534486,0.9546983523334148,0.2840861844739715,9.964124382118289,0.004635870706624918,sakit
0.35876545310020447,0.21311679482460022,-0.028747463657546567,0.33953744173049927,0.21484461426734924,0.05340708461490186,0.3271443843841553,0.22098872065544128,0.17915514691522744,0.0369585403299056,323.0713254070828,0.9455506471261462,0.22468753781652873,9.214032201500077,0.0013731235368915557,sakit
0.3274468779563904,0.21112507581710815,0.54861834769226,0.3134968876838684,0.20769163966178894,0.6978987721151467,0.3012750446796417,0.2103673219680786,0.7536927055503826,0.03806670954799806,283.2880469632509,0.9494047112135409,0.18641696422290754,9.46940197957151,0.0014565156456649618,sakit
0.503185510635376,0.3762233257293701,-0.37178945167734456,0.4035113751888275,0.3150322139263153,0.0223209141387228,0.348934143781662,0.2906016409397125,0.2959421715474026,0.07867011318898555,466.01953341911434,0.966421049705505,0.30247606276268685,9.60896201802913,0.006203973047086104,sakit
0.43549638986587524,0.20752555131912231,-0.26480866672402953,0.42498812079429626,0.22178058326244354,0.21250856929176143,0.37702029943466187,0.21707646548748016,0.35678540516682744,0.027463651194358483,753.7456008544523,0.8697438850890101,0.13063630815612196,16.79142598919106,0.0007579108366572106,sakit
0.3712764382362366,0.2751777470111847,0.26821569459328587,0.35080021619796753,0.2635446786880493,0.3310456963411143,0.3097410500049591,0.24250462651252747,0.4075731209134211,0.033409173446293246,1052.9231394799706,0.8832266000877179,0.14061665211986524,18.075904298572905,0.001121061928171194,sakit
0.5452437996864319,0.20890448987483978,-0.7830088014504284,0.47041499614715576,0.20087513327598572,-0.37375961658363377,0.37358611822128296,0.19437360763549805,0.26664953127707364,0.02998801935789626,427.22516195832804,0.9145199896380479,0.17116214579405845,11.74195223827113,0.0009038802892989607,sakit
0.4468618333339691,0.24791401624679565,0.15004228346648923,0.42300501465797424,0.2743426561355591,0.3936614233325176,0.4063192903995514,0.27318674325942993,0.4102773940554706,0.029807137408330093,871.520009590287,0.902771072071098,0.15462221949979377,16.13944467848002,0.0008926176855098139,sakit
0.48522448539733887,0.2003038376569748,-0.7086839678968381,0.43169641494750977,0.20084530115127563,-0.38834273076194065,0.44048798084259033,0.23075085878372192,-0.1359204597974369,0.03545970513882039,232.984367246009,0.955358162051659,0.2214544186327838,7.654213242504238,0.0012627766267500576,sakit
0.4091484248638153,0.29138895869255066,0.6299853451089857,0.4004181921482086,0.27242353558540344,0.5746821812999535,0.38620761036872864,0.24616217613220215,0.46855647790486427,0.03402469863192127,562.5927010900654,0.9418072492032069,0.1532631748553023,13.392051063405587,0.0011614664330923373,sakit
0.35553398728370667,0.21551506221294403,0.03282179104572554,0.33639517426490784,0.21763674914836884,0.11678783798224252,0.3236064612865448,0.2239280492067337,0.22996195123850446,0.03769957452455059,352.799079026659,0.9419403369203847,0.2204669856026865,9.55729035514397,0.0014272576463324478,sakit
0.4472070634365082,0.24554379284381866,0.11043759207321326,0.42437121272087097,0.27264806628227234,0.3724668705489511,0.40550094842910767,0.2697199881076813,0.39148291128853013,0.03132328962116993,845.3168882829845,0.9042572210285732,0.1550036012413166,15.968167116961197,0.0009850070693287396,sakit
0.1908794492483139,0.15748734772205353,1.3718160574585723,0.17844447493553162,0.150136798620224,1.430053216384369,0.17315304279327393,0.16534261405467987,1.566562151433176,0.049743729991130775,295.386352651497,0.9038036592927551,0.26826404886869587,8.774996405073095,0.0024920921052875166,sakit
0.4573380649089813,0.31545475125312805,0.19178224535959354,0.43035972118377686,0.32725289463996887,0.4823277012025428,0.41270485520362854,0.3299764096736908,0.6411675185941798,0.0350867343541181,752.9629674796159,0.9440276458260435,0.22615438244066252,13.397262064496635,0.001237394511855892,sakit
0.40547916293144226,0.30279451608657837,0.4494383446401149,0.34906166791915894,0.2758655846118927,0.5857816575893257,0.2846076488494873,0.22148394584655762,0.8076812125212973,0.02990965003398309,832.0891227406001,0.9158922357097032,0.16207411882050463,17.06003061736572,0.0008991556126243884,sakit
0.4149334728717804,0.2774192988872528,-0.014930166993782088,0.3606664538383484,0.24017472565174103,-0.021354477751409032,0.33304527401924133,0.2218562811613083,0.016398040401583016,0.029872132920782765,245.06419192680883,0.9686631972409026,0.21686900689274569,8.262144700412762,0.0008993516534342544,sakit
0.5476793050765991,0.29547592997550964,-0.36037747333108267,0.5236321091651917,0.2874522805213928,-0.22670392870542028,0.45787879824638367,0.2764814496040344,0.32428302446349555,0.029650911991265193,923.0132666890598,0.9124988270857374,0.1408457605059769,17.465580643155437,0.000882470029873412,sakit
0.3869457244873047,0.37634751200675964,0.36066830822021245,0.3599940240383148,0.35842791199684143,0.5385642447235622,0.3201247453689575,0.322095662355423,0.7793282355300281,0.07423339398678715,534.2716206600977,0.9668962730514422,0.328219608815593,9.495371892777445,0.0055355075638576145,sakit
0.5542565584182739,0.2605744004249573,-0.3866469638066293,0.42587369680404663,0.21771563589572906,-0.008538227804563887,0.2904894948005676,0.17566359043121338,0.5776353571376831,0.026503995212028494,631.316781726463,0.8992748261125619,0.16705977550430137,14.091730580872797,0.0007071368648388192,sakit
0.40794479846954346,0.24596217274665833,0.2810871726504843,0.3902134597301483,0.23867905139923096,0.2950372220792417,0.4086463153362274,0.23734936118125916,0.10590939617949453,0.03302020038510114,560.4215876336472,0.9237849898214446,0.1391044673781488,14.364636131907863,0.0010939800003311833,sakit
0.36663156747817993,0.3045080602169037,0.4685578754545576,0.3427563011646271,0.30212220549583435,0.5384668975626148,0.3138316869735718,0.2909875810146332,0.6757555593054536,0.04982261718052022,265.38964619845314,0.9775197416223489,0.34797523771399314,6.816710453942868,0.0024981798193195095,sakit
0.46213769912719727,0.3050861954689026,0.17509055876627008,0.41492411494255066,0.28991180658340454,0.49941578065731634,0.3832528591156006,0.2754427194595337,0.7069822468171437,0.035229369535751516,546.9135923049067,0.9494915027036225,0.15322401666257837,13.29805845347218,0.0012455764692295569,sakit
0.46320125460624695,0.3053058683872223,0.1705935520928627,0.41460391879081726,0.2888508141040802,0.5034665940349373,0.3816782236099243,0.2742975652217865,0.7112256401067396,0.03485900860008006,559.1906004260028,0.9481563005236041,0.15195567508791843,13.25323104071054,0.0012200494149450208,sakit
0.40635406970977783,0.2766748368740082,0.39308818523761274,0.3820265829563141,0.2712351679801941,0.46839082107419366,0.36714115738868713,0.2395080178976059,0.3851779734282172,0.03220699804970291,422.47389043879343,0.9544487035963664,0.17499930539383057,11.087284531002418,0.0010409544178276973,sakit
0.3469371795654297,0.24119286239147186,0.3192352631632532,0.34944015741348267,0.24264827370643616,0.34838572946822927,0.34641891717910767,0.23668931424617767,0.4064345701502479,0.03673901769283326,510.47595397385066,0.9320161761951654,0.18141202911655188,12.675299741787383,0.0013558586393293199,sakit
0.301394522190094,0.2009514421224594,0.5932961764756451,0.29591166973114014,0.19393384456634521,0.31549613184424524,0.3070548474788666,0.2049054354429245,0.22544231911827545,0.041445347162886066,171.7711866022155,0.9650863370499204,0.31208387440361673,6.478716056444235,0.0017289096453527583,sakit
0.39279165863990784,0.25949132442474365,0.4228022894634124,0.3595149517059326,0.2524913549423218,0.48161388811935407,0.33426204323768616,0.2555258870124817,0.714188404731554,0.03051737398263032,606.2595574061605,0.9251681685949077,0.1540212686300348,14.144070318658747,0.0009356904487685496,sakit
0.5080952048301697,0.4092371463775635,-0.010276439549202165,0.5100502967834473,0.40693140029907227,-0.006407261575653281,0.46974340081214905,0.38861405849456787,0.02152348226206064,0.06985072207813611,844.2557490780104,0.9603197989751501,0.3476983753719409,11.75147390290145,0.004898289183652163,sakit
0.45187193155288696,0.3131273090839386,0.20131839475732496,0.4256194233894348,0.3247245252132416,0.492750307039745,0.4094521403312683,0.3277548849582672,0.6528970584629323,0.03427572628224445,756.8846459843247,0.942932362942496,0.22580331456814665,13.373214117457435,0.0011804344767452758,sakit
0.3817032277584076,0.375510573387146,0.38495420078938225,0.35463595390319824,0.3580879867076874,0.5699902075779125,0.3164505958557129,0.3209705352783203,0.8157585605319152,0.07316504166451289,493.8504818308093,0.9693182561653767,0.327894661806464,9.246483754137067,0.005380757894604261,sakit
0.3974292278289795,0.2621892988681793,0.4230453282178105,0.36477330327033997,0.2550349533557892,0.48409762953130375,0.34152132272720337,0.25746387243270874,0.6964636067807285,0.031232559513133803,609.8355066233311,0.9261414848441715,0.15353474146064996,14.119302980925076,0.0009795584371476427,sakit
0.38113099336624146,0.3444885313510895,0.6093578371590193,0.33000805974006653,0.30587419867515564,0.6697819950353683,0.2502182424068451,0.27921077609062195,0.9039490296097811,0.03641092924780955,453.06822770508364,0.964230415741849,0.16566996897208716,12.304870996106493,0.0013319961888309528,sakit
0.45456305146217346,0.24391652643680573,-0.08482363847644399,0.4430546164512634,0.2478601634502411,0.013111145913139484,0.4327368140220642,0.25636398792266846,0.09441072363746772,0.03640661110233258,341.8943598887033,0.9564317380945176,0.20533761087726118,8.960015939371909,0.001330468782935462,sakit
0.19526667892932892,0.21686863899230957,1.8299103758245594,0.21955454349517822,0.2295326590538025,1.670164071655805,0.24629828333854675,0.20818792283535004,1.181320173431376,0.038711797634985924,394.231611323717,0.9384841665394147,0.24600234825467945,8.756080611326103,0.0015136566404147223,sakit
0.41166993975639343,0.2754233181476593,0.012256841980900069,0.3597712814807892,0.24021956324577332,-0.007024205856077039,0.3332226872444153,0.22304967045783997,0.015594059847419543,0.03409002696488248,260.2161354656561,0.9666057622793982,0.22120033349198723,8.34663874821051,0.0011682896094652733,sakit
0.5548533797264099,0.2605891823768616,-0.3980984450630185,0.42877355217933655,0.21901702880859375,-0.006698293573546653,0.2925996780395508,0.17776793241500854,0.6083888649188354,0.02789770991338966,650.7286796590332,0.8971397626462863,0.16708147124261338,14.339609363141355,0.0007829231820743878,sakit
0.44048184156417847,0.3227634131908417,0.1949050341858127,0.4228973984718323,0.3165247142314911,0.30321836009849085,0.4099709093570709,0.3086548149585724,0.37751396679870175,0.0434245798316359,612.2880609258737,0.9528534597421513,0.19569067923765962,12.325865307372844,0.001892208955213637,sakit
0.3709540367126465,0.3084679841995239,0.4511330635610774,0.3476731777191162,0.30670279264450073,0.5143463596674122,0.3186638653278351,0.295657753944397,0.6476084833002435,0.051548246499528994,237.35530041618406,0.9804325888322291,0.3430829321298754,6.934582776358048,0.0026723509134694485,sakit
0.4225655794143677,0.27044177055358887,0.06896233106033317,0.38981255888938904,0.2634396553039551,0.13747248927813166,0.39229756593704224,0.2599835991859436,0.11426815946517739,0.037209945980249584,230.21446371445646,0.9745337229889465,0.22146515152415255,8.120531129961234,0.0013917599752396037,sakit
0.4223332703113556,0.2585687041282654,-0.004477302019115086,0.4416157901287079,0.27515771985054016,0.023484199243028962,0.40619945526123047,0.24526439607143402,-0.054933420913196855,0.03209208839462232,791.4465785511311,0.9128906000233822,0.14069240814477826,16.742657316098416,0.0010347411602665397,sakit
0.5279936194419861,0.3321158289909363,0.029602728146538373,0.48249900341033936,0.30913063883781433,0.109490139159945,0.43577834963798523,0.2789117991924286,0.18991484231092012,0.0324072839077088,566.3468778107717,0.9546207570431468,0.21356482116672051,11.266118818162674,0.0010560548081258807,sakit
0.37879037857055664,0.34489160776138306,0.6150362625182733,0.3265550434589386,0.3063349425792694,0.6863829616532731,0.2466539740562439,0.27927544713020325,0.9298741664088257,0.03444649700986913,462.55276837865995,0.9635489226783179,0.1688515228581249,12.201603361983404,0.0011930831565251326,sakit
0.5452424883842468,0.3075804114341736,-0.08578492966429756,0.5270506739616394,0.3077496290206909,0.007250865678747734,0.5150829553604126,0.300197035074234,0.057173116182957465,0.0436171938916772,695.4223082673508,0.9424198598488173,0.20236175299469217,14.30887701941792,0.0019080363935567483,sakit
0.43334126472473145,0.27848806977272034,-0.02163843917811469,0.3948928713798523,0.2545638084411621,0.12182905479373553,0.36803504824638367,0.22517599165439606,0.15617900452848615,0.034313176246813494,525.8078072691434,0.9387053083887055,0.19624945324005705,12.024731166915034,0.0011832146026285364,sakit
0.45908695459365845,0.24687445163726807,-0.0902747784089053,0.44936078786849976,0.25163692235946655,-0.009822470219152288,0.4394916892051697,0.2602803707122803,0.07033998224859153,0.03581161843988489,343.61506658645317,0.9575024522277441,0.20556331443994433,9.010877120226548,0.0012877343023349065,sakit
0.28155022859573364,0.3124305307865143,0.45419297270229353,0.2355288565158844,0.269706130027771,0.6079136867394578,0.1762060523033142,0.21569260954856873,0.9765192011341295,0.43721771349068844,355.75607662338047,0.9637882122592539,0.536183461066308,7.411832924667969,0.19118227036914015,sakit
0.15620848536491394,0.2904738783836365,1.6072241600651536,0.14899848401546478,0.27857235074043274,1.6517622840173583,0.1298554688692093,0.2499040812253952,1.9217942674194282,0.6644363726462836,487.09035979062605,0.9518926939295774,0.7130176187804866,7.014514085123722,0.44148937065313243,sakit
0.15380273759365082,0.25764161348342896,1.8440940656760287,0.15150272846221924,0.25631237030029297,1.8750730151020751,0.14740709960460663,0.2457849085330963,1.8194891182412922,0.5408176389963567,367.05046687023747,0.9563501776380453,0.6187551667377911,6.799508761142107,0.29249951772997285,sakit
0.4599590301513672,0.2881515622138977,0.19620992902732753,0.42176511883735657,0.28077054023742676,0.31083772555713846,0.3893003761768341,0.28356584906578064,0.45000043801367706,0.0391467458540588,248.86131967302336,0.9758854489471315,0.25251071170265255,8.206791953966718,0.0015396616630038724,sakit
0.20243938267230988,0.22202055156230927,1.7589003702066264,0.22639082372188568,0.23317168653011322,1.606272522404426,0.25257620215415955,0.2108715921640396,1.1354299991835883,0.03788430312212244,411.41961588589083,0.9381237307987704,0.2432570315946553,9.01636382785509,0.0014493665246023742,sakit
0.44140270352363586,0.3267890214920044,0.2081014391343292,0.4230978190898895,0.3202921450138092,0.31996326485656257,0.41032111644744873,0.31288424134254456,0.3960971710170606,0.04701021329443669,605.5853050398806,0.9544535736866827,0.21069514312110024,12.139341147437058,0.0022178221760858446,sakit
0.32529765367507935,0.263597309589386,1.1558660853650486,0.3045738637447357,0.25353163480758667,1.3087774563028354,0.23560476303100586,0.22190232574939728,1.5933278367899393,0.034769601868149966,407.50513183797835,0.9506963369993131,0.1927883299809384,11.271401739627061,0.0012152733616420798,sakit
0.4218645989894867,0.26928436756134033,0.06776609943564382,0.3892577886581421,0.262368381023407,0.13903894791307972,0.39160412549972534,0.2589648962020874,0.11969482472929098,0.03976246727399574,232.31408290853332,0.974066902141038,0.2220694616343911,8.147006844953278,0.0015877625463383317,sakit
0.4193897843360901,0.25923725962638855,0.0013191616751662037,0.43948817253112793,0.27634188532829285,0.022560123945350233,0.4029672145843506,0.2456057071685791,-0.04783822917498398,0.035035628744018325,832.7753898656134,0.9088911820309846,0.14330390637735918,16.977318478482996,0.0012323661185669975,sakit
0.5406021475791931,0.30711254477500916,-0.053904256908566706,0.5233667492866516,0.30718618631362915,0.035711626421909,0.5114313960075378,0.2999666631221771,0.08418738896453125,0.043010152168611294,710.7591026994573,0.9410107241321598,0.20386917626205545,14.36145343289556,0.0018560154719700448,sakit
0.4392586946487427,0.28011995553970337,-0.058027855556179245,0.40044352412223816,0.25623881816864014,0.07846417036056398,0.3718525469303131,0.22521981596946716,0.10797988717031927,0.03242832466658782,512.8683395105982,0.9408833480948001,0.19432051466350608,11.962949165236068,0.0010572994143707058,sakit
0.28190451860427856,0.31283217668533325,0.4575813831265774,0.23607653379440308,0.27046290040016174,0.6125774862996107,0.17677374184131622,0.2169618308544159,0.9995225809078222,0.4336144028120861,389.519451225099,0.9605604770979084,0.5326845484858312,7.654801035901417,0.18804111347665486,sakit
0.566506028175354,0.27696147561073303,-0.7940081187863699,0.5196809768676758,0.2594706416130066,-0.6858853429882152,0.379184752702713,0.21707269549369812,0.03456542583721854,0.03244773877171172,409.3716427630531,0.952153756449782,0.19772472825148393,11.111219025533027,0.00105831779398954,sakit
0.28206923604011536,0.2724764347076416,0.6723313858547141,0.26059839129447937,0.27356958389282227,0.7180554112306521,0.28663045167922974,0.23974178731441498,0.653072418341493,0.04550754198023413,1058.2249817945178,0.8867761002079025,0.25156667025268875,17.678928866569446,0.0020852315817276035,sakit
0.13420464098453522,0.2439059466123581,1.6703982654973886,0.14064732193946838,0.25619184970855713,1.6772867452240745,0.12881076335906982,0.2332519292831421,1.6481107222775668,0.6292237078304406,484.2645125904485,0.9405125577462154,0.6781279261805008,8.030442438537866,0.3959359532543382,sakit
0.3309224247932434,0.21161684393882751,0.534653728072243,0.31618574261665344,0.20767363905906677,0.7098876213623515,0.30344143509864807,0.20970895886421204,0.7612378041333985,0.03717452142050309,298.85548366284604,0.9466336671933938,0.18644681402887153,9.526293760954935,0.001388633242054952,sakit
0.43311479687690735,0.2082388997077942,-0.2515376892455205,0.42307496070861816,0.2209191620349884,0.20115999908962529,0.37622424960136414,0.21779976785182953,0.3575469287102465,0.029442042163448433,776.3148251674716,0.8658910117496524,0.13298775555621373,16.856657056356426,0.0008705405155446693,sakit
0.36654022336006165,0.27264904975891113,0.27766982412777563,0.34610268473625183,0.26106858253479004,0.3509950134835995,0.30432966351509094,0.24041350185871124,0.4299559042503712,0.03294561392834374,1064.5803514206634,0.8797102988722291,0.14477406404023138,17.9677587785361,0.0010899161678443398,sakit
0.5436014533042908,0.20745548605918884,-0.799880803642319,0.46917057037353516,0.20032988488674164,-0.3688674521144082,0.3723571300506592,0.19468985497951508,0.28539344912617914,0.028511612204039083,422.7688071926655,0.9148124318074412,0.17090868628634326,11.781423917918609,0.000818091785846803,sakit
0.484893798828125,0.2002888023853302,-0.7064491166240267,0.4329293966293335,0.20029038190841675,-0.40206994511921584,0.44317933917045593,0.2298099398612976,-0.15264712766823568,0.035716837272515504,228.84811597112994,0.955924162584961,0.22318133824646838,7.652591382265491,0.0012814207785354572,sakit
0.40942999720573425,0.2937438488006592,0.6555197989037632,0.4006190896034241,0.2753310203552246,0.6089843019589992,0.3867189884185791,0.2489609271287918,0.5173011195625161,0.034675070842759614,563.1680511608184,0.9428577034875585,0.1561736966245992,13.327200176144558,0.001206536492440048,sakit
0.15649880468845367,0.2909664809703827,1.6105895667841141,0.1492949277162552,0.2787456810474396,1.6527547151255475,0.13008572161197662,0.24998906254768372,1.921642617697801,0.6607683106518992,504.63685791653796,0.950283903669542,0.7111334562475271,7.214146868062624,0.4366297864761448,sakit
0.19042155146598816,0.15774568915367126,1.3694907626924575,0.1779364049434662,0.14963266253471375,1.4363539784117025,0.1713341921567917,0.16369283199310303,1.5997297301966589,0.050766070782945705,278.2534119071029,0.9089006317540864,0.27288811555037423,8.631129394337508,0.002596327507591026,sakit
0.4069059193134308,0.3046922981739044,0.4542300961571458,0.35141733288764954,0.27860453724861145,0.583193717223816,0.28751879930496216,0.223314568400383,0.7991277188594874,0.0291067842127829,860.889392557458,0.9146768652651671,0.16230783928739587,17.138852049600786,0.000852075141602981,sakit
0.5492114424705505,0.29722899198532104,-0.36725545505846474,0.5240151882171631,0.28866061568260193,-0.2243401987692205,0.4575049877166748,0.27662235498428345,0.33315856073796063,0.030622420404183972,900.6050977913775,0.9154295328852485,0.14460744873626094,17.333416132231797,0.0009408452401196625,sakit
0.1522926539182663,0.25575727224349976,1.8643595408826343,0.1503961980342865,0.25484535098075867,1.8868439989653234,0.14772900938987732,0.2456177920103073,1.816238502889504,0.5281288451054785,370.8251202566462,0.9553556880405085,0.615458262314483,6.875282668984952,0.2789375227509569,sakit
0.061184633523225784,0.1558627337217331,3.511232366423343,0.06951987743377686,0.1676490157842636,3.26522561663588,0.07601480185985565,0.16456954181194305,2.674471465114791,0.6613358497448018,351.9168433972627,0.8994576093651917,0.7245227900290002,5.035535634610961,0.4373777894531563,sakit
0.22517645359039307,0.3201397657394409,1.1570333213542472,0.2090923935174942,0.3028377592563629,1.2990034423899244,0.19582508504390717,0.2886005640029907,1.4137656341717801,0.4904187040756809,445.4723042254727,0.9633477354411836,0.5584174803624863,8.3023288597978,0.2405271025987319,sakit
0.10797174274921417,0.23289968073368073,2.4154983820877405,0.0824996680021286,0.19344915449619293,2.9016919906871617,0.08512130379676819,0.20135802030563354,2.867665173564291,0.6686606854997059,406.6546760400541,0.9264990901364615,0.73529960866298,5.276211898730138,0.4471256735976774,sakit
0.1493399292230606,0.2840777635574341,1.8253174210336358,0.14252007007598877,0.281495600938797,2.02715059398999,0.13795602321624756,0.27928584814071655,2.1405756702571344,0.6297947897736543,577.9203466764222,0.9442612544003398,0.6992190252085383,7.221845499806243,0.3966542419228261,sakit
0.18110275268554688,0.2255486696958542,1.0913414996902935,0.1665840893983841,0.21466872096061707,1.288316213153406,0.1617998331785202,0.21270550787448883,1.3495204889252788,0.41567209552991863,231.07494114989632,0.9622417800503467,0.5116079015725028,6.540999778193343,0.17280566961744556,sakit
0.3698410391807556,0.3236350119113922,0.9602254415201018,0.35642388463020325,0.31062179803848267,1.0666029787592295,0.3129003942012787,0.2826057970523834,1.3850360453043247,0.2465817213910121,351.0351207678297,0.9718348568585786,0.46073790182720137,7.948960514926963,0.060820391804741976,sakit
0.1304209977388382,0.2468767911195755,1.6843144877915357,0.12838314473628998,0.24452656507492065,1.710564342873844,0.12492910027503967,0.24158959090709686,1.7775919396072646,0.6843394628536839,302.45093639718283,0.9614285378825058,0.7333707226046361,4.746941212221452,0.46833056322145494,sakit
0.1595606803894043,0.29124143719673157,1.7161106685508416,0.15362872183322906,0.2823134660720825,1.7838817073673352,0.1488528549671173,0.2754100263118744,1.8351099290456865,0.5989507015013,558.729375473417,0.9470408629350403,0.6573488014852719,7.559958798566998,0.3587539494029491,sakit
0.41512858867645264,0.2769651710987091,0.33134724767913487,0.3922543525695801,0.27281737327575684,0.39736872410880636,0.3752286434173584,0.24024902284145355,0.3232461476137496,0.03325841064834682,451.867444262624,0.9516667623278569,0.17506130119825172,11.348115744625396,0.0011100824981592659,sakit
0.3488156497478485,0.2418089061975479,0.29654392565909393,0.3529389202594757,0.2444401979446411,0.3094610284148651,0.3479786217212677,0.23782916367053986,0.38114533275315776,0.035280879537109774,527.2402298991527,0.9305044185673575,0.1808342822026552,12.84229148688451,0.0012504733591395636,sakit
0.30065980553627014,0.2005043625831604,0.6113709864863862,0.29443860054016113,0.19330190122127533,0.34318777429478986,0.30551981925964355,0.20394954085350037,0.2467444992608293,0.04242022258801126,190.08198085784375,0.9611462778242897,0.31418667611713563,6.7432891007612765,0.0018103280112893,sakit
0.5438901782035828,0.2986200749874115,-0.7017762338524224,0.4989975392818451,0.27896496653556824,-0.6066639312603249,0.3649270236492157,0.22968712449073792,0.021459417953216032,0.06991599416876927,405.8757470609524,0.9591050069813765,0.2292966711852351,10.758571199560302,0.0048959542439667445,sakit
0.5118715167045593,0.23413234949111938,-0.8019834045759275,0.44004496932029724,0.21914167702198029,-0.42134989447177107,0.34752941131591797,0.20268386602401733,0.1937501030279842,0.06839387660664277,374.3068415064253,0.9384984822269057,0.20806235972514722,10.933906608500125,0.004684048849985984,sakit
0.30858686566352844,0.22507202625274658,0.46251248201130557,0.2957230806350708,0.22071217000484467,0.5935124047568309,0.28546398878097534,0.22140933573246002,0.6608237343458702,0.11384596475864826,265.8636485100573,0.9581420399143507,0.25092907265208536,8.806424484035956,0.012969058645462507,sakit
0.45389094948768616,0.3857140839099884,-0.13868673294436246,0.36304494738578796,0.31948933005332947,0.18421809087957178,0.31320035457611084,0.290743350982666,0.4134851423376772,0.11959576178791816,474.37298010219524,0.9671514913805329,0.3443144287855877,9.285188185337207,0.014316928971137462,sakit
0.3950424790382385,0.2340681552886963,-0.22206269424488698,0.3833591341972351,0.2430199235677719,0.1536594287925554,0.3423633873462677,0.23537646234035492,0.3394704075339404,0.1017074658144298,702.0826578544558,0.902227614993825,0.20024117661447302,15.350627038019576,0.010351448189386658,sakit
0.33000972867012024,0.27507108449935913,0.40722651994970144,0.3124198317527771,0.26438108086586,0.47114956245579476,0.27770644426345825,0.24345552921295166,0.5523761258439169,0.1044861383374757,951.7832388233577,0.8951630065038789,0.20577417531065056,16.682816570939824,0.010926269115557828,sakit
0.4916326105594635,0.25023338198661804,-0.724219384899537,0.42202579975128174,0.2311011105775833,-0.38398215052856033,0.33413970470428467,0.20924444496631622,0.1758117635012739,0.09856611742338256,362.28652707201826,0.9470796857103748,0.23487262210153334,10.515329938738587,0.009722484048752455,sakit
0.4002451002597809,0.26057863235473633,0.09376070362867417,0.37499260902404785,0.2795179784297943,0.4211599312234981,0.3580707311630249,0.27556920051574707,0.4599946118629834,0.09747925947355612,772.9697762160949,0.918589159392384,0.2187703097121841,14.610383517015789,0.009509739546091826,sakit
0.443251371383667,0.23757919669151306,-0.6069967056822383,0.3941543996334076,0.22833575308322906,-0.34686419095568527,0.4011106789112091,0.25139319896698,-0.1212558772605381,0.10325262782087076,224.1669193103213,0.967657126611723,0.2765267297366543,7.279071311984267,0.01066925792784771,sakit
0.3683619499206543,0.29857775568962097,0.6757050954254479,0.3608345091342926,0.28182607889175415,0.6059980531362246,0.3489331603050232,0.2580130398273468,0.4802009020597845,0.10439086998708003,522.4442576079936,0.9494445045735151,0.21616757174229143,12.413566474175076,0.010904078530002775,sakit
0.3287496566772461,0.23158612847328186,0.047091464939761324,0.3109188675880432,0.23070259392261505,0.1305499043528388,0.30042415857315063,0.2352098673582077,0.24910763708512287,0.10741986330278279,326.60137911264377,0.952661778330549,0.27760518485495933,8.905022288713536,0.011545780022495379,sakit
0.3978383541107178,0.26107436418533325,0.11478446279738798,0.37343689799308777,0.27919578552246094,0.4298063873588866,0.35642415285110474,0.27546197175979614,0.46908550872931554,0.10130572817955098,763.5408144394496,0.9194802671081396,0.22002928957564627,14.586762707328203,0.010269973205605491,sakit
0.41928309202194214,0.2537796199321747,0.06736244258579295,0.39525219798088074,0.27736157178878784,0.3959963269457295,0.37651827931404114,0.27288371324539185,0.42340350999998644,0.06880590430276627,792.6455392811762,0.9140151689974682,0.19286727416691338,15.090592831056211,0.004741215677746124,sakit
0.173349991440773,0.16206884384155273,1.3957304285911913,0.16189755499362946,0.1537940949201584,1.453656431667805,0.1574755609035492,0.16739314794540405,1.6350908805931075,0.12122827211570471,267.5857723945082,0.91713195018477,0.3272217830965085,8.104044527018756,0.014707574256826806,sakit
0.4014066457748413,0.31961724162101746,0.35328521355183856,0.3751336932182312,0.3250521719455719,0.6475241307812307,0.3595343828201294,0.32431668043136597,0.7973767703007137,0.1059855769226541,678.6422475550276,0.949400490827946,0.2770261862156244,12.57032892773532,0.011240411406100126,sakit
0.3558158874511719,0.30882009863853455,0.6159741852227297,0.3076235055923462,0.2804177701473236,0.7384698668587808,0.25310274958610535,0.2249833643436432,0.8963115405627076,0.09916539719248806,778.1036108742604,0.9244096976940339,0.23070123920182162,15.497641885353966,0.009841797395107828,sakit
0.3776278495788574,0.2914632260799408,0.14285328680072726,0.3325496315956116,0.2540944516658783,0.10188211380587589,0.3086170554161072,0.2353193312883377,0.11336112361427596,0.09983650595147725,259.0194606654914,0.9704556263636079,0.275450481477009,7.958609304967311,0.009975243817760406,sakit
0.4914836883544922,0.32290711998939514,-0.20828673313708196,0.4675985872745514,0.31118783354759216,-0.0996693635493805,0.4075981378555298,0.28886452317237854,0.34698911324538473,0.10138827688409024,835.9918840897075,0.9328325507788929,0.20488119118677553,16.05512931423638,0.010286228621978548,sakit
0.5042382478713989,0.2948078513145447,-0.33764194871376374,0.3880271911621094,0.24082201719284058,-0.02148568615288986,0.2629703879356384,0.18596351146697998,0.5383312362363452,0.09522751029166608,619.3707919510163,0.9211223173891322,0.2309165145928812,13.268976893958511,0.009075122430181768,sakit
0.37676936388015747,0.2650328278541565,0.28445808712625476,0.35790175199508667,0.25618472695350647,0.3191284714842121,0.3712758421897888,0.2543146312236786,0.15339174515020798,0.10295932025782745,515.1025932356055,0.9398427830060577,0.20468827815947963,13.22433884898634,0.010607141773482568,sakit
0.3386383652687073,0.31518393754959106,0.570145733225379,0.31628918647766113,0.3107525706291199,0.6423264202703496,0.29071375727653503,0.2981707453727722,0.7689619441936806,0.112924147468954,269.5178985096185,0.9785133746777497,0.3859563085540261,6.659976136495678,0.012764999548469451,sakit
0.4228323698043823,0.31830403208732605,0.2631061415824251,0.37334710359573364,0.29555580019950867,0.5778389280160501,0.3419027030467987,0.2775200307369232,0.7802914325882633,0.10191394587996742,517.5532065036101,0.9547924862753896,0.21741683443226698,12.300406410897667,0.010393109028692256,sakit
0.34244218468666077,0.3312581777572632,1.0003653892408788,0.329226016998291,0.31842273473739624,1.102569719996529,0.28910472989082336,0.2906501591205597,1.3920008288247008,0.23082141487784258,345.56007014053034,0.9736748310085437,0.4791720870251818,7.675918041670759,0.05329579807955797,sakit
0.4224286675453186,0.3181460499763489,0.260861343985959,0.3737502098083496,0.2959434688091278,0.5763296431718324,0.342428982257843,0.2783145308494568,0.7723017670253447,0.10776401964397121,543.3474895816831,0.9526842623048389,0.21871336840431918,12.407659494902118,0.011619167717255357,sakit
0.36697134375572205,0.28587034344673157,0.4336695820595717,0.3473281264305115,0.28089025616645813,0.5141356902476899,0.33335569500923157,0.2504914104938507,0.40015484167725673,0.1034192424008001,421.3883191478965,0.95784011787386,0.2373857883399021,10.49508015474587,0.010702035157150567,sakit
0.3221653997898102,0.25473135709762573,0.3730111785651711,0.3243219256401062,0.25613945722579956,0.39526515056635575,0.3224300742149353,0.2507171630859375,0.4251087223971329,0.10855703061158185,499.53938186180227,0.9405004187416636,0.23824498355918647,12.252294832550112,0.011792420302919875,sakit
0.47831952571868896,0.3482617735862732,0.12667929085203067,0.4375719428062439,0.3223090171813965,0.18821867056835437,0.3959931433200836,0.29112619161605835,0.24297341621715796,0.10752284116292456,460.9570958434189,0.9662704559145516,0.27210209263363483,10.231935776958899,0.011567338473036483,sakit
0.2846532464027405,0.2132532149553299,0.5406287314127691,0.2776183784008026,0.20527808368206024,0.32216323996611435,0.2877359092235565,0.21522842347621918,0.25594080715011314,0.10552249418881925,185.0529013123307,0.9666502200726037,0.3550481940226921,6.3444732968102935,0.01114575797216955,sakit
0.4617171883583069,0.4176943302154541,0.17650692416046598,0.4645282030105591,0.41540172696113586,0.17428982160800174,0.42918661236763,0.3958941102027893,0.20120187765142625,0.12627056755745228,656.2305950369686,0.9704670322095184,0.4006971822551939,10.198862796703677,0.015959846257983388,sakit
0.4023496210575104,0.32129496335983276,0.36550448422809984,0.37579119205474854,0.3265635371208191,0.6548108378199979,0.36038869619369507,0.3258919417858124,0.8030073159706195,0.1047504371080663,694.2804060117938,0.9488229782103562,0.2799528276443423,12.576295434048461,0.010979485819773096,sakit
0.33391472697257996,0.36535266041755676,0.5883151192742719,0.3079165816307068,0.3451575040817261,0.7704851999387231,0.2712094187736511,0.30763426423072815,1.0164388877702903,0.12300319716483969,483.914021443802,0.9678513550728659,0.3747735228223292,8.86432174981302,0.015151707546051996,sakit
0.35539358854293823,0.2701452672481537,0.47824008734748125,0.3240898847579956,0.2584172487258911,0.5423072733621002,0.30055058002471924,0.2562375068664551,0.7744472183238746,0.09970056567723118,578.9737792720983,0.932788789042663,0.21623011988788224,13.269091301234022,0.009947954800864193,sakit
0.4150417149066925,0.2681211531162262,-0.023546071394465448,0.4071313440799713,0.2710780203342438,0.050123532859396115,0.3982062339782715,0.27711382508277893,0.13560080380100534,0.10875349214809142,338.1082918358861,0.9642073577798153,0.26224380486395266,8.499085685523259,0.011832987072308869,sakit
0.43495839834213257,0.30913469195365906,0.17598103381649893,0.39864832162857056,0.2984498143196106,0.2989927871582774,0.3668428957462311,0.2977796196937561,0.46126458109546603,0.10802997404843445,248.46328762427234,0.9788162152554256,0.28643752799522665,8.01805843753152,0.01167829539141497,sakit
0.16757622361183167,0.2009122669696808,2.0966118378526937,0.1891353875398636,0.21178095042705536,1.8627364096200274,0.2183111608028412,0.20363563299179077,1.285241420785053,0.11252968193707567,364.3174653453795,0.9342688072598043,0.3006576835996912,8.180454138862684,0.01267477706089286,sakit
0.3794081211090088,0.2925015687942505,0.12562468924198048,0.33274921774864197,0.254029780626297,0.09366917450617669,0.30880007147789,0.2351432591676712,0.11000047535855495,0.09993007591002229,263.735767118089,0.9700056129844601,0.27639467411930346,7.940072420565824,0.00999515376116153,sakit
0.5053238868713379,0.2954924702644348,-0.3394208269617188,0.3887197971343994,0.2413012981414795,-0.028457464730504256,0.2629566490650177,0.18609827756881714,0.532449020632167,0.09430478125493337,600.4268626365507,0.9238998754886828,0.23056296576169,13.092479802577706,0.008901196310984143,sakit
0.3945951759815216,0.3249359726905823,0.29549120504581333,0.3769043982028961,0.31542325019836426,0.39331759865741756,0.3650018274784088,0.3055647313594818,0.4556252957782184,0.11654310544249025,566.4941167791399,0.9563165138732329,0.25825282806086985,11.452984713968027,0.013590229051556624,sakit
0.3385353088378906,0.31384387612342834,0.5715702474969361,0.3166519105434418,0.3089234530925751,0.6419396308921974,0.29039517045021057,0.2967716455459595,0.7734829911101834,0.11513291333785823,231.89324782887755,0.9812767525369875,0.3844041778378679,6.505921564214877,0.013267728214224846,sakit
0.300954133272171,0.27386555075645447,1.1452532147203598,0.28196245431900024,0.26287132501602173,1.2889738947236913,0.21866227686405182,0.22790664434432983,1.5915544054955946,0.10413740981173973,363.99760892717546,0.9590958411823256,0.2513760312068746,10.335936769788539,0.010852433972154187,sakit
0.3905264735221863,0.2815965414047241,0.11084874895729406,0.36143672466278076,0.27128422260284424,0.17966247600347018,0.36383193731307983,0.2687571048736572,0.1499457439971059,0.1092038720866993,228.36319408712657,0.9764011159198703,0.2755135602349383,7.6070776549348595,0.01193360991058629,sakit
0.3833123445510864,0.2718488872051239,0.08846174668815061,0.400167316198349,0.28786709904670715,0.12117297383197506,0.37073367834091187,0.2592047452926636,0.029337130935607563,0.10635860938173596,764.1204616736577,0.9238672820551511,0.2052769273745759,15.855589765578557,0.011318640042889414,sakit
0.48452213406562805,0.34931573271751404,0.09790469731090895,0.4429834187030792,0.3236035704612732,0.16470889986226472,0.40037861466407776,0.2926316261291504,0.22274545475828395,0.10239996490903626,535.7670273317189,0.96114366857049,0.26801996735751243,10.58825068732189,0.010493509102271358,sakit
0.3518795371055603,0.3453996479511261,0.6860820925275593,0.3005561828613281,0.30617159605026245,0.773481816890713,0.22919684648513794,0.27552148699760437,1.016346315945856,0.1060473732501095,426.2295245195482,0.966373730718074,0.23068857981431942,11.36657857151961,0.01125379286506527,sakit
0.4904016852378845,0.32895752787590027,0.007255237847897096,0.4741646349430084,0.3265169858932495,0.09138289852207628,0.46321994066238403,0.3181777596473694,0.12265086087966257,0.10894191626569756,683.9567066037197,0.9501550876759408,0.25682069248460143,13.6156330046036,0.011874771955965509,sakit
0.38705453276634216,0.2935235798358917,0.14609128605083524,0.3520858883857727,0.2676998972892761,0.2597559531110645,0.32785844802856445,0.23793283104896545,0.25119100600253386,0.10446699386546439,485.0144338767803,0.9491444040137504,0.25884317069911744,10.991307539136281,0.010919990918467204,sakit
0.2756626009941101,0.3096088171005249,0.48173871792350714,0.23044368624687195,0.2671329975128174,0.6363316325060205,0.1731165200471878,0.21376828849315643,0.9961970887577895,0.429901335737595,365.8145885866549,0.9620811338940736,0.5267579996637352,7.5354167128376455,0.18483247036614747,sakit
0.13432613015174866,0.2437482625246048,1.6722614473625101,0.1406419426202774,0.25557810068130493,1.6799258156277448,0.1290854662656784,0.23257994651794434,1.6463775670518468,0.6192134988572576,485.66819691182144,0.9401768684944454,0.6678716951928467,8.161824487923505,0.3834363988969649,sakit
0.15603752434253693,0.2893894612789154,1.6082349368785203,0.1487465649843216,0.2773534059524536,1.6538634510499457,0.12981711328029633,0.24867570400238037,1.9162259679137974,0.6479258969623245,496.30993495709487,0.9506143135803337,0.698597802947791,7.337964424022928,0.4198197796976366,sakit
0.15103232860565186,0.25453945994377136,1.870820596440241,0.14887504279613495,0.25329288840293884,1.8996241892059977,0.1454974114894867,0.2433079183101654,1.8338573857368587,0.5246444136669337,361.3443203115828,0.9560168102173602,0.6074958135149751,6.889527148368916,0.27526645123374,sakit
0.4173848032951355,0.2578638195991516,0.13547080721032523,0.39324310421943665,0.2797751724720001,0.42601317835055563,0.3765348792076111,0.27695778012275696,0.4597888940529545,0.07283967446399207,800.2992138302365,0.9152361567182261,0.1974400990392532,14.980037430933265,0.005310782909955438,sakit
0.06094587966799736,0.15442880988121033,3.5346480738817845,0.06953933089971542,0.16643624007701874,3.272777380204944,0.07592856884002686,0.16359096765518188,2.695061527528989,0.6450814957055658,342.34484634408545,0.9006794308943364,0.7117519611332486,5.096071122654206,0.41614161593679827,sakit
0.22283081710338593,0.3189162015914917,1.173326809658502,0.20659025013446808,0.301175057888031,1.3184117823962327,0.19377537071704865,0.28699183464050293,1.4302501812900714,0.48275158243286126,439.61889062632645,0.9634859456504045,0.5551041438117507,8.242971787959691,0.233063269370172,sakit
0.10822317004203796,0.23182354867458344,2.4008448902032566,0.08266164362430573,0.19280655682086945,2.896647002612227,0.08540405333042145,0.20049342513084412,2.860663636863002,0.6582007675921252,393.5457501126566,0.9283032049336634,0.7268469850441567,5.342663799941526,0.43324428489890027,sakit
0.1485256403684616,0.28199028968811035,1.833045323211913,0.14193108677864075,0.27970221638679504,2.0300582372313785,0.1374441236257553,0.27681857347488403,2.1378749754636432,0.6169660517713879,556.5080829568084,0.9455812276194172,0.6863583853430347,7.334891599245854,0.38065845684558774,sakit
0.17772282660007477,0.22420407831668854,1.1114022930663823,0.1640254557132721,0.21400904655456543,1.3001485131987829,0.15971608459949493,0.21195179224014282,1.3567205129743132,0.4186851130635311,215.68149760324764,0.9645040450092924,0.5148126898334371,6.342736778784666,0.175318497553647,sakit
0.13033179938793182,0.2465025633573532,1.6951275460503235,0.12856081128120422,0.24435260891914368,1.7161259164013623,0.12490025162696838,0.24117688834667206,1.7839740501800245,0.668642130296834,306.2017923453855,0.9609000405826493,0.7210601590274687,4.922336861901341,0.4470913571291908,sakit
0.1582864224910736,0.2887611985206604,1.7193071658020478,0.15247008204460144,0.27988019585609436,1.7847582178186705,0.14743444323539734,0.2728428542613983,1.8380925036078495,0.5944915071953819,535.6035076151319,0.9483483254921635,0.6505439840597952,7.557405853657013,0.3534304730453461,sakit
0.3876802921295166,0.24673616886138916,-0.0050037088417938715,0.31307873129844666,0.21657001972198486,0.4407637304670234,0.2595077455043793,0.2016686350107193,0.736282144529617,0.10044183504320732,393.7882800735012,0.9379285591371834,0.2524212066954225,9.912819896805985,0.0100964441859282,sakit
0.2933175563812256,0.324856698513031,0.8600173653006116,0.26342689990997314,0.276874303817749,1.1311269979718577,0.25408241152763367,0.2725473940372467,1.2891798623530901,0.1240598637507984,496.8720362457064,0.9540343237427069,0.32642623993228476,9.432017536525317,0.015408642290654938,sakit
0.18023084104061127,0.16091234982013702,1.3734762783176415,0.16855639219284058,0.15225329995155334,1.431426284409435,0.16279500722885132,0.16581620275974274,1.625192094096533,0.08995832718530154,267.8877167710281,0.9154359860843361,0.3075615240874147,8.257140496266302,0.008105635497543518,sakit
0.4537702798843384,0.38586899638175964,-0.1367265947161387,0.3636109232902527,0.3192431926727295,0.1798805860179923,0.31455349922180176,0.29112520813941956,0.4053003467255225,0.11645499264175753,475.9960219850161,0.9670231135847164,0.33893617716570623,9.36147787593434,0.013575551516703048,sakit
0.24400654435157776,0.2647017538547516,0.8796215275075163,0.22276043891906738,0.2619072198867798,0.9403896342284838,0.25372081995010376,0.2390662282705307,0.810423229950533,0.11430015943691185,919.8806749722345,0.8946169784091458,0.32513293493100276,15.452897410351094,0.013077911180332538,sakit
0.29041945934295654,0.324672669172287,0.8826138383026703,0.26170235872268677,0.27650153636932373,1.145959778455709,0.2535187304019928,0.273098886013031,1.2953108721900752,0.12871055731838246,499.55477671685736,0.9537852079444606,0.3293387505114997,9.380354984836407,0.016584524092245926,sakit
0.32715240120887756,0.23133666813373566,0.06987890108417194,0.308611124753952,0.23084473609924316,0.16306541394811455,0.29806753993034363,0.2351624071598053,0.2786054854008496,0.11005683977937487,319.9935395819218,0.9536114858633362,0.2800049949265711,8.808827078590099,0.012119727912683361,sakit
0.37834593653678894,0.309644877910614,0.5421885284825143,0.3269943594932556,0.2821175456047058,0.6688744412464128,0.2688636779785156,0.22695066034793854,0.8562570888804191,0.0686760527712845,801.560231691466,0.9228633201364468,0.20485628890110696,15.94767366657481,0.004723183786677707,sakit
0.4392681121826172,0.31374168395996094,0.21726500385691075,0.38994133472442627,0.2930067479610443,0.5435471455182135,0.3568805456161499,0.27608799934387207,0.7599785483813575,0.07559737793596004,522.6652787241754,0.9533052922128277,0.19162469183689512,12.627116501855417,0.005720641944065808,sakit
0.3527543544769287,0.3281715214252472,0.9874291743168246,0.33960044384002686,0.3153102993965149,1.0914218843441235,0.29815375804901123,0.2873181998729706,1.3930390400046089,0.2396439626708455,330.3552100728442,0.9743186866887156,0.4782706052923396,7.648056842170358,0.05744832824046508,sakit
0.49491000175476074,0.3422725200653076,0.10181210020759654,0.45261096954345703,0.3168911933898926,0.1681069823852321,0.40977784991264343,0.28631526231765747,0.23272232944198484,0.07808336999146213,471.84818522632713,0.964236064065938,0.25204899888824156,10.435871345905431,0.006102815252156799,sakit
0.2911520004272461,0.20844098925590515,0.5641435341983408,0.2842911183834076,0.20052993297576904,0.32863427190146666,0.29453179240226746,0.21055176854133606,0.2482535511014692,0.08195337985343336,191.47473823306473,0.9637860412251622,0.33877790799286145,6.5694287477521405,0.006725261610579576,sakit
0.4779258072376251,0.4154079258441925,0.10982060650850034,0.48109591007232666,0.412984699010849,0.10710212541143019,0.44402018189430237,0.3937722146511078,0.1322894797329887,0.10571709217226817,621.7738463299053,0.9716846683021254,0.3865005214862955,10.074242132361169,0.011191765314520501,sakit
0.3558482527732849,0.371489554643631,0.4915035150923856,0.3292410373687744,0.35189804434776306,0.6700472923073096,0.29019418358802795,0.3146793842315674,0.9166783212350859,0.0987158193590942,488.5559150556224,0.9687004690767712,0.3581201295933331,8.943368350652168,0.00976940679697271,sakit
0.29646462202072144,0.3273894190788269,0.8474230278724975,0.2670428454875946,0.280796617269516,1.1322267763874547,0.2578530013561249,0.2770788073539734,1.286370543544782,0.12460784066647383,519.4048071861857,0.9531746185774312,0.32830308288810095,9.502184203303527,0.015544532817477176,sakit
0.5299833416938782,0.310915470123291,-0.6313328532146396,0.4857514500617981,0.29009923338890076,-0.5444858605277247,0.35673031210899353,0.23696096241474152,0.0258444843416546,0.09875777013500671,424.9782247397158,0.9604628148357617,0.25071373326268204,10.720733673033479,0.009761372190283642,sakit
0.45505619049072266,0.3872848451137543,-0.1350408495377397,0.36703312397003174,0.32271984219551086,0.18517797128189517,0.3181769847869873,0.2954901158809662,0.4144634383436631,0.11984096967215002,517.4355394640241,0.9647929474190061,0.33949792084926406,9.617060701636117,0.014374030826036626,sakit
0.24276721477508545,0.26296266913414,0.8770344648189995,0.22185969352722168,0.2607001066207886,0.9385489655655086,0.2522907257080078,0.2371312975883484,0.8086263911312793,0.11317054994740944,872.5687013674319,0.898860612899855,0.32400748592454603,15.153825559529764,0.012821314146598609,sakit
0.29410862922668457,0.3263731300830841,0.8694162264153582,0.26622918248176575,0.2809567153453827,1.1440429400500833,0.258373886346817,0.2778337001800537,1.2873630364836415,0.12475696253592165,513.9432349398245,0.9536619948136313,0.32571173502528916,9.502852053245707,0.015581492267817102,sakit
0.32509174942970276,0.23219400644302368,0.0886732874375041,0.3067474365234375,0.2314247339963913,0.17378555589268901,0.2964077591896057,0.23623554408550262,0.291954960715225,0.10811885625330818,329.90735238452885,0.9524612728669867,0.27685274747113214,8.963172489819295,0.011696894654244172,sakit
0.3088700771331787,0.2254146933555603,0.4589468978070614,0.296063631772995,0.22077500820159912,0.5983207239960965,0.2854722738265991,0.22136542201042175,0.6678619153655335,0.11587366806782147,259.79651254787734,0.9591545467302578,0.2531987942749219,8.733172501871165,0.013436401845460647,sakit
0.4561844766139984,0.38740503787994385,-0.14015580832118069,0.3673743009567261,0.32245102524757385,0.18567004437023343,0.3183213770389557,0.29522964358329773,0.4183255168031997,0.11328803800479782,515.1724103483418,0.9649183500923909,0.33340774903141196,9.635993856663333,0.012845948706478982,sakit
0.39433813095092773,0.23461498320102692,-0.20967416823980808,0.38315901160240173,0.24394981563091278,0.16984608109189733,0.3426084816455841,0.2367880642414093,0.3547792666075293,0.09873161108030602,722.768687011971,0.9001494788060452,0.19953864932433496,15.488881210536869,0.009754038764941903,sakit
0.3292607367038727,0.2753028869628906,0.41086524946589786,0.3124843239784241,0.2648279666900635,0.4752981468813944,0.2776736915111542,0.24390031397342682,0.5540927697434538,0.10772714810341283,975.748454894464,0.892893838328372,0.20727680210996088,16.786500086883763,0.01161173710676744,sakit
0.4896242022514343,0.24927890300750732,-0.7140414096519432,0.4199276268482208,0.22975201904773712,-0.3823697462295825,0.33114734292030334,0.2067859172821045,0.17129767493260356,0.09730632756770048,354.54885045807754,0.9475856889463213,0.23432811492945602,10.510446405247691,0.009475522670306706,sakit
0.39801985025405884,0.25884735584259033,0.08650998915233286,0.3732738494873047,0.27819666266441345,0.4276860464921261,0.3550783693790436,0.2734355032444,0.47053249276982506,0.0981081066462189,771.947409880625,0.9177654487445907,0.21854663634283802,14.59259827517427,0.00963229030611855,sakit
0.4430067241191864,0.23744866251945496,-0.6095409946493359,0.3948707580566406,0.22843068838119507,-0.356421024850891,0.40195900201797485,0.25166478753089905,-0.12948330992310852,0.10431779629720495,226.86552352814272,0.9672807573490765,0.27431587540520236,7.38175019326184,0.010888983923250446,sakit
0.36858153343200684,0.2976369559764862,0.6783577068701059,0.3609388768672943,0.281369149684906,0.6111104806381226,0.34940701723098755,0.2580496668815613,0.4944931888261445,0.10290071063875121,519.8520025348961,0.9495308234383408,0.21712371355198481,12.413852618836804,0.010595457201454462,sakit
0.3293333947658539,0.2313936948776245,0.030953654958392685,0.3119628429412842,0.2310071736574173,0.11820505314217952,0.3013108968734741,0.23528367280960083,0.23363108048027256,0.10841762718234395,330.2521595672578,0.9521822579273715,0.27705105621750475,8.967149707853379,0.01176111118262701,sakit
0.39665213227272034,0.26195940375328064,0.14602010131702575,0.37168407440185547,0.27985137701034546,0.45388964434099377,0.35462629795074463,0.276125431060791,0.49844502332752777,0.10085266649313317,783.7430986193275,0.9178667852989447,0.2229955090760732,14.567398518583758,0.010177696899570128,sakit
0.4363763928413391,0.26197996735572815,-0.08033818706152196,0.4286594092845917,0.26599064469337463,-0.005363622509645714,0.4192644953727722,0.27281829714775085,0.07785395302775354,0.07874335992456487,331.5355691877497,0.9634346344710765,0.24116993776162707,8.61886025249542,0.006205569006179304,sakit
0.1730538159608841,0.16254496574401855,1.3946627846547082,0.16173331439495087,0.15409614145755768,1.4635260655338718,0.15632493793964386,0.16662104427814484,1.642283252740752,0.12166629860287483,264.455416085424,0.9182809365288325,0.3297194800830147,8.059263836786203,0.014813915174334563,sakit
0.3985607922077179,0.31871381402015686,0.36164772862589883,0.372565895318985,0.3240240514278412,0.6579753469236606,0.35728082060813904,0.32359442114830017,0.8126811885190935,0.10763224856987826,649.0116318456822,0.9512991522661268,0.2855413417612087,12.28163038177386,0.011592495915410513,sakit
0.3566126525402069,0.30980199575424194,0.6198740749639627,0.3083268404006958,0.28201839327812195,0.7420817875030131,0.25418156385421753,0.22657667100429535,0.9120864492399541,0.10133893695056835,777.509840721695,0.9251782632409823,0.2314454106061075,15.377752146306264,0.010275966978504227,sakit
0.37864550948143005,0.29090985655784607,0.1409273020994217,0.33487072587013245,0.2540767192840576,0.08541272382738581,0.31090787053108215,0.23579029738903046,0.10217031049265617,0.0954652297903484,268.2630226090426,0.9693654633498956,0.27052541818106707,8.121595100411678,0.009121607253441685,sakit
0.4880637228488922,0.3221348226070404,-0.19628075555368793,0.46520745754241943,0.3103187680244446,-0.09269152750795084,0.4058212339878082,0.28765571117401123,0.3506696120337774,0.10228966781232172,836.0002519956655,0.9324482357086691,0.20517626716746037,16.085552418794443,0.010469504265693609,sakit
0.505565881729126,0.29643258452415466,-0.3402837250921356,0.3906201124191284,0.24314099550247192,-0.024397321843332202,0.2653827965259552,0.1892663836479187,0.5460649329889957,0.09539360295097708,626.4527727125623,0.9216573507855962,0.23046588227503242,13.400671850626663,0.009107304372641137,sakit
0.4459683299064636,0.3006623387336731,0.17435992349350965,0.4084639847278595,0.29133203625679016,0.29339296080943594,0.37678468227386475,0.2923097312450409,0.4542486132727835,0.08077128369746955,246.11454674978287,0.9779382503307703,0.2782988319382759,8.038120612208486,0.006530537451746272,sakit
0.18392622470855713,0.21263717114925385,1.9246372057989274,0.2074965536594391,0.22418375313282013,1.727180254601174,0.2351992428302765,0.20903444290161133,1.2057017815725872,0.07887551311509987,376.5893246983696,0.9388767576948425,0.27606605196205464,8.499256189678512,0.006233037385404345,sakit
0.304482638835907,0.3280424475669861,0.815695469733005,0.273360013961792,0.27844011783599854,1.0961698448556378,0.26353132724761963,0.27373868227005005,1.2554008364756093,0.09837034374510283,500.01822385023917,0.9542539485270914,0.30650423658249265,9.658039495399851,0.009696675516985312,sakit
0.3045269846916199,0.3283117711544037,0.8156720224035323,0.2732754051685333,0.27802571654319763,1.0950282891605077,0.2634980082511902,0.2740078866481781,1.2558004160328178,0.10403820860419703,513.7467668944321,0.9529823348531608,0.30949041431957425,9.731175871785704,0.010841049286828996,sakit
0.31672757863998413,0.21956250071525574,0.47991209993304784,0.3034276068210602,0.21540358662605286,0.6234164143302421,0.2921927869319916,0.21679478883743286,0.6889186109097998,0.08012102186833935,275.03216342587257,0.9544619894261449,0.22311654764451494,9.120818351635135,0.00642776660071297,sakit
0.47239717841148376,0.38213491439819336,-0.2326328257923583,0.3769921660423279,0.3158758878707886,0.11341474134829033,0.3246387541294098,0.28833523392677307,0.36042609422967214,0.099542518452704,468.4469066498034,0.9667943001775977,0.32784308136593726,9.439732580834749,0.00992190985589929,sakit
0.41153770685195923,0.22463686764240265,-0.26863897253798724,0.4000268280506134,0.23520006239414215,0.1402333499970175,0.3562575876712799,0.22838808596134186,0.32219333606166606,0.07048680160925908,723.7832544975314,0.8912182031817225,0.1722542912618129,15.918929425676966,0.004974325788683956,sakit
0.3465355336666107,0.2759532928466797,0.34821325956431926,0.32815152406692505,0.26470082998275757,0.41226400768705984,0.29058369994163513,0.24374163150787354,0.4917027342504963,0.07495612225575306,1006.22257695079,0.889427602426002,0.1794704400996802,17.34379818920349,0.005624907325593192,sakit
0.30585387349128723,0.3303240239620209,0.8199886861560574,0.2768070697784424,0.28306975960731506,1.1098474107395986,0.2682426869869232,0.27980172634124756,1.2555985937544407,0.10508612207200639,517.1356773826992,0.9541297027279027,0.315039815926804,9.620692015733598,0.011059989130847854,sakit
0.4602242708206177,0.2241436243057251,-0.6819540296797736,0.4092894494533539,0.2186313271522522,-0.38700179992160627,0.4170638918876648,0.24408362805843353,-0.14007673982326965,0.07497920160981236,232.15116841256997,0.9630903208116551,0.25412958419166526,7.484653654684014,0.005628649286418156,sakit
0.3398319184780121,0.22471983730793,0.01869930236682927,0.3215824067592621,0.22547681629657745,0.11084586256693484,0.3101857602596283,0.23064647614955902,0.22990069937286528,0.08038777923821075,339.234320694169,0.9482415038860901,0.2546977499437856,9.19455525010894,0.006467998175944033,sakit
0.5261980891227722,0.2837861478328705,-0.38790889680653556,0.4048508405685425,0.23336999118328094,-0.05066169481409374,0.2742888927459717,0.18270623683929443,0.5376177088429771,0.06594793859518001,605.5713399943764,0.9173617968660661,0.20948429612780553,13.345337768843365,0.004355897033661062,sakit
0.389492928981781,0.2580246031284332,0.2709832986430746,0.3707607090473175,0.2495056837797165,0.29520340545282986,0.38601458072662354,0.24806946516036987,0.12086300639582914,0.07349204913462987,541.5151563970383,0.9331581469940962,0.176636937038269,13.824302112865745,0.005407216580668965,sakit
0.4389580488204956,0.31372252106666565,0.21934319610547173,0.3902914226055145,0.2943989634513855,0.5398768921925876,0.358262300491333,0.27777940034866333,0.7441554566036341,0.07743585459005856,530.0312664420904,0.9529605794809233,0.19245324890106655,12.701760371550654,0.006001821878127645,sakit
0.43887093663215637,0.3138154149055481,0.2192287935890981,0.39046791195869446,0.29399147629737854,0.5392089844269724,0.3584213852882385,0.2775931656360626,0.7396670446549745,0.07796788611110181,553.5349290527001,0.9508963291324561,0.191276360397484,12.79799709942076,0.0060849347914354165,sakit
0.4824696481227875,0.4145488739013672,0.09282658269089206,0.4848887324333191,0.4124845564365387,0.0944857635281536,0.44707316160202026,0.39321795105934143,0.12368825274312067,0.10017092133482569,684.8250738633715,0.9687126028266334,0.37839801360203446,10.551385168691327,0.010049753831901018,sakit
0.3715755045413971,0.2666517496109009,0.4398122965845787,0.3396475315093994,0.25668609142303467,0.5071150916544535,0.31625908613204956,0.25654757022857666,0.7349747136113354,0.07184654567014831,590.3034880930396,0.930105459362354,0.19021378427333735,13.665630460931956,0.005167941995488169,sakit
0.4447346329689026,0.3015115559101105,0.17792026346402687,0.40785348415374756,0.29183658957481384,0.2964932984292453,0.375937819480896,0.29249218106269836,0.4508733068020636,0.0811230953544915,252.38908000082802,0.9774573927416924,0.27148368771277553,8.154610757024056,0.00658820490786248,sakit
0.1789238601922989,0.2084425538778305,1.9845436554834275,0.20177392661571503,0.21995937824249268,1.780416897127768,0.22975367307662964,0.2057032734155655,1.2340204403202308,0.0801488446211233,391.90620994968504,0.9340609374670662,0.2804347679878709,8.522195049316364,0.0064369948343966045,sakit
0.39923807978630066,0.267543762922287,0.03360302418081387,0.41721251606941223,0.2840491533279419,0.06986233019211734,0.38420766592025757,0.25352784991264343,-0.02347462696992717,0.0750877142873859,785.1926033851565,0.9192253613104912,0.178569346041601,16.309351321216596,0.005644704500993646,sakit
0.5033480525016785,0.34338533878326416,0.057044679709487664,0.4593852460384369,0.31805649399757385,0.13084572404622466,0.4147774577140808,0.28743448853492737,0.2005509348132188,0.07054205938139403,553.5974868775471,0.9583689620942882,0.24762638868156928,10.891198696126873,0.004984718999306685,sakit
0.3633943498134613,0.3458746671676636,0.6563190406471612,0.3115067481994629,0.30712828040122986,0.7350590751956675,0.2370360642671585,0.27782130241394043,0.9777503920215146,0.07553771524716886,439.90836096452904,0.9654549981410651,0.20473013876195903,11.719040772446855,0.0057131086282964485,sakit
0.5128786563873291,0.3216412365436554,-0.045299601077235796,0.4961547255516052,0.3201524317264557,0.041443878113997454,0.48466575145721436,0.3125944435596466,0.08102097137567955,0.0822640904197446,696.2966767551787,0.9470536115609405,0.23078591284446925,13.984361797936758,0.0067732744128069615,sakit
0.15142583847045898,0.2551793158054352,1.867133439199995,0.1490841656923294,0.2538518011569977,1.8993403328117835,0.14579354226589203,0.24361257255077362,1.8320975167870754,0.5286191181368084,364.9246210575737,0.9557583223105489,0.6123444882529018,6.868344617645146,0.27945284019949734,sakit
0.2230825424194336,0.3192956745624542,1.171058295420934,0.20693151652812958,0.30135878920555115,1.3133505754300405,0.1940460354089737,0.28761330246925354,1.4288652176940573,0.49273651785730693,437.05485833341965,0.9637521628508418,0.5607676412350072,8.205022857953539,0.24280379414851297,sakit
0.15805065631866455,0.28915852308273315,1.7236624357943366,0.15232795476913452,0.2803702652454376,1.7900877936151973,0.14737512171268463,0.27330365777015686,1.8420456294947083,0.5998185467026627,546.7734423443143,0.947434239522582,0.6560938474544608,7.533206610132375,0.3597911912578761,sakit
0.40575772523880005,0.24147315323352814,-0.023571666588378944,0.3296912908554077,0.2158936709165573,0.4563528629729234,0.27472758293151855,0.20435059070587158,0.7451362725984106,0.07063318954592696,409.76580024434037,0.9342162334192978,0.22728413230454478,10.273049143843915,0.004996330004873056,sakit
0.5089020133018494,0.3209491968154907,-0.014366775246306958,0.4924032390117645,0.319376677274704,0.07183169883199658,0.48082152009010315,0.31149405241012573,0.11144706186727159,0.08268200411943687,683.7408355281801,0.9477803999950015,0.24214108359452538,13.756969145802636,0.006841721524664355,sakit
0.37834274768829346,0.2639963626861572,0.2720968729400093,0.3589843213558197,0.25520533323287964,0.30774967100052897,0.3726308345794678,0.2543705999851227,0.14578378506442563,0.10143022641542888,514.478235618738,0.9394969118014297,0.20497591982273397,13.164080748690369,0.010295015686984493,sakit
0.34021028876304626,0.3160327672958374,0.567829684992748,0.3184777498245239,0.31211334466934204,0.6404677289939126,0.2926763892173767,0.30012455582618713,0.7678215301974026,0.11624678021814518,270.162503103414,0.9786259637506789,0.38840150930310785,6.7500617570693136,0.013525277680444663,sakit
0.4229082465171814,0.3185998797416687,0.25735684518714336,0.3726842999458313,0.2949051558971405,0.5772133668272643,0.34009185433387756,0.2764107584953308,0.7896163416187394,0.10397915351519364,522.2384040829266,0.9542559408959601,0.21856811897176961,12.294255737719164,0.010819102987533268,sakit
0.34381774067878723,0.33188188076019287,0.9888207788997279,0.3305647373199463,0.318874329328537,1.0889759504601628,0.2902814447879791,0.2909785211086273,1.383386090222938,0.23576677603085158,329.9264393075661,0.9749498552829433,0.4846007535517359,7.5529025314868505,0.055602503612510686,sakit
0.42179831862449646,0.31771400570869446,0.26280906955437255,0.373451292514801,0.2957451343536377,0.5769597356373329,0.34263625741004944,0.27810871601104736,0.776522475579847,0.10729061107253969,539.2124495399428,0.9529328700997047,0.21791768975320866,12.51840685334232,0.011517022350248249,sakit
0.369877427816391,0.28744152188301086,0.4156088190958259,0.35089561343193054,0.2824397087097168,0.48565182592753064,0.33643749356269836,0.25213271379470825,0.3840726107924208,0.10551852102173492,426.8106183573723,0.9577716246634774,0.23650065696929842,10.56617628669886,0.011140572766560664,sakit
0.3206811249256134,0.25424203276634216,0.3790988029823453,0.32220515608787537,0.25555241107940674,0.40484457115733236,0.32046833634376526,0.2502933740615845,0.4408976287411584,0.11405392753909416,514.4362427388897,0.9384717961760409,0.24032406932596187,12.350139784106446,0.013013995975262663,sakit
0.28367751836776733,0.21343141794204712,0.5450326760216548,0.27651435136795044,0.20532000064849854,0.3388552788690159,0.2861429452896118,0.2145385444164276,0.27009068918958884,0.11139650081366093,193.89326347577037,0.9650577447859331,0.3529738935459557,6.521878361061783,0.012418093578960907,sakit
0.3986089527606964,0.252554714679718,-0.01723793559508033,0.35618650913238525,0.24484580755233765,0.2707612338088379,0.33723872900009155,0.24982818961143494,0.46849173276122674,0.10469966889497699,317.5092832584713,0.9594988413395797,0.24467480710997747,10.313259801312666,0.010968940438674572,sakit
0.457385390996933,0.41753411293029785,0.19453850755846397,0.4609096944332123,0.41521620750427246,0.18797955216325837,0.42635881900787354,0.39568251371383667,0.21283127704046562,0.12956464228066772,632.3772747083182,0.9715129265120778,0.40394557445001755,10.029637239597774,0.016802337410037636,sakit
0.4008197486400604,0.3217412829399109,0.37393034708719747,0.37371015548706055,0.3270811438560486,0.6673946532057169,0.3586326539516449,0.3263145685195923,0.8132745391831046,0.10570015626152912,670.3354644919234,0.9506884392828665,0.28327663843271617,12.434445228210594,0.011181397054802719,sakit
0.33607250452041626,0.3674675226211548,0.5814269567040654,0.31002920866012573,0.3467860817909241,0.7587510667370598,0.27125072479248047,0.30922308564186096,1.0159041644561315,0.12213615693588807,475.21183708693326,0.968789388724716,0.37688739088580325,8.69301574762544,0.014939186226437133,sakit
0.354404091835022,0.2706282436847687,0.48690156143297875,0.322761595249176,0.2588084042072296,0.5481852786299025,0.29819127917289734,0.2563026249408722,0.7878897722679896,0.09976261916409819,583.6387729016452,0.9324435485921527,0.21459983016914955,13.322341584306018,0.009960039799590644,sakit
0.34987393021583557,0.34394317865371704,0.689985307860606,0.29720833897590637,0.3031415343284607,0.7759431093137394,0.22541743516921997,0.27144891023635864,1.029330842786178,0.10528797833827631,393.3465315938453,0.9683854300349074,0.23173491908075497,11.242611504501019,0.01109481910801171,sakit
0.3113897144794464,0.3316824734210968,0.7820553789269155,0.27921342849731445,0.2826750576496124,1.085087105981488,0.26901382207870483,0.2790827453136444,1.2463031474658242,0.09995283512464996,521.0701643290816,0.9537190074594885,0.30997585979556197,9.699872636142638,0.010009250105628151,sakit
0.4177544116973877,0.2696569561958313,-0.028416064095213307,0.4102464020252228,0.2729516327381134,0.042238173045626055,0.40116116404533386,0.2788238227367401,0.12701778866293362,0.1098267112869457,332.91739064502326,0.9651988154556327,0.2630909351797122,8.531260131627851,0.012067473571044143,sakit
0.43534088134765625,0.30906739830970764,0.1723847957496983,0.3984189033508301,0.2986904978752136,0.29966236573055266,0.3670746088027954,0.2982821464538574,0.46276468342717925,0.10945415151081243,253.23843887096984,0.9784378931918205,0.2908343868994925,8.068872588486963,0.011987467993761937,sakit
0.1688198447227478,0.20115116238594055,2.102415137394625,0.19099336862564087,0.21199434995651245,1.8582654105254588,0.22024884819984436,0.20383548736572266,1.276863706138641,0.10967500750784163,356.97577033508486,0.9355503690725181,0.2970318166464208,8.22695403403786,0.012040731566778056,sakit
0.381634384393692,0.2937696874141693,0.11251645627580956,0.33426499366760254,0.2544125020503998,0.07835136457848456,0.30980977416038513,0.23518571257591248,0.10248710364915231,0.09730536092915691,264.7456873044298,0.9700291253842782,0.2738224822332263,8.002382381992062,0.009476524136955803,sakit
0.5049189329147339,0.29605332016944885,-0.33649401857981065,0.3887362778186798,0.2420157939195633,-0.026942054376765816,0.26299408078193665,0.18662793934345245,0.5363129154751014,0.09702339112112729,609.6648110753013,0.923188279796283,0.2329543653420865,13.170469804882401,0.009421105808236874,sakit
0.39508795738220215,0.3245568573474884,0.2958767302767924,0.3768515884876251,0.3147771954536438,0.39467856578793736,0.3649243712425232,0.3051973283290863,0.45717794116604704,0.11849166039290572,549.2321744057161,0.9575036673715523,0.2635939070280195,11.347852684983579,0.014048317408590196,sakit
0.3377618193626404,0.31156572699546814,0.5812936443338957,0.3153671622276306,0.3069901168346405,0.652237468221637,0.2891193926334381,0.29521968960762024,0.7878613221251717,0.11666579341534604,239.64180733132835,0.98041237145944,0.389525764592722,6.521738092432294,0.013622301734807059,sakit
0.3009491264820099,0.27337542176246643,1.1516118847833339,0.2819109261035919,0.2624676525592804,1.2971645318161782,0.218501016497612,0.22752153873443604,1.5973684639729118,0.10829968438684522,377.2596577546626,0.9574834776684417,0.2528396960131309,10.48570301709515,0.011735338866765746,sakit
0.3915238082408905,0.2809757888317108,0.1052479167881306,0.3623807430267334,0.27067074179649353,0.1776156175899835,0.3644445240497589,0.26844462752342224,0.15012072169201437,0.10948655514164311,237.924250238884,0.9753196905349175,0.27242648413476306,7.7297986578173274,0.011994999215283257,sakit
0.3844042718410492,0.2727050185203552,0.08658909442491927,0.40106669068336487,0.28867220878601074,0.12041773438178364,0.37195754051208496,0.2604237198829651,0.033297440526227705,0.10746566835939257,773.1156040914098,0.9233939117601685,0.20588315748183836,15.893980381978265,0.01155478657863398,sakit
0.485736608505249,0.350429505109787,0.09985770027611364,0.44476020336151123,0.32575833797454834,0.16773736234305536,0.40373650193214417,0.2959379553794861,0.2181886598782065,0.10686875280712083,522.5539985559625,0.9625720139306777,0.26894758405123215,10.531841944437872,0.011427526047094088,sakit
0.35352128744125366,0.3451367914676666,0.6791450427188037,0.3011583685874939,0.3049577474594116,0.7619872715862537,0.22989436984062195,0.2745346128940582,1.0066175678683882,0.10418456930497134,412.1854852389074,0.9672897482249664,0.2296955933980422,11.447984891183795,0.010864338738234098,sakit
0.48610398173332214,0.3277532756328583,0.03344880363358722,0.4698694944381714,0.32485949993133545,0.11688101782505932,0.45833009481430054,0.31679341197013855,0.15438157418954263,0.10871726638191152,677.8679029819266,0.9501493708080271,0.258591468425243,13.591117696187416,0.011825101124544915,sakit
0.38653841614723206,0.29373273253440857,0.14909578384992622,0.3518790304660797,0.2680140733718872,0.25930946732615723,0.32783737778663635,0.2376895695924759,0.24743132302729634,0.10270492887266651,469.9070064001753,0.9508032523094333,0.2590117580723127,10.904036751616397,0.010555300380165384,sakit
0.40953248739242554,0.2247704416513443,-0.24413675912683208,0.3986712098121643,0.23478347063064575,0.15695805443687577,0.3560357391834259,0.22989578545093536,0.34565554949258026,0.07001611184707222,731.2651708861864,0.8902407109656774,0.17299189512181493,15.896479561064716,0.0049076076063038114,sakit
0.28069230914115906,0.3112342059612274,0.4612175520866917,0.23533762991428375,0.26932963728904724,0.6172339588203165,0.1765969693660736,0.21621520817279816,1.003431567196621,0.41260054916981953,399.38890845603174,0.9592145228411283,0.5149771121414206,7.905182578936542,0.17025794840277744,sakit
0.1346202790737152,0.2433660477399826,1.6663940316681431,0.14101916551589966,0.25560277700424194,1.6746706138232677,0.1293117254972458,0.23259982466697693,1.6450292314096735,0.6139699214119246,496.89988666826645,0.9387670866848105,0.6627306163147796,8.299785388184576,0.37697077410501967,sakit
0.15674827992916107,0.2899748980998993,1.6055465489231675,0.14947959780693054,0.27784809470176697,1.6472870372811932,0.13059626519680023,0.24912838637828827,1.9077266559575725,0.6375780230727462,519.2033143200812,0.9485681692684386,0.6922943032721744,7.5143355357276915,0.40651792165265327,sakit
0.15209338068962097,0.2545976936817169,1.8629994559898642,0.15040338039398193,0.2539128363132477,1.8843816880362954,0.14799752831459045,0.24481530487537384,1.8067967236883566,0.5129263797701985,385.83024613144374,0.9532680990703861,0.5988992988397507,7.123623881218353,0.26311029286450366,sakit
0.06176691874861717,0.15546046197414398,3.490751128595864,0.06990841776132584,0.16700924932956696,3.255272096102657,0.07657291740179062,0.16418354213237762,2.66959126264978,0.6396980731657663,349.5600830406733,0.8994507727598325,0.7074096086223981,5.210180509349239,0.40922714994738046,sakit
0.2251669466495514,0.31967002153396606,1.1588633108450657,0.2090122103691101,0.30215659737586975,1.3003527064015592,0.19575488567352295,0.2878776490688324,1.4128035165966417,0.4706666861339859,466.63358597680804,0.9614941847271589,0.5445731521748945,8.5418185872405,0.22154190140589902,sakit
0.10800871253013611,0.23181605339050293,2.40736838651686,0.08275607228279114,0.19289530813694,2.8926230829870483,0.08537334203720093,0.20088373124599457,2.858531503051362,0.6549347141358327,404.2175063619145,0.926428806600708,0.7255482138286012,5.372850512175308,0.42895665304339464,sakit
0.1496763527393341,0.2830275893211365,1.8231012102574016,0.14288869500160217,0.28053632378578186,2.0216801837141527,0.13832692801952362,0.27811765670776367,2.1333389796857527,0.6081968573610574,590.4877926358959,0.9427040188574686,0.6793990340340591,7.564623790853908,0.36991961570432963,sakit
0.18093112111091614,0.2249770313501358,1.0881331802370848,0.16651839017868042,0.21447394788265228,1.2856192549192758,0.16190777719020844,0.21242642402648926,1.3441708206976937,0.40276891397094555,231.0413708200456,0.9621642724156203,0.5016191238744189,6.587765832461428,0.16224067132022915,sakit
0.13083072006702423,0.24664248526096344,1.685512740005244,0.12886705994606018,0.24422049522399902,1.7068266948563071,0.12542462348937988,0.24113772809505463,1.7720870689021415,0.6605725402559007,320.2953888498087,0.9591003438840328,0.7164777854300324,5.020287964380219,0.436366313211029,sakit
0.1596808284521103,0.2902388274669647,1.7126177503430018,0.15378065407276154,0.28134843707084656,1.7791187195781775,0.1490197330713272,0.27430638670921326,1.8273164559853856,0.5842652752368797,574.5998893512797,0.945240286935904,0.6432874461309882,7.812189789361155,0.341377077520486,sakit
0.38692688941955566,0.24531559646129608,-0.007966197226345156,0.31181061267852783,0.21395592391490936,0.44093833681340117,0.2581898868083954,0.19901616871356964,0.7446963378540855,0.10036917454935652,436.30904418138584,0.9299045132979814,0.2506251555765692,10.125273987992182,0.010080891393913757,sakit
0.4725241959095001,0.26393499970436096,0.13123520570643404,0.4525596797466278,0.26197001338005066,0.3108094456946632,0.42798441648483276,0.25760361552238464,0.5269968987053031,0.0194164765893777,441.9606910070144,0.9495967560668975,0.18589250825358564,10.908865925304111,0.00038109966616127103,sakit
0.564877450466156,0.3126275837421417,-0.31881132452782507,0.5333495736122131,0.31162765622138977,-0.14262913533346352,0.49298030138015747,0.2992471754550934,0.0333052099009501,0.023309039488973993,524.4776533105239,0.9574993156319799,0.225019639089351,11.32553964149801,0.0005519581845322188,sakit
0.3351778984069824,0.31222566962242126,0.9764245739962246,0.31789565086364746,0.31208524107933044,1.0892920358106808,0.2840133607387543,0.3068753480911255,1.2597678022844792,0.052151325136262666,580.1907297553479,0.9534811182029498,0.23153691011959232,11.830010524964344,0.0027247918194998003,sakit
0.3132781386375427,0.1894393414258957,0.36342964278256895,0.32301586866378784,0.20032015442848206,0.3297737592414594,0.3647168278694153,0.2157782018184662,0.23562272452934246,0.016187513542487174,209.1608256694723,0.958186049062523,0.1814336092652594,8.235034198674153,0.0002657883789227573,sakit
0.4431135952472687,0.22847019135951996,0.41842217182081537,0.3806375563144684,0.18360982835292816,0.42763599094853344,0.392760306596756,0.17773036658763885,0.17125543549149952,0.010500971544941584,543.5644147031694,0.8806713747323497,0.08453782319649472,16.302840148689807,0.00011126995519643582,sakit
0.24912554025650024,0.21490556001663208,1.0216526198729254,0.21590158343315125,0.20297057926654816,1.282537519896406,0.2039455622434616,0.19309870898723602,1.3723701505660644,0.030383520505635284,257.1538304142771,0.951448849856711,0.21973604703417352,8.690225863704857,0.0009318898968667424,sakit
0.40706145763397217,0.25272321701049805,0.4264727288725784,0.40146979689598083,0.24676688015460968,0.4268228451685539,0.3953031897544861,0.24112631380558014,0.39128026601479976,0.017447850201640008,378.8245077281659,0.9523668076112305,0.20528030536553188,10.044570060788148,0.00030824170569257594,sakit
0.37754175066947937,0.29767897725105286,0.6576467443061529,0.35030654072761536,0.2932509183883667,0.8181634950730791,0.33089372515678406,0.28541678190231323,0.9272960036302312,0.019282960848892344,481.95448927938406,0.9565765521322338,0.16721725372826027,12.662244643581412,0.0003766163852200409,sakit
0.3465384244918823,0.2547525465488434,1.2421633917660566,0.29566073417663574,0.2563346028327942,1.3360992805762233,0.2840627431869507,0.2471800148487091,1.2768832852377858,0.0427674087960366,465.6407901931313,0.943849294999857,0.27196649722602506,9.821889251774666,0.0018448776108684845,sakit
0.4957273304462433,0.2473224550485611,-0.18899905628460306,0.4408433735370636,0.25005966424942017,0.09442566265011708,0.41283366084098816,0.24903981387615204,0.21446197230456418,0.015193824138173315,403.015445988939,0.9489050207060393,0.18010620447232037,10.912618489821996,0.00023479681313157025,sakit
0.6460930109024048,0.2702804207801819,-0.24756913307399148,0.6261531710624695,0.28294602036476135,-0.18936763295601342,0.6135998964309692,0.3020031750202179,-0.18414504054543648,0.08512224695009174,711.6135092521728,0.9284317235447365,0.20488930659058893,14.677030045343342,0.007256380857457397,sakit
0.4212261438369751,0.25797149538993835,0.6189693790544728,0.39850568771362305,0.2417861968278885,0.6746756812899994,0.39988061785697937,0.23727309703826904,0.6589379607187947,0.014296927220531018,338.13869392131096,0.9565471004836436,0.17898137181690965,10.246925528367836,0.00020782402514943514,sakit
0.43021875619888306,0.2261291742324829,0.35447141167591023,0.41642889380455017,0.21081411838531494,0.42105219383299625,0.4061996340751648,0.20395337045192719,0.5931159787480419,0.01347891870285283,345.9745410706769,0.9408215539639797,0.14591203778773834,11.094043271322741,0.00018313551324736766,sakit
0.39106622338294983,0.20723004639148712,0.8944044758904487,0.3583950996398926,0.255879282951355,0.5975651775427842,0.34713631868362427,0.2979988753795624,0.5998017119859501,0.03091421967959797,349.92073860735036,0.9536242946185082,0.25318651350872073,9.004403047570706,0.000970380158747395,sakit
0.5136702656745911,0.21711276471614838,-0.03293967685621907,0.4725933074951172,0.21218827366828918,0.16090980283813403,0.42608919739723206,0.19762656092643738,0.28095302879408274,0.012562725350318797,466.65520277717786,0.9187083138714248,0.14395598174610022,11.937963026170038,0.00016002327573818822,sakit
0.4607747197151184,0.2564469277858734,0.2903453745150722,0.3921314775943756,0.270911306142807,0.5477515925482054,0.37435606122016907,0.270841121673584,0.6484208897162884,0.018887012396683795,374.7178013869208,0.9587055302317983,0.19916645116916343,9.31814916299283,0.0003617170930900523,sakit
0.48948219418525696,0.3128430247306824,0.04938621344433726,0.4411800503730774,0.3186012804508209,0.268506391142783,0.45627424120903015,0.3256736993789673,0.2262364243783613,0.022612607828483358,443.15590570805335,0.9659437479199444,0.25416945689663467,8.90573532289733,0.0005191487163955251,sakit
0.48901379108428955,0.19208119809627533,-0.38038862228153913,0.4252459406852722,0.19212228059768677,0.08530790871137424,0.3980562686920166,0.19950470328330994,0.2682753330529979,0.016844677304731086,235.5466419290185,0.9486617772820894,0.19236875248697116,8.751520415697405,0.00028879898567486854,sakit
0.4742962121963501,0.22226037085056305,0.02362112776194792,0.4112667143344879,0.2178163081407547,0.629245768302629,0.3535337746143341,0.21969348192214966,1.1133408336058088,0.012557620838347529,573.8712461519068,0.9049399162084918,0.13964284716387323,13.397019485447403,0.00016001462810344422,sakit
0.4165123701095581,0.2512795329093933,-0.09660274759000824,0.394692063331604,0.2506527602672577,-0.06099403431558926,0.37469393014907837,0.2488691657781601,0.048350156453253426,0.020807758936833832,314.54001719707185,0.9606937374084937,0.19706565628521222,9.637613876473855,0.0004372508112759697,sakit
0.5626615285873413,0.26544541120529175,0.07529345104078472,0.5365741848945618,0.25787708163261414,0.31381796131766365,0.4904799461364746,0.23251110315322876,0.42295826126243796,0.015906179739812277,402.12945966511285,0.9518337315482753,0.14907408974815448,11.783671956732173,0.0002558228151815422,sakit
0.5073824524879456,0.26869121193885803,-0.2936914390882434,0.46037769317626953,0.2624208629131317,-0.06731098240630105,0.4513667821884155,0.27570968866348267,0.049089598685541254,0.030141939167624022,639.0209509560955,0.9295282116695812,0.2641512713372849,10.809504870764906,0.0009192726301676218,sakit
0.6315124034881592,0.2785652279853821,-0.377351668792747,0.6152923107147217,0.285709947347641,-0.2894514868372599,0.6134786605834961,0.30254387855529785,-0.3063065453961578,0.10239612602317771,841.0752290432548,0.9191890665928145,0.28545806774706767,11.770308221612318,0.010488112396066727,sakit
0.519193172454834,0.22344833612442017,-0.011410897271037666,0.4824984669685364,0.23419392108917236,0.14486290335185728,0.4663883447647095,0.25063878297805786,0.186490298433325,0.015749994008871362,607.9395947872504,0.9118968164004145,0.17465999590337808,12.8112230469482,0.00025153795000416797,sakit
0.5053322911262512,0.31007489562034607,0.06841829357147766,0.4364513158798218,0.28869563341140747,0.42930359111785715,0.34172284603118896,0.27757522463798523,1.036535324584949,0.055711386813812554,660.5980024512221,0.9399756791661956,0.22492003594575213,13.496495097716902,0.003109337539035179,sakit
0.5294819474220276,0.29225537180900574,-0.11346538419437105,0.44093218445777893,0.26053565740585327,0.23533273739886051,0.32243412733078003,0.23080973327159882,0.891149408775814,0.02536661078201595,730.3927024284554,0.9191536414757461,0.17376515094014053,15.501631551872938,0.0006482095658483103,sakit
0.5024698972702026,0.27472272515296936,-0.042536748329475696,0.4176664650440216,0.24708977341651917,0.2327708537589785,0.311340868473053,0.21472656726837158,0.7325247023838463,0.019295664878202813,674.6275672827492,0.916451457599666,0.1716539702247211,15.718549413007878,0.000376864881754975,sakit
0.4961341321468353,0.24731752276420593,0.6997720114626941,0.47834211587905884,0.25152790546417236,0.7183366236393418,0.4539995789527893,0.28530892729759216,0.42888739495461925,0.035830984371812244,600.2502082123153,0.9271544124450818,0.18903536439098353,13.219098146938554,0.001288618729919874,sakit
0.533983051776886,0.23670732975006104,0.30296932223491796,0.5112935900688171,0.23881031572818756,0.398753849627674,0.4656355381011963,0.2752774655818939,0.38058383378411037,0.02716341291359747,603.6046980274874,0.9175585860821043,0.19453844374519033,12.121070441101375,0.0007420538767712854,sakit
0.5006495714187622,0.27034440636634827,0.1975510447612356,0.49475228786468506,0.2732110023498535,0.2527005556344116,0.444754034280777,0.29230552911758423,0.5981029048842766,0.016072023638520557,731.764512742412,0.9223967392849538,0.19814432900129078,12.508116854045944,0.00026267924247976206,sakit
0.5818348526954651,0.1839895397424698,0.6146386608020424,0.5510337948799133,0.1986764520406723,0.5329742695404125,0.5149669051170349,0.23217004537582397,0.22964324428384505,0.025814472834085198,516.1039039384374,0.8939399298317671,0.1891353374317821,11.718581148700258,0.0006720147287511076,sakit
0.5785150527954102,0.2368447631597519,-0.139072108925005,0.5573511719703674,0.24511663615703583,-0.001693432975909862,0.49718421697616577,0.3019891679286957,0.07488336336535205,0.036056338564383505,461.5183088609336,0.9395400281557168,0.24931287522688614,10.402865064336757,0.0013059159544080504,sakit
0.4012875556945801,0.32121333479881287,0.5467999644787177,0.37034958600997925,0.3182509243488312,0.6502273952414137,0.36280861496925354,0.32254114747047424,0.728324466922418,0.023861815409287685,503.58180646240385,0.9617424682965091,0.19287056221231882,11.106952588282036,0.0005762310924415532,sakit
0.3563191294670105,0.24851849675178528,0.8033472318308548,0.3253812789916992,0.2542550265789032,0.8136885519135083,0.3190327286720276,0.2667921781539917,0.7020246512952475,0.02392865897144189,376.9580155990914,0.9546635345760272,0.21625242387098553,10.544169739383397,0.0005801244497502897,sakit
0.550982654094696,0.2543230950832367,-0.064798843354099,0.468525767326355,0.2671869993209839,0.35130492336590374,0.4436299204826355,0.28210631012916565,0.4555225372785971,0.015722003447625314,357.6211286667717,0.9600011535809223,0.15331376543034494,11.306092672909074,0.00024937347190126985,sakit
0.5635291934013367,0.2835262417793274,-0.18312384986342498,0.5514077544212341,0.2975357472896576,-0.1479295163722065,0.5585362315177917,0.30276909470558167,-0.1580935305133264,0.01751718761306252,533.242173896765,0.9520489906418926,0.17902888153676386,11.781607005808327,0.00031043492778664867,sakit
0.4288198947906494,0.23473143577575684,0.6013118034911547,0.42797043919563293,0.24537959694862366,0.49897574124792266,0.4221201539039612,0.2574971914291382,0.41340107111185553,0.015430843885320816,382.77072457861254,0.9499350213227324,0.15667774192527462,10.888576075513518,0.00024043923206184032,sakit
0.4078846573829651,0.19917668402194977,0.07041494568211705,0.39594292640686035,0.18970102071762085,-0.04553577562828983,0.3713220953941345,0.17915205657482147,-0.03914490322145171,0.01142499405093566,424.40066332255066,0.9101270244017666,0.09814655226535313,14.145918316345545,0.00013121874894879472,sakit
0.42377758026123047,0.1668226569890976,0.6051691226151799,0.3313412070274353,0.14587058126926422,0.9033284387682862,0.2235911786556244,0.1260737031698227,1.6057418318706715,0.011976995148880615,494.50794986803027,0.8270029808356728,0.07531826227309134,16.05108041263706,0.00014420086332472823,sakit
0.5004318952560425,0.23106612265110016,0.042817782512277754,0.3866237998008728,0.21318702399730682,0.3556627576932016,0.2657601833343506,0.17459693551063538,0.7762725364366118,0.011011515206171586,666.730138841557,0.887132807007602,0.09497704174319137,16.72355142836868,0.00012200437927273001,sakit
0.5368520021438599,0.17965130507946014,-0.9101698340662077,0.45502299070358276,0.1680404543876648,-0.8228541325579851,0.36432379484176636,0.1476699858903885,-0.5853433786459865,0.013467132763860308,423.4769807155587,0.8839082361936543,0.09232724869058585,14.146840809059375,0.00018258946383990427,sakit
0.5003635287284851,0.21913990378379822,-0.042856044648490195,0.4518639147281647,0.20728428661823273,0.14504041464133385,0.44355398416519165,0.21754847466945648,0.28199263641571976,0.013690646880395915,288.84099763662607,0.947907804536662,0.15532114522755866,10.168101610942344,0.0001897766349569336,sakit
0.48921865224838257,0.26407450437545776,-0.3690491592264911,0.4622088670730591,0.2483176440000534,-0.3392391096960493,0.40148496627807617,0.20742827653884888,-0.3118768346981664,0.013884581724131304,575.9190186008992,0.9279247355808278,0.09931829006160597,15.88446818934902,0.00019360781294597672,sakit
0.4854804575443268,0.30357328057289124,0.1312185439407537,0.46843504905700684,0.29221802949905396,0.22033546540245355,0.4366813004016876,0.2743200659751892,0.3584137616349962,0.016284857932949395,292.32606720788425,0.973761524990282,0.14712002611098637,10.490512666830545,0.00026625786112819343,sakit
0.47068700194358826,0.18272700905799866,-0.36559307016285286,0.4656962752342224,0.17817042768001556,-0.341568910213362,0.44245773553848267,0.16610094904899597,-0.260567352308871,0.010361999231525004,636.0974129349197,0.8451498652929859,0.0724510789704035,17.592829456382358,0.00010780900318830009,sakit
0.2782137989997864,0.24166357517242432,1.1353235684130252,0.2761777937412262,0.23725835978984833,1.202941191115463,0.26290351152420044,0.22711096704006195,1.2265375792972557,0.024275142533661767,675.5801493236321,0.9070250739844932,0.19089207211503778,14.208284572415655,0.0005955700014745941,sakit
0.4456378221511841,0.2516595721244812,0.20556345700827014,0.43183109164237976,0.23710012435913086,0.32896205433306486,0.4382939040660858,0.23240754008293152,0.32733094116500366,0.015331497290715049,420.1277165769383,0.943641884145691,0.16708836871457944,11.216301291557373,0.0002373045733230901,sakit
0.42002516984939575,0.2822026014328003,0.7869371417829985,0.40046030282974243,0.26554492115974426,0.8512221922520026,0.3717777132987976,0.2493215948343277,0.9892674576672551,0.018398855731014012,607.3629373716328,0.9338867405235612,0.16321786301608338,13.65502329133867,0.000342065984925032,sakit
0.28774046897888184,0.25060516595840454,1.2648044800275602,0.28750258684158325,0.2309698462486267,1.3124411829246483,0.28912708163261414,0.22718265652656555,1.2172025398062094,0.02230094618490545,220.50806421847093,0.969298198045138,0.1847574919583853,8.626859657144136,0.0005016302850286968,sakit
0.47643768787384033,0.21890504658222198,0.18708704643066704,0.4989106357097626,0.22586333751678467,0.20521352419262792,0.6082725524902344,0.24696794152259827,0.05665975863968975,0.012737022722262419,499.5265095610635,0.9190317339633903,0.14068141681438304,12.947175347500819,0.00016549234890406576,sakit
0.5466625094413757,0.2508070468902588,0.05557858398279151,0.5815747976303101,0.25773245096206665,0.04420308026408022,0.6544809937477112,0.27115651965141296,-0.18187595050547273,0.01373316122715288,710.176556634759,0.9110487210818315,0.15936988561468374,13.080532089607578,0.00019342441881341706,sakit
0.5557884573936462,0.23308411240577698,0.16018118975576626,0.5581851601600647,0.23323467373847961,0.17808419004073459,0.5955333113670349,0.2913397252559662,0.07332711402972987,0.03658272235207624,456.58665608424826,0.9341294123253122,0.24227323925472077,9.889497566209121,0.0013420439290190813,sakit
0.4782795011997223,0.21343550086021423,0.19189317780196707,0.4286636412143707,0.2133643627166748,0.5809002520078124,0.38124191761016846,0.20604518055915833,0.8215706713307531,0.013944838718126401,508.46715698190843,0.9118633211968651,0.14839179434904262,12.186846273489808,0.0001973137601562668,sakit
0.5265397429466248,0.18226169049739838,-0.05397152276969733,0.5357868671417236,0.1871216893196106,-0.13187396234831938,0.6196112036705017,0.24002905189990997,-0.05814962264655891,0.013914590563040417,366.44766427532977,0.9154703801974465,0.14219591939199125,11.124934407565767,0.0001967615151883223,sakit
0.4715273976325989,0.20780423283576965,0.09850279059342895,0.48069727420806885,0.20693813264369965,0.03115445214866291,0.5470924377441406,0.2592359483242035,0.056974850259619084,0.011837138151497296,511.9581340240711,0.9061079780626468,0.1273596779261056,13.310708899928372,0.00014227025928020858,sakit
0.4680480659008026,0.2088857889175415,0.1325138228476363,0.4766371250152588,0.2235749512910843,0.0471173997263494,0.5851148962974548,0.31754034757614136,-0.03962534994756431,0.01291833078149515,537.2767678362235,0.9135556394890254,0.14515062816889218,12.273030691793453,0.00016909110127245113,sakit
0.47076064348220825,0.1901329606771469,-0.10656569203344332,0.47778671979904175,0.22342978417873383,0.04948427430977772,0.5867515802383423,0.33312535285949707,-0.03384791757228089,0.01360724640939942,397.11985508284397,0.9344104691193379,0.14544049379868051,11.006152357843883,0.0001873501319881067,sakit
0.46755897998809814,0.2091745138168335,0.14639655672694038,0.45686596632003784,0.22962011396884918,0.19216483012287164,0.51313316822052,0.30529674887657166,0.28495736718738074,0.014038398421138937,535.952516342109,0.9183946397656167,0.1461715898085478,12.376679202580045,0.0001998557377354339,sakit
0.4650154411792755,0.2015388458967209,0.1628387789847374,0.5066037178039551,0.2052428126335144,-0.29229902296479443,0.6375767588615417,0.2877296507358551,-0.33541414451045604,0.014398952460114599,492.05470274489636,0.9092426736836438,0.15167488258240916,12.357111077077645,0.0002101976539617942,sakit
0.5003789663314819,0.2921472191810608,0.19293338928787254,0.5077366232872009,0.25962743163108826,0.31796024655752353,0.5023676753044128,0.3280598819255829,0.04773815628501521,0.02119644526027552,648.5445833018438,0.9311323592747157,0.14222529180378315,13.706767712086856,0.00045074272963371577,sakit
0.5034894347190857,0.20055541396141052,0.017146719049918612,0.4510996639728546,0.20287302136421204,0.5088012847357058,0.4647893011569977,0.20384499430656433,0.4155407718916685,0.011295074479762073,785.4374140427386,0.849790164634649,0.10257847236448565,17.996746526873235,0.00012854030760057014,sakit
0.5027464032173157,0.21619339287281036,0.3901327190696809,0.5055564641952515,0.2202167958021164,0.13357075955622533,0.6058679223060608,0.29146379232406616,-0.23845032086703447,0.013846871498789319,466.9534304239655,0.923260742532499,0.17393754322508959,10.625002491382233,0.00019511283380035927,sakit
0.5110654830932617,0.20664551854133606,0.2140812845530717,0.4766410291194916,0.20345397293567657,0.21400461577365465,0.46470528841018677,0.24697332084178925,0.3563369885387081,0.014130888781097764,551.6939425215571,0.8939682198298528,0.16552489185076477,11.717307071148731,0.00020294897044425728,sakit
0.5476508140563965,0.18922990560531616,-0.04120117989997869,0.48328709602355957,0.20255428552627563,0.03506326951787854,0.4575716257095337,0.2480848878622055,0.3143721896641096,0.014667091137450392,374.1326139016766,0.9269892314944624,0.16887252778283113,9.633135176553,0.00021910562814872787,sakit
0.48998939990997314,0.21313409507274628,0.40757832561177476,0.45224905014038086,0.20629644393920898,0.6158790989938698,0.37276291847229004,0.2015661895275116,0.9918600717704994,0.010108526676725984,910.8948466831513,0.8354691845307105,0.0783628447035609,19.517130775075746,0.00010297513377168421,sakit
0.4942413568496704,0.21173907816410065,0.46997386209477016,0.4519088566303253,0.20546412467956543,0.6783074938153167,0.37388452887535095,0.2027374804019928,1.0423632986184828,0.010180583366455569,851.2626487933447,0.8448176916572913,0.07858718589678369,18.872344406852502,0.00010445630648339714,sakit
0.5165716409683228,0.2283046543598175,0.12173785351614348,0.43767857551574707,0.19649384915828705,0.7515440640755152,0.3674279451370239,0.1907404363155365,1.363089711153919,0.0134440736402864,662.9219067297402,0.8711297255306296,0.1313473122949884,13.130875084705735,0.00018233131625278642,sakit
0.5718995332717896,0.24612325429916382,-0.35210331157134506,0.5348585247993469,0.22250980138778687,-0.34969058181715706,0.5979228019714355,0.2463325560092926,-0.3371915397345604,0.016833353030113917,339.20777747335165,0.9471166290494158,0.21511694077680077,8.707061375096407,0.00028846593965830967,sakit
0.5229836106300354,0.23316964507102966,0.181450251638925,0.515643835067749,0.21916842460632324,0.30842210924347085,0.5334904193878174,0.28123700618743896,0.1769581174555638,0.010944618004015578,533.5402399397309,0.9146586585968554,0.11413800700779986,14.206772884380344,0.00012184659681298872,sakit
0.5695807337760925,0.22205360233783722,-0.032909300826614,0.5149692296981812,0.22118858993053436,0.019234181465406203,0.6229398250579834,0.2648433446884155,-0.14868533523114716,0.025229577081934,185.03769119386962,0.9692938548027233,0.26463931078473246,6.534725268109472,0.0006440890602837673,sakit
0.5644519329071045,0.25566229224205017,0.10358161273858829,0.5176823139190674,0.2617812156677246,0.20273735717977262,0.5030454397201538,0.26990219950675964,0.25801517552507997,0.013488458307237433,695.243745167159,0.920010836228129,0.12680217441567201,14.9757648736269,0.0001847507634563906,sakit
0.49686238169670105,0.25611141324043274,0.27831953780285573,0.4411151111125946,0.26109835505485535,0.35956257003031356,0.4466414749622345,0.2901739776134491,0.34675268516954477,0.013291254136326446,532.8796778434523,0.9390693970774756,0.15757680988294218,12.097206832245336,0.00017973150687630363,sakit
0.48590269684791565,0.25239256024360657,0.3570841380343546,0.42767688632011414,0.2622877359390259,0.4655511656764163,0.41825151443481445,0.29212209582328796,0.47805684709056845,0.013236460047433675,557.0793495686115,0.9366376591668728,0.14091621724111983,13.09273909522885,0.00017760843390630823,sakit
0.48359769582748413,0.2797289788722992,0.19219548308556883,0.4438541829586029,0.271641343832016,0.3190045659584341,0.4571688771247864,0.30991315841674805,0.4639517867382378,0.013409471301120348,568.3159293865641,0.9422800215216977,0.1556939223582738,12.413778219706145,0.00018142695981749644,sakit
0.5125138163566589,0.27177155017852783,-0.13267263957186698,0.4803408682346344,0.2866460084915161,0.15025372873697407,0.5251255035400391,0.32717522978782654,0.1457772898099176,0.01206451546600848,764.3502076885726,0.9256561762887859,0.14093068871163625,15.020870490082531,0.00014791357777143083,sakit
0.6265758275985718,0.23183204233646393,-0.3390981404175938,0.5486262440681458,0.24768535792827606,-0.01791547451853685,0.6179989576339722,0.25672662258148193,-0.12295827052232663,0.01361724212002277,286.9781613654368,0.9609245327470551,0.1617231099746085,10.033035069330085,0.00018905016926093604,sakit
0.688210129737854,0.24457091093063354,-0.5876097326371796,0.6142683029174805,0.2523803114891052,-0.37685331126368343,0.6753628253936768,0.2524148225784302,-0.3917624056450767,0.031170994108949756,275.61233901811516,0.9637539446380489,0.18515797980838747,9.989862834326479,0.0009763517035692735,sakit
0.5412448644638062,0.18341965973377228,-0.007249751160591408,0.5551801323890686,0.19632117450237274,0.039664607842062306,0.5316179394721985,0.2727493345737457,0.39280650770999076,0.011451532305430603,1161.9944146362825,0.7535553409306797,0.10333105749457082,21.40991094974081,0.00013329697608292467,sakit
0.5847850441932678,0.18739713728427887,-0.00012499123337708255,0.5882617831230164,0.18281276524066925,-0.04718422526192837,0.4175926744937897,0.19121602177619934,0.6462264210140746,0.010574220760257373,1062.1599250903244,0.7416031681574462,0.07643189937996463,22.10756423682655,0.00011311152740269271,sakit
0.5459610819816589,0.22952862083911896,0.0626906908755482,0.5140696167945862,0.22639694809913635,0.1850271336240402,0.5587650537490845,0.230992391705513,0.10704800990409648,0.014930109647810191,416.9610848378147,0.9324377646505018,0.13563870698015612,12.117124169123395,0.00022595621420510087,sakit
0.47235071659088135,0.22729147970676422,0.6511589217175588,0.42088615894317627,0.24940575659275055,0.6695367167117965,0.43603235483169556,0.25306636095046997,0.7704118248640834,0.018153100421480415,342.8411655037128,0.9527169593184602,0.15505034478036206,11.221699046614157,0.0003331075853948029,sakit
0.4609397351741791,0.22729329764842987,0.5065435527254867,0.4052661657333374,0.2249554693698883,0.7897316794703291,0.3966011106967926,0.21352285146713257,0.8936606762090528,0.014320417420639183,312.39423498278984,0.9479165975078542,0.14913300925325104,10.659603890569292,0.00020995586369992934,sakit
0.5421964526176453,0.21061944961547852,0.3151108167488828,0.5034257173538208,0.20990638434886932,0.6812263473760627,0.5217525959014893,0.20480288565158844,0.7463855921262615,0.029934837950580228,368.0414014221796,0.9321465858691748,0.16391168764743952,10.149206815659173,0.0009012820897710892,sakit
0.46307435631752014,0.22084017097949982,0.7858054078146234,0.39163917303085327,0.25715577602386475,0.7318642317728927,0.46360456943511963,0.2966732680797577,0.5570713847879311,0.02918334865203798,607.7898319171268,0.9172793638949065,0.16568801631940702,12.642283283869595,0.0008537529489924139,sakit
0.4966411292552948,0.25843995809555054,0.6160157045970248,0.4707457423210144,0.2740127444267273,0.6459267457488499,0.5400227308273315,0.30244433879852295,0.2522356182072823,0.06507468075622673,379.9281123189985,0.9579628853698949,0.20983952778911322,10.607338020644045,0.004238412775128258,sakit
0.5253794193267822,0.20538827776908875,-0.5244864784190004,0.5132452249526978,0.2327902615070343,-0.4249057538194539,0.6327717304229736,0.3080386817455292,-0.34633514572963175,0.02149261333425982,236.13322833520124,0.9642691956761889,0.21566250891762204,8.251608422488701,0.00047058938353443277,sakit
0.550832986831665,0.2459009289741516,-0.13140389377315492,0.629998505115509,0.27970582246780396,-0.2580132800423789,0.743065595626831,0.2733815610408783,-0.4846537087030777,0.016654593818351528,496.7330734481398,0.9442803183620886,0.18198933889882254,12.056186710198162,0.0002828251030422778,sakit
0.5496028661727905,0.20297925174236298,0.35378253982334207,0.5252431631088257,0.20321930944919586,0.6784249485433593,0.5633202195167542,0.2510871887207031,0.4758937794460243,0.01935492539669752,443.238258925541,0.9122216917754922,0.14348751462408135,12.36371582127167,0.00037830386604908555,sakit
0.5640018582344055,0.23146697878837585,0.2626720985138013,0.4912688732147217,0.25634628534317017,0.19682494718901047,0.5529452562332153,0.2736109793186188,0.16316936716119726,0.01746191413249996,618.1726671379532,0.9164195208032372,0.14456632982701223,13.789377970207761,0.0003080277697914104,sakit
0.5708450675010681,0.25597015023231506,0.18508758071845627,0.49990928173065186,0.29514849185943604,0.2880377364464427,0.5863863229751587,0.315761536359787,0.017448738514307206,0.027395446915554376,684.4460855078422,0.9272931353773407,0.16945688906030623,14.298558488595743,0.0007557531150937945,sakit
0.6848177909851074,0.23426364362239838,-0.4779680268558714,0.6062499284744263,0.24406318366527557,-0.0344957276928243,0.6121864318847656,0.24703310430049896,-0.07129834032027797,0.06844224537543515,642.9724503767412,0.9119984237743125,0.20520605836486142,12.063625060724902,0.004691218738653074,sakit
0.6113350987434387,0.22116291522979736,-0.12920111062975864,0.5480203628540039,0.22939777374267578,0.16581658084886125,0.5658817291259766,0.24143756926059723,0.1034422369488076,0.035161514766361916,367.8475688876256,0.943275752577688,0.18048722799847816,10.858227188060539,0.0012417515663022073,sakit
0.6286508440971375,0.22017844021320343,-0.712655132145154,0.5507392883300781,0.2564534544944763,-0.3872562764140802,0.5777109861373901,0.2775997817516327,-0.19271614576422955,0.012621458322231145,506.6126078756857,0.9316783946937998,0.14190215587096502,11.986742687807544,0.0001617441263679694,sakit
0.5669100880622864,0.21499714255332947,-0.31835272813859267,0.5060145854949951,0.2193690687417984,-0.03432776357012955,0.5425689220428467,0.2347504198551178,-0.0452523215826803,0.013988527897353284,211.2536739409693,0.9653672981207224,0.16055012204939492,9.133519033348126,0.00019936047619310525,sakit
0.5890231132507324,0.24567049741744995,-0.2751759986038869,0.552990198135376,0.25151392817497253,-0.13474406962624033,0.6038405895233154,0.25926876068115234,-0.2843047031784043,0.022161008930375387,409.43586234312016,0.948249325908446,0.18047807723455453,9.747772935900208,0.0004959912575267157,sakit
0.598157525062561,0.20070822536945343,-0.5039084054735752,0.536668062210083,0.21452543139457703,-0.21220903428520996,0.5866708755493164,0.2537379264831543,0.06803107753613044,0.012175691811467158,552.9384218618555,0.8968464048066224,0.12934138834968453,13.066926924280802,0.00015016426919899,sakit
0.5645259022712708,0.19829332828521729,-0.20578395298642793,0.5309223532676697,0.21158479154109955,-0.002901852402752259,0.5938313007354736,0.26079580187797546,0.09566036967937572,0.0124336347648418,461.1826445697521,0.9108465694874472,0.13339312047712162,12.31982829282858,0.00015648503619116724,sakit
0.5971139669418335,0.2561432421207428,-0.06946827291838253,0.6694183349609375,0.26408541202545166,-0.27068694007680083,0.7790934443473816,0.24100448191165924,-0.583617488106148,0.02658938130828421,526.3297727051284,0.9361592050126366,0.1729534853361441,12.50189129266356,0.0007132301405607102,sakit
0.5394238233566284,0.16058404743671417,-0.1322669692147351,0.5222879648208618,0.19678431749343872,-0.1876118451755536,0.6433014869689941,0.2563915252685547,-0.16558799567670796,0.01634008489064696,289.27891604585744,0.9326324759540806,0.18145684125153708,9.638206109296158,0.00027096119500598495,sakit
0.5482447147369385,0.1666199415922165,0.06949197003642608,0.5356244444847107,0.19794364273548126,-0.08931801726087518,0.6461190581321716,0.25311464071273804,-0.11695227473780886,0.015822175278330408,312.5259524825137,0.9292933169912551,0.17609827643647316,9.946464753302658,0.00025420374939097396,sakit
0.46297889947891235,0.28597092628479004,0.13976756449297625,0.5484980940818787,0.3338718116283417,-0.05699625017369862,0.6422221660614014,0.3496072590351105,-0.2578398766926082,0.018541370721720386,827.827127885416,0.936328359295603,0.1968221571973052,13.337518524885082,0.00034839751630255205,sakit
0.3964995741844177,0.24239295721054077,0.5996607046629439,0.4347272217273712,0.2703494131565094,0.7463473097309138,0.5225357413291931,0.2951337397098541,0.4691277402255496,0.014910720944878358,557.3310931960069,0.9359008296958725,0.15527424458795172,12.923470311293217,0.00022652722103627196,sakit
0.5784976482391357,0.2471579909324646,-0.09043478212685019,0.5764213800430298,0.2433505654335022,-0.13941868840102817,0.5801281929016113,0.2539427578449249,-0.18177909631874167,0.012932593480536561,891.2700404765269,0.8835996412974604,0.09914414673880985,18.28810855461091,0.0001695206630290437,sakit
0.28627678751945496,0.3152860105037689,0.43723580179720434,0.23970067501068115,0.2721036970615387,0.5894963691187622,0.17897602915763855,0.2180473804473877,0.9788237979579892,0.4501181290442931,337.77035544964235,0.96618975334201,0.5500133982154017,7.222824968492039,0.2026344224297387,sakit
0.16119052469730377,0.2935402989387512,1.7033287183474635,0.1553533375263214,0.2848097085952759,1.7701282676995675,0.1502675563097,0.2778201103210449,1.8244588266737227,0.606931863259264,543.2547229136458,0.9493020144196141,0.6713760005157462,7.317867746919952,0.36838436122557133,sakit
0.2271505445241928,0.32167673110961914,1.1411050854473967,0.21114729344844818,0.30451470613479614,1.2824819302302277,0.19765092432498932,0.2905064523220062,1.398892402612956,0.5207018374661556,404.4657597738363,0.967010643997349,0.5820695584079636,7.92548790504657,0.27115358345188373,sakit
0.5607512593269348,0.3116874396800995,-0.11601305342780495,0.48654818534851074,0.32177186012268066,0.15854882715861884,0.46249157190322876,0.3276159167289734,0.2553103368568721,0.0438033708663596,594.3668776032091,0.9544473810864665,0.18452818770177937,13.344999648411532,0.001924384068254518,sakit
0.4597766697406769,0.2366742044687271,0.25713130685482927,0.3796633183956146,0.22734901309013367,0.5573170572494633,0.3636123836040497,0.21954740583896637,0.5665324872590257,0.014316805832599555,498.496971406937,0.9254185813517487,0.17690681061821725,12.354179458345106,0.00020846035156694046,sakit
0.5577120780944824,0.2912561595439911,-0.3983120076741942,0.5030396580696106,0.2992803752422333,-0.17355601892654252,0.46080783009529114,0.3082562983036041,0.05759961138263805,0.020624881981318847,426.332364449886,0.9623711255450752,0.2130926988687155,9.886318848916085,0.00043195623140104573,sakit
0.4293556809425354,0.1966789960861206,0.4980269479507669,0.36555933952331543,0.20402032136917114,0.7599260694191324,0.3579527735710144,0.19879774749279022,0.6184447499954253,0.015093915782618464,198.03310494253057,0.9609679198407058,0.17814720879887083,8.624399391044754,0.0002324180755090808,sakit
0.38237589597702026,0.2325913906097412,0.418406405891535,0.34056827425956726,0.24360929429531097,0.7101713874152367,0.31931763887405396,0.24665826559066772,0.8145351080382423,0.020559982611522035,371.54475522441095,0.9499566830347587,0.2062105292347536,10.048480278480584,0.0004291367233841536,sakit
0.4506385922431946,0.3075912892818451,0.17897232880801614,0.37999165058135986,0.29844221472740173,0.5082738388106947,0.3634610176086426,0.3055357038974762,0.5460157206347267,0.032390629984620466,492.6825080712813,0.9575232225271004,0.24262240637781143,9.979468690575404,0.0010581776355190788,sakit
0.5817226767539978,0.23923727869987488,-0.03554682278758952,0.49097830057144165,0.23066867887973785,0.08748780023745059,0.41648027300834656,0.23816142976284027,0.11502350845847911,0.010749742315565384,623.0893553679578,0.9051504990236575,0.10949870482898555,14.683526528706542,0.00011692303240414854,sakit
0.3228675425052643,0.24886025488376617,0.9022120295384788,0.28645145893096924,0.22608838975429535,1.2209758557454844,0.2647620737552643,0.21021203696727753,1.3806591156112453,0.027718066741719293,267.8843012265703,0.9603139052567647,0.23363862103827937,8.359918510411328,0.000777662629074377,sakit
0.3753378689289093,0.3132458031177521,0.1655182833752067,0.3377130627632141,0.2851656973361969,0.3237056055575795,0.34202858805656433,0.2698778510093689,0.36046294526365363,0.053553687895432876,351.418337808391,0.9677111025199115,0.27690584991849426,9.171272596724243,0.002887657982297133,sakit
0.4773738384246826,0.31898489594459534,0.23238092247662445,0.42514610290527344,0.29179587960243225,0.5649923524667256,0.4113890826702118,0.2946896553039551,0.7531078314227169,0.02997156268561325,441.09672531882455,0.9606485797384225,0.2293292709585414,10.237851126228895,0.0009072005895604257,sakit
0.42530614137649536,0.2610378861427307,0.31521811408830747,0.38435813784599304,0.23789221048355103,0.5808139190027607,0.34445449709892273,0.22659297287464142,0.7151908221953853,0.019080728459068486,205.87974181238482,0.9729220551423712,0.1870482852997872,8.30967762301995,0.0003679445208963211,sakit
0.44439032673835754,0.2611514627933502,-0.05436367444221151,0.4148067235946655,0.25141018629074097,0.10788269466425886,0.38609403371810913,0.233742356300354,0.18974899285810307,0.02261433747301404,328.8519436179203,0.9596390434374836,0.2288265305271947,8.524118101935914,0.0005178090688737404,sakit
0.35040199756622314,0.1862727552652359,0.4214112411965517,0.28386572003364563,0.17572994530200958,0.9405050218647102,0.2612895369529724,0.16077303886413574,0.9610864165886412,0.018662085323039816,249.87568635988012,0.935226499065268,0.189280225818798,7.98881224045878,0.00035407189944101496,sakit
