mean_r,mean_g,mean_b,std_r,std_g,std_b,skew_r,skew_g,skew_b,energy,contrast,correlation,homogeneity,dissimilarity,ASM,label
0.3691987991333008,0.26714006066322327,1.0876995971846846,0.3889748156070709,0.2489010989665985,0.9488461885550998,0.3393672704696655,0.24422460794448853,1.2570619678429564,0.017336031850610664,919.6711261794454,0.8889295193911707,0.12747703317656345,16.840091946714022,0.00030212533028624067,sehat
0.4758075475692749,0.21827185153961182,0.5327797699492726,0.4257805049419403,0.1913261115550995,0.8699073442426893,0.27289968729019165,0.23463304340839386,1.4166082424859503,0.0138399095597314,762.31167775598,0.8440543644687325,0.12354591503449502,15.31166227686208,0.00019361303680282961,sehat
0.5196961760520935,0.2071923315525055,-0.34576745578741974,0.515824556350708,0.19804584980010986,-0.4411748348570928,0.49736639857292175,0.19457998871803284,-0.5342327113976778,0.01195746093056878,404.8831236354856,0.917197933367139,0.10703605567407844,12.505938293446434,0.00014458215092730636,sehat
0.4429611563682556,0.28304195404052734,0.14172855088814387,0.4731755256652832,0.27594849467277527,0.013103716134589827,0.3401380479335785,0.2922540605068207,0.8918063347575923,0.012113870758304545,1733.6316977994456,0.8233649495328712,0.11028532493667471,22.912209834939826,0.00014816611465459238,sehat
0.7522082328796387,0.2106887847185135,-0.8683693038489407,0.6826485395431519,0.307926207780838,-0.590947257115985,0.6270652413368225,0.3799436390399933,-0.26452537734651677,0.057145644045572506,438.8431368166689,0.9578725469492074,0.3709616333166945,8.986239308191541,0.0033149002193908644,sehat
0.4079866409301758,0.2142849713563919,0.9857281501471505,0.37298890948295593,0.2050631046295166,1.1795130116319992,0.254203736782074,0.2085500806570053,1.9774541834935253,0.01222760910851326,663.9654324090574,0.8712800465399665,0.09089247962547359,16.686183203759217,0.0001509812013272825,sehat
0.49793606996536255,0.18606433272361755,0.7816263535394847,0.49521729350090027,0.15985645353794098,0.3590715230565547,0.24658463895320892,0.18579263985157013,1.623054792092022,0.011672078968464358,829.3997375203603,0.7534136856501424,0.07211551350922904,19.484894501610608,0.00013755638897847177,sehat
0.7436355352401733,0.26157912611961365,-0.5957052432519138,0.7229747176170349,0.2704496383666992,-0.5746623109297074,0.6459263563156128,0.3394711911678314,-0.35459463165778726,0.1821317811688519,500.56037269845154,0.9485455865982059,0.3782428273439127,10.314734174928377,0.03320950877520761,sehat
0.37524375319480896,0.25308576226234436,0.8514074684822176,0.3702189028263092,0.23194165527820587,0.8371217603589898,0.2674362063407898,0.24008534848690033,1.4441540677056164,0.012175204859629217,691.4545762570602,0.9041173902488038,0.10980358841876948,15.602252718225428,0.00014985097662916478,sehat
0.34798166155815125,0.22546906769275665,1.0057466126676686,0.316932737827301,0.21644450724124908,1.308635838915979,0.2146531641483307,0.22132979333400726,1.9985044991395442,0.013730744482418511,788.1991581363653,0.8647650542884254,0.12135482435970181,15.933075600321693,0.00019040498455994692,sehat
0.33956360816955566,0.281753271818161,1.0638753829956897,0.3278330862522125,0.2560649812221527,1.15117050903355,0.31232312321662903,0.24454157054424286,1.2446928751343753,0.017559544673319535,905.5306526443316,0.8988254191521993,0.12278235640446611,17.91301084069611,0.0003115286933723675,sehat
0.37121766805648804,0.16033679246902466,0.7363306125797159,0.37041759490966797,0.17059625685214996,0.43793171362272765,0.29400259256362915,0.16826550662517548,1.0482550360606866,0.017914285063596512,750.9177955759956,0.7864422402403046,0.12584361884903925,17.516750560663834,0.00032626518276226627,sehat
0.4835001230239868,0.09058021008968353,0.7879591687349532,0.5377978682518005,0.1296451836824417,-0.9962691635237374,0.29195713996887207,0.10051567107439041,2.1107956842218476,0.04302032304189845,128.9800051659771,0.9158336933887702,0.24607914497418462,5.890887405679,0.0018798808705113206,sehat
0.5473083257675171,0.2785549759864807,0.6428487857109497,0.4972289204597473,0.3060935437679291,0.7276774149349985,0.4659445583820343,0.3185761868953705,0.7885124479470567,0.1174422627488187,580.5173069006454,0.949523527498288,0.2595242222270154,12.625077201524675,0.013798634066241837,sehat
0.8696592450141907,0.20737507939338684,-1.5699766520337457,0.8488562703132629,0.2478763908147812,-1.608871637050575,0.8234475255012512,0.2851735055446625,-1.5856532615631993,0.48361173343549707,469.8068181540145,0.937583467514067,0.617408280713171,6.4977111678674975,0.2339083530670687,sehat
0.8820312023162842,0.20723791420459747,-1.5757354989879806,0.8364526629447937,0.2736954092979431,-1.4476932433262744,0.8248354196548462,0.27879878878593445,-1.3315635008928433,0.4999559295852776,464.6279869199838,0.9448813462155724,0.6109651069828053,7.4565527964633205,0.2499933456556285,sehat
0.5603842735290527,0.20204374194145203,-0.1861138691103562,0.5318044424057007,0.2115495651960373,-0.23954249604333683,0.3898907005786896,0.24642615020275116,0.604370752074494,0.010642287261349075,928.4412369724984,0.8360619838176389,0.09736148414474799,18.791485941709166,0.0001145768194937166,sehat
0.4494748115539551,0.34190642833709717,0.4845061412967567,0.38363462686538696,0.3214206397533417,1.041646306410312,0.35402366518974304,0.3177337348461151,1.2627093290310925,0.3610206813916866,974.526946275232,0.926930056943963,0.5587776773729982,10.21679727690817,0.13035773003476905,sehat
0.5271522402763367,0.23035281896591187,0.3682792970454107,0.46887528896331787,0.2644665837287903,0.5752070921723816,0.4316070079803467,0.2818339169025421,0.7769615525801681,0.030356910339893527,932.5149116844055,0.8874168843401109,0.1413421443386088,19.86997162448824,0.0009338766864387597,sehat
0.6315658092498779,0.2466220110654831,-0.11870328245354592,0.6096994876861572,0.260785311460495,-0.1115282052542782,0.5069752335548401,0.32137376070022583,0.2730981336547908,0.10125718253457716,515.891176020321,0.9413894399289232,0.2925117050880303,10.959262438707531,0.01026437802984494,sehat
0.5297218561172485,0.18127456307411194,-0.0003253483178119188,0.5174304246902466,0.1812102049589157,0.061474241550011605,0.36665332317352295,0.23359668254852295,0.9720585861977808,0.011714417500517847,696.1323625004516,0.8376616820988811,0.09989908343713365,17.519354339450178,0.00013922298412915633,sehat
0.5284805297851562,0.21373173594474792,-0.07364283549719533,0.4912205934524536,0.2016531527042389,0.07944516019030616,0.39854055643081665,0.15246690809726715,0.3561739386941032,0.010437093882467273,560.9495957107217,0.8874319890169945,0.09461553806138645,15.643974671331355,0.00011047957330285881,sehat
0.5828219652175903,0.23195436596870422,-0.39475718641687507,0.5251732468605042,0.2324371635913849,-0.04210041732719381,0.48346394300460815,0.25000154972076416,-0.048228044972222626,0.012952527555001439,910.3816302702256,0.8667999756647168,0.12512284949556135,18.63472114594374,0.0001697258490209641,sehat
0.5846788287162781,0.2397124469280243,0.013346209018101112,0.5058735013008118,0.24691958725452423,0.148942781899477,0.3661472797393799,0.25510093569755554,0.3952788370382942,0.021155233315883083,356.10208758920766,0.9539537804269179,0.17864850624979797,10.383918417330712,0.0004543274157132248,sehat
0.5206300616264343,0.2464379519224167,0.2535182658400135,0.5206300616264343,0.2464379519224167,0.2535182658400135,0.5206300616264343,0.2464379519224167,0.2535182658400135,0.026654980518830623,560.1183087566598,0.9279269692525896,0.2528241954623333,11.011104329787273,0.0007227008406034321,sehat
0.5437781810760498,0.28179943561553955,0.30366153065342455,0.558568000793457,0.2894473373889923,0.09430027370438657,0.46764692664146423,0.34295985102653503,0.5377129720462374,0.028255103645061525,647.5805173034788,0.9402850843069972,0.17774400171388946,14.398025792924427,0.0008092048238616868,sehat
0.46176886558532715,0.2412204146385193,0.08597712909644961,0.39911583065986633,0.2549031376838684,0.3271180869464062,0.3567921817302704,0.2604237198829651,0.4824438906967368,0.011011908383536391,907.3403241406482,0.8879552458087012,0.12605845049285797,17.192400833433187,0.00012481637517403843,sehat
0.6454361081123352,0.21093447506427765,-0.548278763911388,0.6157184839248657,0.27064430713653564,-0.8567285996855204,0.6038258671760559,0.321747750043869,-0.7751009486943302,0.09942000386180543,762.0430391792237,0.9090668303116555,0.4355699338182006,12.625439510733367,0.009938778497871023,sehat
0.9130938053131104,0.16494637727737427,-1.9222169283806145,0.8942646980285645,0.21444544196128845,-1.9773539236609925,0.8681922554969788,0.2630078196525574,-1.9530762421806356,0.5741982602980529,336.21434356438346,0.9388230166167224,0.6991906517680366,5.123263441566099,0.329736693893363,sehat
0.5026447176933289,0.2338484227657318,-0.3324284167446639,0.5314226150512695,0.2453518956899643,-0.4662085359158221,0.4104149043560028,0.29217448830604553,0.6353283930046949,0.020323768526406678,514.1276467699237,0.9331406208572997,0.18146824648096627,13.31274182535985,0.00042077795744709714,sehat
0.6723036170005798,0.2123134434223175,-0.5011727901168088,0.6182761788368225,0.23614884912967682,-0.1118529709332032,0.5282899737358093,0.3035303056240082,0.2507622549731776,0.021654436934425574,771.6625435780373,0.8857052909254836,0.17921155941540967,16.450570623373615,0.0004766312558055176,sehat
0.7814048528671265,0.21113185584545135,-1.4376875592920713,0.775357186794281,0.23431222140789032,-1.3273781268457785,0.770203709602356,0.2520790994167328,-1.1838827219890034,0.07755559553647644,372.1001111898053,0.9444661850927706,0.4978418720759426,8.038388290168035,0.006050381690944313,sehat
0.9510143995285034,0.1324346661567688,-2.9962208755497257,0.9411206245422363,0.16731129586696625,-3.0223997176779474,0.9283264875411987,0.2027888149023056,-3.0005039293801308,0.7303907998102285,265.0349067020551,0.9216840608132987,0.7978385420453223,3.767012010585935,0.5334914614059716,sehat
0.8250536322593689,0.16979242861270905,-1.5706414564300304,0.8002486228942871,0.22312138974666595,-1.7247951845441003,0.7693547606468201,0.279700368642807,-1.8334933038841243,0.09715781284224011,344.1249369007274,0.9422062694623771,0.5554557641963412,5.460755368255491,0.009497722339561131,sehat
0.42149582505226135,0.25319594144821167,0.5446653866841158,0.4151967167854309,0.23882944881916046,0.7415731356296659,0.3106686472892761,0.2296999990940094,1.3804390830731763,0.013169447181590604,682.5976150300495,0.9095969716308057,0.12954613310684807,15.462442232892014,0.00017592832562929173,sehat
0.4427089989185333,0.3113604485988617,0.5441059044824696,0.4385124444961548,0.316621333360672,0.5065387625896594,0.36849790811538696,0.3529728353023529,0.7187865482661127,0.03390513377713907,1026.0973361162116,0.921452655548702,0.18439913673248545,17.596462960834483,0.001152184642876706,sehat
0.5422728061676025,0.1837572157382965,-0.4851547634057653,0.546549916267395,0.1930266171693802,-1.1019189826647364,0.319032222032547,0.17773570120334625,1.2775689169143887,0.01775506311651954,432.1730873864978,0.8987791810448513,0.13429857141817894,11.930626114232814,0.00031973115493359776,sehat
0.4522145390510559,0.17486992478370667,0.5413743414202673,0.5357455015182495,0.18910163640975952,0.08779510764114609,0.4826885461807251,0.28471285104751587,0.5053876771119239,0.022344028937453454,611.1860937840332,0.8553867409478849,0.22027754853896606,14.768730890408174,0.0005148477278293474,sehat
0.5998728275299072,0.18473593890666962,-0.3538418336229114,0.5719966888427734,0.20905998349189758,-0.2565236352602,0.5117067098617554,0.2797236740589142,0.2873874878657715,0.01782996251236806,824.6473416270716,0.843492412652656,0.16101017591809347,16.499746239957485,0.00032350276710169877,sehat
0.36733466386795044,0.10019653290510178,0.45754146034328436,0.4150194525718689,0.13351550698280334,-0.959030774401745,0.4049902558326721,0.17663034796714783,-0.9454085265741037,0.036984116971410554,219.72793478250415,0.8843761311470396,0.31912204982807896,7.114277836282373,0.0013927847148553036,sehat
0.5069326162338257,0.1749880462884903,0.05825838817269759,0.5597479939460754,0.20588554441928864,-0.7598492054619488,0.34393593668937683,0.25459742546081543,1.0284402124815573,0.015334840871049983,439.510709645409,0.9030718961695788,0.14209137495069887,12.388939062812966,0.0002430634947118529,sehat
0.5672810077667236,0.23224876821041107,0.17416526907245194,0.5711336135864258,0.22053655982017517,0.1640418869991589,0.48167848587036133,0.3012836277484894,0.19004176663223796,0.0245410841095301,555.7485272667137,0.918045878756886,0.24421287031540742,11.394856011416174,0.0006140673816303611,sehat
0.4389926791191101,0.19116684794425964,0.8334960003109447,0.5061056017875671,0.2521030008792877,-0.349957444017772,0.5865538120269775,0.34362560510635376,-0.42966899583474816,0.05668090862942296,288.0367013770317,0.9568264301575811,0.4611968732216249,7.188582997388285,0.0032579327920502408,sehat
0.8030580878257751,0.31382980942726135,-1.3895622140237822,0.7742787003517151,0.3533792793750763,-1.226681495505257,0.7444869875907898,0.3598691523075104,-1.070379005848278,0.4877366094698921,620.2667097756016,0.9585560325421588,0.7546994407432451,6.345888909301522,0.23791708966794556,sehat
0.4990825653076172,0.16536067426204681,0.24438031923779138,0.44105979800224304,0.17396511137485504,0.36643488081684383,0.33189165592193604,0.22315579652786255,0.3545609672356328,0.02874112778922806,293.2101312066978,0.9262819255627918,0.29545179903535035,7.533879914930201,0.000841029116127606,sehat
0.30134961009025574,0.22025823593139648,0.9687944617813292,0.35712623596191406,0.2122626155614853,0.8493948430965907,0.30061304569244385,0.2546818256378174,1.1222069227459985,0.01363607641690689,745.1155485281288,0.8772220142801604,0.1161327360589109,15.583592498108601,0.00018769141179126445,sehat
0.647261381149292,0.24410532414913177,-1.053801560635183,0.5888256430625916,0.2849753201007843,-0.7265534170183203,0.498466819524765,0.27099746465682983,-0.23028580388855124,0.025045768482160696,289.98321687145835,0.968586142668042,0.2091231720137967,9.249310236418568,0.0006409840988720329,sehat
0.41502049565315247,0.25274452567100525,0.4218616310178533,0.4342999756336212,0.27036893367767334,0.1489131785802192,0.4024011492729187,0.31716063618659973,0.5286547104145429,0.07221279748256794,761.266675776092,0.9143210726597729,0.2516417828049822,14.064533944316018,0.005260966164568996,sehat
0.8307246565818787,0.29626157879829407,-1.9236558408425004,0.7497082352638245,0.3340444266796112,-1.1207634167961495,0.7221657633781433,0.3383825719356537,-0.8874785358256346,0.3805440582437139,641.1226514539804,0.9507804011987077,0.5727051081508284,8.677194673309872,0.14485338368781128,sehat
0.4875697195529938,0.22897127270698547,0.7608838657144554,0.5603697896003723,0.17782267928123474,0.5006387071144757,0.5628779530525208,0.2976209819316864,-0.34387182837941715,0.03251092510883386,439.53545459662854,0.9009271086804845,0.3173180623362329,9.910420999677243,0.0010727257140050802,sehat
0.6118098497390747,0.2566157281398773,-0.4775368661712777,0.5777648091316223,0.29427608847618103,-0.18279203737020022,0.496707558631897,0.33592328429222107,0.40865848929490195,0.017429069152352736,630.6567683049608,0.9385512141636219,0.17935872717290982,14.359370113777837,0.000309165031346406,sehat
0.32596880197525024,0.13379749655723572,0.5410243698637223,0.3155592381954193,0.1271682232618332,0.8333088808074142,0.30156388878822327,0.15917688608169556,1.7683687902722707,0.014237279995734688,424.87365262354837,0.7975613510488015,0.10353088846667036,13.827918406479844,0.00020437420159742764,sehat
0.5438855886459351,0.3042915165424347,0.09521286833322706,0.48016446828842163,0.3399610221385956,0.2938373991101558,0.4231316149234772,0.3746022582054138,0.4738044971757357,0.020324928326513555,928.8767901177106,0.9350362839373226,0.17479748919841775,17.11084949539109,0.0004211640110585895,sehat
0.7202969193458557,0.1375788301229477,-0.7855432029176938,0.6587781310081482,0.13501355051994324,-0.41262722667758905,0.4219270944595337,0.17753289639949799,1.8704794941034133,0.02792584378074088,462.75291170822084,0.8029745182335272,0.12142906454868287,13.569290537733059,0.0007847400013519554,sehat
0.31869080662727356,0.21853406727313995,1.0294536927212137,0.3204104006290436,0.20286253094673157,1.0765704289077564,0.18702925741672516,0.233007550239563,1.793955386435359,0.021769095367537572,341.803493057145,0.9373729580278213,0.24063958881054082,9.248280383645694,0.00048807496960750774,sehat
0.49213021993637085,0.18670302629470825,0.35011725185161113,0.48334163427352905,0.19188550114631653,-0.17164973062837974,0.4079403281211853,0.23470714688301086,0.7043939768399125,0.01658031490905329,597.7174156340476,0.8657449920044952,0.13506641439957823,13.769104976552214,0.00027745977328240786,sehat
0.6295248866081238,0.2437206506729126,-0.17952210499054394,0.602380633354187,0.31291478872299194,-0.257821121392229,0.5453463792800903,0.3858545124530792,0.0025437826554886083,0.03946616010285698,275.44457164502546,0.976080929784691,0.3006759393271268,7.858826416273417,0.0015809356574965194,sehat
0.4815678894519806,0.23144292831420898,0.39769914598252815,0.4546152949333191,0.20838823914527893,0.3015642235608855,0.38987794518470764,0.2119799554347992,0.015145912980887586,0.014131187006568171,484.6797633455694,0.914283594872117,0.12944834497378815,13.09569402447201,0.00020218867546372733,sehat
0.505870521068573,0.17323453724384308,0.15796450799338277,0.4823688566684723,0.2107243835926056,-0.09875260199911946,0.4068920910358429,0.22980692982673645,0.6005618140720401,0.011340532859941565,560.7492981049945,0.8851894215079325,0.11333151365031997,14.569268618343402,0.00013102072661331363,sehat
0.49894776940345764,0.308548241853714,0.31524373403063427,0.4999147057533264,0.28529682755470276,0.17787057217100627,0.39064255356788635,0.28975942730903625,0.5334161275486723,0.045123612348998345,564.6535591309333,0.9479830008500194,0.19459728958998743,13.385284812333628,0.0020490791710011326,sehat
0.4825858473777771,0.13899379968643188,0.8414867712177243,0.4833061397075653,0.1602911800146103,-0.08255133253552972,0.260689377784729,0.14264164865016937,1.9764638605068048,0.014313545469851878,594.703617155123,0.787979208757561,0.09712959418388573,15.255239705393208,0.000205992414556209,sehat
0.4441922903060913,0.17825303971767426,0.5232508518232032,0.4829423725605011,0.165501669049263,-0.11968815619751738,0.35596147179603577,0.20205721259117126,0.9890718980080567,0.016693769101205635,326.22574010387456,0.9119927405949636,0.14863478520729265,10.486883232038805,0.0002818864471933386,sehat
0.3830873370170593,0.27921855449676514,0.4802759885284045,0.3716058135032654,0.24678318202495575,0.6170414859995815,0.259354829788208,0.2655228078365326,1.3120434203481812,0.05665920326657664,500.4242216542122,0.9385908663105772,0.21542593736247098,11.417457859710117,0.0032303602476248146,sehat
0.5045430660247803,0.18143929541110992,0.09151326743321564,0.5316179990768433,0.21423089504241943,-0.19946657002738866,0.45586684346199036,0.31333065032958984,0.5728616035661479,0.04630750092266292,467.75613961280106,0.9190778259551401,0.30802960866944035,9.494734612831829,0.0021693745697017393,sehat
0.5422390699386597,0.30456146597862244,0.07559552433158542,0.5326655507087708,0.292672336101532,0.112843201137662,0.45797017216682434,0.3102538287639618,0.37211768110142257,0.01398083948615201,688.1020503186008,0.9402859423786817,0.1315323673511227,14.923206188713879,0.00019779773772821453,sehat
0.47344186902046204,0.21276377141475677,0.2924137438198863,0.4110245704650879,0.24754680693149567,0.5813594486149568,0.3824419677257538,0.27096813917160034,0.7393365840523523,0.022226921527968364,337.1402627524399,0.954402212598055,0.23451829532610932,9.70090507828454,0.0005013838086297097,sehat
0.560187041759491,0.177994042634964,-0.4830602311870612,0.491148442029953,0.16955417394638062,-0.5484661296231182,0.4848001003265381,0.17159035801887512,-0.2745823402889693,0.015720501486913518,512.3703723717862,0.8628399972283837,0.15066790842673897,12.734503937816084,0.00025090421428154225,sehat
0.6862937211990356,0.1883714497089386,-0.44394546792693146,0.6501065492630005,0.24105840921401978,-0.29038500720001076,0.5595932006835938,0.3180082142353058,0.10089552989966714,0.0275907723589628,805.2435316090928,0.8825892603419919,0.1797153085008867,16.42530598124274,0.0007721619500074965,sehat
0.7021658420562744,0.1960325539112091,-1.2226718001716386,0.6293780207633972,0.24698138236999512,-1.080994499966338,0.5429851412773132,0.2606697976589203,-0.7661668100343444,0.04945364355957441,534.6964693049578,0.9234236515609866,0.2868119718639411,10.215886148524495,0.0024728663824384114,sehat
0.6205182075500488,0.2386406511068344,-0.5872071305298262,0.6740734577178955,0.292851984500885,-0.3824999054788525,0.5856962203979492,0.37900254130363464,-0.0860766579361407,0.0838538550988762,425.5855318304039,0.9594788660104404,0.370140624877954,9.854052347448821,0.007157724107018538,sehat
0.5790960192680359,0.22688232362270355,0.18579761461204583,0.5748274922370911,0.2185972034931183,0.17882442281441818,0.5042017698287964,0.2859768867492676,0.20622522809040503,0.05034823040422695,438.4701530523994,0.9314437857570125,0.23245347151355436,10.472323422054034,0.0025499342028801725,sehat
0.861199140548706,0.11100243031978607,-0.794399603317354,0.8051267862319946,0.20123140513896942,-1.4001279619802027,0.772691011428833,0.2564134895801544,-1.4300794052894341,0.030111321655262188,613.6520429672856,0.8485969066598691,0.1266769015241392,17.01316497491083,0.00094022882716792,sehat
0.4246842563152313,0.18878327310085297,0.8906818694590336,0.5194153189659119,0.177836611866951,0.9240490115326823,0.39900100231170654,0.2607220411300659,0.9781652800703201,0.018478322010470827,206.22589103948383,0.9547336627242006,0.1827247400756599,8.2557531429332,0.00034603767296547614,sehat
0.6428369879722595,0.2171153724193573,-0.5951751680259418,0.613854706287384,0.27597832679748535,-0.7252154042909019,0.5896174907684326,0.305873304605484,-0.6350829798433117,0.021204573856036302,727.4816446587951,0.9168728751991558,0.17832660092963418,13.687243480082172,0.0004537525187230274,sehat
0.6557044982910156,0.21289455890655518,-0.5292257013617787,0.6668245196342468,0.1844092458486557,-1.037351468742963,0.5449637174606323,0.26257532835006714,0.3766850840250109,0.03436016239808938,534.7844923604595,0.8795534244217017,0.20345542935761565,13.249466702923717,0.0012050982893898664,sehat
0.4133477807044983,0.24813653528690338,0.07405452229557602,0.38315892219543457,0.25406697392463684,0.3265522721588108,0.33584630489349365,0.25211042165756226,0.7585059256087234,0.013959311686768465,1108.9147300516945,0.8618451430261097,0.13099611365274788,20.338153440176015,0.00019769622322655828,sehat
0.516797661781311,0.20604771375656128,-0.22189913228877303,0.5149289965629578,0.20615017414093018,-0.29272616028776743,0.35946816205978394,0.189009889960289,0.7511932738786375,0.012307448043651942,1000.7780725746721,0.810369164168086,0.08668079010748601,21.070875327400163,0.00015330095755367281,sehat
0.31349149346351624,0.1276068538427353,1.0518274249516555,0.36060601472854614,0.13631494343280792,-0.06955421056136546,0.1892372965812683,0.10319582372903824,1.9768315992109693,0.019301106675780874,260.86033295359147,0.8720273741415548,0.1420526282307439,9.55802727276424,0.00037625693928390456,sehat
0.6523407697677612,0.19393490254878998,-0.42159539104243765,0.6423473358154297,0.23430605232715607,-0.425119790028577,0.5173099637031555,0.3620958924293518,0.2500672054203144,0.03245646703705575,423.44921989987256,0.9396529610181279,0.22058999671318724,11.259858877168533,0.0010682996397212029,sehat
0.4876790940761566,0.16827231645584106,0.4067426481915156,0.4198382496833801,0.1739107370376587,0.621042890509525,0.2994750440120697,0.21642433106899261,0.6827465738075457,0.026588794169366044,336.1384106215268,0.9159060964544291,0.2630493162651214,8.367765334356541,0.0007182147156381022,sehat
0.5753309726715088,0.31157591938972473,-0.044240549369514146,0.5116987228393555,0.3022089898586273,0.2580575097334035,0.3871559202671051,0.2460855096578598,0.8557108489582678,0.01867322595565914,1286.379535253599,0.8806788829043163,0.14919421413251063,19.943058497392805,0.0003531938300605875,sehat
0.6540097594261169,0.3446611166000366,-0.3793272344030457,0.5858880281448364,0.39854544401168823,-0.21674929021809355,0.5614186525344849,0.4130531847476959,-0.14029030221749678,0.3231773046717381,785.6101131306908,0.9586366286735157,0.4165984968480636,13.089340766708721,0.10447557478886037,sehat
0.5121119022369385,0.2784818708896637,0.7360014112035685,0.4261552691459656,0.28415486216545105,0.9722797758303403,0.35418379306793213,0.2927332818508148,1.2219401894623454,0.03718021173127818,985.4843051515168,0.9037632716433835,0.17627502716991392,16.188112549374008,0.0013956143548476436,sehat
0.6660500764846802,0.23204182088375092,-0.7364896973176547,0.6838203072547913,0.2664993107318878,-0.763488779031148,0.5838028192520142,0.367551326751709,0.026731912728457215,0.043787622363218225,452.3224247341671,0.9490493338608248,0.28260568328714014,11.389468399039368,0.0019373612897107234,sehat
0.5115361213684082,0.14664626121520996,-0.3222211839262484,0.490601509809494,0.13605771958827972,-0.700031019608996,0.38525164127349854,0.14581851661205292,0.41365735157845795,0.017750552341073297,409.0784886408799,0.8329653325741865,0.153689440458581,11.438910489657793,0.0003225488058191214,sehat
0.6376366019248962,0.21367183327674866,-0.20603990830359792,0.6018078327178955,0.24299781024456024,-0.12327309404187752,0.4789693057537079,0.24152804911136627,0.5646114165886497,0.016801215280907177,488.5831083161257,0.9275376328372751,0.1699788472549475,12.086607185886066,0.000287895692684106,sehat
0.4232860803604126,0.31580355763435364,0.2832109745540318,0.3701632022857666,0.2925853729248047,0.29398111446901964,0.311398446559906,0.3060074746608734,0.8387364676478484,0.03923414996905052,441.3693669653935,0.9584091970350136,0.2976605966715243,9.871037479066164,0.0015602750709229082,sehat
0.6484546065330505,0.2074780911207199,0.1389994168856071,0.5872719287872314,0.27458903193473816,-0.1598971744750036,0.5474021434783936,0.3041468560695648,-0.07313471957502805,0.016235831198062194,640.0011305925055,0.919542628357464,0.1332689419557493,15.390597245797155,0.00026592286475064233,sehat
0.6986831426620483,0.3405686616897583,-0.811124835831507,0.7112288475036621,0.33908167481422424,-0.8587929728734977,0.6855248212814331,0.3679009974002838,-0.7227721337353804,0.03664572159582759,419.4168485415667,0.9724023452979261,0.17462163463793068,11.273051785074037,0.0014030416667440984,sehat
0.8625553846359253,0.24609346687793732,-1.613286146329015,0.8289379477500916,0.2989751994609833,-1.447555980253312,0.8173468112945557,0.3157521188259125,-1.3963802992686385,0.606247410540143,408.70409948490925,0.961341559042676,0.6706418805680253,6.984518039192018,0.36756692952755904,sehat
0.47343000769615173,0.2125730812549591,0.10132239845261745,0.32803627848625183,0.20343658328056335,0.4406368809969603,0.13237258791923523,0.15323175489902496,2.282638804349847,0.01596218073232135,337.1180198955861,0.9275888059665305,0.15360687585705488,11.155990712620882,0.0002602556530363832,sehat
0.8986027836799622,0.20953264832496643,-2.057792202514014,0.8812049627304077,0.2503299117088318,-2.0794772370812997,0.8608365058898926,0.2874721884727478,-2.054477834054103,0.6163126914430472,527.3607718905242,0.9314736003764468,0.7233480965465001,5.876907985265277,0.37987223792691066,sehat
0.7009363174438477,0.19653724133968353,-0.13544517808770878,0.7103785872459412,0.19870559871196747,-0.46196638187625294,0.6807159781455994,0.2592860758304596,-0.6782440830947037,0.1050863122341245,464.2202961771274,0.9096702639789793,0.27039101660831827,10.963819478615354,0.011091776700491336,sehat
0.6918015480041504,0.42493346333503723,-0.9158784338058906,0.6887243986129761,0.42480605840682983,-0.8988353730743669,0.6878045201301575,0.42499008774757385,-0.8935573274129616,0.17132848611508103,1241.575877292481,0.9474080004963449,0.41422748478705995,11.636275977162029,0.029446454920371064,sehat
0.5961796641349792,0.2230096459388733,0.2569322419067545,0.5623707175254822,0.2759886682033539,-0.13829781422802964,0.50571209192276,0.3453618586063385,0.048878756213711336,0.026778917101901712,690.4734409103012,0.9128563809330176,0.2181204679630667,14.400397742962733,0.0007293257844490793,sehat
0.442696213722229,0.20336544513702393,0.6807998590978633,0.4661092758178711,0.20214784145355225,0.37585480087225953,0.3410291075706482,0.17109066247940063,1.7062133589122672,0.014819131699764032,393.34239369917714,0.9196850026004544,0.1250268952986574,11.70699361708436,0.00022241682525689984,sehat
0.4768350124359131,0.19801867008209229,0.6153256870634956,0.4815051257610321,0.20384566485881805,0.2122188826026565,0.355927437543869,0.2368718832731247,1.0426668468903197,0.012206167851792822,501.1081849832644,0.9049167524124576,0.11409652162247107,13.779825262929018,0.00015069485967331785,sehat
0.4097203016281128,0.23895925283432007,0.010457530790408953,0.4369618892669678,0.2747834324836731,0.0008616328933583711,0.4136313498020172,0.34613123536109924,0.34662466002003445,0.031121231634706956,715.2938779055812,0.9229336178773343,0.29706414830817235,13.391160832487017,0.0009876053866453907,sehat
0.39803487062454224,0.24904485046863556,0.5449990503310721,0.45058220624923706,0.20765560865402222,0.1713944644787621,0.21076947450637817,0.25745514035224915,1.536001647075713,0.012394761490273782,478.060606227551,0.9167072095084995,0.12363366013699913,13.303808766770606,0.0001551787917385194,sehat
0.5429903864860535,0.3368098735809326,-0.11989384960849166,0.5797593593597412,0.31330713629722595,-0.2109169189101445,0.5207591652870178,0.38167741894721985,-0.10766452094754213,0.1415604854587488,417.81076977081125,0.9696133844860366,0.32893343142541437,8.720558480042408,0.020050524436582593,sehat
0.40121692419052124,0.19211849570274353,0.9586300808815941,0.3687137961387634,0.1722429096698761,1.1161230253840733,0.24693968892097473,0.16641764342784882,2.0401909250138037,0.012391475306568858,568.0648974009778,0.8445345450177187,0.0843271045227098,16.207145021640287,0.00015504024518365957,sehat
0.43576905131340027,0.20563215017318726,0.021193119810947236,0.4488481283187866,0.21088995039463043,-0.06094811027144558,0.2638290822505951,0.16765502095222473,0.9642926323612493,0.012121489923994226,478.16021146782447,0.909177503992372,0.11043754676414791,13.234680951213639,0.00014917078091762558,sehat
0.4002060294151306,0.21778003871440887,1.4330544006931505,0.38682886958122253,0.23156239092350006,1.3198904824871678,0.37033581733703613,0.24390803277492523,1.2512231385488541,0.04376217655312795,441.12803064023365,0.9343483409899194,0.17132526541011506,11.642836590210033,0.0019189401093910854,sehat
0.557479739189148,0.12347554415464401,1.008864126685233,0.5488869547843933,0.1391393542289734,0.8803531767694259,0.5325621366500854,0.15357133746147156,0.8553743918364122,0.027902248405438118,138.62288000642295,0.9407983245193418,0.19737159092991655,7.363382859138454,0.0007809873304936537,sehat
0.47955846786499023,0.2556108832359314,0.30605655862000214,0.4887012839317322,0.2517525553703308,0.43881069851355126,0.47505906224250793,0.25589174032211304,0.5807017042304791,0.021911222503460354,451.0571315543389,0.9454118699419961,0.182778543116894,11.759076784213086,0.00048525466598358047,sehat
0.6375260949134827,0.2098170816898346,-0.084205948364443,0.6457186937332153,0.19969189167022705,0.22399659509223424,0.6453587412834167,0.19589294493198395,0.48327717854762564,0.09779483412051049,280.6838339968635,0.9462715385669237,0.24981757693846762,9.21756805138457,0.009571632690158394,sehat
0.6535475254058838,0.22626043856143951,-0.06393550415772332,0.6554020047187805,0.21120423078536987,0.19827409558618633,0.649579644203186,0.20051829516887665,0.5414407715571256,0.15543289767492002,342.48558670834313,0.9419537809049369,0.2506128296720039,11.365269158884471,0.024165242776710002,sehat
0.41959714889526367,0.2543571889400482,1.0075740682902188,0.4163179099559784,0.26799720525741577,0.9430236835281485,0.41129085421562195,0.27778446674346924,0.8962517426449258,0.06508177161285907,285.9770823502092,0.9682228785995224,0.2448134230728878,8.995291901799947,0.004238263219448097,sehat
0.49233707785606384,0.24301812052726746,1.1104498189604544,0.49812212586402893,0.24436338245868683,1.062118549294066,0.4958929419517517,0.25044095516204834,1.0039819003307564,0.12245061935360711,250.42289955186163,0.9674751383043011,0.2597283186095863,8.68818233063502,0.014998475660110982,sehat
0.46544939279556274,0.15379834175109863,1.0575041963662966,0.46805083751678467,0.15374240279197693,1.2917326511449332,0.4611416757106781,0.15546219050884247,1.418599896949858,0.02641140869197059,195.82780595447846,0.9354331191040931,0.18175874680415635,7.840101361133589,0.0006990204269617072,sehat
0.5120616555213928,0.16075491905212402,0.46726875075926044,0.4983077049255371,0.17343294620513916,0.7493182912951534,0.4856950640678406,0.17654407024383545,0.8493122744215154,0.018202924465339047,274.45171751490665,0.9262870901868018,0.15286871757145434,9.655000392033042,0.0003338685293156778,sehat
0.4866216480731964,0.23315522074699402,0.15842807154268154,0.4172132909297943,0.2156626135110855,0.5224606334234164,0.35309964418411255,0.1933843046426773,1.195943704356415,0.01512402120744693,824.2919850148825,0.8640397665064276,0.11522481009236622,18.4994697213476,0.00023005430142616378,sehat
0.5219972133636475,0.2094244807958603,0.4815989394604161,0.5008965134620667,0.21434874832630157,0.5509252744879938,0.48173677921295166,0.21290767192840576,0.7978114092566607,0.042301235116659945,404.7442318659787,0.9301114743559523,0.15627497392208825,12.577664221972222,0.0017938209501291201,sehat
0.42681437730789185,0.3309013843536377,0.7852893773711674,0.398790568113327,0.3421492278575897,0.9227755139577728,0.36515364050865173,0.3541485071182251,1.0276579282180944,0.12967454266714304,573.8259665412829,0.9614772329361704,0.27730126489233264,13.942500633080654,0.016827480239443453,sehat
0.6198709011077881,0.1741362363100052,-0.06341340761073438,0.581670343875885,0.1862478107213974,-0.05306558021551465,0.559653639793396,0.17907755076885223,0.1044337553005701,0.015921647935980204,360.03089644190874,0.9154658471151141,0.1704261431943155,10.402817183482457,0.00025569631646691596,sehat
0.5103917121887207,0.2031758725643158,0.18991540027534953,0.4957062005996704,0.1930580884218216,0.7553176633018324,0.4713618755340576,0.18647684156894684,1.3617127918667826,0.04798099519943819,456.6877273590708,0.905317539774792,0.13400720949969688,14.38288421273917,0.002308902492572838,sehat
0.511918306350708,0.24768835306167603,0.26497734348239743,0.4829978346824646,0.24473710358142853,0.7310547234436562,0.4629860520362854,0.24407359957695007,1.0470123634572333,0.06381534117699096,541.0105123904306,0.9293927548149091,0.195382786042168,12.655766267946888,0.004078408191664508,sehat
0.4959509074687958,0.2577365040779114,0.9106922727166263,0.45089760422706604,0.2774806022644043,1.113031680104795,0.41895782947540283,0.291402131319046,1.231928206009945,0.1388555292870093,416.5817282855396,0.9565355642166625,0.2432886032520747,11.860979786386002,0.019288804977294894,sehat
0.6348119974136353,0.11124633997678757,-0.888387451368704,0.5869327187538147,0.11594640463590622,0.3078457443951043,0.5516125559806824,0.12503869831562042,0.7331910657615246,0.019992921847977917,330.0340288617819,0.7835841065714274,0.14396752727903764,11.37124696564426,0.0004014344281127973,sehat
0.5152490139007568,0.1765894591808319,0.43331582171736116,0.5047170519828796,0.17505428194999695,0.6164449583697542,0.48517531156539917,0.17612946033477783,0.8311188602875874,0.013925481000610534,555.2133671548705,0.8597787884520695,0.12335268655479226,14.804623924464053,0.0001953476252556515,sehat
0.6288893222808838,0.1535283923149109,-0.2098321867904471,0.6084326505661011,0.16010838747024536,-0.01909576927529803,0.5832805037498474,0.1630757600069046,0.22295211040378943,0.014209115639324704,398.3359734931171,0.8764325930902629,0.1372445050785656,12.093069183751185,0.0002031502094876326,sehat
0.4705439805984497,0.2443392425775528,0.7518611687650394,0.4586271047592163,0.240417018532753,0.8601875268522764,0.4515731632709503,0.23439867794513702,0.8967164790267839,0.041643979242169595,336.2565108002276,0.9545838306056215,0.21657046739533428,9.556201986019088,0.0017470852493918626,sehat
0.3695279061794281,0.25703445076942444,0.8953952736246522,0.34316790103912354,0.2627556622028351,1.0407939771613273,0.32358282804489136,0.2611348628997803,1.099085303952051,0.018323299965999303,705.3270021107732,0.9194087236377176,0.1447162764514785,14.99071908059185,0.0003378714323846004,sehat
0.564812958240509,0.164900004863739,0.1568055462051721,0.5332860946655273,0.16056856513023376,0.5110826981454618,0.5027928352355957,0.1598702222108841,0.6871905021006153,0.013178573105421696,596.833558143645,0.8190510429956471,0.10798938051620598,15.028544718250211,0.00017445272339439358,sehat
0.4120475947856903,0.2931562066078186,0.23930909813485443,0.3781692385673523,0.2886989712715149,0.4161772685632569,0.3224022388458252,0.2771567404270172,0.8642132525590128,0.051142277026867265,1162.3131109622784,0.8901076641186547,0.21894222624035128,17.253961113503536,0.002630072378590859,sehat
0.5548428893089294,0.24225467443466187,-0.2837192891795033,0.4900810420513153,0.24669454991817474,0.3447684721672344,0.41185909509658813,0.2732599377632141,1.0531333795453899,0.012568051583763978,1254.3514748815355,0.8350598735622436,0.13115034755861696,21.56928770447931,0.00016012912419291586,sehat
0.48771780729293823,0.2509019076824188,0.15482033748650012,0.4276089370250702,0.25542402267456055,0.5302064417800625,0.352522075176239,0.264242559671402,1.0120895491523278,0.014691863919727668,2013.5407238415019,0.758250720122391,0.07711808539997916,30.603283825853023,0.00021651977360632603,sehat
0.5633348822593689,0.27035918831825256,-0.028248209860072267,0.4755072593688965,0.27834898233413696,0.21629668507162642,0.37318331003189087,0.2730327248573303,0.4063252652799556,0.03026392468394941,1168.2031036289322,0.8798365958547806,0.12273398680464676,21.31960826510272,0.0009171108313520525,sehat
0.6259698271751404,0.24955452978610992,-0.4445117139061358,0.5498427748680115,0.2694490849971771,0.057527975390347735,0.44880032539367676,0.312249094247818,0.6379164775611891,0.023798888294229385,1650.0684151329203,0.8197268546703059,0.156126482582578,25.49320155067292,0.0005827107168209291,sehat
0.46198686957359314,0.2252732217311859,0.23482262829705505,0.3755412697792053,0.22100086510181427,0.5723649374400124,0.2964567244052887,0.2102387249469757,0.9137867519586359,0.008160791030390527,1603.7860760312717,0.7436142930692591,0.05791900115217207,26.82565743924826,6.679352436610797e-05,sehat
0.3175387382507324,0.24011002480983734,0.9558792319709941,0.3524896800518036,0.21948720514774323,0.5236317929804597,0.31814044713974,0.23218555748462677,0.8422052242005639,0.015126769525138079,697.8651169713031,0.890587644831187,0.1374060688725511,15.871941815028991,0.00023072195536886196,sehat
0.4954051971435547,0.21842892467975616,0.585816316247533,0.4880162477493286,0.1879396289587021,0.6529419718516246,0.36197859048843384,0.25037065148353577,0.8334246833179332,0.012572748145036507,778.0494683527148,0.8498716954939667,0.1116555093248216,15.81704539320211,0.00015975839698650562,sehat
0.6349755525588989,0.16987711191177368,-0.5759385178387539,0.5781481266021729,0.1862608790397644,-0.315746512165774,0.44544339179992676,0.2871399521827698,0.33676520853413117,0.01375464419377966,640.4161632571719,0.8568302558302435,0.13005108018574008,15.77940265015827,0.00019265371687349946,sehat
0.6361756324768066,0.25599727034568787,-0.5384871048114402,0.6501604318618774,0.24619416892528534,-0.4449687169186217,0.5958179235458374,0.309788316488266,-0.2862856746041347,0.058431943675450154,618.8768757457528,0.925903550432999,0.19602868276816546,13.048112985139833,0.0034829021488638795,sehat
0.3660888671875,0.24403958022594452,0.5034012956138775,0.3604140281677246,0.24692757427692413,0.43989540866123034,0.22794249653816223,0.22592055797576904,1.6257343939938222,0.02585067107390022,574.32157275359,0.9185506394791787,0.1639444973470517,14.127690899371105,0.0006777050304530803,sehat
0.5781956911087036,0.2739804983139038,-0.6974954199766624,0.570216953754425,0.28659895062446594,-0.7051173310486071,0.5828521847724915,0.2830965518951416,-0.6376412327907359,0.014794767987865465,681.5198050607005,0.9345476399802726,0.1330503130958633,15.481076392853039,0.00022271566691598865,sehat
0.44123274087905884,0.16383972764015198,-0.1396643328258937,0.49283742904663086,0.14450165629386902,-0.6408581738319903,0.37681448459625244,0.20460745692253113,0.0455079209255346,0.014016419736995538,369.00523796708495,0.8712882316277848,0.1131492976350434,11.900313159041753,0.00019798077091868,sehat
0.5915464162826538,0.2692585289478302,-0.16103190095457867,0.5837563872337341,0.28389209508895874,-0.19872131620665365,0.5616946220397949,0.31626787781715393,-0.13505346999100692,0.016483063188962935,936.4340967803884,0.9077662170754616,0.1418695534472392,17.544736936072315,0.0002761482723878588,sehat
0.7610242366790771,0.2753109335899353,-0.5427153602512615,0.7324811816215515,0.2933974266052246,-0.3472073174064607,0.7255057096481323,0.29533520340919495,-0.28455660154420825,0.3921765137996121,433.16238714345803,0.9597489324401337,0.5166806261302416,7.59856301108625,0.1538426499833717,sehat
0.38250985741615295,0.21401789784431458,0.6458907802790765,0.3737320899963379,0.1871536523103714,0.5215523480478103,0.2990776598453522,0.1628485769033432,0.7249575459069355,0.011972937662345437,652.0695106158236,0.8611613075553849,0.08141314525152783,17.155292335649246,0.00014477316964843178,sehat
0.7079951763153076,0.3564930856227875,-0.9458283357701484,0.7003649473190308,0.35838842391967773,-0.8866920591220768,0.7021975517272949,0.3630225658416748,-0.8993712925545362,0.3317327172231871,913.1530108310898,0.9454754044884424,0.512567899423971,11.918008479979521,0.11006932557970488,sehat
0.5672503113746643,0.1669767051935196,-0.17444117990069952,0.5428420305252075,0.21354077756404877,0.12795485683038946,0.49321702122688293,0.2904711067676544,0.542735521279088,0.022779405874844883,436.4191430135527,0.9178937611659665,0.18565868420411932,12.131695148766697,0.0005269823393827004,sehat
0.44130000472068787,0.16256842017173767,-0.07764164442367882,0.4387042820453644,0.15262050926685333,-0.4884426114852389,0.23834744095802307,0.12651503086090088,1.7251645028561986,0.09231519859409,624.2657851648033,0.7808481673620492,0.14439122988756062,17.7639329803084,0.008535997223860363,sehat
0.5069787502288818,0.15416701138019562,0.509131346923792,0.5209707021713257,0.15284377336502075,-0.12379937944013635,0.4499264061450958,0.23622752726078033,0.19781206079925645,0.025472360051078457,309.0598598044814,0.902363707476817,0.2320872878780672,9.992717389251627,0.0006650611082891929,sehat
0.5254831314086914,0.13514897227287292,-0.44162157274408703,0.4974144697189331,0.1571911871433258,0.0018480479443774818,0.4347473382949829,0.2361937016248703,0.40263549830349843,0.020204554565070875,208.7936546212833,0.925316995142531,0.20779023878039007,8.67276364834882,0.00041486923559632397,sehat
0.6127001643180847,0.17515864968299866,-0.4526786474110342,0.6050959825515747,0.19616815447807312,-0.5972258116794751,0.4463188648223877,0.1572471559047699,0.5679299008641079,0.009921884924202788,739.0823090344229,0.8273639796347472,0.07137365209047859,19.055340996658018,9.905265593617692e-05,sehat
0.5552346110343933,0.2702692449092865,0.03409218046780529,0.5486375093460083,0.2820277214050293,0.03783989822654434,0.4688054323196411,0.3172228932380676,0.31080263226815086,0.03715848302618151,312.82296297207887,0.9695100744064269,0.3089790798933681,8.739248180251371,0.0014030550963647116,sehat
0.8937816619873047,0.17514298856258392,-2.0487420034936834,0.8765265941619873,0.19562318921089172,-1.8165429465240412,0.8429873585700989,0.2301962673664093,-1.4757297084062397,0.36350379050473697,531.9596314670606,0.890375807900618,0.5139632829844992,9.334107823078075,0.1322304668470897,sehat
0.4833051860332489,0.19553662836551666,0.5467178894513721,0.45306074619293213,0.19135621190071106,0.8218948258663041,0.3402180075645447,0.19818991422653198,1.7200961421030683,0.017294666553401967,455.43910255806946,0.9022608237006008,0.14389698764173234,12.2133968265109,0.00030195491388639636,sehat
0.3656506836414337,0.23663729429244995,0.6014876946016517,0.32847729325294495,0.22176720201969147,0.847656081006087,0.291465163230896,0.21410858631134033,1.0289696505914327,0.013057940294547895,655.1080787539222,0.9002730199936225,0.09795042302074086,16.23020208745328,0.0001721680745097127,sehat
0.5105961561203003,0.19009919464588165,0.15349917282289813,0.5567810535430908,0.18744078278541565,0.15868866531433648,0.4808098077774048,0.2349044680595398,0.6596304183766574,0.020622040068815704,353.02309335784565,0.924163754643572,0.16162759113513628,11.73967173831282,0.00043732400163258887,sehat
0.5253274440765381,0.20497900247573853,0.0012991509993622846,0.5146408081054688,0.22352120280265808,0.12435966873176413,0.4613721966743469,0.2421242892742157,0.5012426286492522,0.018060432486084996,306.14827233957527,0.9496337346301745,0.20606918344204106,9.837793555299422,0.00033150551037205945,sehat
0.410489559173584,0.16748446226119995,0.35681343131029264,0.24839651584625244,0.11918670684099197,1.0707482282407148,0.26020348072052,0.1124797835946083,1.252579220912388,0.017799175104068584,298.7100377149672,0.8527501429507129,0.15047264427366147,10.905511684842724,0.00032181117127061924,sehat
0.29623883962631226,0.1729213148355484,0.971271013904338,0.28951603174209595,0.14170335233211517,0.7818870149355571,0.24350084364414215,0.1287785768508911,1.2886878403069173,0.01667554331966729,453.50002481328187,0.8358835026162358,0.1162321733189387,13.16336720813173,0.0002813616267104209,sehat
0.6702275276184082,0.20150138437747955,-1.18354861430509,0.6682673692703247,0.25862693786621094,-0.7742472296132191,0.6719099283218384,0.33320629596710205,-0.48601702830580457,0.13385532037731532,271.3370725174941,0.9645184163057362,0.5110482027754447,7.523061396707692,0.017960814535348816,sehat
0.48934096097946167,0.18773040175437927,0.15775525412808725,0.4872806668281555,0.2013641595840454,0.44013134523116165,0.4825601875782013,0.2013067752122879,0.6892671253020496,0.009702309854535266,964.8154468782797,0.8057122039385248,0.08080628175807937,19.83572569572645,9.512990991260853e-05,sehat
0.5038040280342102,0.2124485820531845,0.5898466425847931,0.4147365689277649,0.21168941259384155,0.8445805564213065,0.30954989790916443,0.2129366546869278,1.3180379367736756,0.015040451090291063,398.1980732763868,0.9294501763865589,0.13430459379178125,12.128503094685337,0.0002290468813507927,sehat
0.5732689499855042,0.2670029103755951,-0.09399252133128679,0.6040886044502258,0.26688116788864136,-0.14085669896720895,0.5031061768531799,0.31756889820098877,0.4714336314968829,0.04427271100207337,718.6285525925832,0.9226974799129489,0.21958797151785706,15.178024899154773,0.0019665029674590614,sehat
0.5762472152709961,0.299022376537323,-0.04864427701736746,0.5454457402229309,0.3023912310600281,0.15905038347121558,0.5238261818885803,0.3074502646923065,0.27091697554423483,0.11786146986669675,1422.3511635788998,0.8779713322205157,0.2715378479326858,17.073796022889383,0.013965012659821691,sehat
0.6199021935462952,0.18349440395832062,-0.9912242057846251,0.6264651417732239,0.17181327939033508,-0.9920795747991713,0.557597279548645,0.21203827857971191,-0.04722510703311791,0.01996436038953372,245.1493888086613,0.9372236161798678,0.19552206366014557,8.726537836533643,0.00040628817099790863,sehat
0.41616302728652954,0.2330043613910675,-0.04454522211250124,0.39924824237823486,0.22677859663963318,-0.005879323514059014,0.3855823278427124,0.22948376834392548,0.06477650564363319,0.03032564686547183,220.42688973997596,0.9672130010083192,0.2376090523837663,8.165804289084095,0.0009263005909626908,sehat
0.4471641778945923,0.28314444422721863,0.26924326590595726,0.4651918113231659,0.2584434449672699,0.3456276126602916,0.38557976484298706,0.30345654487609863,0.566644352608494,0.010427901218816267,1351.9397953540347,0.8546100877207463,0.0946557343865506,23.74069202855387,0.00011010122485821796,sehat
0.3063153028488159,0.16977207362651825,1.0554551168694386,0.3162267804145813,0.14962248504161835,0.5715177385417705,0.20667624473571777,0.14688274264335632,0.800555574218528,0.01614226369623097,230.7122282025607,0.921970742303912,0.14046831504805296,9.592839138192394,0.00026531086985697025,sehat
0.663009524345398,0.2460869401693344,-0.5076905194077027,0.6380224823951721,0.2830007076263428,-0.21508963876984258,0.5751120448112488,0.3389712870121002,0.05202102021745774,0.048207587053025434,537.0008136921866,0.9446373078439222,0.2356124418078961,12.720759497967963,0.0023345387835102117,sehat
0.6229987740516663,0.1948104351758957,-0.7366019376951455,0.6207103133201599,0.2360958307981491,-0.7040499559037924,0.44467389583587646,0.39448654651641846,0.3596531872639786,0.01880054269225257,524.2719634369765,0.9185768252034783,0.1886684702444521,13.105401404267866,0.00036458110760232,sehat
0.34912002086639404,0.2145589292049408,0.18367112544880332,0.31502652168273926,0.21449775993824005,0.44806214955677975,0.2883836328983307,0.22433796525001526,0.6010211558922465,0.02869855998052107,292.88621864921066,0.9509141853613392,0.22758255000378136,9.145916243111525,0.0008415959627915996,sehat
0.5555770993232727,0.25005656480789185,-0.0194695133574112,0.5747032761573792,0.24507075548171997,-0.28948733938940424,0.4037570059299469,0.2689070999622345,0.5285892845929829,0.03621145295676117,669.172271064518,0.9107033466812721,0.13299556863540188,16.014812269884,0.0013187146323593742,sehat
0.44070547819137573,0.24042920768260956,-0.04284505730321474,0.4700477123260498,0.20514817535877228,-0.2698828327020769,0.3271529972553253,0.2171100229024887,0.3985806197207263,0.00956957067205417,848.5433823337074,0.8516726393447877,0.08616316019400894,18.967520478791318,9.340153333509684e-05,sehat
0.49594807624816895,0.17491775751113892,0.10917016321684511,0.4088129997253418,0.15901534259319305,0.31073588000142816,0.289612740278244,0.14613209664821625,0.46477390621889647,0.017284098678199064,234.31523550135032,0.92857186023148,0.19516940134823554,8.49727510749628,0.00030611205652728463,sehat
0.372366338968277,0.16130980849266052,0.8042887728685275,0.3557264506816864,0.1680988073348999,0.8746917025384897,0.33004847168922424,0.1774033010005951,1.0082299146253293,0.018213222167999005,281.2526840974321,0.9205472870603829,0.18109791436223646,9.120652756247251,0.00033659412664508717,sehat
0.5988247394561768,0.17133918404579163,-0.20344171219557666,0.5740158557891846,0.16202005743980408,-0.2525500004113332,0.4872543513774872,0.2417043000459671,0.17611771010626068,0.053522728591648285,248.1659659295799,0.930549193222361,0.2955460429287155,7.926646897782696,0.0029307704719021103,sehat
0.46402302384376526,0.21707698702812195,0.7194379237294928,0.520254373550415,0.2167232632637024,0.12415952013232841,0.2675844132900238,0.23258163034915924,1.9296585939996878,0.02091045203455008,590.8735548258692,0.8988842047734004,0.12883974006522106,15.003811788185423,0.0004414260259646805,sehat
0.34528815746307373,0.18240448832511902,-0.017833054678615824,0.4192599654197693,0.18677949905395508,-0.3966954190102766,0.29646605253219604,0.16133084893226624,0.5625410091156143,0.016965656939342138,369.13090982880834,0.9065491578862804,0.14280062821985043,11.265208678744692,0.0002942792448072393,sehat
0.586839497089386,0.15620343387126923,-0.1944386061412193,0.5623335242271423,0.16059675812721252,-0.43060312953415936,0.45202040672302246,0.1526465266942978,0.5635057033223402,0.02018522438609451,290.9751176411337,0.9068425722969568,0.1747286838690252,10.088961685196546,0.0004202291344629833,sehat
0.31975680589675903,0.22719217836856842,1.0630777992336504,0.3041359484195709,0.2213333547115326,1.088898830360464,0.28615063428878784,0.19979327917099,1.2406836527581757,0.020754027923547448,400.6890563948609,0.9358499655032945,0.18451064878753745,10.697875861986667,0.00043612221478030107,sehat
0.5782883167266846,0.17642691731452942,-0.19165805615252118,0.532208263874054,0.19805963337421417,-0.05781702766930153,0.44678422808647156,0.24793915450572968,0.5003332328662237,0.016056550765760572,387.70474737922626,0.9154545784209245,0.16828022316912164,11.452700699732574,0.0002626906473987999,sehat
0.5144103765487671,0.24633356928825378,0.4039657138517432,0.531136691570282,0.2617141604423523,0.23508166898215918,0.4112548530101776,0.3018612563610077,1.032380757577316,0.020882568672518826,245.70683202940145,0.9712951621201515,0.22241431375342738,8.004409230287946,0.0004434455700597369,sehat
0.6223927736282349,0.18008455634117126,-0.20399105411389884,0.5770378112792969,0.1930355727672577,-0.18240651920691356,0.26619645953178406,0.23293589055538177,1.9795387410247418,0.025472172798185946,401.72001755576616,0.9075704526001472,0.14997998642865076,11.45622473770886,0.0006542755081997498,sehat
0.7890205383300781,0.2567288279533386,-0.5965996322546363,0.7721633911132812,0.27518755197525024,-0.5507546474389211,0.7517091035842896,0.2953166961669922,-0.4834129576323515,0.4817606784854203,343.08492330935957,0.9644056992350825,0.5818260341673595,5.997572853820056,0.23213086015335116,sehat
0.606895923614502,0.21620382368564606,-0.3013779381043985,0.6119781136512756,0.2173471301794052,-0.3263017049342762,0.4403800666332245,0.3017630875110626,0.49412994049748027,0.024855532994053544,668.0684330674115,0.8911408838070806,0.16558888317796208,15.395592469491524,0.0006237025950182184,sehat
0.49780187010765076,0.11225324869155884,-0.42645927524911903,0.4581396281719208,0.09931929409503937,-0.10962916447108341,0.36369335651397705,0.12228526920080185,0.10963027538327218,0.018718822517768647,267.71691259677834,0.808343087507306,0.12664356153359282,10.699706808167804,0.00035342185962368954,sehat
0.4848899841308594,0.2705410420894623,0.24383891083613393,0.5224746465682983,0.2818213701248169,0.1891393556849226,0.41087621450424194,0.27353498339653015,0.8611869317636659,0.018604571640539337,632.2068581393464,0.9351631033044838,0.12683796389050234,15.914002200591888,0.00035113541772470203,sehat
0.8495934009552002,0.1672796905040741,-1.63812796262607,0.8246526122093201,0.18535828590393066,-1.5233122555285772,0.8045111894607544,0.1985318809747696,-1.4160235430901378,0.07162610747795135,414.3756143234382,0.9030666564562804,0.33525309913491347,9.381336287569743,0.005204709571203111,sehat
0.614192545413971,0.25423842668533325,-0.7472666382404984,0.5985673666000366,0.23086389899253845,-0.8507605939410651,0.4818481206893921,0.27700310945510864,0.2294791988561839,0.03145898007169825,742.8481655450274,0.8954174404008156,0.19549486902144256,15.357930051254263,0.0010084274483037237,sehat
0.47855404019355774,0.3006552457809448,0.39789270677180993,0.509497344493866,0.27673518657684326,0.34761062788177516,0.47075334191322327,0.3174116909503937,0.32918043559840804,0.016014111954149333,448.0001553926627,0.9575764385928863,0.16927895694037495,12.22845003848284,0.0002609711784752952,sehat
0.4110483229160309,0.23557120561599731,-0.02922398003913938,0.39221158623695374,0.2002144753932953,0.0018027932922482478,0.28187233209609985,0.18266989290714264,0.3609031597307697,0.010671528597238966,585.0899195903772,0.8955810259783191,0.08761454658271788,15.811729660172468,0.00011470907381932174,sehat
0.5770121216773987,0.17817269265651703,-0.19797329635416283,0.5792244076728821,0.1861441731452942,-0.17315462099950035,0.5273208618164062,0.23071879148483276,0.40775993210420686,0.014933675429852451,399.4139118394448,0.9095886740836575,0.1348204052417362,12.532720423563404,0.0002263621640521607,sehat
0.7137922048568726,0.18696382641792297,-0.7105017984927355,0.637540340423584,0.2112138867378235,-0.5350742787055279,0.5269439220428467,0.28656309843063354,0.2114946207702888,0.01989224236183348,561.3675509477289,0.8970332182957214,0.18280011922913308,13.551217603459564,0.0004033364215114454,sehat
0.4113885164260864,0.19715717434883118,0.47608365244375017,0.4019717276096344,0.2004324495792389,0.5387873885279273,0.37722092866897583,0.2185741662979126,0.5076002558201413,0.014333853449041194,417.4465606913484,0.9206300735805636,0.15655001903724627,11.730458615521004,0.0002103448403218861,sehat
0.6201054453849792,0.1971760094165802,-0.35367724567708714,0.6385139226913452,0.18208397924900055,-0.22795470737660903,0.5279269218444824,0.28172561526298523,0.0738021321153414,0.0655477992118508,252.11428859821186,0.9485139848909573,0.28194452852424084,8.981708838261929,0.004311619390590731,sehat
0.6633225679397583,0.3402072787284851,-0.630750008883681,0.6633225679397583,0.3402072787284851,-0.630750008883681,0.6633225679397583,0.3402072787284851,-0.630750008883681,0.18870110765921286,1059.722780132862,0.9290545608425544,0.37123247639976936,15.717410826921316,0.03565647966319255,sehat
0.4974569082260132,0.23522736132144928,0.30087277565309767,0.4864398241043091,0.23844006657600403,0.26679233674289055,0.35441604256629944,0.306057333946228,0.7890484684601995,0.01475531119276195,511.0325156138383,0.9321291767269116,0.13865704684160204,14.251557846266685,0.00022152469429886218,sehat
0.5734361410140991,0.2036876231431961,0.12713070181672956,0.5777096748352051,0.2073085457086563,0.03282502354833625,0.5356160402297974,0.27743062376976013,0.1468736086992266,0.018851319667028976,621.5843132961635,0.8906873068570937,0.14956230802960954,15.52160452568603,0.00036144685088771323,sehat
0.4688589572906494,0.28838449716567993,0.5261050543360911,0.5400595664978027,0.25764670968055725,0.37274634179894023,0.44821467995643616,0.3775060772895813,0.2710604687018266,0.022220969242556083,562.861873109587,0.9423822892665922,0.14995430080607633,13.473204790604427,0.0004988651444730608,sehat
0.3767912685871124,0.3217417299747467,0.3836712189681645,0.3429849147796631,0.32130303978919983,0.5899209691194855,0.3299131989479065,0.3146548569202423,0.6837929983039683,0.07938558961974494,1001.5015013437423,0.9227699142937505,0.2972385005840453,14.57532159987607,0.006318762701946027,sehat
0.48227658867836,0.276029109954834,0.2270870137004813,0.48227658867836,0.276029109954834,0.2270870137004813,0.48227658867836,0.276029109954834,0.2270870137004813,0.012961134542435386,1116.6307665740912,0.8872598638762396,0.11464110051474452,19.884143516554406,0.000170810876794729,sehat
0.4566917419433594,0.26021552085876465,0.49993678537621444,0.49569740891456604,0.23561125993728638,0.39897689108834034,0.3767242729663849,0.29023709893226624,0.776743417059569,0.020977370799453457,607.3424009744723,0.9220510832007087,0.1552198934066997,14.838748962925346,0.00044541677120591176,sehat
0.5264613032341003,0.16089583933353424,0.38892171295327327,0.48377853631973267,0.15548276901245117,0.39217823541890084,0.42284226417541504,0.16103890538215637,0.7442761152750039,0.013529752608731668,315.06173837386206,0.9001140292793995,0.11909666479357163,11.877319011455592,0.00018491335552958373,sehat
0.3759658634662628,0.2074185460805893,0.6677278715148168,0.4564153552055359,0.20111724734306335,-0.17998198361484405,0.32275646924972534,0.18670248985290527,1.0155681991428391,0.010071480192449715,604.5620087066407,0.8776189909578694,0.07300668945876422,17.1833635089771,0.00010199676984665343,sehat
0.5889380574226379,0.17788517475128174,-0.6154499633725417,0.5547152757644653,0.187819242477417,-0.49234403857586695,0.4667031168937683,0.23581139743328094,0.24885757059477845,0.018017276816584188,343.4783617337639,0.9230495285069882,0.1826417957305594,9.759527063857886,0.000330271286163414,sehat
0.4357464015483856,0.2730594873428345,0.7488872662517703,0.4553641080856323,0.2127307653427124,0.3732310111869328,0.19555673003196716,0.20932579040527344,1.4252315216774123,0.01068114430477876,730.6387678576638,0.8893135210978061,0.08625057460241801,17.236918952061817,0.00011490334395397696,sehat
0.6594989895820618,0.15341898798942566,-0.24856217357230317,0.5212128758430481,0.22787673771381378,0.21467491970312066,0.43660494685173035,0.26956048607826233,0.7618692058514388,0.01853221705477123,556.3973154986162,0.8968263402236087,0.16012471401719455,14.471918824812684,0.0003489001136945315,sehat
0.4270676076412201,0.2920571565628052,0.4438651430955234,0.4270676076412201,0.2920571565628052,0.4438651430955234,0.4270676076412201,0.2920571565628052,0.4438651430955234,0.013186195879362553,455.16320113352276,0.9587907532532731,0.10778126672823524,14.306336339515754,0.00017935517328803767,sehat
0.3779776394367218,0.14787398278713226,0.5390248551512636,0.4188753366470337,0.14143933355808258,0.6028362008444814,0.3952421247959137,0.21888072788715363,1.006738033482449,0.019671569606361825,290.26839515071316,0.89689219800302,0.1698472513507104,10.69124446400894,0.000393534354704529,sehat
0.48328280448913574,0.20939555764198303,0.15276044785871407,0.4966279864311218,0.19003818929195404,-0.07074719500828872,0.3778643012046814,0.25782510638237,0.6030617705475667,0.011184455464473433,657.0306168810775,0.8685463039145133,0.1026322988833764,16.277136436799047,0.00012672147523010133,sehat
0.4410417675971985,0.15530900657176971,0.3903676507049929,0.36188817024230957,0.15724502503871918,0.7187370603546175,0.2940146028995514,0.1662662774324417,1.0230808801220463,0.014911622878574497,563.4550225132294,0.8202414746785559,0.1297048707919151,14.063322182946811,0.00022666362606405804,sehat
0.8025259375572205,0.259972482919693,-1.3751620598477505,0.7766833901405334,0.28293144702911377,-1.179846542423367,0.7409258484840393,0.332110732793808,-1.1008479499345005,0.039102704707460675,419.22024187154574,0.9591984339984917,0.16326235713963352,11.70672085193261,0.0015742597749650179,sehat
0.5454663038253784,0.17763127386569977,0.1084922962094908,0.5638159513473511,0.18976230919361115,-0.07649764021765419,0.46994227170944214,0.30030256509780884,0.1736603302786843,0.014750700417625405,503.8234524211107,0.8950539293084604,0.1707748823401971,13.712712464124346,0.0002214199426416369,sehat
0.5058462023735046,0.2839571535587311,0.20080790227806053,0.47536584734916687,0.2736250162124634,0.35744292005282985,0.4046749472618103,0.2695469856262207,0.7046686231347689,0.017911146010502685,886.6942043396406,0.9076186675756461,0.1455822645187996,16.17632109002822,0.0003270092896652147,sehat
0.4749416410923004,0.20293161273002625,-0.2528523735573652,0.548117995262146,0.2338085025548935,-0.33532376455494584,0.5123510956764221,0.25773534178733826,0.4102874985432755,0.02089319565238028,601.163514676401,0.8964586791859656,0.15911428959272575,14.89306137034673,0.0004503250928210986,sehat
0.7603844404220581,0.14560909569263458,-0.9412856393021417,0.6780970692634583,0.20466940104961395,-0.6812178750509944,0.3234555721282959,0.1498969942331314,0.6938914084631401,0.019944294770925228,258.70783235100095,0.9332975585671998,0.1459927353180036,9.454041828157578,0.0004021872106451836,sehat
0.8575844764709473,0.18991871178150177,-0.9983773690138373,0.838135302066803,0.21512822806835175,-0.9514194182984631,0.8255568742752075,0.2320820689201355,-0.999972908675457,0.46734171068739955,317.852469090794,0.9443639332555388,0.5812106477755334,6.33558013790994,0.21845145099629748,sehat
0.4118807911872864,0.17023900151252747,1.007104601840925,0.3668580651283264,0.16457653045654297,1.0885632072531322,0.3444826006889343,0.16778574883937836,1.1522621435504072,0.016291135948980903,295.9950286884919,0.9149908000554818,0.1343335421087134,10.440842810745814,0.00026894202891671493,sehat
0.44363051652908325,0.16152846813201904,0.4250281750705614,0.45427000522613525,0.17617423832416534,-0.07913170995979846,0.30425527691841125,0.15667547285556793,1.1359811648698233,0.012649252671744904,593.9570284890962,0.824606913477956,0.1022009323822179,15.40994924463915,0.00016630548704523251,sehat
0.46377313137054443,0.2532730996608734,0.1705351829447711,0.43607252836227417,0.20745082199573517,-0.11846864186935684,0.19966204464435577,0.19399946928024292,1.6607198615969097,0.010630428171956058,895.5771055590485,0.8440195775204941,0.09141836931445568,18.684055495391647,0.00011421043613015083,sehat
0.5750532746315002,0.18147671222686768,-1.0663909610589541,0.54789137840271,0.1862936168909073,-0.9235874975099378,0.2069743424654007,0.11202975362539291,1.4114730318348172,0.020277533200542472,303.3832969171527,0.9182984333900387,0.12156865764749904,11.040669085508126,0.00041367280989570033,sehat
0.6466490030288696,0.22102171182632446,-0.5213559346960063,0.6584542989730835,0.25283464789390564,-0.611874004191236,0.46599477529525757,0.39318782091140747,0.43964355336479904,0.027204168221476765,766.065606909567,0.9050188852704312,0.1692649854605834,16.38881541672482,0.0007501428737027027,sehat
0.5566904544830322,0.23576593399047852,0.6629002864163367,0.5108581185340881,0.22391310334205627,0.9697623136078927,0.42855873703956604,0.23678740859031677,1.3576046941025415,0.06227722868213311,231.01797756878764,0.9645249982531481,0.2622277629419467,8.22258445238347,0.003886035352543916,sehat
0.6110064387321472,0.2263229340314865,-0.5294060631668922,0.6135313510894775,0.24054764211177826,-0.5883807251093326,0.47474098205566406,0.296856164932251,0.42103954313470104,0.019254839618529,717.4604875325193,0.9019778120332193,0.16762829236694032,16.625152119751117,0.00037758595050961237,sehat
0.7950435876846313,0.2953709363937378,-1.4837571421636282,0.7284692525863647,0.33285650610923767,-0.7946420936645212,0.6888540387153625,0.36200928688049316,-0.5434147987800871,0.4389708232911272,532.0647689150037,0.9600073995124028,0.5956668954970633,7.522148732508331,0.1927307218410125,sehat
0.41050606966018677,0.1614670604467392,0.18662155933075386,0.43237945437431335,0.1552313268184662,0.12188002005074645,0.3504258394241333,0.24796313047409058,0.7512254986549911,0.020125239010482604,267.49900501385395,0.9213103868733107,0.21343205610003435,8.370400073771135,0.0004101759547098732,sehat
0.6620903015136719,0.3099985420703888,-0.06752607536460423,0.6612008810043335,0.31633374094963074,-0.13538969445959764,0.5784227848052979,0.3828056752681732,0.03885873059051267,0.33699262504919764,472.8762616882537,0.9646074210594765,0.441595777004927,9.920110799503574,0.11357279910517971,sehat
0.5370278358459473,0.1796853095293045,0.17294597616357846,0.5184007287025452,0.18786272406578064,0.1673335482575452,0.3806852102279663,0.18487127125263214,0.39290533575736214,0.009740601895559675,678.5789289347703,0.827943004422183,0.07024729017555571,18.430678823074015,9.613341507313161e-05,sehat
0.50107342004776,0.3140433728694916,-0.03895848737206789,0.39919447898864746,0.29113197326660156,0.17869646412093437,0.33338290452957153,0.28257784247398376,0.42872588943642037,0.05586367700652309,392.1460527912573,0.964149399173035,0.2553411656207742,9.227769108704718,0.0031397693513942845,sehat
0.49861305952072144,0.31165868043899536,-0.016024488790668635,0.3962099552154541,0.28746166825294495,0.18745480632979913,0.33086350560188293,0.27974310517311096,0.43642066930761686,0.05262057467500109,365.127212005549,0.9657756671379606,0.25299877747770877,9.126815941485853,0.0027895086090458637,sehat
0.5086462497711182,0.3072710931301117,-0.034768794692391726,0.4065347909927368,0.2862284183502197,0.1559642645202937,0.3420383930206299,0.2815921902656555,0.3977641940936127,0.03982653028584698,392.7267844517697,0.9627189941832786,0.24865979424790619,9.125156736721177,0.0016270295770042908,sehat
0.4495813846588135,0.29409801959991455,-0.47873636386665425,0.31191250681877136,0.21343521773815155,-0.3101857067732104,0.2429191619157791,0.1730967015028,-0.15490548902210682,0.1520895234603367,361.25929526036424,0.9476072596753379,0.2761053975323134,10.20055062426861,0.023160203518308897,sehat
0.4617137908935547,0.28991585969924927,-0.548943842020886,0.3201432526111603,0.21075862646102905,-0.3714254805112996,0.24906675517559052,0.17098350822925568,-0.20649776918692675,0.13714212591202832,354.3063710211225,0.9471899762874676,0.26938351420102385,10.141995462562264,0.01886747117500385,sehat
0.5697506070137024,0.23423025012016296,-0.5779517496607164,0.4835837185382843,0.24152162671089172,-0.022175121117203628,0.41632047295570374,0.2443930208683014,0.3066603755258206,0.02032222021821822,305.4611285508924,0.9576705721434909,0.16705721602679544,9.475181597197242,0.0004200203312778508,sehat
0.5509709119796753,0.2553080916404724,-0.6257875082082849,0.4684396982192993,0.25574055314064026,-0.07669813066826775,0.40418702363967896,0.2544333338737488,0.26644853676102176,0.04884068437877187,289.89608762946335,0.9648490715915646,0.19266372072902313,9.248832614755027,0.0023940866363082445,sehat
0.5780021548271179,0.22303497791290283,-0.49995115267898077,0.48958730697631836,0.23413139581680298,0.038601903153213914,0.42103105783462524,0.23957796394824982,0.34562332674141527,0.014200365418493626,312.74969460808967,0.9532450180941155,0.15544099531691724,9.640848392912677,0.00020692369275713304,sehat
0.37544387578964233,0.3148748278617859,0.2618173985854489,0.3463401794433594,0.29541295766830444,0.39482659450047003,0.31362801790237427,0.2729913890361786,0.5001250715297626,0.16935535197828802,500.6490577996249,0.9563009420059604,0.2976132523672698,11.509078913812274,0.02870416388996289,sehat
0.38712409138679504,0.31496307253837585,0.22066371697293422,0.3570273220539093,0.2950602173805237,0.3588076362654473,0.3225734233856201,0.2719545066356659,0.46229285774966866,0.14765432265077594,480.1423257151825,0.9580122934955196,0.2798590634682955,11.544227148275374,0.021859428485086027,sehat
0.37897682189941406,0.31674838066101074,0.25936814144426684,0.3492780327796936,0.29700255393981934,0.3932188320511755,0.3164669871330261,0.27411481738090515,0.4867855143903896,0.16760089653718033,499.989252772508,0.9568219314269545,0.2939572102502845,11.460628671627324,0.02811388098220495,sehat
0.5525124073028564,0.3496330678462982,-0.35632705917083235,0.5005813837051392,0.32865646481513977,-0.1676293194597582,0.40179944038391113,0.3101631999015808,0.306818232221471,0.13103561505673125,418.34202497237703,0.9699064384173514,0.33279002356247683,7.7910833434788715,0.01718500116198814,sehat
0.5659624338150024,0.3410678207874298,-0.41220230476383407,0.5154157280921936,0.3211493194103241,-0.23561769003960217,0.4112083613872528,0.3045985996723175,0.2628103792120035,0.11021018437588652,455.5964319939069,0.9654976597777395,0.3160870942134404,8.117504861186616,0.012164328648026678,sehat
0.571111798286438,0.3384207487106323,-0.4229391874607755,0.520960807800293,0.3191862404346466,-0.24465781336062037,0.41584154963493347,0.30430471897125244,0.2591843806203021,0.09535169897540983,466.51800380193436,0.9641379569060587,0.3068382993581929,8.234353504786458,0.009121580534788539,sehat
0.5879445672035217,0.299706369638443,-0.2850215861301853,0.5318941473960876,0.303148478269577,0.005062268286509323,0.4919908344745636,0.3042606711387634,0.20553603144613705,0.05697682746133922,379.12158883223566,0.9671961349008047,0.2592214242624932,8.217403273703932,0.003260777719861867,sehat
0.6229264140129089,0.28239351511001587,-0.264140438264756,0.5660699605941772,0.29330095648765564,0.01128335982548683,0.5261198282241821,0.2985844612121582,0.18958342370827838,0.037792051318038956,465.71840141103877,0.9563164330355641,0.2460618414629894,8.585733365896065,0.0014492697334686367,sehat
0.576006293296814,0.31278669834136963,-0.7922824844065338,0.5117301940917969,0.32316461205482483,-0.20361756599003564,0.5100883841514587,0.35108205676078796,0.011266305651743042,0.12037050166515006,505.44610346472797,0.9605823194229558,0.33145585113136217,8.857150245536163,0.014526539848984402,sehat
0.5656516551971436,0.32254552841186523,-0.7305252756619598,0.49884748458862305,0.32908281683921814,-0.15454662189283241,0.4961656332015991,0.354581743478775,0.04915470040659984,0.12940177004462514,614.1309009180347,0.9543443328763512,0.3322292841415211,9.347599984602263,0.016766229825059795,sehat
0.4563920497894287,0.3123954236507416,-0.37532305371719743,0.4052552878856659,0.30195143818855286,-0.04395542328204906,0.36002978682518005,0.2929542362689972,0.255152085645546,0.20434979002746786,334.51619303617014,0.97171828151848,0.3525407622866675,7.288220597326248,0.04179610850126219,sehat
0.45284077525138855,0.31498461961746216,-0.3538847033675418,0.40134310722351074,0.30351290106773376,-0.028236282323536067,0.35699135065078735,0.29427510499954224,0.26604986011826315,0.21008466775494605,339.1625631958897,0.971683238825828,0.3547909992406195,7.358490259652086,0.044160667056400045,sehat
0.44861578941345215,0.31480059027671814,-0.3260336641366088,0.3976845443248749,0.3028726577758789,-0.004609219177450872,0.35422560572624207,0.2935445308685303,0.2825506948691677,0.21039524284338643,311.8337008343454,0.973879400151755,0.35612772723628466,7.161969558982911,0.04429332872691167,sehat
0.5121572017669678,0.2832331657409668,-0.32245250408264414,0.4392739534378052,0.2776511609554291,0.08583095110376768,0.381476491689682,0.2687839865684509,0.39376149594974336,0.06081649805682437,313.20364726988186,0.9682159604037274,0.21089805635817896,9.67240794353004,0.003717369351099224,sehat
0.5099477171897888,0.2863255441188812,-0.33066640171901346,0.4378466010093689,0.28013429045677185,0.08163960347045573,0.3806113302707672,0.27119189500808716,0.3929817993181983,0.07331850635969867,324.17064407934396,0.9677889506857169,0.2208425506227678,9.660680185993227,0.005391558948729729,sehat
0.46815603971481323,0.28052881360054016,-0.5848371934077513,0.4132542312145233,0.2755920886993408,-0.20846102752272774,0.37772658467292786,0.2751864194869995,0.019126410779636917,0.11239046181849088,361.20916439111625,0.9628031515125679,0.28739808355229357,9.13399637723755,0.012665859703082415,sehat
0.47123366594314575,0.2781829833984375,-0.6113631128780709,0.4160348176956177,0.273802787065506,-0.22742279393778092,0.3799438178539276,0.27355843782424927,0.0037377724500128437,0.11612549814440944,354.4780202279285,0.9629375829656963,0.2880542814503852,9.118001355709904,0.013521464374500138,sehat
0.5638642907142639,0.3393954038619995,-0.37414735734981314,0.48567432165145874,0.3332388997077942,-0.07246835497000355,0.40281304717063904,0.3428124189376831,0.3202788376000149,0.09448980079816093,443.5427986447344,0.9690243419322152,0.3221624539595661,8.063646437455308,0.008946250410213642,sehat
0.5787320733070374,0.3262173533439636,-0.41931819518461627,0.5008606910705566,0.32413217425346375,-0.11933431618273647,0.4149036109447479,0.33601707220077515,0.2741121396832562,0.07752194783266403,443.66017035044564,0.9669673493602177,0.2992547472299955,8.432689313416201,0.006027200900851913,sehat
0.6059157848358154,0.3158557415008545,-0.49162711320888947,0.5276787877082825,0.3193734288215637,-0.196783359765418,0.44092077016830444,0.33835914731025696,0.18333291432502297,0.06974711928152826,586.5053259379542,0.9546460206904109,0.2838183282555666,9.155768380952273,0.004882467676787767,sehat
0.5612080097198486,0.31790170073509216,-0.5160341787523617,0.47737857699394226,0.2909761071205139,-0.14112194928993313,0.4346151649951935,0.28238996863365173,0.15124859105495503,0.09316628327778433,347.7214200358832,0.9689267067133048,0.31211087336327853,7.527410035280021,0.008695329468116781,sehat
0.5601927638053894,0.3161433935165405,-0.5284560854878443,0.47439825534820557,0.2896561622619629,-0.1322624998082309,0.4317498207092285,0.281314879655838,0.1667557861623418,0.09009826474981986,328.6368153680826,0.9703027932092919,0.3109659251113321,7.4666604520801,0.008134760864001401,sehat
0.24075070023536682,0.269141286611557,1.023148614762068,0.19547928869724274,0.22346259653568268,1.2073872556405196,0.20375241339206696,0.2319163978099823,1.160632869088117,0.07410766802022699,341.67318785957553,0.9533739400136741,0.28860525536044346,9.55226271342309,0.005556228620368977,sehat
0.23477089405059814,0.27205970883369446,1.0317668965835651,0.18956713378429413,0.22540423274040222,1.224701823405927,0.19730259478092194,0.23381122946739197,1.179479183527645,0.11636602859056845,333.39217528726266,0.9554022044357465,0.3274361138164859,9.166756530299368,0.013599841610026987,sehat
0.39676201343536377,0.280596524477005,0.06784223219058484,0.3098825514316559,0.2416170835494995,0.31197603580499755,0.26039910316467285,0.22852905094623566,0.5540675735195122,0.07244110087531697,192.9697238798149,0.9762727277387878,0.2512042637416992,7.647659279352638,0.0052682148073324745,sehat
0.40323805809020996,0.27581843733787537,0.05725545171433417,0.314656525850296,0.23883341252803802,0.29897489642333563,0.2640650272369385,0.22676850855350494,0.5401235138413573,0.0524728873391126,197.47449031666636,0.9750866294548691,0.2395137095805643,7.779563698962115,0.002774124506934856,sehat
0.49419552087783813,0.27488604187965393,-0.3015935692422051,0.5467893481254578,0.2801149785518646,-0.5337786422416428,0.46079227328300476,0.30851560831069946,0.293486711353099,0.04041083182732377,713.5533083708916,0.9283730706171106,0.2667546198818793,11.75283573438984,0.0016535486051963766,sehat
0.564408540725708,0.24923425912857056,-0.7997279172964735,0.6578007936477661,0.28842729330062866,-1.205207480825834,0.7296038866043091,0.3307071328163147,-1.0884799450563976,0.04897607459947731,431.74540866305557,0.9567547311367491,0.4124817754227086,7.5866781026252035,0.0024447499568700775,sehat
0.7610697150230408,0.2986239492893219,-1.4592210049188938,0.7549950480461121,0.29971402883529663,-1.408630935349967,0.751982569694519,0.29859718680381775,-1.3766927988163042,0.03214492860422525,842.4767159280191,0.9280915239785629,0.17569806638274066,14.174811198633096,0.0010503867796031673,sehat
0.5103281140327454,0.260576456785202,0.2567103623267753,0.6015152335166931,0.24595586955547333,-0.2607230203038683,0.5335026383399963,0.3667394816875458,-0.06447298476920657,0.01813498558096724,568.2727584805328,0.9283836780263167,0.20824941883559098,12.295433903676928,0.0003364268352806827,sehat
0.857894241809845,0.27800530195236206,-2.0940500870102414,0.8416951298713684,0.284294992685318,-1.90064236455231,0.8312556743621826,0.2900451719760895,-1.7806535620218453,0.5257334333466671,745.2567308170896,0.9287823304282342,0.6295305216098579,8.537040428452274,0.2764431516293779,sehat
0.7060582637786865,0.33127379417419434,-0.7693295421637643,0.7595521211624146,0.2602170407772064,-0.5705161984140941,0.7633928060531616,0.25403788685798645,-0.6003934762425248,0.3091133011198531,355.7831229338282,0.9650522755745262,0.44252382484768993,8.636433802607229,0.09558328281868955,sehat
0.38767609000205994,0.23318901658058167,-0.07186098887105963,0.4557076394557953,0.2645956873893738,-0.27611085546901937,0.3092133104801178,0.1925373673439026,0.6040402315117096,0.015117292331391996,551.4948529727022,0.9290025467629196,0.12560370000753732,13.259687257661888,0.00023065300155825108,sehat
0.5622060298919678,0.19040945172309875,-0.5500490320484287,0.7258280515670776,0.19092170894145966,-1.8799500441533945,0.43323805928230286,0.3244751989841461,0.5543498538110647,0.020018136611367112,307.822672983504,0.9246219352418654,0.19225571454112564,8.51692270763302,0.0004117115425208114,sehat
0.3844107985496521,0.2287161946296692,0.383939956004956,0.4379749000072479,0.2298249751329422,-0.21359394016117547,0.28395578265190125,0.22905831038951874,1.1463142629968226,0.023624284780279083,806.0100312411073,0.8767876124621883,0.12582384434977448,15.914459157117347,0.000564488450795801,sehat
0.4099138081073761,0.21466350555419922,0.29928743041145955,0.4568122625350952,0.21885733306407928,-0.37037293000766686,0.3121972680091858,0.1888800710439682,1.0758125207262677,0.013243160691742624,749.0832790153733,0.8697441435393197,0.13511832116169675,14.642111604597337,0.00017681415217828646,sehat
0.5097241401672363,0.26468607783317566,0.02531572456721814,0.5437189340591431,0.2678890824317932,-0.32737392368133933,0.4759589731693268,0.2885565459728241,0.38860474033613623,0.017350943315045882,547.5970082624658,0.9394529391558365,0.21625606790206908,10.466226552465189,0.0003066576053614481,sehat
0.44429177045822144,0.17920230329036713,-0.12957144319072897,0.4980722665786743,0.1980811357498169,-0.6477457923297273,0.2981228828430176,0.15818646550178528,1.1366236928058409,0.015846104123375927,323.5428075263329,0.9231829304960454,0.14612859347076615,10.062692454790815,0.000254207434117035,sehat
0.43488651514053345,0.28071871399879456,0.20809090371388705,0.48902881145477295,0.2918040156364441,-0.2694108059803827,0.36560574173927307,0.259566992521286,0.8517446681451094,0.029954608224862494,408.64302496888257,0.9602048597685852,0.28394314707949975,7.973398372528273,0.0009128918662785489,sehat
0.454953134059906,0.25296175479888916,0.23738831455128626,0.48098087310791016,0.25271618366241455,0.03602588059064279,0.4143667221069336,0.3174074590206146,0.13458091964023194,0.012675642035153414,940.4756587779681,0.8886341968978501,0.17118616609998208,15.817714299609664,0.0001638974309967015,sehat
0.4826616942882538,0.23182642459869385,0.3822407350406173,0.4873007535934448,0.21170485019683838,0.21290736470780003,0.3361905813217163,0.2858497202396393,0.7600583630985194,0.015889909486046936,461.99671245753785,0.9288870718362608,0.1491250852648149,11.59124964281767,0.0002551801936296414,sehat
0.5865869522094727,0.29253286123275757,-0.2829163268078677,0.6248602867126465,0.3018410801887512,-0.4014724012333942,0.5221497416496277,0.34948840737342834,0.27772165190113834,0.03263746963409125,985.4490380602347,0.9163591910888357,0.19764845281573348,16.378944935119385,0.0010799175326342665,sehat
0.7722069621086121,0.3310442864894867,-1.5047216886732206,0.7617318630218506,0.3318181335926056,-1.43345455733493,0.750693678855896,0.3355870842933655,-1.3620209311692295,0.05773866495028846,844.4159483780087,0.9413838358585639,0.25862303138263626,11.557982513301829,0.0034472546186932,sehat
0.5453625321388245,0.23297393321990967,-0.35283066432662435,0.5597642660140991,0.22509920597076416,-0.6050256624667508,0.48498550057411194,0.2572989761829376,0.09477846625043185,0.11106561085891059,356.4734267613391,0.9474227537684983,0.45665430929781886,6.096433382276817,0.012356123758615107,sehat
0.5620076060295105,0.20520170032978058,-0.21298810964308285,0.62541264295578,0.1767810881137848,-0.9406111209210434,0.5589359402656555,0.3213158845901489,-0.007420352404480832,0.038260770575297115,529.7894549605502,0.8922016298963246,0.27136661374074916,11.396834582097968,0.0015008105441316189,sehat
0.8252706527709961,0.24673670530319214,-1.747569974168188,0.806064248085022,0.27069178223609924,-1.4217306719376042,0.7913540005683899,0.2918122112751007,-1.3281461282305054,0.05845573207863758,732.9883278277049,0.919923692203758,0.22126562724474677,11.70458390687764,0.0035362323633197222,sehat
0.7919520139694214,0.277427613735199,-1.4193677658365111,0.7922348380088806,0.2764139175415039,-1.4031048393055763,0.79854416847229,0.2675442099571228,-1.3915298234505682,0.35844094377862584,390.6028552411101,0.9606880231228744,0.5552415455567777,6.409852663002923,0.12850751852690598,sehat
0.9328303337097168,0.1713632196187973,-3.3589133047772872,0.9283066391944885,0.17475202679634094,-3.171243206470213,0.9367859959602356,0.164311483502388,-3.26450181363327,0.5692999210815043,391.15876066592205,0.899230468633227,0.6961823855969009,5.876484497344143,0.32412552659285415,sehat
0.7516711950302124,0.2954655885696411,-1.2810749029194641,0.7336542010307312,0.3018694519996643,-1.1644521064232074,0.7130125164985657,0.3072293698787689,-1.0170281175857094,0.025039386235040845,881.2190868876736,0.925211430209095,0.13720439356375055,15.141146105004262,0.0006430666540218023,sehat
0.440992146730423,0.232505202293396,0.3604877285433693,0.49017879366874695,0.20563343167304993,-0.17645720993344868,0.37039947509765625,0.2736130952835083,0.4578752488805178,0.01312734040739536,676.0803658805154,0.8890876658740154,0.14862356509777774,12.986117144335816,0.00017459164353178386,sehat
0.6238898038864136,0.3772352933883667,-0.3319861860209981,0.6142107844352722,0.38443806767463684,-0.3095563776419255,0.6168646812438965,0.38511916995048523,-0.33493255289766194,0.3858480794914028,600.436763874398,0.968418891831529,0.5083605710196281,8.771194193413079,0.14892732992680321,sehat
0.38279712200164795,0.23348036408424377,0.6105857031272612,0.44732990860939026,0.23932227492332458,0.06373865690776799,0.42956873774528503,0.337431937456131,0.4643483997975496,0.01789133512899084,491.30745704663013,0.9338668505941428,0.25163775440108227,9.683733909953727,0.00032639881314531095,sehat
0.5430905818939209,0.2154649943113327,-0.8214728836780905,0.5636765956878662,0.23078946769237518,-0.6444813892714372,0.4973118305206299,0.3187110722064972,0.2073490998882112,0.041163400419109424,615.7801914223888,0.9122194602412468,0.2892550569030291,12.221977180642037,0.00172048753226105,sehat
0.7484113574028015,0.2358250916004181,-0.9113209448508913,0.7250322103500366,0.2611995041370392,-0.590926823748095,0.6409858465194702,0.3201605975627899,-0.14458434783585483,0.16237028126725764,731.9150760791554,0.9154340268900244,0.3356026215898577,14.53511313554012,0.026414582039066884,sehat
0.7059447169303894,0.3270561695098877,-1.0701565269469897,0.7003358602523804,0.3284253776073456,-1.057451583614535,0.6945677399635315,0.3264981508255005,-1.0206457508977005,0.020475129552340873,891.4472190490761,0.9365399678466969,0.11370976942889725,18.2175737851119,0.0004305632378503455,sehat
0.4983237683773041,0.23446251451969147,0.2880561274350996,0.529339611530304,0.21891172230243683,0.011947366564070834,0.38246825337409973,0.3079524636268616,0.4757176471235558,0.03147265543542855,444.343026400308,0.9357185703871705,0.24809225632505205,10.781123723362953,0.0010071181617555213,sehat
0.6251862049102783,0.20699310302734375,-0.22886176216422435,0.6733237504959106,0.20355133712291718,-0.9272131777461053,0.6206411719322205,0.32783767580986023,-0.5324328690236568,0.019387814877956013,597.182976341537,0.8962091181291852,0.2169325803074148,12.235967832595628,0.0003840375247894489,sehat
0.38046762347221375,0.25498199462890625,0.8034784856807061,0.36697912216186523,0.2531128525733948,0.9496335749558709,0.34538814425468445,0.25498971343040466,1.2084119070382144,0.013179202987121094,662.5705118662316,0.9205279156585254,0.13623265509069762,13.793882347914847,0.0001772406691634881,sehat
0.7260572910308838,0.3187577724456787,-0.9934633590083368,0.7245253324508667,0.3199504017829895,-0.9820066475488827,0.7267457842826843,0.31700700521469116,-0.9884774714363744,0.2592205106576721,819.3034267584827,0.9385817393755046,0.4462812304779275,11.420142791650386,0.06724136526749265,sehat
0.4728585183620453,0.2100093811750412,0.3045518966935293,0.5430750250816345,0.19777683913707733,-0.49959873478206207,0.4037035405635834,0.21981938183307648,0.8637680560373308,0.015704311084268476,774.5128589685456,0.8488313103982393,0.14877996609229777,14.271666347188264,0.00024986901169751216,sehat
0.4508666396141052,0.29034194350242615,0.4928228786442172,0.4246271550655365,0.27255165576934814,0.6981176694410793,0.4353959858417511,0.27567437291145325,0.7250493505089737,0.017143014867260695,677.1545757606242,0.9327624233267017,0.16822997805851447,12.698114198987748,0.00029717699172329785,sehat
0.4719955027103424,0.2546953558921814,0.4352165773938003,0.5209710597991943,0.23677712678909302,-0.006141696675933817,0.37962791323661804,0.3037952184677124,0.7247642251509837,0.038348485871052496,727.0909081521469,0.9082283181447139,0.20117000445695798,13.660492715995792,0.0015088597857837204,sehat
0.44628244638442993,0.2796044945716858,0.24533063931504956,0.46493715047836304,0.28358542919158936,0.07862036297765417,0.38045334815979004,0.2814083695411682,0.7802773553192017,0.018971994530547927,804.3834444134432,0.920847946820441,0.2011187354775866,13.459876290109,0.00036734232277392726,sehat
0.40753456950187683,0.27877774834632874,0.26138255806761374,0.4424768388271332,0.28755542635917664,0.031176411528357484,0.3030169606208801,0.2578452229499817,1.241833276794907,0.022369543518193535,947.9045604009399,0.9045801794852729,0.13919230790450646,17.711092269857563,0.0005033348282397417,sehat
0.5763281583786011,0.21753734350204468,0.10834473857407602,0.6682298183441162,0.21480952203273773,-0.4707490932092482,0.49684369564056396,0.2698574364185333,0.7864999226051789,0.039230347223563514,526.3920175224374,0.9146758188622627,0.20112594875263864,12.860138375358398,0.0015545656592031315,sehat
0.5083423852920532,0.2732992172241211,0.24211926608991086,0.5267709493637085,0.24809759855270386,-0.45833597027089595,0.4448431134223938,0.30691105127334595,0.4474637782529755,0.01552225979830787,554.7786540876092,0.9255758183582428,0.18305042223891962,11.710530860541452,0.00024485133109217666,sehat
0.5335226655006409,0.2708882987499237,0.0043265136234590905,0.44506746530532837,0.2607026994228363,0.5620526538820824,0.35420674085617065,0.25563016533851624,1.3335465793583279,0.026809105087503254,691.6962604801753,0.9208112952387308,0.20041531637880414,13.866511236268279,0.0007271904687235218,sehat
0.5625888109207153,0.21476812660694122,-0.9292631482921307,0.6110930442810059,0.2239782065153122,-1.20236441236379,0.5553233027458191,0.30221644043922424,-0.2259708913704779,0.04603681386364473,532.8841836603026,0.9184643888930651,0.344162055373955,10.432570786724325,0.00215636828606985,sehat
0.7806680798530579,0.36951759457588196,-1.3946900431289342,0.7734915614128113,0.3702664375305176,-1.344888492355078,0.766869843006134,0.37219423055648804,-1.2989943866955134,0.5344729847189916,855.4147840731807,0.9516873328566477,0.6825798451296508,8.461533801548944,0.28569482274795277,sehat
0.4320474863052368,0.23323459923267365,0.3337652307230345,0.5308969616889954,0.23526731133460999,-0.2494888272273432,0.2559139132499695,0.2018759399652481,1.8537976886264904,0.014002923593468006,646.3906190139779,0.8995981735560994,0.13514868267836136,13.30548592607807,0.00019995254637319383,sehat
0.7411371469497681,0.285972535610199,-0.9597033749704348,0.7706859111785889,0.287349671125412,-1.194287170294627,0.6355377435684204,0.3196161687374115,-0.06683283777301463,0.2996880273425796,572.7710009065432,0.9459280837106679,0.4155829977859278,10.27041513532742,0.08985189021420288,sehat
0.6171500086784363,0.2218838334083557,-0.36159477081542607,0.6389520168304443,0.23125357925891876,-0.49638012540486176,0.5344680547714233,0.3385404944419861,-0.14642623014893918,0.026027705909380933,629.5095325478261,0.9138876610081118,0.23388688653969922,12.516515361656948,0.0006919644257072599,sehat
0.5264780521392822,0.33700039982795715,0.061607216508002875,0.558032751083374,0.3204531669616699,0.028421583220161833,0.4761040508747101,0.3878897726535797,0.15802317521415982,0.04155807133481915,797.465925986861,0.9441320434209907,0.25934580094686904,11.69075347573551,0.0017425543829403358,sehat
0.6907175183296204,0.40945684909820557,-0.7152364873110787,0.6630276441574097,0.4166625738143921,-0.6446032600832781,0.64007568359375,0.4137633740901947,-0.5452303216809823,0.355924017334661,1124.45507403036,0.9495673386035532,0.5175397405026919,11.271700891977831,0.12670579958193662,sehat
0.5503982901573181,0.2028791755437851,-0.4323559900367941,0.5383549332618713,0.20353755354881287,-0.5481067087904047,0.2732274532318115,0.1824338436126709,2.0463646841172216,0.012764955079567826,822.3360939634825,0.8359037229554632,0.0875628081178109,19.005108572689746,0.00016370156753113093,sehat
0.47225770354270935,0.292771577835083,0.28666760847354894,0.48119547963142395,0.2868029475212097,0.2123234272432223,0.44347232580184937,0.2995414137840271,0.4722393830467322,0.015035290965988088,685.1483944557534,0.9365529424332301,0.1794704232357477,12.548528592873128,0.00022941432579548623,sehat
0.6657602190971375,0.2650936543941498,-0.6395819899726466,0.6780120134353638,0.26488348841667175,-0.7601244274653532,0.5686520338058472,0.30092695355415344,0.07584742686252258,0.10729749560014172,867.4057346513968,0.905908074550084,0.2542394727045494,15.287855563122323,0.01152020788833101,sehat
0.6484827399253845,0.26189568638801575,-0.4676716400744884,0.6476308107376099,0.24696382880210876,-0.5499166441844827,0.6155365109443665,0.3090987205505371,-0.2781818504316527,0.02377339888402551,682.9862484563105,0.9190114799219075,0.24150666119241396,11.33092578635072,0.0005745295077667049,sehat
0.38989776372909546,0.20965199172496796,0.645211225911759,0.44047749042510986,0.20921455323696136,0.44328723027322803,0.38400334119796753,0.27284297347068787,0.6590967615493208,0.02018437614583569,498.0329273812675,0.9163605461874362,0.17743537851390678,12.878701689051269,0.00041836678646160053,sehat
0.41534873843193054,0.24021248519420624,-0.028445153686993397,0.4907107949256897,0.26721295714378357,-0.3698872678074361,0.3533707559108734,0.2124788910150528,0.7045997657032138,0.013186145944195904,680.1017623469323,0.915836833536635,0.13000220677666957,14.709423804019801,0.00017594989714221228,sehat
0.4989182651042938,0.30551254749298096,0.33665784066926796,0.49754542112350464,0.30697551369667053,0.3183659978688771,0.43496060371398926,0.3043553829193115,0.8952781071904962,0.08555150609112537,675.1712580789429,0.9439974476414162,0.23606927717431211,11.992068348561597,0.007330052742221138,sehat
0.5756327509880066,0.29884210228919983,-0.24083775286101097,0.6196866631507874,0.30062347650527954,-0.5494991602017654,0.5251190066337585,0.3504612445831299,0.21461231285214924,0.06010901007272959,953.8724046837092,0.9190523506344941,0.2308728063448778,15.361121056331354,0.003627698356149203,sehat
0.47759467363357544,0.245634526014328,0.19064907359419533,0.47335830330848694,0.24228909611701965,0.11030815661732375,0.36123770475387573,0.23522810637950897,1.252635243317655,0.02147632991319057,560.8840977739839,0.9250191511801075,0.1939298792205857,11.872027872128179,0.0004651104599451339,sehat
0.667037308216095,0.2758670449256897,-0.6628497849208832,0.6733106374740601,0.26899805665016174,-0.8055337223200355,0.6385263204574585,0.3354315459728241,-0.5913726192576744,0.030973618845154538,461.9116535620217,0.9534272111089804,0.3232700237066833,8.255929549041747,0.0009866880130227436,sehat
0.8374468088150024,0.27020812034606934,-1.5772192738203281,0.8299777507781982,0.27418965101242065,-1.4605784131196504,0.8240082859992981,0.276924192905426,-1.3659248207783756,0.5524406877720669,467.7066194012013,0.9520968676520948,0.6493696057641453,6.730663286552307,0.3052262063444508,sehat
0.516509473323822,0.24742154777050018,0.5009571589384487,0.5138195157051086,0.247213676571846,0.42643741025132015,0.3992697298526764,0.2901807129383087,0.9302811888719589,0.05781510859653155,415.256670582608,0.9487795484448646,0.2794731095780641,9.942899975060334,0.003366347253052716,sehat
0.3784750699996948,0.25645098090171814,0.7387448383060262,0.4197011888027191,0.26668328046798706,0.2976509263868463,0.2761177122592926,0.25231221318244934,1.764152903707202,0.02959604287281727,625.0448441233647,0.926846606261205,0.17545899876054968,13.566102504580138,0.0008838568407657656,sehat
0.39397045969963074,0.27780309319496155,0.3313523218856608,0.5068422555923462,0.3206610679626465,0.03180004845966236,0.43776562809944153,0.3298013508319855,0.28643779188400664,0.035586616246167185,701.0022466113055,0.9420270718160572,0.255981907098987,13.258095505536778,0.0012756134774017105,sehat
0.7608653903007507,0.3505370616912842,-1.23636813161699,0.75953608751297,0.3460521697998047,-1.1774569910490222,0.7551020979881287,0.3474194407463074,-1.1256666327460645,0.4493865837732836,619.4310428671884,0.9606779425440748,0.6023352106202268,7.244379394136268,0.20198705916342652,sehat
0.7745673656463623,0.3709932565689087,-1.2367001638328365,0.7725054621696472,0.3705143332481384,-1.2211269372236806,0.7712364196777344,0.35037654638290405,-1.1388113677796672,0.5559401637359017,699.4006375160674,0.9601616519320215,0.78519813661533,6.0088148803667565,0.30909378984140695,sehat
0.4248785972595215,0.18197165429592133,1.682804180300773,0.4682222604751587,0.17734333872795105,0.8244048146170772,0.25769418478012085,0.21417398750782013,2.017500193629883,0.013411662227666293,840.4438995197861,0.800414100443806,0.06483268347393022,19.309325731099495,0.00018040906304872504,sehat
0.422651469707489,0.24263054132461548,0.15912496245697144,0.4462142884731293,0.23730966448783875,-0.12782854064340468,0.4232092797756195,0.25172585248947144,0.2918990538904489,0.02996112269502085,771.9505158694251,0.8913682772705819,0.24084608590543022,13.601573606117542,0.0009081275877041295,sehat
0.6277215480804443,0.26136845350265503,-0.7774671991556203,0.6363089084625244,0.2782365381717682,-0.6956985741180666,0.5062156915664673,0.29079362750053406,0.36793459269062445,0.017449153449040123,556.4759921337925,0.9410198179602385,0.19765087524652566,11.618051136942045,0.00031013245468422285,sehat
0.4850754737854004,0.29431959986686707,0.08111474526316273,0.43995147943496704,0.2707463800907135,0.283889453617735,0.3489273488521576,0.23110486567020416,0.8489567473156879,0.012911324707494736,980.238139695973,0.8972496546021596,0.14154933745878487,16.465767499444635,0.00016912693242801134,sehat
0.2733572721481323,0.15502144396305084,1.7441205321597193,0.35526415705680847,0.15533088147640228,0.4473259837339964,0.20097436010837555,0.14405104517936707,2.655083289438324,0.01732612446145325,400.4410350368101,0.8611712456209752,0.13638750598934285,10.66134012673792,0.00030239074857921715,sehat
0.7201250791549683,0.3145991265773773,-1.0097552894597273,0.7262247204780579,0.3069475591182709,-1.0186392758885432,0.7234939336776733,0.3064878582954407,-0.9658506918175458,0.3471916395801607,1058.472575251394,0.9151267025212974,0.4452991862630391,13.144020248757057,0.120583660552807,sehat
0.5351596474647522,0.2049942910671234,-0.4078964212253724,0.5802017450332642,0.24110335111618042,-0.8430967180001073,0.27896788716316223,0.19041259586811066,1.8069447266462784,0.01383792997905861,730.1593546685868,0.8744941953878668,0.10643283442069675,15.748226347370354,0.0001933770530537824,sehat
0.32565492391586304,0.17886580526828766,1.2173793902719916,0.38360467553138733,0.18492068350315094,0.4851763851001464,0.2240058034658432,0.15741845965385437,2.4792784823880365,0.01302640762750377,754.4284394799321,0.810740557874786,0.09930919419404266,15.78227043320434,0.0001709597743665536,sehat
0.8286699056625366,0.2808530926704407,-1.997294383189136,0.8202381134033203,0.2863990068435669,-1.9112362713465822,0.808433473110199,0.2947733998298645,-1.7947676279502842,0.04481389835046675,614.3996651114497,0.9424522487013207,0.21458811005974843,9.9799673659051,0.0020458315250711594,sehat
0.4780946373939514,0.2326250970363617,-0.27871592683250707,0.5536864399909973,0.2570193111896515,-0.6357827015020006,0.3287513852119446,0.19519849121570587,1.1383921102771724,0.014071720420447131,594.416559833763,0.917565670616506,0.13125715968540905,13.137051649622675,0.00020015718629888484,sehat
0.5448693037033081,0.22651004791259766,-0.5982448754217793,0.6290993094444275,0.22946268320083618,-1.4039278674631759,0.6999145150184631,0.26201510429382324,-1.469079481712901,0.04110260930114543,430.964720148287,0.9355936176984535,0.39834471558490514,7.572487286137441,0.001730482063728293,sehat
0.6657443642616272,0.2308337539434433,-0.41124998860089396,0.6935597658157349,0.23745378851890564,-0.5632841543363021,0.5838092565536499,0.32224708795547485,0.044316249460999234,0.03079324990608552,704.9595554996735,0.9063826761363328,0.190657053474907,13.666045252601018,0.0009581063538014645,sehat
0.3858349919319153,0.24770213663578033,1.0885000642086333,0.47859296202659607,0.22571860253810883,0.35341951461665894,0.30965185165405273,0.29611504077911377,1.0214614030605669,0.027569725664258873,940.6151946608848,0.8696624929325775,0.15270322547388843,15.944778485799874,0.0007659739061375582,sehat
0.5395324230194092,0.33016642928123474,0.1709631366791724,0.5220153331756592,0.33196499943733215,0.2575761452699058,0.4851817488670349,0.34053874015808105,0.4355493793540482,0.2098520068183999,580.8951746380613,0.9590538381215912,0.3836828899825988,10.190908579140766,0.04407227050096258,sehat
0.6152212619781494,0.22792017459869385,-0.4466197832398303,0.61910080909729,0.22758275270462036,-0.5194589843962294,0.5509395599365234,0.2854170501232147,0.04686285171360392,0.024289178520028765,518.1212493458495,0.9264078110100303,0.2388313642128286,10.36859288455044,0.0006006127685078492,sehat
0.31847867369651794,0.11555562168359756,0.36544934707285154,0.27229800820350647,0.11305917054414749,0.9309574455659293,0.17068836092948914,0.1137927770614624,2.0529802154718997,0.0225405954548025,377.4031152178042,0.7702006911213752,0.16128705442588892,10.544329718556964,0.0005153349631736157,sehat
0.37286826968193054,0.21276897192001343,0.09282147924485144,0.43459439277648926,0.24212497472763062,-0.2970228389460807,0.24258741736412048,0.1721949428319931,1.5571676831354915,0.014512712719000358,741.3141755250917,0.8822081860986013,0.13380969868888618,15.292643939647192,0.00021367360989233105,sehat
0.4166519045829773,0.25528088212013245,-0.010974496834598762,0.5400935411453247,0.2921079993247986,-0.665161434366559,0.3420563042163849,0.2440863698720932,0.7378217068434231,0.016122725871046326,924.322829866147,0.9020154459680456,0.150001301088568,15.772597982474805,0.00026285847555822906,sehat
0.24138393998146057,0.2972707748413086,0.9842164178292936,0.2264113426208496,0.28061074018478394,1.0943353595957874,0.19511975347995758,0.24972078204154968,1.3267586913759697,0.3624587484403397,552.4587406484115,0.9465859563008259,0.5023568359665127,8.61974651066667,0.1314061901331173,sehat
0.469035267829895,0.2656508982181549,0.30707232406786056,0.49696794152259827,0.28401196002960205,0.07405260491035551,0.3498378098011017,0.2778203785419464,1.1008184201354816,0.012936878185482377,955.2247567295504,0.9023297270154855,0.1271271706495667,18.064127182100023,0.00016952369473936755,sehat
0.5244778394699097,0.2546921372413635,-0.7006808980194401,0.49782752990722656,0.25594452023506165,-0.44103983764860255,0.40123218297958374,0.2607271671295166,0.4251271966940765,0.047391584924071826,602.3289577627148,0.9255329605028368,0.19928306288027323,12.982928075387443,0.0022949352357829306,sehat
0.5154070854187012,0.28730133175849915,0.1458959560736403,0.5956161022186279,0.26952433586120605,-0.3012259495700313,0.42185619473457336,0.342390239238739,0.5577533347977378,0.02341437369776597,835.1990020113266,0.917640562643547,0.1814213912309501,14.571047353472556,0.0005564032373872058,sehat
0.5006977319717407,0.35668498277664185,0.15633671014788017,0.5401040315628052,0.34300753474235535,0.16650805056278836,0.4685249328613281,0.3697240650653839,0.5033209349524671,0.05533452435099103,536.2132406070627,0.9659426271991861,0.2483957983325806,12.874115886849204,0.003101446804362564,sehat
0.3805609941482544,0.3041090667247772,0.6899643719061569,0.399798721075058,0.29921627044677734,0.5264527745201746,0.35813242197036743,0.2955065369606018,0.8556945324166266,0.015619581817198266,985.8779334226332,0.9153476046485922,0.16827502651860007,15.27844502192112,0.00024866689195507965,sehat
0.43239521980285645,0.18985973298549652,-0.26245972338663615,0.5205377340316772,0.22568859159946442,-0.7450281496785611,0.3057301938533783,0.16293467581272125,0.8094946851987568,0.015167409962355162,730.0551782230772,0.8636675866282593,0.12609653476639607,15.630452790442199,0.00023185541336558525,sehat
0.8197729587554932,0.2833825945854187,-1.8889987071166134,0.7946509122848511,0.28921934962272644,-1.6883295175998692,0.7776590585708618,0.2968628406524658,-1.5405206433457437,0.46569367186665994,822.6287679092729,0.9240797097143134,0.5654118858895184,9.862166352344273,0.2169051597610133,sehat
0.43691879510879517,0.25743579864501953,0.5883965704425442,0.49121469259262085,0.24437090754508972,-0.08189094158394357,0.5559827089309692,0.251371294260025,-0.7682630970781029,0.043659172624667286,430.5491221187859,0.9450770934522597,0.4459203613166041,7.053990977099065,0.0019345793786681997,sehat
0.4671236276626587,0.2548193037509918,-0.09884479857823918,0.4263947010040283,0.23517602682113647,0.11559878856986243,0.378094345331192,0.20697836577892303,0.4488245023099621,0.015510974822206541,635.4860140177251,0.9126611454125588,0.13685345124857282,14.091740671055403,0.00024290720354603918,sehat
0.3690558671951294,0.1466030478477478,-0.13490864593138782,0.5062085390090942,0.19150187075138092,-0.6220466249244098,0.38574397563934326,0.1310502290725708,0.08360348962643252,0.01710204385457004,264.2925611950074,0.9268078485818821,0.14006011824014256,9.604706998261411,0.00029556679090457884,sehat
0.514715313911438,0.17415261268615723,0.11707786465535597,0.5640400052070618,0.16930529475212097,-0.39643680809729587,0.27666184306144714,0.3094280958175659,0.8361235683920816,0.06844658423691778,433.68201018511394,0.8951148446465261,0.2580368327730274,10.715653683522875,0.004701803358695927,sehat
0.5685009956359863,0.19450397789478302,0.5215830855154023,0.5708534121513367,0.20541973412036896,0.007755058294230374,0.4858377277851105,0.30220600962638855,0.15096638938572235,0.02061846635881953,430.7022469808491,0.9200894515514388,0.21978275404567846,10.786497601021312,0.00043357319331743067,sehat
0.5040897130966187,0.2415209412574768,0.43195847592817493,0.5377522110939026,0.23257793486118317,-0.20999363604839077,0.4811927080154419,0.29337963461875916,0.12019416180050228,0.019963268099889016,468.279255129736,0.936545862068963,0.22677853335217216,10.039611896446475,0.0004043785849227779,sehat
0.7502000331878662,0.23420046269893646,-0.8258616049608067,0.7098942995071411,0.2466796636581421,-0.5136541905819438,0.6709170341491699,0.2665497362613678,-0.20847659595408383,0.17843397244851658,595.2325521747239,0.9233020706089433,0.33511483285572335,11.587057209113768,0.03190308361998052,sehat
0.4479113519191742,0.28829121589660645,0.24614998944321417,0.43074727058410645,0.2852054238319397,0.3997913626966066,0.387496680021286,0.2891625165939331,0.6867713770326644,0.024969940777029968,761.894629803406,0.927484858020399,0.1812042489639554,14.063216360946333,0.0006261071590772067,sehat
0.39116930961608887,0.2516622841358185,1.0748990157051328,0.45247262716293335,0.22534768283367157,0.5274272001148204,0.28911638259887695,0.22653047740459442,1.4532768195372483,0.018801469749923222,568.1351113260305,0.9185015055287699,0.15150697089772905,12.110532403819297,0.0003571685067802636,sehat
0.5420162677764893,0.27517208456993103,-0.09260839318921439,0.5045843720436096,0.260156512260437,-0.04197353241768678,0.4678913950920105,0.22702911496162415,0.12795753823392456,0.01449056520259151,428.54548326681544,0.9513845410560521,0.15936935110525371,11.216583551747433,0.0002139006137897514,sehat
0.39311307668685913,0.24635663628578186,1.0626735028676886,0.39615678787231445,0.25214654207229614,1.0902212518932335,0.395713746547699,0.25358444452285767,1.1633471886178954,0.016387454700089187,782.9881158551246,0.9041901850136743,0.1512184533306857,14.2679387190815,0.00027400503747620575,sehat
0.5001879334449768,0.1799362301826477,0.19967181073512394,0.47353288531303406,0.19762493669986725,0.43673469065047865,0.3295455873012543,0.28454485535621643,0.94890725682608,0.012238266242560539,548.4981786823718,0.8918993867919238,0.10852326138826823,14.601920828171346,0.0001514241249835661,sehat
0.5219363570213318,0.24394044280052185,0.233390961552562,0.5227503180503845,0.226388618350029,-0.03550936883975714,0.32347729802131653,0.22378098964691162,1.318966141977896,0.009824658957736024,855.3690964534784,0.8624709746929016,0.08268545196818841,18.722071359705513,9.778041238406764e-05,sehat
0.5291213393211365,0.2730202078819275,-0.3051852056005531,0.5411577224731445,0.2835102677345276,-0.38595389680509395,0.37312784790992737,0.3426591753959656,0.7745141659847026,0.041652918782092145,836.26416550231,0.9176297888938597,0.2328247946043027,15.239794788331011,0.0017542925565406356,sehat
0.5033664703369141,0.2595483362674713,0.0698760590184283,0.5205516815185547,0.258867084980011,0.04217409896491521,0.5332366228103638,0.25380492210388184,0.04707574648427564,0.013218702364131354,689.6191909926902,0.920611788862881,0.1689558348917425,13.350225189882977,0.0001783681087084245,sehat
0.47145819664001465,0.3080560863018036,0.2542240504081822,0.47931647300720215,0.30064794421195984,0.35454516574573525,0.49129441380500793,0.28702181577682495,0.4210384295018724,0.017659840719079434,708.225264001504,0.9396942011660675,0.18354084829097358,13.181649529250068,0.0003173496764946468,sehat
0.3933623433113098,0.2807857394218445,0.6583926922187123,0.37941882014274597,0.2666564881801605,0.6119501479822234,0.388331800699234,0.2523905634880066,0.9184846025899963,0.013001764850525238,1056.2921607521973,0.8874851912711422,0.1349023438257824,17.27664308499498,0.0001716786259936507,sehat
0.4721405506134033,0.19548793137073517,0.3125956959923836,0.4381375312805176,0.2080680876970291,0.5152754233841875,0.4006982743740082,0.2194763422012329,0.6414570237108622,0.015560098547945524,668.595158037498,0.8780857017803031,0.14480228646051016,14.26856149505448,0.00024590092476266826,sehat
0.6190871000289917,0.15132763981819153,-0.4425705256615051,0.49506548047065735,0.162148579955101,-0.04742141320538949,0.40901854634284973,0.16849392652511597,0.06304747900635424,0.012396664051605605,564.9408193365241,0.8208857271319525,0.10171724206842143,15.58462910446129,0.00015462553038222222,sehat
0.6099503040313721,0.157948300242424,-0.946460515670565,0.5695244669914246,0.16200943291187286,-0.4267510162361849,0.5765654444694519,0.16714799404144287,-0.30353203552026553,0.015951995104306897,314.3550120976601,0.9047729031607296,0.13981331240321088,10.71952730662538,0.00025611542477998653,sehat
0.506607174873352,0.23758798837661743,0.17680281765094985,0.45558416843414307,0.21226714551448822,0.2716654659927144,0.37268874049186707,0.18352913856506348,0.5271565112858152,0.009351447347624641,1163.084475263444,0.803808051316324,0.08347530255341597,21.910118163206278,8.797586777101628e-05,sehat
0.656617283821106,0.1710236817598343,-0.3082726701606138,0.6276572942733765,0.20496748387813568,-0.04195167691052451,0.6144089698791504,0.21225111186504364,-0.015471568754933567,0.018556111421336126,410.0278780826034,0.9157575466054357,0.16655008569645835,11.73157376815628,0.00034776681424351203,sehat
0.3633149266242981,0.19285167753696442,1.607057432854113,0.37809306383132935,0.19667239487171173,1.500146529808887,0.36627626419067383,0.1956784427165985,1.2640783214161975,0.026205413928181903,247.5749191481177,0.9490404540081085,0.20311256257862345,8.400651107468512,0.0006901440891460849,sehat
0.5773729085922241,0.18962973356246948,-0.3959554667496376,0.5203650593757629,0.1777937412261963,-0.32964403486093663,0.4098164439201355,0.16418662667274475,0.3522593617230739,0.010823396460632293,735.5985476463193,0.8142379043090334,0.08235454363326808,18.992962414859182,0.00011752831891069985,sehat
0.3635845184326172,0.1771867275238037,1.006132314445529,0.35758650302886963,0.1639436036348343,1.3883653389305073,0.32703399658203125,0.15073497593402863,1.7420616971939473,0.016507330054972475,418.6063859564745,0.8786799530187898,0.17029204177434323,12.342277991989306,0.0002743606778474584,sehat
0.35058242082595825,0.1778327077627182,1.2333653809299763,0.31463971734046936,0.1844029426574707,1.5136961388211758,0.3054655194282532,0.1798280030488968,1.5738276271063223,0.01246543694093352,691.2304973098194,0.8341707702615399,0.08548040721607846,17.5309828016848,0.00015613260993026178,sehat
0.6594932079315186,0.23359079658985138,-0.7184267633944613,0.5953119397163391,0.22794827818870544,-0.494114737491947,0.5529122352600098,0.2351772040128708,-0.09063908050352268,0.016130786905621974,586.2993564721454,0.9144142186977486,0.18861104494614814,11.923852893954523,0.00026481438662089815,sehat
0.5179864168167114,0.18478652834892273,0.33825175521501044,0.49414926767349243,0.17842090129852295,0.351899594583205,0.4615437388420105,0.17573975026607513,0.39797277472511455,0.011046031897494979,540.9557516586201,0.8667920486855413,0.09184370373145795,15.564283051472065,0.00012284688298004094,sehat
0.47425156831741333,0.2097654491662979,-0.10460619561848812,0.46799135208129883,0.21026965975761414,0.12292404569912051,0.44822484254837036,0.20282070338726044,0.5176904367554512,0.011137913076042174,880.7342532772083,0.8428262949136344,0.10533698541152052,17.317131454627127,0.00012474362877511858,sehat
0.468270480632782,0.186197429895401,0.4179040390130581,0.437692791223526,0.1891845166683197,0.5485221651096617,0.39395904541015625,0.1894291490316391,0.6064828924561902,0.011644055179623474,662.5955318894274,0.8542236441350047,0.10416845266688389,15.520031320728465,0.00013691040110321582,sehat
0.6195457577705383,0.2756772041320801,-0.7967557925569503,0.6413916349411011,0.2781931459903717,-0.8300991003711371,0.5466809272766113,0.32896187901496887,0.03498999550160337,0.035965573430454215,1099.89738444123,0.8890514112311411,0.22726943745896575,18.03371783794145,0.0013042169758205628,sehat
0.780460774898529,0.2223198562860489,-1.6675764865478653,0.7491617798805237,0.2389567792415619,-1.3642299775318,0.733845591545105,0.2525266408920288,-1.053802484012686,0.03770902383446913,522.8905067241457,0.9262375397567463,0.26285397959368656,10.536967045637168,0.0014486935226976185,sehat
0.40055108070373535,0.22692371904850006,-0.19167473816466085,0.3757885694503784,0.20815296471118927,-0.01573760461876864,0.3446200489997864,0.19469326734542847,0.3298714190140469,0.011729866455082663,961.0482075926711,0.8327281147306919,0.1198109043529796,17.884882714215816,0.00014207309216707838,sehat
0.452428936958313,0.26013731956481934,0.04440254037673062,0.4490697681903839,0.2630842924118042,-0.07152419843464093,0.3139667809009552,0.2114606350660324,0.48847134844872886,0.060969625533284666,635.6718556825844,0.9186133668096885,0.16333691978374418,15.110376712454217,0.0037230276303515247,sehat
0.47580352425575256,0.1882956176996231,-0.28277055120429834,0.397621214389801,0.1910732388496399,0.1057316345983768,0.30084118247032166,0.1803223192691803,1.1512409680015112,0.015140192918509529,731.6675714984973,0.82335573738996,0.13094095439163755,16.575580976147545,0.00023153771488469664,sehat
0.3588545024394989,0.14494206011295319,0.6974013478815067,0.30010849237442017,0.15760140120983124,0.5259919960861997,0.1830987185239792,0.17399142682552338,1.4776263222413961,0.020123719164235523,320.3229898081476,0.892275112964999,0.20288436484187802,9.082283696391547,0.00041230757734466486,sehat
0.44028744101524353,0.23793776333332062,0.10347852776967605,0.48584821820259094,0.25613632798194885,-0.09663983527027523,0.32231390476226807,0.29510697722435,0.942297399029826,0.012308151591959452,747.8263824350333,0.9066982056571987,0.12621828710692704,16.311521265121893,0.00015409947612989876,sehat
0.43424466252326965,0.2533428370952606,-0.06195751896444627,0.3683636486530304,0.22513213753700256,0.2094022444287334,0.3043411374092102,0.20129258930683136,0.7605626280139375,0.013680441694003032,526.6260488739323,0.9229127032045338,0.14672962291951971,13.686908760296804,0.00019294879672756974,sehat
0.42430663108825684,0.24620580673217773,0.44400527069736295,0.4043732285499573,0.2648528218269348,0.6855416566609593,0.3267214298248291,0.24748611450195312,1.2054901466094168,0.017952163249030227,514.6016983051436,0.9379611175216215,0.1718702025729856,12.685556608278953,0.00033135686317891446,sehat
0.41946905851364136,0.19747337698936462,-0.11962373604427551,0.505459189414978,0.20546402037143707,-0.3612771985266455,0.5174451470375061,0.300527960062027,-0.16840668413308454,0.0195741979783472,389.8860319004039,0.9270043293895925,0.24317745351040565,10.359135042295962,0.00039568302997065955,sehat
0.5929913520812988,0.16516713798046112,0.3813124292225383,0.6266882419586182,0.17384536564350128,-0.6649827403537573,0.5986567735671997,0.3371693193912506,0.011443707441214522,0.07638110937359746,515.9682011224069,0.8513500256138986,0.32791568849587227,11.594806594242442,0.005864484895652619,sehat
0.5284329652786255,0.20747697353363037,-0.11697398952034647,0.6339516639709473,0.24887686967849731,-0.8997408259346279,0.6302549839019775,0.3530673384666443,-0.4258691324733811,0.0315517650472854,829.0407469510291,0.8851007376272699,0.3291145474813639,12.026978708035534,0.0010124856624459087,sehat
0.6740137338638306,0.26933935284614563,-0.5809468710874122,0.6335933804512024,0.278174489736557,-0.44518019205283194,0.44520488381385803,0.23618510365486145,0.29935983002019584,0.040423116990125484,554.4975266802487,0.9404942012091245,0.3444936187993848,9.416419025222448,0.0016573607008962838,sehat
0.6609532833099365,0.22231784462928772,-0.5037021780902659,0.6608755588531494,0.2553268074989319,-0.3390380389550998,0.5102683901786804,0.3261696696281433,0.6182270058041548,0.09805985599753991,383.36244888683933,0.9513789440312013,0.28634593296434807,10.684357168725553,0.009672345148006955,sehat
0.5734579563140869,0.26261869072914124,-0.07609791748139334,0.5584366917610168,0.25137633085250854,-0.1495460678710116,0.4032254219055176,0.2759789824485779,0.7747375915922105,0.05258918209435678,676.2693975783692,0.9168662178582127,0.16565592628152728,15.803962027041202,0.002770315889097936,sehat
0.46303313970565796,0.2548101842403412,0.7433461853581882,0.5474638938903809,0.2748638689517975,-0.01249283900691311,0.413430780172348,0.2503395080566406,1.258014284406785,0.0764802246918856,550.1777449769016,0.9378130041652882,0.18897026746976278,13.857162220397939,0.005853898450621737,sehat
0.4207513928413391,0.22756265103816986,0.28053788512725575,0.4108818769454956,0.2255915254354477,0.36814715418457905,0.3899342119693756,0.21720010042190552,0.5167799864921406,0.012586879879685361,439.11115131626167,0.9328280558972676,0.15227534794510314,11.874518113034618,0.00016442823521720833,sehat
0.3808645009994507,0.1961272954940796,0.14815661366613234,0.4439510107040405,0.22496414184570312,0.13118657294433722,0.4155668020248413,0.2915476858615875,0.2787269000875125,0.037430527236992216,208.63101651795068,0.9676038376902342,0.3884594462402626,6.277440871680315,0.0014275412164079383,sehat
0.5307722687721252,0.299938440322876,-0.06207299284191967,0.5767092704772949,0.28997373580932617,-0.18935739160594783,0.47104111313819885,0.30995145440101624,0.4300919398153506,0.039642133020657735,1008.8895513363028,0.9092944580863943,0.14892189635779968,17.534917505550116,0.0015732909449284566,sehat
0.5733553171157837,0.2699398994445801,-0.6240136583500442,0.5663731098175049,0.29899558424949646,-0.3879196435515387,0.5601656436920166,0.334748238325119,-0.10025546342598926,0.03874439306399553,780.2322895058757,0.9295197590674195,0.28488912415508694,14.365757014058403,0.0015565525524183898,sehat
0.5339627265930176,0.17600682377815247,-0.7137969843671165,0.4818856716156006,0.17942628264427185,-0.12073987008707135,0.45135992765426636,0.21230632066726685,0.39534927401627296,0.02268665841932351,520.6903053789559,0.872072845638764,0.19577476117834822,13.437846018555414,0.0005226084454099616,sehat
0.4640641212463379,0.20796647667884827,-0.7849590421989052,0.47496721148490906,0.21077336370944977,-0.8402272839131213,0.3504742383956909,0.17291277647018433,0.40523437118887695,0.021190466638548403,691.0445343049532,0.8711337594546641,0.16128344615199675,14.171503937226213,0.00045707192801981776,sehat
0.498771071434021,0.20399966835975647,0.3174041534210441,0.5160071849822998,0.20713211596012115,0.26962390107547235,0.48352208733558655,0.2190290242433548,0.4522075769088704,0.01415504062881773,603.5249336293449,0.8883397953378872,0.1457343357693006,14.941462826478665,0.00020668569328631143,sehat
0.6615705490112305,0.24452215433120728,-0.5494423947600325,0.5411605834960938,0.2673202455043793,-0.023328228107679372,0.4228130877017975,0.28088149428367615,0.667267270642109,0.048277631810582644,666.6692401790009,0.9220697483201804,0.17160317955307455,15.89235876189725,0.0023375049524762027,sehat
0.5339072346687317,0.23138107359409332,-0.06402503155532206,0.5095399618148804,0.20803877711296082,0.041835165234048434,0.5069449543952942,0.21219013631343842,0.32509661629437087,0.021043236710553217,455.7249759874132,0.9237412019577418,0.21418004131854654,11.416836766870196,0.00045039230692678063,sehat
0.5346459150314331,0.21491265296936035,-0.4257430445491296,0.5986142754554749,0.2572556138038635,-0.2646414436646154,0.5017210841178894,0.32431191205978394,0.5944018475558751,0.03892390448289341,676.247197793081,0.9149231895459219,0.23466058724700853,15.409316024719542,0.0015511047687149573,sehat
0.39124608039855957,0.2291584610939026,0.3548718187511704,0.5141178965568542,0.2222488522529602,-0.7817228477779707,0.5765801072120667,0.2892995774745941,-0.7060018202834654,0.02920028740543029,612.5319040977623,0.9027010910005399,0.2715715016491748,10.403069849368041,0.0008646009575576263,sehat
0.46352052688598633,0.2795904278755188,0.0054554604377808884,0.44983771443367004,0.24183039367198944,-0.012633662913962845,0.32145369052886963,0.21062876284122467,1.225753663575782,0.06723586624844642,546.8676213259652,0.9272390300376513,0.1986677230268761,14.113244631108016,0.004526328021233871,sehat
0.5053133964538574,0.3045126497745514,0.07885277973190084,0.47512444853782654,0.29000774025917053,0.19894101972112793,0.41697126626968384,0.2653988003730774,0.5007935476453206,0.01819637589699526,1294.6282545250647,0.881935612137533,0.10654884813852478,20.706850731319268,0.0003378225762770586,sehat
0.5825400948524475,0.2925764322280884,-0.4789795712394533,0.6462114453315735,0.2536756694316864,-0.8256653552560334,0.5555058717727661,0.3144511878490448,-0.006604862435594354,0.0415641025181302,1051.8488619553739,0.8759132072346333,0.19032445890230631,17.95700683273898,0.001737791547223439,sehat
0.4045717418193817,0.24788692593574524,0.12856580119461591,0.4188528060913086,0.26960283517837524,0.019865590936479716,0.4526461362838745,0.2953968942165375,-0.029992687689554917,0.021082027134816207,582.5536280144946,0.9367489036915068,0.3113463205623705,9.608305189418482,0.0004544243394544033,sehat
0.5508911609649658,0.22194914519786835,0.002943648459182937,0.4761534035205841,0.2140974998474121,0.19603081260211475,0.3767302930355072,0.22550486028194427,0.4329316136004197,0.011886050139684327,430.69162670580687,0.9290553821235581,0.1279337611786436,12.631804863724403,0.00014445590937979698,sehat
0.5097888708114624,0.12794817984104156,-0.7295751780083738,0.5355484485626221,0.1392563432455063,-0.9409118201328777,0.5377214550971985,0.22924785315990448,0.20888101789898336,0.05186489096101466,264.89526451425326,0.8815092416046882,0.30083096422177164,9.486987002725625,0.0027449655570684194,sehat
0.5560863018035889,0.32431286573410034,-0.5292649486768327,0.4388647973537445,0.2675214409828186,-0.35905216912506915,0.2956058084964752,0.20241928100585938,-0.059633364683878205,0.043853290196314405,906.5711175585026,0.907026715067266,0.13814768418691362,18.398957951528946,0.0019348608042367417,sehat
0.6234490871429443,0.20842701196670532,-0.5701662303581403,0.6747600436210632,0.1971358209848404,-1.1011208692425327,0.33590441942214966,0.32473140954971313,0.9006379423352034,0.024795556598308222,449.4667283322829,0.9145676167031264,0.19518460174056615,11.65472036783762,0.0006266691110201986,sehat
0.5083513259887695,0.24932435154914856,0.13676212568850996,0.5598536133766174,0.254488468170166,-0.12807511422417017,0.40110552310943604,0.274688720703125,1.0329724475116127,0.023189602659498182,442.2657565999173,0.9459251958373888,0.15842762410497782,12.575666546672702,0.0005474825577529123,sehat
0.46840792894363403,0.2956430912017822,0.15249027886627559,0.38451671600341797,0.259473979473114,0.4625731619931875,0.3577241897583008,0.25045305490493774,0.6151865633588731,0.02474617762352055,301.850052101829,0.9673138956653808,0.23615093540522955,8.877154653825096,0.0006274969867669069,sehat
0.904485821723938,0.22482307255268097,-2.5591036042188837,0.9045679569244385,0.22311469912528992,-2.537173702495122,0.9013187885284424,0.22780708968639374,-2.501373764142525,0.5670319770273701,1217.6279831183792,0.8151463931210451,0.6367100823075839,12.282616898962052,0.32162680922752324,sehat
0.7184388041496277,0.3182491362094879,-0.5761588360754377,0.7032698392868042,0.31419384479522705,-0.5969769598524561,0.6290902495384216,0.37118950486183167,-0.3314104314666248,0.48595056640222783,384.81837243210197,0.9711989505374125,0.5687468370836131,7.010901330015796,0.23615196442788436,sehat
0.5494462251663208,0.2550397515296936,-0.4485042718024178,0.5528382062911987,0.24646277725696564,-0.6281977924862654,0.44792822003364563,0.2536454498767853,0.2121145453835419,0.08163760607622066,384.58443156233716,0.9509725666775047,0.41352305282136,7.2005237370734,0.006682552573685216,sehat
0.3099823594093323,0.302796334028244,0.8175135240507234,0.29520857334136963,0.30723679065704346,0.8739101562299877,0.27409493923187256,0.3085726499557495,1.02110161195423,0.06595618020254636,1040.3535773345704,0.9143019500478737,0.2143932129320257,16.691836679394324,0.004361244012697281,sehat
0.5161309242248535,0.2701883018016815,-0.080150362501458,0.42547932267189026,0.235270693898201,0.22549489588103044,0.28789570927619934,0.19137760996818542,1.033089587613945,0.01143531254777694,1340.566188004939,0.8158893156214114,0.09611143703067891,23.981225517758855,0.00013377853215400918,sehat
0.5411668419837952,0.22484144568443298,0.33876346507007227,0.46049195528030396,0.22122889757156372,0.42308961010727264,0.32784977555274963,0.24998034536838531,0.9876491320355106,0.009204403477722842,939.4463463973954,0.851636539881718,0.07372631703901882,20.83032025114517,8.555645138280393e-05,sehat
0.5075806975364685,0.26386669278144836,0.15370041237430698,0.5377180576324463,0.2776021957397461,0.004582027275838238,0.5304407477378845,0.2890735864639282,0.2660831948569221,0.019332193517120896,317.78050805554784,0.9673048236826957,0.23931754193255425,8.471507521898065,0.00038167107234938206,sehat
0.6312870979309082,0.2188657969236374,-0.3987270030432678,0.7084949612617493,0.20405994355678558,-0.8947224703011097,0.5991180539131165,0.24064227938652039,0.24706510101218784,0.0248632798740373,627.0982868023826,0.8842576691496514,0.23343773787058927,13.184336196561185,0.0006285513877120999,sehat
0.4030531048774719,0.28005340695381165,0.4636948556806847,0.38776037096977234,0.2921287715435028,0.3579542291192443,0.28349316120147705,0.2729260325431824,1.2018665407721847,0.030688282522167324,550.2348375286405,0.9468696075385581,0.2507177832508406,11.754647869264574,0.0009669001991932134,sehat
0.23907232284545898,0.1813257783651352,0.7951440820902751,0.2504204213619232,0.19790838658809662,0.6879398380842827,0.27254730463027954,0.2257940024137497,0.664594667677031,0.033858241853767505,108.4195272001554,0.9782638085550368,0.40074053714157026,4.496171534674343,0.001171362814110879,sehat
0.36282506585121155,0.31130534410476685,0.8888559032928733,0.4074253737926483,0.35539162158966064,0.6431128237676107,0.35394254326820374,0.38289377093315125,0.8201413917493796,0.04308915862262721,521.9812225717565,0.9633343097830352,0.25550385435662293,11.469808219747582,0.0018636734406462278,sehat
0.5373227000236511,0.25055742263793945,-0.28042680977625356,0.5764722228050232,0.26265618205070496,-0.39225302952099583,0.5292615294456482,0.3430011570453644,0.0710054609203567,0.015563562948180976,1094.2365582139473,0.8752795264487236,0.17395359813183223,19.074806195549186,0.00024780937874480574,sehat
0.3372167646884918,0.21171768009662628,1.0888185443377103,0.2653239667415619,0.21587145328521729,1.3219968025258964,0.21592563390731812,0.21074910461902618,1.6674410854908934,0.016509974515884224,794.5165044484365,0.8654691066018468,0.1519688977373317,15.418924113927943,0.00027910280697902076,sehat
0.5489985942840576,0.25345081090927124,-0.04271519404368843,0.4763880968093872,0.2617994248867035,0.26539529295941244,0.3997219502925873,0.2517288327217102,0.6776438631001199,0.05332064684627639,682.117487208744,0.9192708371376993,0.16597305136474513,15.207085672043162,0.0028474426804428973,sehat
0.7095062136650085,0.21135079860687256,-2.20081503103872,0.6948128938674927,0.12276487052440643,-2.5568092973241203,0.47994139790534973,0.21656344830989838,0.8234504741071785,0.029924772486052006,305.8538193249244,0.8672756056084542,0.19696475005714878,9.740670360513427,0.0009035812418828312,sehat
0.47321659326553345,0.1632804572582245,1.4351643278571866,0.4882303476333618,0.18603341281414032,0.6443145795185066,0.5124769806861877,0.24239614605903625,0.27812235203791874,0.025773591146462646,668.6853120496341,0.8364401855611413,0.21656395211788593,14.67769014730716,0.0006880848331693631,sehat
0.44886499643325806,0.2571137249469757,-0.10840767236922502,0.405517041683197,0.2463262677192688,0.12223345339311938,0.36859792470932007,0.23520857095718384,0.4089267456391396,0.012088813072935807,748.761310889201,0.9054931688071504,0.11465552946116271,17.20421555550627,0.0001489281807138063,sehat
0.6219773292541504,0.20090951025485992,-0.471698484323456,0.5280601978302002,0.2245905101299286,-0.05436654745856726,0.4701482951641083,0.2502199113368988,0.24950211189298746,0.014516584496862257,361.4745688772175,0.9408336588200773,0.14581258394797106,11.63885862094038,0.00021493490479334836,sehat
0.4955083131790161,0.2297070473432541,0.4490711671369731,0.4934432804584503,0.1860848367214203,0.15921555028643836,0.39668020606040955,0.21284210681915283,0.46144244777079824,0.01293005639457243,644.2659681570259,0.863655196979062,0.14258893180436963,14.025259718273311,0.00017152179879263786,sehat
0.4219878017902374,0.18163667619228363,0.2938910693649747,0.3746030628681183,0.15256868302822113,0.48235941984385294,0.20627336204051971,0.14715632796287537,2.170794635549272,0.019642628167604367,397.3767219866343,0.8715059822578688,0.12124541277925621,13.391041669974582,0.0003898393700703122,sehat
0.3715561628341675,0.20541974902153015,1.1403084716657301,0.2770543098449707,0.21666790544986725,1.6591107733003767,0.22015608847141266,0.2265041023492813,1.9156154714617977,0.013760705988651973,951.3491692717877,0.8377986994429786,0.10241607999250296,18.14510299246549,0.00019248927361810352,sehat
0.47375792264938354,0.22981786727905273,-0.7013489552917287,0.47564664483070374,0.21842746436595917,-0.8851879798876062,0.19724243879318237,0.14711877703666687,1.1191100992781946,0.07323986293812591,490.5737735519654,0.9096852311039502,0.16805284214773222,13.472565768749805,0.005371501536213311,sehat
0.44278356432914734,0.28400054574012756,0.42444317956662325,0.49293088912963867,0.2330009937286377,0.2111067236069773,0.3695431351661682,0.26308485865592957,0.6838141707222841,0.019478150371383497,722.1324027159907,0.9099789791755973,0.19002745799503104,13.8766517145053,0.00038457974496510335,sehat
0.4872995615005493,0.17901326715946198,-0.11391096852925874,0.583200991153717,0.1759997457265854,-0.8280216416319133,0.6627207398414612,0.27674561738967896,-0.7903866460684549,0.04037058086060053,590.2151500480803,0.8350277142664123,0.43274500617091666,9.348214345624983,0.0017183056410330657,sehat
0.26532062888145447,0.21462711691856384,1.3326955217342356,0.23943643271923065,0.20743681490421295,1.7362839052913523,0.21803906559944153,0.20571225881576538,2.0061487399744307,0.020601693566896107,542.1788576561584,0.9031856288937287,0.2183394019368635,11.283160315853989,0.00043886075099245714,sehat
0.5528373718261719,0.22937904298305511,-0.5093202574096832,0.49718672037124634,0.2513652443885803,-0.10957005970945294,0.3580482006072998,0.27516862750053406,0.6199244801728133,0.02576542146096637,656.6928509913089,0.9132104918710756,0.16305526741767393,16.14207264355085,0.0006692110108424398,sehat
0.24197903275489807,0.20053386688232422,1.365495385124204,0.22317397594451904,0.20105496048927307,1.495638588012369,0.1929352581501007,0.2032424360513687,1.7174911555269348,0.01786082693085349,1629.1177485535409,0.6886304556338229,0.13016345644057914,22.052712624614074,0.00032528280554005174,sehat
0.5716509819030762,0.1319700926542282,-0.4181802267853501,0.5277447700500488,0.14730070531368256,-1.1140512524223607,0.38282260298728943,0.2519468367099762,0.16423816990836643,0.042797670939361765,317.1223417494294,0.8711276954120052,0.3480159375044718,9.927699412776832,0.0018716425449984786,sehat
0.49873316287994385,0.22497592866420746,-0.3474423188581727,0.5204786062240601,0.18945717811584473,-0.04210954444077492,0.5263943076133728,0.21022583544254303,-0.1598278661988931,0.038647686161817504,619.8998078939006,0.8702510387826612,0.1597216091071316,13.817914683824812,0.0014957805228714253,sehat
0.5410062670707703,0.3237141966819763,-0.16145435009020592,0.5499104857444763,0.30945974588394165,-0.15926212363383457,0.5394340753555298,0.2958482801914215,-0.07828788367512247,0.02659668470614814,769.4120894813659,0.9389694282026081,0.16569208848228575,16.288910953015527,0.0007289205880936485,sehat
0.4016284644603729,0.20014837384223938,1.1935537816720938,0.608824610710144,0.18725788593292236,-0.46267108541668506,0.3454866409301758,0.24307438731193542,1.5578920413760122,0.01740883388695019,457.21077061644127,0.900495809369131,0.17099530884091177,10.758108493718625,0.0003109832019357761,sehat
0.40372031927108765,0.207824245095253,-0.34925334422021986,0.42494356632232666,0.2085578888654709,-0.48415414483395347,0.2895406186580658,0.15287448465824127,-0.0659714120703597,0.021289095904243483,408.24226172262183,0.9222698074342595,0.1255323966103116,12.126040237016895,0.00045630656978256387,sehat
0.45517951250076294,0.2588050067424774,0.5175232591093909,0.4235086143016815,0.27571818232536316,0.599178755379456,0.3626897633075714,0.29562243819236755,0.7789070490679811,0.023217930184810266,787.8542366307521,0.9172985437324619,0.13798713646901287,16.853409698103068,0.0005509261049216622,sehat
0.49860092997550964,0.3228831887245178,0.3085164370911375,0.4405701756477356,0.32321158051490784,0.5513006204877018,0.4019303321838379,0.33486369252204895,0.6630408158293367,0.16046238997427376,489.95889287531185,0.9635272992128892,0.38109950890104033,10.663134791746483,0.02575502082046495,sehat
0.5260284543037415,0.19880473613739014,0.10930469804240447,0.5641530156135559,0.195720374584198,-0.5697121956657797,0.23226779699325562,0.30276694893836975,1.286146235627388,0.016422310152514965,350.3556902289096,0.9253618026916072,0.15882623659817227,11.203633251679484,0.0002744908519716641,sehat
0.591474711894989,0.29321423172950745,-0.09253323823505118,0.5852890014648438,0.29393327236175537,-0.10094744466977641,0.5906775593757629,0.29727819561958313,-0.13488472437717694,0.013703976581299298,1381.4194699016653,0.8767393849354218,0.09855844709817911,23.557458622616995,0.0001908062931538237,sehat
0.5834389328956604,0.25829893350601196,-0.45965629506465316,0.6243644952774048,0.26887959241867065,-0.47718522869401875,0.5632128715515137,0.3255389928817749,0.07781189829883431,0.02494932979937751,588.9067492892565,0.9370062236607354,0.24505956773545914,12.520815141627233,0.0006375709625293737,sehat
0.43991658091545105,0.14741259813308716,0.5811154334137563,0.4789297580718994,0.15090948343276978,-0.42243460892623375,0.2550426423549652,0.24121950566768646,1.0308868279955836,0.014526999924339758,311.666971177931,0.8821852490830765,0.11509656520666327,11.512687869284742,0.0002138402323412509,sehat
0.4866844713687897,0.2676657736301422,-0.28794188954097394,0.4796435534954071,0.26629847288131714,-0.18910757783463708,0.45633557438850403,0.24937929213047028,0.01797070994459669,0.012791970112321345,985.074107678195,0.8905403797567134,0.14006773272277648,17.664797214554337,0.00016654774693130678,sehat
0.5249191522598267,0.22273795306682587,-0.544593282363081,0.5701615810394287,0.24316099286079407,-0.6342845512737431,0.5548775792121887,0.36863285303115845,-0.013711493219500047,0.03838366601935988,631.5739303611318,0.91975648589653,0.3047889897016244,13.532217032644537,0.0014974777948075326,sehat
0.3748600482940674,0.2890550494194031,0.451133997329234,0.34639593958854675,0.28230077028274536,0.6000066487593649,0.34500652551651,0.2753686308860779,0.6023524032035432,0.026136562484486106,780.5134912323527,0.9237291281342097,0.24306838306508224,13.454720086430228,0.0007023163191834012,sehat
0.5725079774856567,0.22705094516277313,0.07757855884190415,0.4931512475013733,0.23843510448932648,0.32413576214532575,0.482807993888855,0.24695433676242828,0.24172200614807313,0.012407410419598018,976.475118830536,0.8589539086353598,0.1398015632675517,18.042515847685838,0.00015743883101367192,sehat
0.4692300260066986,0.22936294972896576,0.6390028774991336,0.5594905614852905,0.2258394956588745,-0.04978030099773866,0.40884241461753845,0.23916970193386078,1.2814214472339762,0.0452392107325793,502.4514854984366,0.9224528820185651,0.15645109695436685,13.136038111111604,0.002052064979643466,sehat
0.5204869508743286,0.265333890914917,0.28822557215957734,0.6271519064903259,0.2219616323709488,-0.09807543220267353,0.595632791519165,0.3271048665046692,-0.3688127414356944,0.024175823298320184,388.3270171615506,0.9482196384198117,0.27003715521583116,9.180749988093446,0.0006108312539278046,sehat
0.4993547201156616,0.19993357360363007,0.03905810431564284,0.5279707908630371,0.19619308412075043,-0.32484685582463324,0.3143076002597809,0.217943474650383,1.8371586935784063,0.014758280703550562,691.0536870560908,0.8577679999236328,0.11567522677485327,15.867003942756407,0.00022076073101121873,sehat
0.6875009536743164,0.23814831674098969,-1.2117538654988798,0.6644919514656067,0.2464207410812378,-0.9767418729642721,0.5731032490730286,0.24622352421283722,-0.3308236582647026,0.014697239109692036,742.0406588211557,0.903623566568494,0.1254190046296155,16.48174144479882,0.00021839800560046984,sehat
0.44728344678878784,0.3166310787200928,0.01974520609433904,0.4556339681148529,0.284760445356369,-0.234818331580188,0.45737218856811523,0.2788594663143158,0.2417260575389833,0.02148607276414145,632.9323235921613,0.9335632553392278,0.17215005859440338,14.703666058743385,0.000467587324214821,sehat
0.5269926190376282,0.19536033272743225,-0.0484952948554129,0.49776482582092285,0.19455039501190186,-0.21912639545807994,0.38783514499664307,0.3034583032131195,0.7299485038534743,0.015053083694010152,553.8990038469914,0.8792568049122602,0.17032038538067695,14.066332395398083,0.00023015300862187866,sehat
0.45343366265296936,0.19914330542087555,-0.1455822937524924,0.4795842170715332,0.2179701030254364,-0.40978536371983526,0.35120370984077454,0.1581609696149826,0.9712371644793819,0.052962228737721405,543.229078055836,0.8979674652216988,0.16989807480606386,13.09212120969859,0.0028097106424613493,sehat
0.384594202041626,0.2654212415218353,0.6545209703423311,0.36722853779792786,0.2645132541656494,0.6880914299941547,0.3133465051651001,0.2803346812725067,0.9904646157007498,0.062483898436804554,628.7196473094832,0.9309819977007843,0.1634303273392134,15.171082951396334,0.003909746306489042,sehat
0.31104162335395813,0.20394395291805267,1.0954527099905556,0.32218337059020996,0.20102688670158386,0.9094731824246508,0.1985253095626831,0.2142958641052246,1.7980673832287697,0.013443293694691464,577.0457089363341,0.8899133664209974,0.11539968784362725,14.428373068180013,0.00018332845497163132,sehat
0.5455710291862488,0.3404925763607025,-0.13192953148665887,0.4720308780670166,0.32617607712745667,-0.05154224452894716,0.4079609811306,0.31279823184013367,0.26123184129158467,0.02263061649953364,383.77994444181985,0.9723283845423708,0.23382049893560772,9.736120331695934,0.0005230599316366024,sehat
0.5297001004219055,0.3394516110420227,0.07905449468775044,0.5073347687721252,0.335092693567276,0.20731921899336933,0.5062123537063599,0.32416263222694397,0.27753748435340564,0.04721559128870545,820.8908821831247,0.9430674651097709,0.20865954494506922,14.802188528545221,0.0022495558486658337,sehat
0.646255612373352,0.3017929196357727,-0.7708592431482412,0.6260075569152832,0.31593820452690125,-0.5451476495093119,0.5945029258728027,0.3327570855617523,-0.09850399354332016,0.19845781071792182,399.72074748458687,0.9684960347725794,0.3905654533647536,9.37445859956517,0.039395138403256924,sehat
0.5672302842140198,0.320223331451416,-0.3866357461097842,0.5600467920303345,0.33971887826919556,-0.38865741973356027,0.5505955815315247,0.3518642485141754,-0.3284679881601311,0.031842927883833645,1415.8341555381858,0.9017408812652431,0.26382300936498226,18.68739924989259,0.0010234634629711652,sehat
0.5356234312057495,0.15416161715984344,-0.01887014052986955,0.6153469085693359,0.18375885486602783,-0.2598324694513031,0.5338980555534363,0.3189583420753479,0.20370071814737853,0.09506614425541826,204.75976755743616,0.9548812177469616,0.48874575153746447,5.6428057424673375,0.009072071877085744,sehat
0.48267990350723267,0.19257648289203644,0.41009079890260197,0.4990813434123993,0.1954958289861679,-0.09902535813191016,0.47969526052474976,0.2785986065864563,-0.17065187943993823,0.020480205210994883,416.224513443851,0.9153869903395294,0.23905073931627396,11.506406497494856,0.0004290962380104784,sehat
0.5445761680603027,0.3160676956176758,-0.3637806447440376,0.5224840641021729,0.3089762330055237,-0.30491250388242896,0.48848047852516174,0.3027209937572479,-0.16207325117774543,0.02710853956786587,1306.5568790646,0.8954467788919467,0.12395069484078867,21.328520327343764,0.0007395821383690192,sehat
0.7179853320121765,0.2944302260875702,-0.7839519464126481,0.6377449035644531,0.3488846719264984,-0.36070331384512444,0.5940511226654053,0.38336417078971863,-0.19108242003464318,0.18844071836456697,404.7437223740347,0.9720664038233675,0.4552413814471443,9.233925732566169,0.03553277910686592,sehat
0.5182588696479797,0.24437183141708374,0.12232822439606561,0.43417733907699585,0.24692735075950623,0.530611869841295,0.358571857213974,0.24503764510154724,0.96904021248689,0.015797205235377965,1140.7689293484837,0.8507399914940058,0.10729543616952242,21.850842012828902,0.0002527040292807547,sehat
0.607221782207489,0.2756192684173584,-0.8510019389692024,0.6272706389427185,0.2899182438850403,-0.9233442839684978,0.481505423784256,0.32615938782691956,0.21974257552889756,0.022342000454952105,683.884691370451,0.9343539177216794,0.18915479577682479,14.508302786391923,0.0005067256562793685,sehat
0.35312342643737793,0.18687692284584045,0.22670112730698241,0.4764496982097626,0.22102954983711243,-0.4679805693433692,0.2859901785850525,0.13856664299964905,0.3131338798296284,0.012155419140939053,426.59373282512905,0.9152804126683295,0.113163679116753,13.142772677275474,0.00015093623905630837,sehat
0.5031400918960571,0.24722090363502502,0.34428548097463607,0.5264506340026855,0.24463413655757904,0.21748382753244114,0.476140558719635,0.25149258971214294,0.6691945433410993,0.020807688529786077,765.7042203909951,0.9008270142495619,0.16842148430787726,15.483161876316037,0.00044210615719822676,sehat
0.6222460269927979,0.2455712854862213,-1.2486900112999306,0.4990203082561493,0.20576025545597076,-1.0763337537456212,0.2799554765224457,0.1638036072254181,0.534156772360702,0.06336541734868452,458.8227989424228,0.9160452474166659,0.1759822101074102,12.577409396656135,0.004021742644128401,sehat
0.6783490777015686,0.2570624351501465,-0.9963001800731403,0.6583035588264465,0.26798152923583984,-0.7390066245319402,0.6496943831443787,0.29386666417121887,-0.68448443579573,0.0885248374422458,613.7964564687451,0.9331732769569587,0.4199447794348095,10.104650560273793,0.007902104614430345,sehat
0.4792226254940033,0.22386480867862701,0.070960788275578,0.5583258867263794,0.23545750975608826,-0.524477513683619,0.5744439959526062,0.3292796015739441,-0.3026507834744498,0.023248460159694225,776.160394389481,0.8926679055815673,0.2699456498439841,13.070068599738756,0.0005594446760814093,sehat
0.6253173351287842,0.3113044798374176,-0.30702089476970873,0.6038378477096558,0.3202917277812958,-0.20300668877857939,0.5830402374267578,0.32723039388656616,-0.10453869739391322,0.15449716578711356,1003.1541360731509,0.9236394931187263,0.2787374204779494,16.78454257250549,0.02389969845094826,sehat
0.46816951036453247,0.1599399596452713,0.31542669094565357,0.4305630326271057,0.16987723112106323,0.6936929040752694,0.38549715280532837,0.18401087820529938,0.7455679718513603,0.011660398546960665,1141.3923623693265,0.6827708800661701,0.08621549574070568,21.329307260998732,0.00013773498521381562,sehat
0.6085916757583618,0.23223650455474854,-0.8747944706555516,0.5191705226898193,0.2070104330778122,-0.7469442175815227,0.4015187919139862,0.17377692461013794,-0.3854910692957038,0.011592019135660025,766.9506229594832,0.8665293265599434,0.09454901156693231,17.155638831979957,0.00013587849022140148,sehat
0.42892587184906006,0.23465265333652496,0.11908528887008575,0.4631521701812744,0.21796658635139465,-0.07966476010439383,0.2928895354270935,0.3053727149963379,0.6373669593460934,0.017592840803607342,255.7592635611426,0.9587635332884874,0.21901372356781748,8.93523583587046,0.00031804202021762606,sehat
0.7423291802406311,0.23106609284877777,-0.7615323579688983,0.6293652653694153,0.272413045167923,-0.11878584689100168,0.554110586643219,0.29696574807167053,0.26610145275650515,0.16810493996758644,472.1611493688877,0.9460692059527619,0.3054140749174475,10.673674257466025,0.028314711257052025,sehat
0.41349902749061584,0.17321856319904327,1.012541116168949,0.4566448926925659,0.17337916791439056,0.6383480760540179,0.32135385274887085,0.18025802075862885,1.9366148761295714,0.014845753195501637,504.9382104108394,0.8683626422804006,0.11832525265095385,13.536205224361929,0.00022401858443938012,sehat
0.5292368531227112,0.22718504071235657,0.2224971997487823,0.5297421813011169,0.2325446605682373,0.13355151396161138,0.3739085793495178,0.27544116973876953,0.8806199252676226,0.016308170420578565,528.5149088040804,0.9244645258265153,0.1603724453279962,12.997841839582156,0.00026994576886902726,sehat
0.4168964624404907,0.20915073156356812,0.6360871323423731,0.49851083755493164,0.2272922247648239,0.16122897747443315,0.4170434772968292,0.3289087414741516,0.7822580561728512,0.01720186814577491,244.03346256290902,0.9646136835258693,0.1692039829611303,9.790761126618255,0.000299515859768896,sehat
0.6717936992645264,0.2021433264017105,-0.6450628250959463,0.7095910310745239,0.17377080023288727,-1.112160050380168,0.6231279969215393,0.25475049018859863,-0.44464136013354727,0.05894963255921346,332.7635790119712,0.9277386574845233,0.37655750015081374,7.881352371225195,0.003545616050355444,sehat
0.6455334424972534,0.21753354370594025,-0.45137780090904384,0.612626314163208,0.21715028584003448,-0.3983228892331658,0.5850650072097778,0.21667154133319855,-0.30913827316601455,0.00937538207829729,1004.2187439606059,0.832257198611218,0.08034678010658816,21.163415432705424,8.927971189207438e-05,sehat
0.637763500213623,0.190518319606781,-1.0470993714580088,0.5302821397781372,0.1867619901895523,-0.28371550642162274,0.4369547367095947,0.19297155737876892,0.601673148873482,0.015182186392754584,588.0425102160555,0.864669342228224,0.11742122955934071,15.00921979931004,0.00023349281387597984,sehat
0.3257293105125427,0.2206534892320633,1.0639463768447939,0.32774874567985535,0.2085760235786438,1.2445913087315026,0.27140387892723083,0.1909964680671692,1.3762575017787573,0.019844546556629546,664.9738503669491,0.8812114440160803,0.20063437065114284,12.83834989958011,0.0004054345871219968,sehat
0.2601732015609741,0.20533950626850128,1.2045113969453136,0.17249853909015656,0.19516271352767944,1.7791543229113391,0.1311861127614975,0.19083638489246368,2.014627972611383,0.06652237231755388,709.648264437933,0.856710987029239,0.2622414928081727,13.029240342762115,0.004434728660168541,sehat
0.6428587436676025,0.30029237270355225,-1.0268440518542246,0.550973653793335,0.2865927815437317,-0.8682458249123819,0.25947868824005127,0.13697752356529236,-0.8370421970755229,0.05529852201353211,659.4006614833239,0.9318336259112162,0.3934706034916034,11.653653699149968,0.0031061681824728032,sehat
0.34851402044296265,0.23329435288906097,0.4260940053741169,0.3815285563468933,0.2785443365573883,0.6443350746933546,0.39019057154655457,0.31411921977996826,0.8465342141909731,0.018146147936618753,567.056640733426,0.9383072158307698,0.21882405903461222,12.831369115655074,0.00033535540756357806,sehat
0.44136571884155273,0.17252224683761597,1.9412660887426898,0.5152024626731873,0.1546715348958969,1.4335673765318317,0.3064213991165161,0.1994282603263855,2.4546636208312913,0.03342136251082765,215.54607010672873,0.9334181040841326,0.23809331264988107,7.546591673151501,0.0011351535032532003,sehat
0.5183938145637512,0.21885991096496582,-0.19442395026222464,0.5321570038795471,0.2568254768848419,-0.21906092171027788,0.4363345801830292,0.4047141671180725,0.28721518502427185,0.03023607413679495,537.6084970215496,0.9367836165940918,0.29452026037830775,11.977975479718282,0.0009279529258666718,sehat
0.5566785335540771,0.22909344732761383,-0.170762429452975,0.4583064317703247,0.20641781389713287,0.31420752932470114,0.41359901428222656,0.245463028550148,0.9340275304458154,0.0197606578344928,337.23507146191633,0.9390580634647288,0.20252546604969635,9.99597867311299,0.0003978459282615271,sehat
0.46986886858940125,0.30909010767936707,0.10246961994039422,0.4332318902015686,0.29228246212005615,0.3187382364120294,0.3733670711517334,0.2801002860069275,0.729787217200458,0.013553644447838345,1406.2224273199326,0.8751476733046931,0.11883758336418564,21.882304628121418,0.00018735359924656136,sehat
0.6444286108016968,0.22685280442237854,-0.5692820285389916,0.5205665230751038,0.24882030487060547,-0.06200866674002468,0.46130749583244324,0.26701492071151733,0.14484351457636563,0.010298251690271005,802.6815018481976,0.8906521558005052,0.11105728448471443,17.272771921021153,0.00010735694894931616,sehat
0.4687368869781494,0.3121386468410492,0.28455938752534243,0.3967882990837097,0.28418898582458496,0.22549776694466667,0.2595455050468445,0.2609843909740448,0.9830584961458873,0.018474303614253566,568.7748368081935,0.9414235137905536,0.1840131138468364,12.791063644527467,0.00034958013806932973,sehat
0.5457149744033813,0.2785525321960449,0.1855220273948026,0.5023073554039001,0.30352556705474854,0.3138638335294436,0.4323134422302246,0.3163307011127472,0.6892450902078481,0.1254348825304214,1209.0389732446429,0.8915623863263876,0.2392816711984834,19.27705153375321,0.01577364161753236,sehat
0.49849486351013184,0.24511225521564484,0.542550415637941,0.6289242506027222,0.1940605193376541,-0.579453101842063,0.5669102668762207,0.2971579432487488,0.2927484625025269,0.0412305119452377,450.23796192265723,0.9135265929054835,0.2196407045469884,11.265139714388987,0.0017149199724927533,sehat
0.5536637902259827,0.2059476375579834,-0.4459823596047816,0.5696744918823242,0.21991553902626038,-0.5709613144549798,0.4393872916698456,0.2683037221431732,0.5542243948612467,0.01933009462831725,419.9257467318709,0.9304167862164606,0.20088414242140554,11.525539402114388,0.00038301196104202883,sehat
0.4865425229072571,0.2493700236082077,-0.2607206225635176,0.4571768641471863,0.2604145407676697,0.24809547042815266,0.4144882559776306,0.27302008867263794,0.8380054335373023,0.039067585962891914,365.40843149200435,0.9564484681628166,0.31471941633347794,9.805163843779324,0.0015432731896965713,sehat
0.327796995639801,0.2339998185634613,1.270445494252188,0.3003559112548828,0.23579461872577667,1.3376393884267466,0.28310543298721313,0.23595964908599854,1.3141009971542692,0.019383639945007393,324.6812707008684,0.9545609527886368,0.21623231166311932,8.930944339629301,0.0003846771494536638,sehat
0.5434103608131409,0.27240532636642456,-0.08337429072721177,0.5224959850311279,0.27434054017066956,0.018578350815700303,0.4963133931159973,0.2707535922527313,0.20884855789851786,0.02139437227446907,1282.0752368307324,0.8651111308192383,0.1504050879381513,20.236798613935083,0.0004685275525932119,sehat
0.6256784200668335,0.3149092495441437,-0.7485709427000877,0.44611817598342896,0.23383548855781555,-0.4430627687430147,0.26862722635269165,0.17774629592895508,0.2706905678549309,0.06467758639894615,467.1066816863731,0.9404709627758095,0.18572392795749063,12.455382191721164,0.004190338207385995,sehat
0.5127893090248108,0.23806296288967133,-0.27111680588029563,0.5272533893585205,0.2661483883857727,-0.16656050440253142,0.4963812232017517,0.28965842723846436,0.11393455263317934,0.020031068930024685,793.439532280756,0.9091713467528341,0.1874939504855833,16.498372882078826,0.00041015730162950585,sehat
0.38985830545425415,0.28298619389533997,0.6156193421558196,0.3600497245788574,0.28215762972831726,0.704144266857298,0.33357739448547363,0.2776402533054352,0.7586406766076524,0.013102994848593848,1231.5235068160155,0.8803866384084239,0.11803227197028839,21.049622033835643,0.0001745954784882712,sehat
0.6486439108848572,0.1919180452823639,-0.9211561912532743,0.5701109170913696,0.19178402423858643,-0.25103893123190957,0.4544791579246521,0.24589277803897858,0.6258876965039857,0.01496176263149718,404.9699336983295,0.9090261213066806,0.15610370822488712,12.164909676731293,0.00022681582769520665,sehat
0.49527955055236816,0.25176337361335754,0.307209184797975,0.439642995595932,0.2384060025215149,0.3543265497085112,0.3814069628715515,0.22557689249515533,0.43402789254148283,0.009912907128879959,1391.1869034389254,0.8132394406859172,0.10295055689791566,22.467007766228136,0.00010106949708904177,sehat
0.6460584998130798,0.2356787472963333,-0.4853636642873069,0.6184828281402588,0.2733270525932312,-0.13619634669947892,0.5525408983230591,0.33009660243988037,0.175141179746282,0.02884534358525752,429.7696008523817,0.9522690204052738,0.20444424753327486,12.27680780141052,0.0008361491213445129,sehat
0.4425305128097534,0.2700960040092468,0.3894606537802534,0.3402179777622223,0.23519955575466156,0.7983389623403402,0.30100852251052856,0.20210817456245422,1.1830873782302997,0.011064989056676881,1030.3526830071005,0.8595429542856995,0.09539315811423739,19.974790887735292,0.0001248442499704052,sehat
0.6286768317222595,0.11918696016073227,-0.26441524903697056,0.6925585269927979,0.15609732270240784,-1.2101113652311664,0.4436679780483246,0.15747331082820892,0.9173655411035752,0.018543612466403837,241.54525199997875,0.8914437234539277,0.12713226045245482,10.265518698549924,0.00034941831218705664,sehat
0.3855780065059662,0.21228516101837158,0.643459851635573,0.34586670994758606,0.2088322937488556,0.8472168449764341,0.28118473291397095,0.20647017657756805,1.2269490723804841,0.011369700186410472,917.2485333403733,0.835988694391935,0.10586204778463128,18.529348322126822,0.00013164571435128006,sehat
0.7629287242889404,0.13357245922088623,-1.9518362599886234,0.8008530139923096,0.1567281186580658,-2.0115843927289663,0.7404944896697998,0.3069705665111542,-0.73849493694157,0.13989892473082696,338.35295613455065,0.8971588414282445,0.5242252876841343,7.440706569001335,0.019669096750745504,sehat
0.5535235404968262,0.21754419803619385,0.39493084424040853,0.48152294754981995,0.225767120718956,0.674801164043146,0.34303906559944153,0.2651449739933014,1.1288102686126278,0.02807209344474387,219.64867391579844,0.9661437059287349,0.22997191521341398,7.640306356931567,0.0007940838165987691,sehat
0.4930271804332733,0.3497859835624695,-0.017469034728506073,0.4921231269836426,0.3220710754394531,-0.04854093255891424,0.4071098566055298,0.2946805953979492,0.385067010077708,0.017080277238299205,1383.7266279015575,0.8949852059069929,0.13343860475928507,22.311149630689897,0.0002968039151140796,sehat
0.47977694869041443,0.3045029640197754,-0.18291379166824473,0.5172690749168396,0.32437536120414734,-0.3430370492044125,0.273058146238327,0.30157169699668884,1.6310062497715063,0.21553292726832407,372.41517390705184,0.9690912123792158,0.38566273224434666,8.357812671400767,0.046489809493092775,sehat
0.5156493186950684,0.24617628753185272,-0.21678975160050906,0.5137921571731567,0.2822980284690857,-0.00238273468827652,0.4683453440666199,0.3835891783237457,0.364839435889793,0.03967905493864272,606.3491764777073,0.9388721481490171,0.31566829481260517,11.507969688317289,0.0015962549720621442,sehat
0.5127231478691101,0.2160467505455017,0.24304186131005492,0.5610229969024658,0.21515478193759918,-0.05863479891991545,0.4212777614593506,0.20879468321800232,0.9511600234986586,0.012838238675411645,719.3077409130725,0.8746853835847314,0.11942653288047385,16.530673149616153,0.00016703465694881028,sehat
0.5059729814529419,0.24723884463310242,0.1584479531476718,0.5000112056732178,0.2414591759443283,0.11452514899707406,0.3895575702190399,0.2626124620437622,0.752250855211907,0.01148516547236185,643.2942808539193,0.9163616491034999,0.12178471097228959,15.143356818179754,0.00013437516498505782,sehat
0.4595663249492645,0.2201267033815384,-0.6619597032238679,0.5391485095024109,0.24113257229328156,-1.0140364567807256,0.6026846766471863,0.35487884283065796,-0.543450673848536,0.05931359389321617,756.1779776725048,0.9014325155228121,0.4656825845737409,11.664750852336104,0.0035729067252578874,sehat
0.4418555796146393,0.18847820162773132,0.28803424423842955,0.36175692081451416,0.18158820271492004,0.5226894763641742,0.2712551951408386,0.16917981207370758,0.8765660039296524,0.012423698274046435,530.8303217017441,0.8738581336103445,0.12304189036397502,14.424100896857547,0.00016477622477135804,sehat
0.4836979806423187,0.27484506368637085,-0.19377903226865265,0.46416404843330383,0.2905881404876709,-0.14958329675895954,0.36225488781929016,0.31182733178138733,0.6627211371290662,0.06276224402948712,561.7051768482949,0.9456050285730137,0.23403352901208782,13.077956876832163,0.003945627133837316,sehat
0.4347798824310303,0.11594073474407196,-0.07294447396025203,0.5146552324295044,0.12653806805610657,-0.9464308117030351,0.22110681235790253,0.10599107295274734,3.27745653476887,0.01874933285131834,472.0739686704655,0.7304584282670853,0.09425898289156408,13.747913919416588,0.000353863203056495,sehat
0.4698868989944458,0.2987193167209625,0.27982600246927797,0.40219804644584656,0.28670403361320496,0.4850152961942236,0.2812940776348114,0.2537066340446472,1.091459801493903,0.01825369215516962,377.2258423707094,0.9642753458578031,0.24512273925948438,9.472448500920375,0.00034154843687691865,sehat
0.7134113907814026,0.2691783905029297,-0.6783495878498098,0.694486141204834,0.3066510558128357,-0.5582965757056477,0.6755663156509399,0.3522680997848511,-0.4693937856215933,0.07413145296027694,351.0842784306939,0.9696563694687,0.32597389146615047,9.099541856306962,0.005536421455775624,sehat
0.7683979272842407,0.3208354115486145,-1.3027128604417009,0.754995584487915,0.33077898621559143,-1.201346012954342,0.7469684481620789,0.3363547921180725,-1.114079845941188,0.5459982779155812,724.925767813853,0.9480749642571435,0.6372527395228998,8.689319488691439,0.2981485969603014,sehat
0.4270058274269104,0.21042676270008087,0.15220773581577382,0.4376751184463501,0.19223931431770325,0.08251212104026721,0.36302492022514343,0.22787794470787048,0.3281024835201038,0.021133821361155856,209.1753676434963,0.9591477853443574,0.23177746915637928,7.751116293462387,0.0004562359116775487,sehat
0.43565240502357483,0.20551002025604248,-0.20586000653665984,0.4013577103614807,0.20494455099105835,0.09248417429083772,0.36165013909339905,0.2238612323999405,0.35148983855760385,0.009696238929656662,855.7896747497139,0.8438307735979528,0.0902650465906697,18.62761981080419,9.544991792915669e-05,sehat
0.3946225643157959,0.18802997469902039,0.8105064956974131,0.4258688986301422,0.14057591557502747,-0.8194886250536866,0.21528375148773193,0.09378726780414581,0.12906189975308438,0.012793991419700798,529.798202824658,0.7897685376454442,0.0818310673180097,16.53501690453425,0.00016674712779487835,sehat
0.34814944863319397,0.2881126403808594,0.9351887109974405,0.4030044376850128,0.30932584404945374,0.6889474005159103,0.3991497755050659,0.3621790111064911,0.7773221501848393,0.01968120824791329,499.04133214283,0.9592448455591156,0.21184742144440638,10.962007837151937,0.0003947990061047501,sehat
0.36578670144081116,0.20126795768737793,0.34185648322233314,0.3415759205818176,0.20878198742866516,0.49843578981465525,0.3218039274215698,0.2239004522562027,0.9675580022253748,0.014313589964563255,734.9752085240835,0.8668597469209378,0.16388434979281705,15.04564497291399,0.00021761567087424317,sehat
0.4130896329879761,0.2583691477775574,0.07820346929154386,0.5632448196411133,0.20040936768054962,-0.07861745844683626,0.4044208228588104,0.3224530816078186,0.19132882345128724,0.014455798880827847,513.2359182447027,0.8942625880301995,0.1602489172761595,13.81967061741537,0.0002123220342113201,sehat
0.4138525724411011,0.24439965188503265,0.21423782190896934,0.4100097715854645,0.23904575407505035,0.21499621929871587,0.40145301818847656,0.2319151610136032,0.2755483405118222,0.02043520518225891,807.4908078183017,0.8908506001350367,0.17720887995799647,16.107624724827783,0.0004288948488999592,sehat
0.4180868864059448,0.24136480689048767,-0.2665520464045737,0.4559309184551239,0.2737833559513092,0.0803970886834251,0.4550766348838806,0.3432791829109192,0.5536398407028548,0.022025147914901972,429.72617353120046,0.9535021409079903,0.2506287304529408,10.95112360948491,0.00050142962378054,sehat
0.4563915729522705,0.2843936085700989,0.19241335284118133,0.45639467239379883,0.31496986746788025,0.10292371843685773,0.37516701221466064,0.37713876366615295,0.5197553860358266,0.020590556458737762,332.2218870334971,0.9730762874828978,0.2500267445345241,9.511422399405877,0.0004315806158121734,sehat
0.44846832752227783,0.3617643117904663,0.11412529214280515,0.43844711780548096,0.36152487993240356,0.148145377246742,0.40991708636283875,0.3551482856273651,0.23076238894875217,0.027071868031408184,775.2987661325161,0.954079351372203,0.21375747879631646,13.178953181792187,0.0007567156877828991,sehat
0.3792352080345154,0.25999367237091064,0.474176897959709,0.3762478232383728,0.26160532236099243,0.5063944694790428,0.36965563893318176,0.30731070041656494,0.8245202720530272,0.01559574233342135,563.5765449678112,0.937679727483273,0.1618549340360419,12.363982432667216,0.0002478362943131684,sehat
0.5628271698951721,0.22482171654701233,-0.4803143290605072,0.5183266401290894,0.22732211649417877,-0.28019025802507425,0.4853692948818207,0.2431817352771759,-0.0409493671237734,0.011787644915154,708.762083930118,0.8936277562703837,0.1380358179049199,15.367877980122548,0.00014255622415666386,sehat
0.4355098605155945,0.23602940142154694,0.3079100213452495,0.41060683131217957,0.24124905467033386,0.5108859429409023,0.3836424648761749,0.25791680812835693,0.8078671418573337,0.011855929375372486,1080.9870675583936,0.8543696252855358,0.11669630861229002,19.596195041923767,0.00014245017705050365,sehat
0.5155853629112244,0.28442078828811646,0.5171419089097997,0.4460590183734894,0.29893675446510315,0.8399473339343623,0.37372782826423645,0.3243091106414795,1.0396118410582431,0.11984536464126366,739.1236599919262,0.9337884681634597,0.2449103801041602,14.668732390581724,0.014377541203464341,sehat
0.6317467093467712,0.23844540119171143,-0.2862226593083737,0.5585277676582336,0.27032142877578735,0.09803032235708925,0.50260329246521,0.29983872175216675,0.29372192596845237,0.01999418089679623,656.5845044862033,0.9252527336072746,0.18813912212414438,14.395203520691148,0.00040819476099181504,sehat
0.43677160143852234,0.33569639921188354,0.3173894390505416,0.36073774099349976,0.32975512742996216,0.5536295612693642,0.2992601990699768,0.3177271783351898,0.8066978863321987,0.02014003048503946,1490.7170282185414,0.8935436765753019,0.16850674774515287,19.705223729945086,0.0004153702077972368,sehat
0.45156124234199524,0.22353748977184296,0.16720172219789484,0.452298104763031,0.23752188682556152,0.16006459509201984,0.311910480260849,0.22593536972999573,0.8283564626638588,0.01060509396621294,758.0270001200444,0.8851015286586016,0.10516674852908765,16.775043697821555,0.00011395465185251894,sehat
0.48334503173828125,0.27016595005989075,-0.3999013124786064,0.520828127861023,0.28811976313591003,-0.5130795141170504,0.3030090928077698,0.21174359321594238,1.177409043834079,0.023293202388608342,587.2917821161743,0.9378786048257116,0.17767942513029855,12.521523933544806,0.0005509698723475512,sehat
0.40768319368362427,0.18570026755332947,0.04236437366618304,0.4180613160133362,0.1852780431509018,0.05759791054116188,0.2734592854976654,0.13126274943351746,2.033555415093997,0.01771590718913422,322.32596919754184,0.9186860334609553,0.14552238878231996,11.736844278260449,0.0003193777286808527,sehat
0.25866222381591797,0.17852690815925598,1.2424035044672783,0.27848318219184875,0.17225795984268188,1.2764425609398875,0.24096201360225677,0.19525842368602753,1.544253946037933,0.013832036377963501,598.8407193122158,0.8475996621558904,0.09143176467285209,15.864347089325008,0.0001928634155566642,sehat
0.4648345112800598,0.25590983033180237,0.12438385654678077,0.41693294048309326,0.25242874026298523,0.31447632950168414,0.37196213006973267,0.2550371289253235,0.579609276781113,0.011605781008034215,894.5972710636233,0.8911467943995612,0.12422337342372963,17.33375802522496,0.00013794664771640664,sehat
0.6223345994949341,0.3239280581474304,-0.35829704151117486,0.6137415766716003,0.3273255228996277,-0.35463196211263975,0.5168983936309814,0.3921150863170624,-0.013092072617646352,0.15285085690657463,762.615749434678,0.9464120036885354,0.32402731969830734,13.383659679176041,0.023381771139401816,sehat
0.4947480261325836,0.27705585956573486,-0.1369064688417519,0.5015422701835632,0.300554096698761,-0.0982391256529555,0.4079623818397522,0.22818109393119812,-0.05131699867626488,0.014830692721813506,743.2612896592123,0.9286085423981424,0.13790377458188227,15.621232060629863,0.00022553672489049486,sehat
0.5631803870201111,0.27317360043525696,-0.4716616866531544,0.6023435592651367,0.27948683500289917,-0.7400960000615628,0.4524805545806885,0.3559434115886688,0.3619861857938458,0.06322654830645412,443.62624845946357,0.9564899000716812,0.19657552230549136,11.853678746032095,0.004004891182974286,sehat
0.4541381299495697,0.1965295672416687,0.1667095611995879,0.6417409777641296,0.17557808756828308,-0.7020663254505172,0.6906958222389221,0.31554967164993286,-1.0920163578329656,0.02908454144365209,336.5471560971185,0.9227360182175107,0.37367353257453334,6.971412439718345,0.0008684266694515969,sehat
0.5163869857788086,0.18243442475795746,-0.6747107420454118,0.59243243932724,0.22944612801074982,-0.6620184741889391,0.44595757126808167,0.32779645919799805,0.8178277220221806,0.034875221726941213,430.12415522121177,0.9298621901464195,0.2545547685318082,11.53930594477012,0.0012612151685304411,sehat
0.6648702621459961,0.23874759674072266,-0.7485481695206564,0.5788575410842896,0.2571403682231903,-0.6459411971319032,0.5469677448272705,0.26171398162841797,-0.4563282644109433,0.013548834078584232,430.52185193967716,0.9475130238384833,0.12910378460168523,13.085959205934385,0.00018722898634472498,sehat
0.7150856256484985,0.25325849652290344,-0.2536673664921152,0.6874588131904602,0.2687104642391205,-0.07896717731507849,0.651250958442688,0.2983120083808899,-0.04308214723812565,0.1937045378623209,244.6821865552374,0.9734919820038761,0.3924111819005715,7.508559441578314,0.03756956796954091,sehat
0.5119845867156982,0.20262715220451355,0.318272331046835,0.5497182011604309,0.17346487939357758,-0.20225289078517278,0.407953679561615,0.17215441167354584,0.5854885664490576,0.01300121382247306,392.44659866239107,0.9031319420145102,0.11768890730343602,12.880409670639963,0.0001716927521126611,sehat
0.47175341844558716,0.350330650806427,-0.12697657617465932,0.639611542224884,0.19828253984451294,0.04603396739303742,0.6084912419319153,0.3101699948310852,-0.43861956425416043,0.023765162983705873,701.0395253928282,0.8855306867764375,0.23498395989431117,13.63896429497648,0.0005732554279134883,sehat
0.35009217262268066,0.21975229680538177,0.5619392038603205,0.33074063062667847,0.21241867542266846,0.8015073761886874,0.3185245394706726,0.21097376942634583,1.0393041580041147,0.013336791268485276,775.5336558447649,0.8687591478602458,0.13728718260140588,15.190677407364534,0.00018150807921967884,sehat
0.6553590297698975,0.25806042551994324,-0.487486357239199,0.5399150252342224,0.295902281999588,-0.11812549118784599,0.4325640797615051,0.26575198769569397,0.5178227948884441,0.01392529814452293,624.1799659757213,0.9382214061860581,0.15751295254675662,14.220861812505712,0.00019814478494003068,sehat
0.4345415532588959,0.23455001413822174,0.17864126941092645,0.4706905484199524,0.24326516687870026,-0.18201762512060615,0.32177621126174927,0.2240990847349167,0.8647102608344307,0.009917155690173552,930.15185418596,0.8696218568487172,0.08547388474544619,19.070615935634557,9.943107585702295e-05,sehat
0.43948280811309814,0.28391098976135254,-0.13042361886159065,0.4897177219390869,0.2800026834011078,-0.07360554383121201,0.32604387402534485,0.1582353264093399,0.411730353809011,0.014346004079816434,361.2033843208955,0.9603301667591921,0.11538293536290199,11.969703396514776,0.00020842214520913702,sehat
0.6336196064949036,0.18687821924686432,0.03867882568749541,0.6831088066101074,0.19784241914749146,-0.3517144790926067,0.5116145014762878,0.30779990553855896,0.5798854625284063,0.03434876767695885,322.81960294879417,0.9374215962655309,0.2517569072574131,10.64719088649083,0.0012035140458635165,sehat
0.4635602831840515,0.25450122356414795,0.212910211040159,0.4825570583343506,0.2545252740383148,0.08244062599546177,0.3627539575099945,0.24836884438991547,1.0972836299244748,0.022460464629842757,822.5372099137552,0.8991685675231137,0.16075231517607666,15.297626128780657,0.0005101115830773785,sehat
0.4679131805896759,0.22238875925540924,0.29173492691589314,0.41445019841194153,0.22283345460891724,0.599580670680191,0.3520897626876831,0.21285587549209595,1.0350600469296216,0.012035262242169463,723.858264590936,0.8835856064956662,0.12352078427022196,15.49984504854018,0.0001471079587108816,sehat
0.6782079339027405,0.1822194904088974,-1.0211473089163177,0.5639062523841858,0.2146046757698059,-0.12503153315492269,0.46811264753341675,0.22762379050254822,0.2886873368135338,0.038946938769436376,215.23160248393148,0.9581720689890084,0.3158723207913238,7.239760094368505,0.0015534060938346115,sehat
0.19835200905799866,0.24938972294330597,1.4599397167327455,0.4266135096549988,0.16388961672782898,0.3037941068768784,0.4704195261001587,0.2978430688381195,-0.3481716294531432,0.08231225334854857,391.62893842729653,0.8778310013369296,0.45742906182589976,7.950518005577394,0.006835010415259875,sehat
0.6833139061927795,0.24599608778953552,-0.4407405981305716,0.6261157989501953,0.26343223452568054,-0.30188189987233804,0.5823962688446045,0.29927554726600647,-0.1669938807031379,0.028693396782137334,327.30273466465434,0.9624194731985413,0.264601093568775,8.854597863079212,0.0008443810937848012,sehat
0.5151028633117676,0.1849920153617859,-0.7940664395572954,0.5128059387207031,0.22468671202659607,-0.6556227361304271,0.49010321497917175,0.3005281686782837,-0.2610485939908898,0.06312181102885984,210.43871031847598,0.9634534397786038,0.4581285308173511,6.378015566768749,0.00403127384419216,sehat
0.4218457043170929,0.2547928988933563,-0.0753121839782846,0.4568706452846527,0.25568386912345886,-0.30025478929593047,0.28222399950027466,0.3106994032859802,1.0317185059143636,0.11476231296134028,478.3772544447577,0.940787098822535,0.19147911798421313,13.389848189370783,0.013177381707099875,sehat
0.5380454063415527,0.28517037630081177,-0.30462589813464896,0.5533450841903687,0.295585960149765,-0.4347351953835416,0.5336031913757324,0.28765618801116943,-0.16550533348988486,0.020944212345640856,569.3215623535388,0.9471040654446182,0.2004605694334737,11.961290273790324,0.00044739008906697513,sehat
0.42024558782577515,0.18700717389583588,0.44502148531373126,0.5515395402908325,0.21210499107837677,-0.3805503675718985,0.46141403913497925,0.1933101862668991,0.07382389006827074,0.009201672656167932,943.7307704539836,0.8064773754325967,0.06711540938796369,21.35852573203785,8.548892468392842e-05,sehat
0.5031149983406067,0.1636837273836136,-0.411449645800335,0.5672847032546997,0.19215984642505646,-0.46610164693337813,0.5622859597206116,0.30965766310691833,-0.12332388917228458,0.017933657650261645,393.2122382624406,0.9184581063876879,0.18485832063949914,11.75434979445935,0.0003300330917300859,sehat
0.5173301696777344,0.30068737268447876,-0.021939185735019493,0.5739317536354065,0.3031039237976074,-0.30164877189631195,0.45321938395500183,0.2878059446811676,0.5555525990512514,0.034602403385745835,889.3861705650564,0.9230360085437502,0.17413178746829838,15.984219187862296,0.0012037698487670269,sehat
0.6847014427185059,0.24250774085521698,-1.207535787327307,0.7016751766204834,0.23448751866817474,-1.238297874759143,0.5019362568855286,0.2372758984565735,-0.038760806528346126,0.014514599857364864,1118.2590519650098,0.8419469134359369,0.1246514995837229,18.763525013508453,0.00021341894032443775,sehat
0.41381144523620605,0.28366121649742126,-0.12711383980650273,0.4600706696510315,0.28229987621307373,-0.2082370607893627,0.3721134066581726,0.21498462557792664,0.062291007069844556,0.01627999727320469,898.8630575776501,0.9077927242354784,0.1267183757553312,19.0334650853133,0.0002688126186993493,sehat
0.6560028791427612,0.2926918864250183,-0.6013246762726209,0.6828604936599731,0.2878110706806183,-0.7607027199030933,0.5533197522163391,0.3639049828052521,-0.03319998759949957,0.037863500188232875,897.4244768741473,0.9168987564483051,0.2268713524902907,15.668883250643388,0.0014448784432699992,sehat
0.7505929470062256,0.22504712641239166,-0.42305811666723037,0.5925276279449463,0.3019030690193176,-0.10100179931772549,0.5895246863365173,0.2369954138994217,0.2591681969199018,0.027524920335813035,1102.71776901081,0.8822074721726773,0.24029838588858224,15.340877686298589,0.0007732269821708855,sehat
0.5606343746185303,0.23644988238811493,-0.5843473395416187,0.5576218366622925,0.2359151989221573,-0.7002239173684061,0.522037148475647,0.28402531147003174,-0.28605115186892127,0.016188235914666577,1022.0115191603294,0.8465663724902069,0.1803327347550835,16.991920476834892,0.0002691286136151794,sehat
0.661009669303894,0.2782494127750397,-0.4958358322369635,0.5707641839981079,0.28264978528022766,-0.18718109895360568,0.5016801357269287,0.2749921381473541,0.05466326690274971,0.011830680885049655,935.2997100869749,0.9058720654639426,0.11875405009965771,17.276692427882868,0.0001423137681279309,sehat
0.4177619218826294,0.2539457380771637,0.1818573036726004,0.502772867679596,0.25792214274406433,-0.05257571792874682,0.4444783329963684,0.23662225902080536,0.23699517359394318,0.03408172470301162,887.6576135561272,0.8837867091250412,0.14826905407025046,17.10309902255278,0.001164601402844559,sehat
0.4228033423423767,0.24423760175704956,0.27119133036157667,0.41318637132644653,0.2343498170375824,0.34458668490548344,0.4310245215892792,0.22537408769130707,0.40645440217540024,0.011519868932360768,736.3747457058827,0.8977509739048785,0.11144090441086545,17.215345243013612,0.00013531670180910594,sehat
0.49508339166641235,0.24457089602947235,0.8033007146320256,0.39215049147605896,0.2945476472377777,0.8393961894873051,0.3482818603515625,0.3222772479057312,0.7667964028791423,0.02286176230259188,490.05880073671284,0.9514691224655545,0.21525033988471776,11.127556460882188,0.0005357585937881767,sehat
0.6306451559066772,0.11828968673944473,0.21165656130188612,0.7690448760986328,0.13888221979141235,-1.5873426772103416,0.3240288197994232,0.12484893202781677,0.8454442953607375,0.021807703632162223,251.32098899030564,0.8060211421241118,0.13929153710033534,9.885717076682935,0.00048186369512396486,sehat
0.33593302965164185,0.28182363510131836,0.8911138236899977,0.3388536274433136,0.2756563127040863,1.1008105871620062,0.34921973943710327,0.2697475254535675,1.1861699534168755,0.022446648341319205,752.8685331221999,0.9231918576751529,0.19109147195419562,14.469679987515264,0.0005117694282476543,sehat
0.3645409345626831,0.279436856508255,0.3528668617151311,0.3359338343143463,0.2682940363883972,0.45874821579508906,0.2843511700630188,0.24656942486763,0.9221728126952619,0.039810676009713504,1270.397179157894,0.8633576325000926,0.15166930855888838,20.90403370030001,0.001609799057605339,sehat
0.5046185851097107,0.2272031307220459,0.013020908625327588,0.5310938358306885,0.25322285294532776,-0.09455265692652715,0.37716129422187805,0.16289420425891876,0.9529557328099842,0.013094673670571544,541.7209842367375,0.9219276300460555,0.13601575188253467,14.63862069541941,0.00017398487394728904,sehat
0.5565456748008728,0.2688145041465759,-0.11821084018750945,0.4800562262535095,0.26550954580307007,0.06170113776338453,0.3814334571361542,0.2576972246170044,0.43091268944221855,0.020552135036433397,912.3809102047616,0.8979960819159145,0.13706053151862985,18.722054453006535,0.0004251720125098742,sehat
0.3682267665863037,0.2543531358242035,0.5671754903188233,0.3634646534919739,0.2327568084001541,0.43723484619143255,0.34497177600860596,0.2004024237394333,0.9091401514535679,0.016952455301701363,438.9208733074075,0.9320001207498745,0.19376304801139935,10.00574773054772,0.0002949664491293982,sehat
0.32746195793151855,0.16576053202152252,-0.11006847791312048,0.3812471032142639,0.20371869206428528,-0.1076473627545597,0.21353864669799805,0.10929363965988159,0.28094904938330506,0.012295281971754802,359.47609611394836,0.9098588608665353,0.1119402117941496,12.620447766052223,0.00015399177230599893,sehat
0.3711604177951813,0.2525944411754608,0.5622434109278905,0.28382810950279236,0.20867204666137695,0.765631912593197,0.21394234895706177,0.17638424038887024,1.2692983522344747,0.013717419637290085,643.7182095978014,0.8937064761705824,0.12122500342162489,15.56612425795687,0.00019193354335714834,sehat
0.714952826499939,0.21647924184799194,-1.0525687022922552,0.7093544006347656,0.20205800235271454,-1.154200144231289,0.5356419086456299,0.2825741767883301,0.34492177473110974,0.08972776986872939,703.8898140516004,0.8722858204501686,0.34031304057154976,12.97084441755942,0.008073023015823544,sehat
0.3831360638141632,0.2228277623653412,0.5110982542691227,0.3981807827949524,0.205466628074646,0.20130095960402836,0.37018370628356934,0.2299036979675293,0.47611578737573435,0.009890148096165974,843.5587713396421,0.8439100126187613,0.09141397033433285,18.856252999696025,9.970092272405394e-05,sehat
0.633329451084137,0.18332579731941223,-0.07203564576997543,0.6686285734176636,0.16932739317417145,-0.5627513040692217,0.45025432109832764,0.21578676998615265,0.969243643033518,0.01658202882638062,510.55526062675926,0.8730813836807979,0.10831380422358362,14.997987285529854,0.0002789142591197577,sehat
0.619598388671875,0.23487108945846558,-0.6050916202090171,0.5934884548187256,0.23786835372447968,-0.4958169001375133,0.5645204782485962,0.2586386203765869,-0.2309399740370713,0.03771101434760154,759.3668794876185,0.8956192179154002,0.2106058459834408,16.055360477612734,0.0014320192248912335,sehat
0.42277246713638306,0.33474281430244446,0.0688937076281456,0.3781883418560028,0.31810906529426575,0.08695660216743184,0.2824946641921997,0.2551090717315674,0.3202754548258722,0.08437394511994734,715.3277049136337,0.9444300653747999,0.26976910116201436,14.562395555104231,0.007188596482508261,sehat
0.5269191861152649,0.24450677633285522,-0.6404526045525878,0.5727354884147644,0.2453603595495224,-0.9556103421513056,0.1930425465106964,0.19852958619594574,2.342761911226074,0.016153167605549027,719.1233319883173,0.8949167707126463,0.13232621931288208,15.368172433405178,0.000265000733099237,sehat
0.501517653465271,0.2089952975511551,-0.24922535981385083,0.4260888993740082,0.18899905681610107,-0.27079252972280016,0.36579036712646484,0.24145464599132538,1.106477402610801,0.012186409985724069,971.7218606733196,0.7855035589159755,0.12843837376585956,20.977158525572474,0.00015073943864809126,sehat
0.4323181211948395,0.22769904136657715,0.5628329544805514,0.38255825638771057,0.23145385086536407,0.7742301867921932,0.3520488142967224,0.22857530415058136,0.9753189871146907,0.016889620125062878,446.94830815872064,0.9346511085295454,0.18938180831855636,11.734754439951965,0.0002935987703837924,sehat
0.6210429072380066,0.22804273664951324,-0.08758495665442025,0.5952969193458557,0.21773353219032288,-0.166878823667142,0.41465985774993896,0.25174203515052795,0.6465278481034405,0.011756069905845613,701.8622974348228,0.8902878933183832,0.10320053355006238,16.97065576758351,0.0001401092762588718,sehat
0.7774558663368225,0.27911752462387085,-1.210468974815916,0.7928817272186279,0.27185773849487305,-1.405673513060679,0.7446241974830627,0.29979079961776733,-0.8156061410869223,0.37043827539575475,468.9182076286004,0.9527846622207402,0.49756897179423415,7.888443107588102,0.13725987752899524,sehat
0.4946577548980713,0.30632850527763367,0.12305364557004579,0.39602357149124146,0.2792431116104126,0.3885367868608012,0.34734907746315,0.26933538913726807,0.4604349790509634,0.026163314802599796,497.56178616956845,0.952681823900372,0.2589144166733401,10.602654429694693,0.0007054937660411689,sehat
0.6449247598648071,0.16980081796646118,-1.248148492722524,0.6092277765274048,0.2519116699695587,-0.6763563837565625,0.5874717235565186,0.3216419517993927,-0.3827746675968451,0.018260539869519678,455.051889674165,0.932622586511576,0.15833339183208825,13.069405145904321,0.00033971693145856875,sehat
0.43782901763916016,0.18845508992671967,0.4150791985763127,0.4538067579269409,0.17358233034610748,-0.3806381937817402,0.2404182106256485,0.13926826417446136,1.2277417308041358,0.01185993480524084,508.56451744757396,0.8205321383994058,0.08538984551483834,15.758659126294459,0.00014282656958756364,sehat
0.40760207176208496,0.24536284804344177,0.4791042457327551,0.3526291847229004,0.20330356061458588,0.5862976850542659,0.21235041320323944,0.2056615650653839,1.066115269875457,0.013784964145385067,515.6300127522782,0.9128591211009282,0.1400957696998739,12.605893790556253,0.00019361604450407696,sehat
0.37003418803215027,0.2213837057352066,0.8143415298841332,0.41235166788101196,0.23057591915130615,0.5131069472342003,0.271470844745636,0.2099735289812088,1.532142761520637,0.0129767016358383,646.7513741574081,0.8984511232072364,0.13728495365540946,14.511107771853398,0.0001712060991419256,sehat
0.36649444699287415,0.2825079560279846,0.30199268174143684,0.40017178654670715,0.28365081548690796,0.14429260176178155,0.330208420753479,0.29569706320762634,0.6994125861209396,0.06228766248548023,477.22903927592284,0.9532684537638665,0.26001732020602236,10.861675809824744,0.0038918202707420037,sehat
0.5938218235969543,0.342898428440094,-0.2097764761813001,0.5265797972679138,0.33694925904273987,0.05083088784689239,0.41102033853530884,0.34474682807922363,0.5040346748625768,0.07846244461346502,818.0604826547172,0.9444507266357345,0.270702823546954,14.619810137292353,0.00616353741290503,sehat
0.4167086184024811,0.32517632842063904,0.6119903816803772,0.39291834831237793,0.31525304913520813,0.7263040193214941,0.41616949439048767,0.31501346826553345,0.6164658459541587,0.040323290706340914,345.72931692671426,0.9737134983714452,0.3225634425771701,8.90469432102581,0.0016535768020527013,sehat
0.569620668888092,0.21308943629264832,-0.6943149576707771,0.5558529496192932,0.22692331671714783,-0.6485155688776604,0.4529183506965637,0.25394758582115173,0.4263088261873118,0.03759567582528595,423.8273140994559,0.9339418316264086,0.24982204160379648,11.210215392062034,0.0014272751511619764,sehat
0.4796566963195801,0.23341713845729828,0.531513603651173,0.4142032861709595,0.21044662594795227,0.7224993380223513,0.41656213998794556,0.16827981173992157,0.8369965305549301,0.016802108280915162,762.881873757283,0.8661599628876623,0.1551467010172485,15.733927604074083,0.0002887475256578873,sehat
0.8975996971130371,0.21208663284778595,-2.320574537720059,0.8988842368125916,0.21014899015426636,-2.3397733060948207,0.890283465385437,0.22351323068141937,-2.254768467464141,0.4465673993682666,2155.6587872090386,0.6334257700861248,0.5340724070787889,20.341512888821978,0.19959362286025936,sehat
0.4951109290122986,0.25974297523498535,-0.04165012677046152,0.4907240867614746,0.26144683361053467,-0.11145478625274892,0.26144877076148987,0.1389482319355011,0.7985094846285279,0.022936513125799057,483.4498144323183,0.9369439396396771,0.21801251416200507,11.879110298345239,0.0005389334514047285,sehat
0.4675906002521515,0.2368776649236679,0.2712570110096603,0.436051607131958,0.23387891054153442,0.4236410407559912,0.4088205397129059,0.2321549952030182,0.5374795732647686,0.015510536197908195,332.12681073720506,0.9533510982299611,0.18728080252944826,9.823036727257337,0.00024575605628764715,sehat
0.13500738143920898,0.14941562712192535,3.6356942549872975,0.15116572380065918,0.14677613973617554,3.3326745879936515,0.1738218069076538,0.1425403654575348,2.812484835164448,0.043114405156599735,140.38458710820694,0.9502093607609144,0.3809169127641887,4.376188484700777,0.0019105612910395343,sehat
0.4338825047016144,0.2716135084629059,0.5927878927050667,0.4175146222114563,0.28327104449272156,0.6950227260237759,0.4038684070110321,0.29064637422561646,0.7731896538300699,0.013532820468146295,1109.230319990014,0.8908897742944646,0.12677685810620656,19.32530702726753,0.0001877741366239404,sehat
0.4849987030029297,0.11817983537912369,-1.231624338893747,0.6485934853553772,0.1677984893321991,-1.5445589161861362,0.633209764957428,0.2954263687133789,-0.5826681035938462,0.1132391589447615,272.4290277911209,0.9159878771820648,0.519663639118161,6.133002845077242,0.012960106278693375,sehat
0.4638030529022217,0.23958714306354523,0.21553259064820252,0.4632945954799652,0.2402055710554123,-0.0007190080111990075,0.4285496175289154,0.258007675409317,0.37907704254922137,0.027215789731325477,424.62960105321014,0.9425639920812913,0.28180295787214654,9.133667761948486,0.0007514494127054124,sehat
0.519314169883728,0.2735743820667267,0.14824840326040525,0.5034363269805908,0.279161274433136,0.21999555545761984,0.4977053999900818,0.2843899428844452,0.21256588656855088,0.01270036159057271,982.7571251659116,0.901839764613129,0.1248233390874635,18.326787886826217,0.00016589542044577357,sehat
0.49556154012680054,0.12268967181444168,0.032923748292786284,0.5823224782943726,0.12461850792169571,-0.7172023565069834,0.44982218742370605,0.14789660274982452,0.5848697641725467,0.014062877054144421,450.6352034812764,0.7699762188153539,0.0789642578813141,14.944871876772185,0.00019953890437287872,sehat
0.39044642448425293,0.18283773958683014,0.20943163746042912,0.3646630048751831,0.17959043383598328,0.36106536581326976,0.2953796088695526,0.18554405868053436,1.0574969063175153,0.01655766093745886,247.38515290607083,0.9401501799182833,0.18979721777539052,9.22730689949278,0.00027975238519111113,sehat
0.4993719458580017,0.1545179933309555,0.0586455143772153,0.5918537378311157,0.1854264885187149,-0.4227250388501966,0.548418402671814,0.35672369599342346,0.2718557266481926,0.027820487380347713,314.7254611057123,0.9319159542981686,0.2648956888582566,9.792518341686682,0.0008000771168111322,sehat
0.32667285203933716,0.10926885157823563,0.05626035118403442,0.44891518354415894,0.1338050812482834,-0.4974235420819517,0.3990531861782074,0.09306015074253082,-0.12211524745877468,0.019836580164043275,197.8573452690165,0.8872541385726791,0.16561609611000547,8.906387469792193,0.00040060846985764693,sehat
0.5039735436439514,0.32825881242752075,0.2979126891824204,0.4606438875198364,0.3240276575088501,0.3406334510163002,0.31823647022247314,0.3521212935447693,0.9017647146124316,0.051796594389478534,372.0256690358597,0.9726513501786959,0.308415829804903,8.5658790997912,0.0026909592679939583,sehat
0.31048351526260376,0.2038693130016327,1.0243513738273249,0.25318482518196106,0.19186392426490784,1.2602272944143698,0.21081101894378662,0.18830060958862305,1.5002422210981468,0.013460240751532812,853.2430274452981,0.8242819495043722,0.10229544341572444,18.12963475075317,0.00018444414167217266,sehat
0.46801239252090454,0.2771144509315491,0.77629128854274,0.47263893485069275,0.28088778257369995,0.6233655349103123,0.45824113488197327,0.2828943431377411,0.8450830850704911,0.03015886782123146,682.0369720767688,0.9321356636656347,0.21375323427104662,14.264363609675089,0.000926927863862413,sehat
0.40176957845687866,0.27674034237861633,0.5832236786950941,0.4593679904937744,0.2247650921344757,0.2510217914943707,0.3634788990020752,0.2248000204563141,0.6922168022039641,0.011511350740594638,658.4857367572828,0.9103004596688867,0.1117179715811909,14.802783946332028,0.00013410463957357305,sehat
0.5212652087211609,0.3085339367389679,-0.1508298347003151,0.4731277525424957,0.31577885150909424,0.025657708255938667,0.4281631410121918,0.3063887059688568,0.25374718900208254,0.015130353618629864,991.3954672201081,0.9209830925422303,0.15555890851539866,18.079271044192875,0.00023385783166003434,sehat
0.46789905428886414,0.24577274918556213,-0.39979454974907885,0.5210884809494019,0.2789331376552582,-0.4428789572029788,0.3556138277053833,0.17651760578155518,0.27596933844167343,0.01731985968943615,280.5856796128668,0.9669136843242084,0.17885695591461834,9.08225993447228,0.0003070634645845876,sehat
0.6678311228752136,0.2524169683456421,-1.3465865669859551,0.5564870238304138,0.2486731857061386,-0.6407747786026227,0.4121251702308655,0.2297300398349762,-0.02639187330199554,0.06093361598435521,994.0038038624666,0.8664785532777733,0.1179190775287784,21.383183201402726,0.003718381924927429,sehat
0.795744776725769,0.1417856365442276,-0.6610532000406931,0.7386597394943237,0.17960882186889648,-0.8661146676238356,0.6967543363571167,0.20680557191371918,-0.8713248239179188,0.0271273010127266,125.62047560227745,0.9662007053606186,0.2877221868115058,5.749351114832251,0.0007550202961928679,sehat
0.5387675762176514,0.2337101846933365,-0.07543456226614423,0.45844995975494385,0.2147081345319748,0.5096767576332699,0.3465343415737152,0.23902790248394012,1.1708653890432787,0.011817745172519207,624.1000340621275,0.8941905305496668,0.12266918502609399,15.715628850523212,0.00014150411373111289,sehat
0.5457279086112976,0.3377220630645752,-0.3551698695146794,0.5359999537467957,0.3375336825847626,-0.32607603404665253,0.516398549079895,0.3452569842338562,-0.19937506963674376,0.03748755301759562,621.5444504197454,0.9581484712426728,0.29085224309354135,11.682573649384901,0.0014217226702475875,sehat
0.494449257850647,0.2877504825592041,0.46704339074273965,0.49455079436302185,0.29912668466567993,0.4101444118656862,0.37984469532966614,0.338287889957428,0.941912036195634,0.08964520108053504,267.1799944722429,0.9766042496715898,0.2916371770359585,8.6911055899375,0.008041567126980438,sehat
0.35529014468193054,0.2964600920677185,0.8209253008861899,0.44010108709335327,0.2935887575149536,0.11048926315529899,0.28205472230911255,0.292805552482605,1.329626238975426,0.025217874573754986,1001.1119740714744,0.9064685837313707,0.16538761629377763,18.910597926711038,0.0006478644924273082,sehat
0.5799164772033691,0.2585145831108093,-0.5886716960412266,0.5304268598556519,0.2518535852432251,-0.3710717376722745,0.47002583742141724,0.2405812293291092,-0.06372449515832708,0.018916916938645344,342.1232701930633,0.9582804486322553,0.2111882540284397,9.893696207872358,0.00036677967979359595,sehat
0.5054910778999329,0.19367600977420807,0.04992495251805729,0.4670444130897522,0.16227276623249054,0.012136109877500616,0.3725244104862213,0.1490105390548706,0.6187729809350067,0.018424176101125404,196.02358752818205,0.9457241601156481,0.18729072644438208,8.37657276728069,0.0003503498689380346,sehat
0.4201628267765045,0.27530637383461,0.5254382126197404,0.4423113465309143,0.2793049216270447,0.290987036238798,0.3763570189476013,0.2774054706096649,0.9905860742857643,0.047305783551174395,266.7666173558293,0.9732184725327132,0.2806173304704978,8.45468554476743,0.0022567966390111553,sehat
0.7566747069358826,0.2796449065208435,-0.8109034399454852,0.735467791557312,0.2833828628063202,-0.47464644850927146,0.6834354996681213,0.3290271759033203,-0.35040593451606267,0.36361659468516905,601.587863942732,0.9431553742039168,0.4757929836733709,11.172600920632377,0.13226412909940097,sehat
0.5893701314926147,0.2691502273082733,-0.5860764642566042,0.5881718397140503,0.24495671689510345,-0.6992397899865122,0.579860270023346,0.2286023646593094,-0.567165618326401,0.013107158642253638,937.8570742685437,0.8832899853228215,0.1159948385738205,18.59133652226945,0.00017406283437251555,sehat
0.46800532937049866,0.24132004380226135,-0.6407778967660176,0.5795650482177734,0.2213081419467926,-0.6638671506616703,0.6084334850311279,0.3026473820209503,-0.43562644902406505,0.02869051216564791,333.4565969572501,0.9491755128619473,0.30750074678737344,8.901296940680979,0.0008554522225297716,sehat
0.4573146104812622,0.25172892212867737,-0.19430108472373162,0.4156351685523987,0.25358036160469055,-0.07064709702629256,0.3776789605617523,0.2481074035167694,0.3667687844582502,0.016099042923109323,551.6595089897563,0.9327415928289748,0.17470607944748887,12.746923317072955,0.00026437064647615456,sehat
0.5056275725364685,0.18979977071285248,-0.2501933591055255,0.4513885974884033,0.202338308095932,-0.07403190564912059,0.4262303113937378,0.1944417953491211,0.03745236224763089,0.013631313720453467,284.32489057286006,0.9434962870503109,0.14623473482315516,9.838059506863088,0.0001893871569186913,sehat
0.7340075373649597,0.27726030349731445,-0.7510555231692486,0.7154868245124817,0.2996678054332733,-0.6216753820981193,0.7087386250495911,0.3457337021827698,-0.6964981582239598,0.11950644076933664,560.545606349729,0.9492045339614227,0.34102866282329414,11.862704382130637,0.014321434630591164,sehat
0.37958505749702454,0.1988561600446701,0.450933042179666,0.43565958738327026,0.2513527274131775,0.019517484034287783,0.514787495136261,0.3593895733356476,0.11676032057739492,0.037157538646319474,562.7270028057104,0.9261715556315534,0.2991090650752433,11.90160554066452,0.001410574367922855,sehat
0.4581526219844818,0.22539561986923218,0.5771988862692664,0.46973472833633423,0.21931171417236328,0.358880441400904,0.4718964397907257,0.2738293409347534,-0.028755426735444956,0.016790191536742164,668.7072136889415,0.8936494886997101,0.17456503495838596,15.609355643726571,0.00028719066196143385,sehat
0.48827245831489563,0.2742886245250702,-0.02131748974186642,0.43411731719970703,0.26089322566986084,0.2400343112419801,0.383441686630249,0.2584861218929291,0.5009233073982992,0.008977198151508672,1401.7193801665962,0.8442974401168278,0.09516315896223641,23.299461852796465,8.313621610583941e-05,sehat
0.49527105689048767,0.24389302730560303,0.11078398038122549,0.38559967279434204,0.2659832835197449,0.7560218141014237,0.33462169766426086,0.29916608333587646,1.2147126724327417,0.018896988128213738,474.46015830123775,0.9442966158626388,0.19955801987194477,12.26885952241633,0.0003648426775890311,sehat
0.4380935728549957,0.2203485667705536,0.16814840939185322,0.46248355507850647,0.25104859471321106,-0.12720487914692333,0.40910694003105164,0.31900545954704285,0.3193806713523198,0.07293425324990538,628.2680233637387,0.9199240265068247,0.33537371397028476,11.659071635972523,0.005338396282556811,sehat
0.608677089214325,0.1420275866985321,-0.6008438732747347,0.6191922426223755,0.17621426284313202,-0.9551233998344228,0.529722273349762,0.31144577264785767,0.036204331328881,0.02667739343179346,269.5262837923378,0.9308575287459308,0.3023341572966317,7.34591476074899,0.0007285198593408818,sehat
0.41383856534957886,0.27059227228164673,0.05367593979692865,0.40159884095191956,0.26638510823249817,0.09373105305301233,0.38242167234420776,0.2361830323934555,0.31237278093569265,0.015560743083693816,706.4203297717377,0.9175794136089371,0.14222987979064486,15.988040667197183,0.0002489595632887948,sehat
0.523585319519043,0.15974263846874237,-0.3733141960907013,0.5529860854148865,0.1883317530155182,-0.5792456794425589,0.4001238942146301,0.15208770334720612,0.1106812368092363,0.01603474080655666,586.854422473335,0.8311094330021441,0.10429234150186682,14.92776343458412,0.0002592227988172331,sehat
0.43338602781295776,0.292100727558136,0.33966310198214034,0.3839729130268097,0.26012104749679565,0.395505670161808,0.36917638778686523,0.2571871280670166,0.3406942245234171,0.01712154817546016,567.2883636206524,0.9379517167849903,0.22087747583510456,12.489043764358087,0.00029917763287006703,sehat
0.38539472222328186,0.3139123022556305,-0.028622900961045333,0.44333624839782715,0.36815762519836426,0.08802078449306305,0.3662555515766144,0.3772188723087311,0.8639476314845183,0.07114768205909387,633.6880044134175,0.9595467569509525,0.34916155989891046,10.405648404566,0.005080588126701227,sehat
0.4634805917739868,0.20265187323093414,0.33889717861063345,0.4330920875072479,0.22322633862495422,0.3708476538086619,0.37129175662994385,0.2327428162097931,0.8607111682902194,0.009318635307453785,673.9785745130072,0.8887196719056861,0.07150742015139376,18.14472694014355,8.767690526673209e-05,sehat
0.466592937707901,0.21371082961559296,0.3612881933414629,0.4623569846153259,0.2204374372959137,0.5086896502244298,0.43283069133758545,0.24904264509677887,0.7868854426867755,0.011385415254218698,508.5150986509274,0.9192729125247219,0.1085620185586889,14.473259295575138,0.00013164503589940574,sehat
0.29566076397895813,0.14631734788417816,1.4822274620391505,0.40443846583366394,0.16307133436203003,0.1331004422884528,0.6183502674102783,0.2284185290336609,-1.0994952382985184,0.0696268221987116,248.82655906318087,0.9256405421349969,0.4600275250229138,5.281715898543291,0.004905833839717131,sehat
0.5195499658584595,0.18847422301769257,0.07291940662141418,0.6025999784469604,0.18858453631401062,-0.5496879193054197,0.39087340235710144,0.30461516976356506,0.7678588373145232,0.016800145647524026,667.7674678864919,0.8662442085641305,0.1453898691053003,16.885209362644673,0.00028802260403246557,sehat
0.5510104298591614,0.24318647384643555,-0.794057548550505,0.43410077691078186,0.2295769304037094,-0.13829352312005455,0.31851619482040405,0.22205033898353577,0.450816623490944,0.06491769403408593,584.7820690983979,0.9135873777400997,0.19513524829691972,13.59435494857228,0.004222185867144099,sehat
0.4552367031574249,0.2135508805513382,0.5341276526422638,0.48735547065734863,0.23288889229297638,0.12197791348892836,0.3744125962257385,0.32368916273117065,0.6320557528685781,0.01144701511397525,534.3866243392871,0.9224276893872596,0.12341919936836195,14.600213552409551,0.00013290985819227745,sehat
0.2791757583618164,0.19246850907802582,0.6974926723778092,0.28539952635765076,0.19891983270645142,0.6557602541573491,0.30050599575042725,0.19526009261608124,0.6226449556511792,0.030060720562076315,224.12629370845195,0.9545413941515499,0.23235489384460906,8.466497484403801,0.0009241720568070479,sehat
0.6199898719787598,0.3196224868297577,-0.10333109033188881,0.5576821565628052,0.35168322920799255,0.12883584621639235,0.48470133543014526,0.3955564796924591,0.3236724560454599,0.2282640256451592,591.1869847031161,0.9616112524025543,0.34918063297147683,12.152398752728972,0.05212451934555773,sehat
0.47871994972229004,0.18095962703227997,0.4152069413935316,0.2878630459308624,0.21842388808727264,1.198746281245173,0.25227421522140503,0.22088077664375305,1.2921425743322232,0.08039842425964384,679.3743402244686,0.8662571520134081,0.2980505111267741,12.193142193382146,0.006490309163202879,sehat
0.8512687087059021,0.28500896692276,-1.6040898690632122,0.8644332885742188,0.2614325284957886,-1.558497783213519,0.8622714877128601,0.26523882150650024,-1.5641883433742036,0.6976402109547739,285.05202629687665,0.9697769033442157,0.7490550559917963,4.747665741673796,0.48672132249464967,sehat
0.6047071218490601,0.32845184206962585,-0.26162516754015636,0.5718929767608643,0.3401951491832733,-0.12588921584115037,0.5321635007858276,0.3570909798145294,0.011445178481699663,0.1566732118978809,1027.5448973322564,0.9301319517834302,0.30198894946943844,16.595864785474273,0.024561195424475723,sehat
0.37513312697410583,0.21062615513801575,1.1126073821693592,0.42056459188461304,0.1974053531885147,0.7844648592794276,0.28080666065216064,0.26310351490974426,1.2196928540164385,0.0162915128109148,788.6446691993874,0.856694163669164,0.1276351733097881,16.656570859308797,0.00026802783185270423,sehat
0.5130535364151001,0.22584812343120575,0.282824542877046,0.45698487758636475,0.2390754073858261,0.4496052433939876,0.384783536195755,0.255338579416275,0.646772900634495,0.010529350103800341,645.2879194953965,0.9100407532722509,0.10440933666542764,15.989108955444008,0.00011232951150752528,sehat
0.5190941095352173,0.1451382040977478,-0.028048882496380538,0.47861582040786743,0.17152993381023407,-0.35930129683144135,0.23997193574905396,0.11540935188531876,0.8217001239597492,0.01643357122190495,261.1196568439649,0.9001259265120513,0.1395812431911795,10.105200987006684,0.00027613210072110215,sehat
0.4295606315135956,0.3233049213886261,0.07020182360468023,0.4088456332683563,0.32314959168434143,0.2127014942762284,0.40476348996162415,0.32384148240089417,0.2708293278091423,0.18596713617226548,716.8551302307404,0.9468628265672777,0.3541215536661009,12.298526518323717,0.034622187685007265,sehat
0.5710843205451965,0.3022032678127289,0.2014101014363536,0.5601251125335693,0.30909496545791626,0.26945534058893583,0.536859393119812,0.3180965185165405,0.49825311511027043,0.13971506435090403,330.39405951343696,0.9731768660509855,0.32788320793359094,8.325241557167315,0.019530755431458748,sehat
0.6784666180610657,0.3036263883113861,-0.6498922812396798,0.6687279343605042,0.3117351233959198,-0.6348556718235395,0.6264640092849731,0.3171449601650238,-0.32271392216879397,0.14560195139303875,383.27997287948665,0.9691519078346068,0.38095915418969833,8.156695610072285,0.02120655145794498,sehat
0.4541563391685486,0.203722283244133,-0.011478064343660251,0.4486619830131531,0.20428681373596191,-0.06294586678751973,0.26271334290504456,0.17969436943531036,1.3783129785157624,0.010651367698224017,618.04099775191,0.8758830183947298,0.09979754819853508,16.13724311393418,0.00011512171081980183,sehat
0.4310956299304962,0.2799777686595917,-0.15932961850241778,0.4032914936542511,0.2710762023925781,0.06848678872332387,0.3838559091091156,0.2631206512451172,0.3492677486989115,0.030539208341871366,548.2132318484857,0.9431177443812909,0.20665562565268528,12.613043381288032,0.0009448124710789898,sehat
0.6182959675788879,0.1711180955171585,-0.3252082409506956,0.5411070585250854,0.1963539868593216,-0.01854420455151882,0.5052971839904785,0.21592821180820465,0.18231790040193116,0.015744441468052473,477.75881991749196,0.8955264762019323,0.17919136883161868,12.104717529149214,0.00025261151281414626,sehat
0.4869937300682068,0.1458657681941986,0.06450761978388526,0.47624194622039795,0.17012406885623932,-0.5666041429512868,0.23119431734085083,0.13119307160377502,1.0243458973643116,0.014424957450478565,436.11040387158147,0.8452865473453812,0.10736532561461794,13.368917398114968,0.00021089088963251613,sehat
0.5205066204071045,0.2507057189941406,0.1419735492829983,0.48830610513687134,0.25752750039100647,0.04840832606357403,0.509390115737915,0.2450745552778244,-0.0815385088929073,0.008140480989135555,1559.5571022247993,0.8107972382873632,0.06814374257535756,27.622595063412287,6.724889092645497e-05,sehat
0.3741125464439392,0.2672427296638489,0.01983763927205591,0.3811889588832855,0.2138826549053192,0.505844802417574,0.3434806764125824,0.20573191344738007,0.0607983172322887,0.12572000627264285,1004.8868776963224,0.8287844215710813,0.24712100680895954,17.43440769777835,0.01581705343056233,sehat
0.4284076392650604,0.11078750342130661,0.2748411629280021,0.3637566566467285,0.10676111280918121,0.02271791822945255,0.21890056133270264,0.07814717292785645,0.5109226749053752,0.016037499793127713,315.3575221899179,0.766140358076092,0.10697574741882886,12.37349653603683,0.0002605737269768546,sehat
0.43785566091537476,0.2572149932384491,-0.09435349618318957,0.44959697127342224,0.24524791538715363,-0.05397735531635868,0.43139970302581787,0.25313857197761536,-0.0021279154635122015,0.01109056775555827,1041.8571784871433,0.8712142450067747,0.12068301743439365,19.308364816160285,0.0001270001564724628,sehat
0.5810945630073547,0.38808107376098633,-0.2601580833111709,0.6202064156532288,0.3505042791366577,-0.4090600816781514,0.5963547229766846,0.30753424763679504,-0.16511683972522084,0.09009257886250209,1126.7440844608832,0.9302047867229337,0.33405764003073,15.45982694574399,0.008129429282851831,sehat
0.8099028468132019,0.20802249014377594,-0.6935988764423392,0.7242730259895325,0.29134759306907654,-0.5766618630542628,0.6481709480285645,0.3461039364337921,-0.3596480458360185,0.3235978700654414,237.79247721177987,0.975293698433204,0.4955728428102158,6.131514131265537,0.10479159852771651,sehat
0.8886000514030457,0.26595768332481384,-2.2670328262996944,0.8877278566360474,0.26819029450416565,-2.2690321584762114,0.888159990310669,0.2670423686504364,-2.2673679475114157,0.7573890347515785,1665.1137118861643,0.8223684724338997,0.7998379565494981,13.282074802538434,0.5737385514029083,sehat
0.5589912533760071,0.3125931918621063,-0.32871428409733017,0.5425189733505249,0.3053041696548462,-0.32542299142451275,0.5188387632369995,0.2911628186702728,-0.3003389599563579,0.014095355473914828,1105.4289756311048,0.908235731683627,0.14015868642518245,18.248776647655273,0.0002031680627747961,sehat
0.5872401595115662,0.2251168191432953,-0.6712106148065932,0.4930879473686218,0.17867843806743622,-0.76929136754008,0.38182294368743896,0.14248532056808472,-0.03862440437754303,0.3411693554149415,707.2824060734525,0.8389757036224271,0.43004635492921883,12.015600376725807,0.11641992816475287,sehat
0.43721628189086914,0.2398459017276764,0.3224362250214549,0.47309741377830505,0.2171517163515091,0.07320641777325024,0.43992549180984497,0.19322200119495392,0.047414228552422236,0.010458497170793779,581.8885843110489,0.9026847954590319,0.10638413205711199,15.406871497008197,0.00011134412823679465,sehat
0.4722334146499634,0.27467086911201477,-0.29340210607814143,0.4430209994316101,0.26565369963645935,-0.13563180505419806,0.35357069969177246,0.2542180120944977,0.8542791686864444,0.01651212639257562,531.3594009121508,0.9416143165228162,0.1747232394541831,11.58770878356002,0.0002770570010557581,sehat
0.6401132345199585,0.32112953066825867,-0.16590478858117128,0.6523083448410034,0.31141114234924316,-0.23997631266444538,0.4827371835708618,0.40628325939178467,0.3503874145272136,0.2580034836854537,434.9157037573445,0.9672915401615781,0.4069251535226855,10.622253078035724,0.0665881769584185,sehat
0.4364291727542877,0.2661575675010681,-0.05464393461673292,0.4416801333427429,0.2791725993156433,-0.11672859253306825,0.38015854358673096,0.3127451539039612,0.35446130179722646,0.02264181954744081,499.03221345070125,0.9495560271302338,0.22151782199909628,10.492450126553928,0.0005228206205863484,sehat
0.4608992338180542,0.20602621138095856,0.5947870129184913,0.3963785469532013,0.19554267823696136,0.8625388659731004,0.38251057267189026,0.1968536376953125,0.6673819573217625,0.01427993770973295,760.0027137793572,0.8413912195076524,0.1259331707087126,16.306472852901546,0.00020568779635369815,sehat
0.5625883340835571,0.24616877734661102,-0.2969358964342791,0.5345338582992554,0.2208147794008255,-0.23402212253443322,0.534462034702301,0.20098620653152466,-0.2291462779893577,0.060950573831701466,511.3031653031548,0.9231097969664356,0.16048719197963204,14.401459299080523,0.0037201809658811455,sehat
0.5122090578079224,0.22776290774345398,-0.16988744354783297,0.45251113176345825,0.21524867415428162,-0.1710534954659066,0.3639337122440338,0.19856852293014526,-0.09320843181136718,0.01342212359539769,373.79131618189086,0.938280787650492,0.15896177538743786,11.147723595810936,0.00018617655547517953,sehat
0.4143638610839844,0.26391130685806274,0.0048534943567017244,0.37108635902404785,0.24351158738136292,0.12110686751992604,0.3265952467918396,0.2315463274717331,0.5415492291374818,0.017076888763188653,813.206015290742,0.894575191523273,0.15643162010871564,17.115955732579067,0.0003016879335411375,sehat
0.4344418942928314,0.2857787609100342,0.7373963266534873,0.3934992551803589,0.2937835156917572,0.8801731343520265,0.3677242398262024,0.29369062185287476,1.0017664912683277,0.3983993237731105,757.3688590986894,0.9295216745192914,0.510869063145808,10.793898128420443,0.15873107762755387,sehat
0.4925293028354645,0.14692403376102448,0.26037113075941765,0.5154582858085632,0.14194859564304352,-0.06482318581109298,0.32928672432899475,0.17175200581550598,1.562138108727317,0.014095804888188507,587.685646362795,0.7768685756155391,0.12177282778586779,15.683111619756042,0.0002007783992773511,sehat
0.2633396089076996,0.19711458683013916,0.981258580371377,0.2098485827445984,0.17042763531208038,1.2689394807040726,0.1507149040699005,0.1359170526266098,1.9830098337898427,0.021147977700863182,519.541510338471,0.8661067260509095,0.17264289267456212,13.134875050058954,0.0004621073081083355,sehat
0.6777516007423401,0.23115073144435883,-0.6272887218206691,0.691246747970581,0.22641931474208832,-0.7224779127941037,0.5670204758644104,0.25389552116394043,0.1131985633157346,0.040944974162259486,779.9148001610511,0.8855452356323464,0.19092532158795408,17.54268803204174,0.0016800874719611117,sehat
0.531449556350708,0.24903815984725952,-0.514584621256614,0.5552948713302612,0.25862187147140503,-0.5989557755978824,0.3821902573108673,0.20097492635250092,0.22664963264510762,0.012014850265935054,728.279981302405,0.908435638099322,0.11395540604243187,16.135585899388175,0.00014598173380064478,sehat
0.6642635464668274,0.17806939780712128,-0.6511622953738323,0.6242446899414062,0.21956409513950348,-0.28209473996211504,0.562898576259613,0.29729950428009033,0.10765156551869597,0.014422713414324417,1023.5995059632278,0.8150847168452217,0.165669931769614,18.973499725053095,0.00021254752352896456,sehat
0.35943183302879333,0.25002458691596985,0.8534240207445034,0.2806178331375122,0.18096427619457245,1.2309795635245298,0.20554248988628387,0.14860297739505768,2.230900213291212,0.024775138976050617,303.54392765590893,0.9375217324005153,0.22035812986350348,8.95831970858163,0.0006358898945539823,sehat
0.33792656660079956,0.2727990448474884,0.779153692026464,0.3382980227470398,0.26171329617500305,0.8609000246114105,0.31216973066329956,0.2515827715396881,1.0998371230896584,0.0157265878048691,1083.5402743988652,0.8725718298991626,0.1405309212527314,17.9509624900327,0.0002525201977243629,sehat
0.4294314980506897,0.20869776606559753,0.5175959355996643,0.4041595757007599,0.22070014476776123,0.38370543981127603,0.377571702003479,0.19320450723171234,1.003327392871501,0.033897867328992644,306.2686960307138,0.9471645174994411,0.2269311383466277,10.198585800068981,0.001165583758179111,sehat
0.39619550108909607,0.2696005403995514,-0.11265610448457963,0.3343510329723358,0.24139666557312012,0.32376492521583533,0.25257712602615356,0.22223560512065887,1.117106100243726,0.04289452478383934,427.70173645895665,0.9452410435783687,0.23856516155960475,11.093594828366337,0.001863601333620904,sehat
0.43643829226493835,0.32334867119789124,0.3198025512768863,0.4207373261451721,0.3029223680496216,0.2967789864689767,0.40667176246643066,0.28296801447868347,0.3376687507087773,0.013931775152997457,940.8452547152859,0.9222865765401876,0.14270216553186585,17.096396952301852,0.00020075425460535604,sehat
0.5097858309745789,0.19614724814891815,-0.4374198594395049,0.5988072752952576,0.2064543217420578,-0.980701412699634,0.4098101854324341,0.3043403625488281,0.7699999589767985,0.015108761930593418,471.48498049675953,0.9144035639950165,0.13376445059161615,12.983142981337416,0.0002310228911455189,sehat
0.60459303855896,0.375432550907135,-0.32132659026287724,0.6045732498168945,0.3761923909187317,-0.31458628742404837,0.5999403595924377,0.38114380836486816,-0.3119104429444999,0.256062856860742,995.7493514367071,0.9461985876799877,0.4115964017870739,13.928002010335875,0.06560860482302773,sehat
0.4595390558242798,0.32115963101387024,0.20132287435732668,0.4408954977989197,0.32201051712036133,0.2888072587760735,0.42263174057006836,0.30578622221946716,0.3110805528660661,0.023845378636884188,1063.1178739633629,0.9197233620391905,0.15005292551116475,20.611364770722588,0.0005763678124045937,sehat
0.4424739480018616,0.19670262932777405,0.04650396088197794,0.531326413154602,0.22205595672130585,-0.6425488135131384,0.5602048635482788,0.3493226170539856,0.03805756430766539,0.03359796751239931,454.7134876622579,0.9241466334696825,0.28751931520552904,11.566128427155917,0.0011560042237209768,sehat
0.3883802890777588,0.206574946641922,0.7143854264910846,0.43196868896484375,0.2382841259241104,0.16781849154802586,0.29254451394081116,0.20471563935279846,1.3178082676116714,0.012518736062381242,624.2856478901382,0.8989325807383985,0.14317310106784345,13.319718603133511,0.00016010344286845172,sehat
0.3087576627731323,0.2445143610239029,1.1103874266946756,0.4199429750442505,0.20451679825782776,0.9097234108908867,0.3275916576385498,0.2165282666683197,1.2348115473032744,0.04328734715078398,1027.684406968514,0.8185915518778236,0.2668262148705882,16.131286725174235,0.0019714733805620685,sehat
0.7827752828598022,0.32059597969055176,-1.0626834526717797,0.7821755409240723,0.3238147497177124,-1.0800950179908113,0.7794686555862427,0.32491782307624817,-1.0732314128168485,0.4451551779218513,819.939161727721,0.9390040386788799,0.5554162794952918,11.096391430413272,0.1981962351762703,sehat
0.590890645980835,0.2844648063182831,-0.3754692793093188,0.5330076217651367,0.2890334129333496,-0.1401527839910093,0.4806200861930847,0.2824517488479614,0.05448002620175108,0.010602204638367392,1209.6413634876853,0.8856104470586573,0.11312368373606296,19.700651554427825,0.00011452551479671451,sehat
0.5755320191383362,0.3157024383544922,-0.5474190487776069,0.5159645676612854,0.28929388523101807,-0.4342699782158933,0.4123314619064331,0.25981464982032776,0.4759763706169018,0.023033186488081347,453.9151408833664,0.9587342286551022,0.2056338059623984,11.356952636688817,0.0005413890684303038,sehat
0.6650225520133972,0.3061344027519226,-1.156356694709848,0.5993613004684448,0.30834347009658813,-0.6375482673846987,0.4955434203147888,0.32319796085357666,0.10613156326550048,0.06795955773619139,1130.7742715303573,0.9067561808109205,0.22147058560318691,18.880855221620994,0.0046390951840740435,sehat
0.564887285232544,0.22731082141399384,-0.7698675981935256,0.5300890207290649,0.21380408108234406,-0.5840173707730342,0.4740349054336548,0.20595745742321014,-0.05605067766417195,0.01344836795747579,1137.1734510757785,0.8085090124819555,0.10795336178850444,21.097721386020666,0.0001838831609804742,sehat
0.566536009311676,0.26091355085372925,-0.6548894636255992,0.6681910157203674,0.2973124086856842,-0.8937864389614879,0.6519919037818909,0.35935351252555847,-0.5273723647159919,0.052948690257747094,270.4922205874862,0.9749598602082026,0.45955571577944526,6.005507772583477,0.002830914709173299,sehat
0.3389799892902374,0.30963143706321716,0.6769465132299154,0.32476866245269775,0.30010366439819336,0.7261106255605481,0.2876439690589905,0.28303268551826477,0.8586764584397087,0.05982969687874601,716.4912853089454,0.9393409863594496,0.2609974033360173,12.464425903642853,0.0036070051539769574,sehat
0.6364616751670837,0.25148406624794006,-0.010260623727106675,0.5122471451759338,0.267683207988739,0.3443955414870186,0.3235470950603485,0.3081512451171875,0.8871176491368734,0.024861700210617826,340.6599581978095,0.9617319219123998,0.22251600361955082,9.805197850031815,0.0006275153777736668,sehat
0.505908191204071,0.24392662942409515,0.13984696822210024,0.5165495276451111,0.2148037552833557,0.21086398306799947,0.4445967674255371,0.21884846687316895,0.6864140092472233,0.030278255146062378,473.91210943717607,0.9260244271380085,0.20213927102003537,13.946424809226189,0.0009224498278548697,sehat
0.5510361194610596,0.1700095236301422,-0.6638596209977911,0.49616891145706177,0.1451854407787323,-0.1121329211048131,0.4127674400806427,0.14309674501419067,0.2765808746424596,0.013851867500345373,377.0326212860128,0.8718374022162535,0.09439789010928468,13.395070803232437,0.00019450195384408588,sehat
0.6790774464607239,0.23760943114757538,-0.26109147599814375,0.5913721323013306,0.25141650438308716,-0.046873179044467264,0.5518513321876526,0.2559038996696472,0.10394831091472179,0.019446557481506817,887.7226420466259,0.8861989032634147,0.1375548356598703,17.80705585160175,0.00038195316568777056,sehat
0.6935180425643921,0.31828248500823975,-0.9025264775913308,0.4919772446155548,0.2482845038175583,-0.5424393640369901,0.30202674865722656,0.19600903987884521,0.18268398115388246,0.06417786129378668,457.11888879939346,0.9467075263838747,0.20713908877923567,11.408952408227224,0.004126843774300056,sehat
0.5057101249694824,0.31868231296539307,0.14916500448932504,0.5044518709182739,0.3147701323032379,0.14137599545782772,0.5146622061729431,0.31273314356803894,0.10847364923092116,0.015713974596192233,409.52891546944494,0.9684748143231876,0.18787538915594584,10.833768153404996,0.00025335158891885934,sehat
0.344853013753891,0.14634758234024048,0.2434397520034024,0.4102625846862793,0.1616392582654953,-0.1763779024029855,0.2897784411907196,0.1178165003657341,1.040783716670405,0.017720838300953525,248.94175298525303,0.9094334711816244,0.14289518203918533,9.568250900309598,0.0003192892407411335,sehat
0.7455910444259644,0.20433136820793152,-1.3069344349886904,0.7488420009613037,0.19562716782093048,-1.497657706002853,0.6604958772659302,0.3480376899242401,-0.6800349356570174,0.06722990046384188,316.5773337616926,0.9439590527682359,0.4750310109765814,7.445173964038481,0.004565505633092959,sehat
0.5821316838264465,0.21342147886753082,-0.08504148106344653,0.610535204410553,0.20161758363246918,-0.128833005434304,0.46601736545562744,0.17087139189243317,0.6806116401176054,0.011383602642111685,518.8011193273229,0.8967420128408775,0.0958162037468303,15.832952715966494,0.00013084423911133224,sehat
0.6115564107894897,0.28007635474205017,-0.583970108996904,0.585279643535614,0.28959760069847107,-0.5661291575366328,0.3793928623199463,0.30224502086639404,0.7113446886472974,0.010689437095589784,1196.5960140630762,0.8836902805357948,0.10691079073034426,20.509996337698016,0.00011663881089928475,sehat
0.4771020710468292,0.22370287775993347,0.40614228746296793,0.4551064670085907,0.22167493402957916,0.33569622381413966,0.4198398292064667,0.222835972905159,0.44692181097788153,0.009388480367909296,1028.77150357479,0.8364016101607371,0.07972213040344416,20.752305755102594,8.908668659858195e-05,sehat
0.6635175943374634,0.32226288318634033,-0.5340300479759507,0.6652462482452393,0.3214264214038849,-0.5182418322237841,0.661817193031311,0.3086077868938446,-0.3615251921334463,0.07740256028190871,321.5136308912235,0.9758095366565213,0.38749077002628957,7.907420486161295,0.006019691832484415,sehat
0.5409200191497803,0.22414566576480865,-0.47692731025457635,0.5183054804801941,0.21357369422912598,-0.15982109158550104,0.48419755697250366,0.20350709557533264,0.2496431473543929,0.011086903963944785,646.8421255366411,0.887830056829411,0.11857114022959213,15.783079062855194,0.0001247238266974601,sehat
0.3448679447174072,0.3828066885471344,0.9436669927394074,0.41219910979270935,0.3413369357585907,0.9448911927028839,0.41499289870262146,0.3370281755924225,0.9551193369063412,0.13769982541024706,1071.779253124789,0.9321451204693006,0.4727553265830002,12.601061538050951,0.018999286589817716,sehat
0.4399627447128296,0.23765376210212708,0.08725492092986496,0.3868829011917114,0.21842314302921295,0.3905787996166673,0.32620447874069214,0.21260052919387817,0.8815036905544712,0.01659028015300754,509.5810247709339,0.9190963907973112,0.17079739601851887,13.2531703254665,0.000279548136776844,sehat
0.45927390456199646,0.1890724003314972,-0.19312454864212103,0.4222985804080963,0.19017775356769562,-0.2665061503690659,0.3330324590206146,0.1350332647562027,0.5394060050588725,0.01110314380709129,760.1603521507471,0.8150772269622597,0.0876802057272373,19.333885566550965,0.0001245787073154436,sehat
0.7202205657958984,0.17511382699012756,-0.9812718914868653,0.6144335269927979,0.18940488994121552,-0.8179594389575165,0.47832226753234863,0.1686958223581314,-0.5128424887274359,0.010612293059777289,699.512528738214,0.8383231402767383,0.06847890644923951,19.017457333325634,0.00011325733807980057,sehat
0.5345627665519714,0.23389537632465363,0.23655926441720734,0.5011123418807983,0.249930277466774,0.488965612428571,0.44898754358291626,0.26770055294036865,0.7612788728197557,0.025910047502032962,272.11438859795356,0.9651254541638417,0.23089151679638775,8.575081781843192,0.0006789054012578564,sehat
0.37332791090011597,0.2491104006767273,0.5076683909277049,0.3455708920955658,0.2363376021385193,0.7054459423900632,0.32660046219825745,0.2136492133140564,0.6986099855565068,0.01290005509189395,755.8383422574602,0.8941698736930926,0.11061939098448607,17.303171551190456,0.00016996122062994424,sehat
0.5659185647964478,0.2843039333820343,-0.1382962514528593,0.5356346368789673,0.28036487102508545,-0.1769077777348604,0.42939960956573486,0.2317163199186325,-0.08406802666348394,0.011148427839637966,803.0459478333019,0.9178795220342986,0.09965303326896226,16.64220306032391,0.00012648659474850588,sehat
0.43619558215141296,0.2111559808254242,-0.18785967740746448,0.41095414757728577,0.20195351541042328,-0.040611492986098126,0.3591115176677704,0.17735150456428528,0.7079513264479131,0.06933460345233888,445.09565869979383,0.9135888360256104,0.2858840166066165,10.756736005933279,0.004818775443057016,sehat
0.49784183502197266,0.20183062553405762,0.03172244532728024,0.4422091543674469,0.21946439146995544,0.17089697837217654,0.379726380109787,0.24672165513038635,0.5079314057050843,0.016646079161892757,242.95011343192144,0.9591454836443151,0.20334611297489946,8.737106419763215,0.00028331429585052117,sehat
0.4741233289241791,0.20661777257919312,0.40163110213448433,0.5142287015914917,0.19923105835914612,0.22941436277833477,0.39166536927223206,0.26123031973838806,1.066433014711904,0.020955053083815164,549.5217320962581,0.8971696349769025,0.14647459753923073,14.469621580681734,0.0004507332175157229,sehat
0.6601599454879761,0.21869207918643951,-0.7599638669581305,0.6053448915481567,0.21304230391979218,-0.555764512336402,0.5545604825019836,0.21763241291046143,-0.11063084200491992,0.012970156081392237,891.3360026582955,0.851036399809353,0.12296678582388977,16.5916122513347,0.0001702843574078982,sehat
0.7174769043922424,0.30227231979370117,-0.7812943467179411,0.7571173310279846,0.28216803073883057,-1.2832881498765802,0.6456313133239746,0.351313054561615,-0.44637364579829514,0.07942395534700296,1126.9410437547494,0.8936039718408663,0.27758964874673814,17.813734853059596,0.006367565126705819,sehat
0.40523791313171387,0.20065495371818542,0.2610901523475439,0.3984474837779999,0.20690780878067017,0.4407898935066022,0.38838300108909607,0.1962791532278061,0.7882981747444909,0.012595602869135664,440.53024516648503,0.9183376855657146,0.12559615375085834,13.02021516572403,0.00016099991147633621,sehat
0.7152053713798523,0.21089914441108704,-0.9552177660180544,0.5234131813049316,0.23349107801914215,0.011705251255407625,0.2700452506542206,0.1635322868824005,1.4725607189171324,0.02639774955160978,289.6937946416907,0.9507462094497452,0.31326130809526825,8.29882529664964,0.0007121919219023404,sehat
0.497040718793869,0.1885197013616562,-0.3766062809336001,0.4915740489959717,0.2004377394914627,-0.35188835632227045,0.3801530599594116,0.24366770684719086,0.6327487067431389,0.027530191983948547,382.46524467746326,0.9239419241093767,0.22940467335818493,10.755342951425794,0.0007691584599412347,sehat
0.31730735301971436,0.2234799712896347,0.8153493390990075,0.3118945360183716,0.2116280198097229,0.6692335922733965,0.2940393388271332,0.21422766149044037,0.7963036084102507,0.015234762441912242,782.1817288242615,0.8657775111128713,0.13946672403372226,16.402287010029127,0.0002419482880589324,sehat
0.5822263360023499,0.15646609663963318,-0.5558009895711841,0.674416184425354,0.1470170021057129,-1.4048330454428186,0.34666556119918823,0.26389816403388977,0.9833709685108125,0.015682039062841283,344.7756495297736,0.8834925171789249,0.13714735647851942,11.278486255730897,0.00024961213066559984,sehat
0.3647892475128174,0.31418728828430176,0.8088386385932148,0.36355364322662354,0.31388744711875916,0.8268505815324945,0.3533446788787842,0.31558528542518616,0.8711844892928058,0.0356334266294599,842.5002491613337,0.9343825802813366,0.1700445253417965,16.452459306410507,0.0012782182104080452,sehat
0.4549257755279541,0.21544605493545532,0.008884730262798927,0.43106839060783386,0.2125515341758728,0.2649199864511868,0.37440234422683716,0.22317932546138763,0.7891265248116528,0.010103257761228758,796.1744202571007,0.8630855538579768,0.10568160993147202,17.42648947521623,0.00010517613223082107,sehat
0.37802109122276306,0.19527049362659454,0.3712624936889348,0.3553265631198883,0.18923930823802948,0.4474149114175898,0.29663512110710144,0.1870880424976349,0.9998825542522626,0.018994405366041106,259.294629367848,0.9433780635002004,0.20682572119349127,9.269547165073115,0.0003675610687917576,sehat
0.40918177366256714,0.1945689469575882,0.4068498926393206,0.43254196643829346,0.214652419090271,0.23169780432525242,0.4506628215312958,0.27318650484085083,0.6544683345987148,0.02197634431520888,696.6573253368375,0.8747717510034864,0.18251561801913063,15.35553159670046,0.0004915207887239877,sehat
0.48837825655937195,0.22287780046463013,-0.3854026779213402,0.5431987643241882,0.2218581736087799,-0.3924694561589696,0.41088467836380005,0.25717970728874207,0.8514811849821238,0.015124768374208876,441.1333399256539,0.9316852451082386,0.13328768312448167,13.347944789140433,0.00023092821573029366,sehat
0.8195933699607849,0.2540273666381836,-1.2312930018752908,0.821154773235321,0.2277841418981552,-1.1717553158920337,0.7097891569137573,0.31979769468307495,-0.4949851026391045,0.4091747381004494,372.0477216991615,0.9507243617945148,0.5095143366792728,8.9410817280855,0.16744791367470432,sehat
0.3858043849468231,0.23169364035129547,0.5403938947402841,0.35137584805488586,0.2363799810409546,0.8365828578996086,0.3244284987449646,0.24985729157924652,1.0259777631545606,0.012006048030051073,1021.8574436994132,0.8575421682119004,0.11973022938973127,18.689329471022095,0.00014851343758591498,sehat
0.5657504200935364,0.32351744174957275,0.18177617779173555,0.5061073303222656,0.3232068419456482,0.37018060622445575,0.4715200662612915,0.3073275089263916,0.5040737976269523,0.1226732675128262,416.5438224523759,0.9686981527231328,0.4505177361433943,8.45561116747607,0.015081503398994051,sehat
0.483798086643219,0.31733188033103943,-0.3092399548418102,0.3941444754600525,0.2585015296936035,-0.2261229623398128,0.2795785069465637,0.20391452312469482,0.033545405277140034,0.06571204936566478,907.2483301902236,0.9021969979724859,0.1546352579733594,18.316025204134423,0.004326415260970951,sehat
0.4164365530014038,0.2598517835140228,-0.4603190726944728,0.41210782527923584,0.2575642764568329,-0.5013466498633927,0.3051140010356903,0.22354626655578613,0.28199148396327245,0.04058351628299155,185.86427256637546,0.9774700949278401,0.3773134415041906,5.108444326558736,0.0016823781705912581,sehat
0.38657617568969727,0.24150574207305908,0.5641701144301129,0.3704181909561157,0.2423512190580368,0.6095538400024919,0.35233575105667114,0.2495909184217453,0.6655581029647429,0.02374350736836664,489.761517485552,0.9359797760486734,0.18960632298758642,11.21271827070928,0.0005730731726597116,sehat
0.43503832817077637,0.26078516244888306,0.2954208801547216,0.4703587591648102,0.25482743978500366,0.23144406928330183,0.38129353523254395,0.2913323640823364,0.7361170069669157,0.016784438408856957,650.6816354671533,0.9236499627802038,0.15052245875303014,15.07501950066846,0.0002857538750226656,sehat
0.36968323588371277,0.31147363781929016,0.3157980291859066,0.3591146469116211,0.29616421461105347,0.2890286690151508,0.37775614857673645,0.3160558342933655,0.36804439895063995,0.19090642500881125,1061.1745032942254,0.9071172791390637,0.31048583990020606,17.206940558612704,0.036481802887465824,sehat
0.6664271950721741,0.278108149766922,-0.5247774287355133,0.5335609316825867,0.23641543090343475,-0.24092418603681598,0.39187073707580566,0.18884901702404022,0.07733739737196425,0.029391100432895164,1042.6307974550894,0.8580295077789201,0.23059796414904432,14.214200110085315,0.0008726415323209263,sehat
0.7009225487709045,0.22424553334712982,-0.6369768928918131,0.7044939398765564,0.22278040647506714,-0.9990747951983584,0.652551531791687,0.32554876804351807,-0.918595522696546,0.017298240083349976,819.4140017397431,0.8582687530538663,0.17208985206385677,15.058905765830211,0.00030454244998042124,sehat
0.5103597044944763,0.12755469977855682,-0.5399849733191395,0.5515813827514648,0.14047838747501373,-1.5707196463832542,0.34415462613105774,0.12152199447154999,0.5265849827720999,0.02055469435274109,489.70052332482265,0.7737559334499298,0.14419329175287557,12.759669725360489,0.00042729766967393185,sehat
0.2719339430332184,0.28158408403396606,1.1760663854333258,0.19157350063323975,0.2140057384967804,1.5627218222085286,0.12237334996461868,0.1783938854932785,2.5559616721033844,0.03776246594390659,191.2727925556151,0.9709708839790143,0.2803539869318847,6.6684075882171365,0.0014601874609982456,sehat
0.7395520806312561,0.29232361912727356,-1.334900170050937,0.7295739650726318,0.29927530884742737,-1.2176578679868866,0.7196958065032959,0.30846014618873596,-1.0671226062004195,0.1650294465496742,1059.4975429023027,0.9081765918665222,0.3366798266846323,14.772541949692496,0.02725026999697115,sehat
0.44790488481521606,0.2301958203315735,-0.3392316463119966,0.4114760458469391,0.2400369644165039,-0.1707520534513434,0.37581875920295715,0.2404199242591858,0.24959078707547788,0.015304765367933135,486.154234544341,0.9330011901165308,0.1575446106370655,12.929443959724173,0.00023907903351082512,sehat
0.9270812273025513,0.10578136891126633,-1.786249633925867,0.9211615324020386,0.14296816289424896,-2.6288444608294546,0.9190934300422668,0.1510995626449585,-3.053050462747072,0.3394359780433996,265.78398452100095,0.8787558839078792,0.5302046627710172,7.342644387385335,0.11536732439303632,sehat
0.6024289727210999,0.16578441858291626,-1.9574557616429782,0.5888190865516663,0.17054370045661926,-1.6385824958410207,0.5410675406455994,0.1835610717535019,-1.1099943184698369,0.027724335386243627,150.98248367886217,0.9599836451182836,0.26879782960518567,6.129354828076944,0.000787231114668809,sehat
0.3885044455528259,0.23487542569637299,0.19666538500968517,0.49933433532714844,0.245897576212883,-0.30921003528664764,0.44406214356422424,0.3200438320636749,0.26286281146922047,0.014345847542840351,1142.7710321590423,0.8470256178196415,0.15240503088115775,20.771819461710507,0.00020943333618797844,sehat
0.4177679419517517,0.2543293833732605,0.5256835842254748,0.33529168367385864,0.21070998907089233,0.712693339060544,0.28501805663108826,0.17120100557804108,0.8996013415199307,0.01479983247453896,434.22592996726354,0.928835872705549,0.14914923109075398,12.808757274101616,0.00022512673286651725,sehat
0.48160120844841003,0.21129049360752106,0.25584905540933034,0.5054720640182495,0.22047963738441467,-0.09196641759673532,0.4155954420566559,0.24752813577651978,0.49037001731078156,0.015709965650511287,440.68985146111135,0.9285651359184164,0.1792487772141618,11.55233735302424,0.00025315258825227835,sehat
0.32616129517555237,0.20264634490013123,1.2368852120714333,0.30310922861099243,0.19642634689807892,1.497385693560986,0.2781727612018585,0.1996714323759079,1.5483595342802163,0.01470962136672164,758.2494253929,0.8497532106624134,0.13067631667382765,16.184880976503027,0.00021897818400089586,sehat
0.48902884125709534,0.1907900869846344,0.0466378042947541,0.5890322923660278,0.18704260885715485,-0.5887775852814938,0.3983914852142334,0.2495468109846115,0.40353386548648623,0.010044293672585447,696.8655240312902,0.8433257424258381,0.0701571483084417,18.45987217780303,0.00010225542168651832,sehat
0.5610288381576538,0.32434582710266113,-0.2109741412496206,0.4419099688529968,0.2684359550476074,0.26092952803975605,0.3567904531955719,0.24567589163780212,0.8591415632194729,0.0766223278125715,1263.9009521263654,0.8668523012875041,0.2068339856347063,19.099001104216068,0.005879562215515773,sehat
0.652266800403595,0.17405158281326294,-1.103502440060393,0.6031522154808044,0.1820966750383377,-0.715382188580171,0.5064603090286255,0.22685253620147705,0.20982660112510812,0.038634386648605155,480.60898104875383,0.8873043193325078,0.24453564851549284,12.5228414557153,0.001501167462912125,sehat
0.49390923976898193,0.19930921494960785,0.1971892539161035,0.5118730068206787,0.211199089884758,0.09156722083209483,0.424003928899765,0.25732091069221497,0.7256747908234429,0.013370224289893132,433.24734792627555,0.9237690941406944,0.1312212636750118,13.732158285204482,0.00018311986660486692,sehat
0.5602858066558838,0.2757730782032013,-0.29586319494152324,0.5001229643821716,0.2655116617679596,-0.07344022404723628,0.4150554835796356,0.24205070734024048,0.260404221954979,0.013591101347755303,525.9668946866899,0.9422518720403769,0.15754437597630613,12.475560430733042,0.00018986368487095798,sehat
0.44684338569641113,0.28167223930358887,0.6421603947035429,0.4568788707256317,0.2718835771083832,0.6172226652396318,0.352699339389801,0.300855815410614,1.1004767417339625,0.05210586187448995,627.0113053445546,0.9356088339788197,0.19193522229401186,12.891982639598664,0.0027511530046460363,sehat
0.3360891044139862,0.26790541410446167,0.6506769159456044,0.39699870347976685,0.2808021605014801,0.2539148710713401,0.31572121381759644,0.23316098749637604,0.6258275230838566,0.07403024263643919,908.4855732878856,0.9025114308123325,0.18267864157247274,17.30207937331117,0.005488139770070711,sehat
0.5852412581443787,0.25467535853385925,-0.635716283700509,0.4886525869369507,0.23959413170814514,-0.14630202697872907,0.3799982964992523,0.22846584022045135,0.2933703196030891,0.010054926615299706,741.9729503829718,0.8995337142108387,0.0992290934023466,16.665001555593502,0.00010331863510321685,sehat
0.5200273394584656,0.3558487594127655,-0.12508500910851617,0.493994802236557,0.33249908685684204,-0.08234925785561803,0.46407970786094666,0.31576094031333923,0.09371055830925522,0.05368539462267167,916.4789346440034,0.9373530546068429,0.22091427825494261,15.693333694743103,0.002890907668702897,sehat
0.5640759468078613,0.23317542672157288,-0.19859175570806523,0.5314407348632812,0.22856968641281128,-0.017998667059546936,0.45671337842941284,0.26418963074684143,0.5017645526853962,0.019665484528590713,502.71262808723236,0.9255486911144041,0.21443402093961428,11.8847755716112,0.00039363049430708947,sehat
0.5383576154708862,0.2437596321105957,-0.23442810029604663,0.4907148778438568,0.24906563758850098,-0.13889616759520615,0.4417448043823242,0.25268182158470154,0.12805917422240504,0.016048208123490792,264.75824120791617,0.9664688735790242,0.1664713919155559,10.052728084768642,0.0002631848275921655,sehat
0.2623662054538727,0.2732640206813812,1.111540929804028,0.23470374941825867,0.23220878839492798,1.7955659725517823,0.21550145745277405,0.22378018498420715,1.9790567887963955,0.03405153786766501,431.08778542663623,0.9393280984287956,0.26717650842533897,9.79302311796477,0.001174123172451844,sehat
0.516257107257843,0.14804737269878387,-0.24710709515199125,0.5718337893486023,0.1690235137939453,-0.2856754096752589,0.39906585216522217,0.26269373297691345,0.7336852625770272,0.019947595380958003,297.61700120926724,0.9143601073562403,0.18914709365624185,10.23227794117833,0.00040725145522981914,sehat
0.5058915019035339,0.25231459736824036,-0.1881880516574844,0.5049514174461365,0.23602519929409027,-0.026992131362181135,0.4875985383987427,0.218572735786438,0.17760144192975044,0.010439696255779585,893.1647854556412,0.8757196786117389,0.10712630445846767,19.567181549559198,0.0001196297726242733,sehat
0.6398299336433411,0.28974923491477966,-0.5245109945596605,0.6296234726905823,0.2519563138484955,-0.19671915235703194,0.5048226118087769,0.30880260467529297,0.18284717524419916,0.046470585402534355,293.022376486785,0.9648672691965894,0.24177689674953137,9.321026754203361,0.002176933423821105,sehat
0.23556983470916748,0.2659744322299957,1.1165363058467817,0.2344256341457367,0.2651195824146271,1.1177323604753548,0.24494600296020508,0.2753923535346985,1.109893552560964,0.4590813321598158,1003.2731452946041,0.8919030060176656,0.5807353468717579,10.032398284548412,0.210790151110167,sehat
0.8861116766929626,0.17187416553497314,-2.2523810318441124,0.8618935346603394,0.18968601524829865,-2.0118840311223263,0.8526395559310913,0.19643233716487885,-1.8781854396769826,0.12799144486526803,948.8001358003057,0.7836130215093413,0.30900956140800845,16.43545862049049,0.016450511083992477,sehat
0.6390731930732727,0.3042530119419098,-0.2095452273323833,0.6305816769599915,0.30089882016181946,-0.18448507551334176,0.5616417527198792,0.32549163699150085,0.10878539013889102,0.1729987053106852,699.7312048446793,0.9412470462650734,0.27751303941606775,14.785835121990816,0.029950116660437297,sehat
0.5256607532501221,0.26971307396888733,-0.1289004211422138,0.5431417226791382,0.27818727493286133,-0.3339252421426726,0.4676871597766876,0.3317042589187622,0.3039434359990325,0.022558972295776747,426.34691542229785,0.9578836570475261,0.3120558326398923,8.798558313687963,0.0005157368751817573,sehat
0.5490356683731079,0.20503543317317963,0.2840022391994127,0.5422266721725464,0.19758719205856323,0.08583649649927522,0.37561869621276855,0.2710799276828766,1.0928531829807753,0.020463495546432797,560.9143525692629,0.8957881632432305,0.13522786193198197,15.788329473221951,0.00042143059012653405,sehat
0.44036802649497986,0.22748547792434692,-0.33291542750900904,0.4242761433124542,0.22336263954639435,-0.20441218651299253,0.32014501094818115,0.1931772381067276,1.2608212555001934,0.015594016053040992,370.2809130338524,0.9402019424559617,0.16321792470565621,10.671399111530441,0.00024658845325197247,sehat
0.3602919578552246,0.19856347143650055,0.5553282827996999,0.3593212962150574,0.19713348150253296,0.649850568899151,0.338956743478775,0.19703805446624756,0.8079490153757625,0.014435766071396385,614.6433405287771,0.8769297910470754,0.1408233844959096,15.093182521980347,0.00021438257678301292,sehat
0.7681456208229065,0.29942286014556885,-1.185569313399402,0.7346155047416687,0.29789015650749207,-1.176076631321514,0.6260539889335632,0.2999586760997772,-0.8939656544064606,0.09607117478667032,1039.818799467666,0.9074779933417779,0.3392477190442775,14.937972897293585,0.009262428757610967,sehat
0.5778241157531738,0.2731275260448456,0.2208573504489557,0.5087980628013611,0.2779920995235443,0.4978090916773467,0.39630672335624695,0.3157487213611603,0.674059758048735,0.03731425665190439,236.0983452474992,0.9766115432769258,0.2721922984476714,8.797862460518564,0.0014227734616610848,sehat
0.5929844975471497,0.1216011643409729,-1.0724076663618667,0.6358475089073181,0.14625416696071625,-1.682813581101932,0.3029303550720215,0.11188481003046036,1.027035146820813,0.015373052009192555,579.9211331736783,0.7393993868945451,0.06952160259078294,16.826169361062497,0.0002375939733981686,sehat
0.49068528413772583,0.2681467533111572,0.1077352827388196,0.47768735885620117,0.2505250573158264,0.1174362574636031,0.5017571449279785,0.27295801043510437,0.21148025153308317,0.011531509596631462,1192.6528381460973,0.8511998851590928,0.1331699969622755,20.378400043827195,0.0001376621424401218,sehat
0.45732197165489197,0.15604625642299652,0.5296216655244221,0.5012619495391846,0.18687866628170013,-0.31469419234782897,0.3034113049507141,0.18252472579479218,1.8705305479529883,0.016155402030121672,619.4534976243189,0.8392881535153126,0.09659391877855021,16.84586691063955,0.00026306639979851526,sehat
0.44253483414649963,0.2199774533510208,-0.14357749603719439,0.41836076974868774,0.21562936902046204,0.04017803050643017,0.3820441961288452,0.20968031883239746,0.38749332722399804,0.0098415878891878,1153.537759241078,0.808637079665377,0.08996955294986159,21.02622659934591,9.849988052821235e-05,sehat
0.30840349197387695,0.2223851978778839,0.6039889997449919,0.3075098395347595,0.22585579752922058,0.6155428434499995,0.3154343068599701,0.2290092557668686,0.6050237287812753,0.016879449438352265,392.305386147648,0.9398923131873925,0.185832099092844,10.728395343621948,0.0002935690441461256,sehat
0.41354599595069885,0.18246930837631226,0.8325198198865683,0.47848430275917053,0.183057501912117,-0.20767490823638352,0.3203037679195404,0.1833387315273285,1.5657167226038258,0.020732175082057647,500.1184479471671,0.878330451320566,0.1571073753483705,11.58977332112312,0.0004357026674432596,sehat
0.6604981422424316,0.3163928985595703,-0.4358875121661358,0.638813853263855,0.33111006021499634,-0.3499934368609047,0.608271598815918,0.3634244501590729,-0.2286263381878763,0.1683887853005364,968.5510405221944,0.9311309143158542,0.30406363641317724,15.484492129526659,0.028371226996880928,sehat
0.6050633788108826,0.13094936311244965,-0.2477248200817836,0.5514426231384277,0.11749806255102158,-0.41683457875167407,0.509583055973053,0.11307907849550247,-0.5523770821981874,0.0141895863014451,404.4693058211249,0.7771847447342636,0.08532730352416928,14.085071981641057,0.00020277024687805786,sehat
0.417460560798645,0.24746054410934448,-0.07653428923078462,0.45473533868789673,0.257303923368454,-0.17996684320930484,0.3609980344772339,0.2154364138841629,1.074640783615385,0.020502760407026102,287.76684367961394,0.961599831303519,0.22716560683747852,7.98060010929587,0.00043128999063977,sehat
0.5806488990783691,0.3199986219406128,-0.7228228060755102,0.47635117173194885,0.2577765882015228,-0.6076264620828921,0.32457125186920166,0.20589423179626465,-0.20184738428407886,0.06466150597676056,842.5123881789503,0.9080789164084604,0.1410356654971093,17.815467353142648,0.004188116066671319,sehat
0.5553745627403259,0.2488349825143814,-0.2638323116422938,0.6220520734786987,0.2568323612213135,-0.49941093216719595,0.4812464416027069,0.3246505856513977,0.7048123593753108,0.0230661594304834,595.2254518918513,0.9296186303643917,0.17982537439781734,13.542875225520097,0.0005464940435082846,sehat
0.3756474554538727,0.19974839687347412,1.9045272934494302,0.5309740304946899,0.18443706631660461,0.010554835151621813,0.6884332895278931,0.2645069658756256,-1.4284110668752872,0.43188301528005973,495.9158414477213,0.8802859598988105,0.5217656972153898,9.533667446791263,0.18656288891489725,sehat
0.5933316946029663,0.1586816906929016,-0.7223216521417783,0.5533043146133423,0.20784759521484375,-0.6332434467237329,0.5179694890975952,0.1953365057706833,-0.5716017081746357,0.012375838675454205,368.2474934247563,0.920542639108698,0.10343248964847805,12.92256564278568,0.000155098734926146,sehat
0.48559609055519104,0.19393572211265564,0.37974354745434175,0.46816158294677734,0.20026440918445587,0.328518531011907,0.4518029987812042,0.22133506834506989,0.4403469286231983,0.010741122387473866,556.3853190515323,0.8911581620304553,0.09278025901304131,15.439240891108454,0.00011689726993229208,sehat
0.7910527586936951,0.26524317264556885,-1.014638155490367,0.7919643521308899,0.27031227946281433,-1.097871233575704,0.7688801288604736,0.2767527103424072,-0.8384394873337512,0.3521601120613433,976.2116805665972,0.8959885888246754,0.44156009112974565,14.584664558322125,0.1240685029914918,sehat
0.598250150680542,0.22075369954109192,-0.1986687734905816,0.6620263457298279,0.21196162700653076,-0.9525192333426339,0.7640608549118042,0.2239048331975937,-1.7921198701829892,0.02914414684124562,558.6266603385276,0.9032855175171051,0.319468744370691,11.083935311520685,0.000888221975268783,sehat
0.49207496643066406,0.22156651318073273,-0.278875515433468,0.45982080698013306,0.1910008192062378,-0.15630243595142793,0.37732768058776855,0.21724168956279755,0.19739186110682097,0.0470662729797239,390.7695605229326,0.9255565002076547,0.2486017696510664,10.70641646766368,0.0022574973827415375,sehat
0.6311260461807251,0.2197425365447998,-1.0398843298552805,0.6338448524475098,0.2717832624912262,-0.7648662514115984,0.5793301463127136,0.3536031246185303,-0.3588413236437874,0.07223154448704762,410.4633256185911,0.9538880083775433,0.4482737684890057,9.398769602911472,0.005266497492602898,sehat
0.3656184673309326,0.2657974362373352,0.7411112125473724,0.38374924659729004,0.2657884955406189,0.5143409781888941,0.37625187635421753,0.22876104712486267,0.6084423527262084,0.04628274330462453,315.47051844990796,0.9644653716127943,0.2991062646542059,8.983919283272392,0.0021722010702614016,sehat
0.7242271900177002,0.2420252561569214,-0.5173005346064922,0.7105515599250793,0.24211955070495605,-0.49251906530046574,0.5947765707969666,0.3174305558204651,-0.07338725700103882,0.1057527438384716,973.840726199362,0.8785464309401524,0.21880555929395085,17.571125576239826,0.01120057926218016,sehat
0.43697071075439453,0.24328339099884033,1.2297662752771819,0.43098506331443787,0.24872329831123352,1.1121571567442792,0.32657963037490845,0.2755991220474243,1.5851356088300803,0.07632122284378573,133.83424333933766,0.9831310904927557,0.24555539118535993,6.915483430125655,0.005832736564189824,sehat
0.3996845781803131,0.20633600652217865,0.07948934515239378,0.3632667660713196,0.20140400528907776,0.24578880719520807,0.3173738420009613,0.18333755433559418,0.47895656134774484,0.011768731006791815,487.4907239191239,0.9056645991358342,0.11767118884491727,14.030037424861787,0.00014081404374829024,sehat
0.600687563419342,0.20422062277793884,-0.1978436409638854,0.6454802751541138,0.20055025815963745,-0.899765783537075,0.41693320870399475,0.30633434653282166,0.4191274371831267,0.02675974756380682,675.8692911922944,0.8788229329533084,0.22015146834402932,15.76246852418879,0.0007453803171827167,sehat
0.27751249074935913,0.22780926525592804,1.0341958929046353,0.28526538610458374,0.22590647637844086,1.0729900830730303,0.27789098024368286,0.2290406972169876,1.0922204982038577,0.0286878296017323,901.9425883681689,0.8640275772897797,0.21611108888650474,16.181112961891802,0.0008396210963421106,sehat
0.4493613839149475,0.2938627600669861,-0.10837391677063471,0.4743485450744629,0.3205580711364746,-0.12984414917982187,0.47124552726745605,0.31990766525268555,-0.12993623437577795,0.015140230481216292,2089.353868043769,0.8342548817958892,0.08715029024524483,29.015565592031493,0.00023415361888091504,sehat
0.8733329176902771,0.27341312170028687,-1.9904915225752393,0.8770469427108765,0.2659040689468384,-2.0551605467779672,0.8760414719581604,0.2638980746269226,-2.0734219505155282,0.6416045295426254,815.2835298583892,0.913082050914725,0.7114200203791343,8.809499566239303,0.4116894772708645,sehat
0.27000492811203003,0.23463919758796692,1.1818179155312334,0.2819128930568695,0.23311470448970795,1.074911514792863,0.291566401720047,0.2230055332183838,1.1407530231740513,0.014279730193861036,1710.1853067533123,0.7524316736164645,0.12092770006649833,23.20528034513391,0.00020852313776715666,sehat
0.9179279804229736,0.17889316380023956,-2.7160071912896933,0.9436347484588623,0.11593762040138245,-2.460192152137999,0.9124187231063843,0.18775536119937897,-2.4292970158829283,0.4769945873256875,509.92385447296357,0.786330790947324,0.608652560349565,8.43978833277429,0.2276685210243772,sehat
0.5122674703598022,0.31511178612709045,-0.0610320958195812,0.49806350469589233,0.3196720480918884,-0.0014832733173932937,0.4907545745372772,0.32215192914009094,0.052145364009034426,0.02970914274879379,1566.5994945601517,0.8807636150695543,0.2027324911662838,20.596508762118997,0.0008893930984833132,sehat
0.3537018299102783,0.2972886264324188,0.557498163950179,0.24477577209472656,0.22388875484466553,0.7854477463436459,0.1649676263332367,0.17325252294540405,1.2778643140908705,0.061307868268548976,498.8220014159031,0.9307364010421487,0.25041592395811857,12.529997255307528,0.0037775537620504986,sehat
0.5305605530738831,0.2963750660419464,-0.23037945255226971,0.4239310026168823,0.273933470249176,0.13627329439295108,0.32800817489624023,0.24201738834381104,0.5112550824397298,0.043738074594022285,380.34597262243415,0.961334964856361,0.20814203369093787,11.079914242577166,0.0019237157967385277,sehat
0.4029310345649719,0.2822602689266205,0.0550305842068093,0.4680140018463135,0.3088590204715729,-0.14242662114966054,0.3226783871650696,0.218377023935318,0.7183097923678199,0.0359145608161933,645.4685724952374,0.9399352973324321,0.2142604630015792,13.609574182561119,0.0013164669969362407,sehat
0.5106275081634521,0.25280267000198364,-0.11761210884679395,0.4503217935562134,0.23672927916049957,0.1410118226170079,0.3951560854911804,0.22103732824325562,0.41091305938872225,0.019600319593383802,429.81378774187897,0.941926350478168,0.23587561354002662,10.364843813997062,0.00039031168740720273,sehat
0.5214332342147827,0.24701650440692902,0.03213364627964086,0.46327993273735046,0.2512844204902649,-0.05666475086958972,0.4316122531890869,0.24563387036323547,-0.03273214886025193,0.014425394103238046,417.791248202733,0.9473201872793587,0.1633140961415945,11.936451882831973,0.00021267493720761115,sehat
0.460398405790329,0.22636504471302032,0.19827369898802397,0.40157410502433777,0.21966128051280975,0.6240860574286666,0.36558982729911804,0.22848081588745117,0.7901388912827908,0.013130271853990655,455.66831235261617,0.9263068289008184,0.13584219299260406,12.549503460957043,0.00017553752587378614,sehat
0.500634491443634,0.173373281955719,0.7196969222869845,0.5361400246620178,0.16228365898132324,0.4193252544685456,0.307904988527298,0.2138090878725052,1.3698121400189904,0.016451776577200247,262.99904500220475,0.9264348945406047,0.1391752001641132,10.16788107287171,0.0002752791587377165,sehat
0.47809162735939026,0.31294646859169006,0.07495625550959437,0.43374940752983093,0.3347940444946289,0.3835332357783867,0.3524802029132843,0.33136099576950073,0.8901509472133394,0.05014665080835722,357.89770793360486,0.9735509123536703,0.2717509108620564,9.692679114073968,0.0025217906994673797,sehat
0.4599093794822693,0.1781456619501114,-0.2683831476013304,0.41333648562431335,0.14657752215862274,-0.6153348519817691,0.3640262186527252,0.14255686104297638,0.29949754442125065,0.019932389156826803,449.9128537245088,0.8334525059433863,0.17262081746335803,12.787807442244224,0.0004103842133255624,sehat
0.5756772756576538,0.24561768770217896,-0.3338318198127733,0.403674453496933,0.2137123942375183,-0.051954413179702404,0.2757966220378876,0.18854792416095734,0.5801884004065325,0.01944505120508295,838.9978094641243,0.8595431784265447,0.12862962618770496,17.147496592614253,0.0003814262602948924,sehat
0.497449666261673,0.28372204303741455,-0.14688110442820165,0.4867974817752838,0.3096299469470978,0.11707144439591527,0.4583480954170227,0.33942711353302,0.442734138286268,0.01733266287716814,919.6102839379183,0.9210014105812924,0.17071884112689706,17.693270649895663,0.00030681693474873063,sehat
0.30970045924186707,0.20678386092185974,0.712746654671173,0.21124210953712463,0.18748055398464203,1.650300752821216,0.14432667195796967,0.1790577620267868,2.524513749261938,0.06250871952928778,701.9929278861897,0.8496459819804759,0.17320220035278722,15.381900225847787,0.003914438551958369,sehat
0.9785893559455872,0.09194070100784302,-5.505353681341735,0.979905903339386,0.08904613554477692,-5.616214378633411,0.9796468019485474,0.08974478393793106,-5.597673124989967,0.840510455781454,396.0141222566899,0.627841798484746,0.8648515532328366,4.614330847400237,0.7064720378325721,sehat
0.4185970425605774,0.20146973431110382,0.15831221605409154,0.5448766350746155,0.2307777851819992,-0.625538794674165,0.3491341173648834,0.18067720532417297,1.1481900437405685,0.016374984880888597,484.72076247199584,0.9177717750735624,0.12262517166584806,13.85017341370026,0.0002699133128998486,sehat
0.4950987696647644,0.2709192931652069,-0.2691301017563784,0.4497449994087219,0.26067599654197693,-0.18612789220922843,0.3529644012451172,0.18677634000778198,-0.04913620975113197,0.011645712911336167,812.377112215272,0.9032096945531393,0.10620799340361668,17.302914297222287,0.00013755248577281495,sehat
0.2042909562587738,0.16919709742069244,2.5408904628559736,0.22698974609375,0.18015499413013458,2.032361987817842,0.17575864493846893,0.14650759100914001,2.7258196176993685,0.2912825175248081,471.38183979765387,0.8742685832602216,0.4158487093485375,10.40112761825557,0.08492903507570154,sehat
0.3727029860019684,0.33892184495925903,0.6411533362736268,0.3656955659389496,0.3375875651836395,0.6914714351295468,0.3617933988571167,0.3336926996707916,0.7207286471133036,0.14262720277764693,712.950319071162,0.951713199955233,0.3177352403939825,13.070961897224011,0.020372399338974796,sehat
0.4062640070915222,0.29634809494018555,0.4221649995254638,0.38478320837020874,0.29998940229415894,0.4603212986911682,0.3732641637325287,0.3280637562274933,0.6752232486212865,0.014850274009591408,985.0062394797187,0.915881087551668,0.15706649789771354,16.565752047682043,0.00022648137372364562,sehat
0.5564120411872864,0.3130227327346802,-0.005189475324345878,0.4848284125328064,0.21766987442970276,0.23401898110875427,0.43308860063552856,0.19649243354797363,0.5780765837508707,0.02741505237855306,848.997641934744,0.8706875798773187,0.14889630175812812,17.59528934412423,0.0007555720375827256,sehat
0.4965417981147766,0.2756092846393585,-0.12908390084736202,0.37002015113830566,0.22118999063968658,0.12280866884255186,0.23683813214302063,0.16922201216220856,0.6504805051807799,0.011741403213795201,906.5613929985205,0.8661363498378875,0.11199082779268216,17.945096122226662,0.00014277073291891595,sehat
0.38742926716804504,0.2248997688293457,0.12903937331403992,0.3894861042499542,0.23620951175689697,0.04274953683601557,0.26569145917892456,0.2569267153739929,0.9060177305025234,0.062456245244479264,544.2249199620398,0.9186353282695813,0.14972134692893943,15.006737051805104,0.0039056858378588356,sehat
0.4415592849254608,0.30192503333091736,0.01592098760295126,0.42425328493118286,0.31206822395324707,0.11905536996872927,0.404032826423645,0.33054256439208984,0.27897740213571554,0.059774443420116063,425.61500946824566,0.965902050562963,0.25622400951427293,9.937118471842886,0.0035858989533826425,sehat
0.3120361566543579,0.2937077581882477,0.7947472042760582,0.31415441632270813,0.28473901748657227,0.8403288764728274,0.29427826404571533,0.2762224078178406,0.9468853265482613,0.03589820532470862,637.3169027378616,0.940100871194395,0.23288538304134754,11.926500530588676,0.0013299798173666908,sehat
0.4683038592338562,0.24393415451049805,0.32403883489074736,0.3756857216358185,0.2478611022233963,0.6037536618197641,0.3235650956630707,0.23577657341957092,0.7557589199119844,0.016943028465683085,548.582686589478,0.9297113088203021,0.16395199016510378,13.203643531334125,0.00029272397443609306,sehat
0.5540217757225037,0.1437893658876419,-0.16115631402517544,0.6922895312309265,0.15595458447933197,-1.0801472218791732,0.3417320251464844,0.13588276505470276,0.6071726259938002,0.015081206613394385,495.47280825056396,0.7836675967620006,0.09363658275282309,14.398950854198722,0.00023054522866409552,sehat
0.4190395772457123,0.17178097367286682,0.7091496997197139,0.45526552200317383,0.14518003165721893,-0.5201033355474138,0.28551480174064636,0.15237919986248016,0.9092634143050291,0.016329093067143165,272.9493769571737,0.8947515698880012,0.12398689846902437,10.758075021713646,0.00027022782696497236,sehat
0.493053138256073,0.24908144772052765,-0.11949066511294858,0.5795034766197205,0.2801995575428009,-0.24071515184997835,0.4630952775478363,0.36064597964286804,0.5680488993998476,0.063067112332234,273.0016867165004,0.972426682290546,0.3487147177343737,8.02339599133412,0.004019493398574149,sehat
0.42427974939346313,0.2015434205532074,0.3081923512661428,0.39889341592788696,0.2062755525112152,0.43325750880965713,0.3783852159976959,0.21437188982963562,0.5105334918329163,0.010648707120209613,743.2238119236316,0.8633853446280185,0.08953899776497154,16.930124308977913,0.000114695956879765,sehat
0.5168938636779785,0.22608411312103271,0.42527096225180727,0.5114705562591553,0.2214314043521881,0.3479008239329616,0.2941621243953705,0.26250579953193665,1.356463458287932,0.0114231061307749,762.6047723912733,0.8773135372814119,0.1119867301037233,17.892215494124724,0.00013201452096841211,sehat
0.4720962643623352,0.18886134028434753,0.17610320959231848,0.4261629581451416,0.19623827934265137,0.3537272540312087,0.38124021887779236,0.19977691769599915,0.43507979270904273,0.011392631994482936,468.46723697150605,0.901498790491185,0.10573369136973522,14.101217123157161,0.00013182594072502128,sehat
0.5539370775222778,0.1441458761692047,-0.4349142508944949,0.5513266324996948,0.16785617172718048,0.03214360413020221,0.45777010917663574,0.2602095603942871,1.001672932089315,0.019199193472699255,254.66421470250202,0.92883808653372,0.18010375109687404,9.57722325185188,0.0003750113886477738,sehat
0.8911463022232056,0.1996898353099823,-2.7164351746718656,0.8881548643112183,0.2040695697069168,-2.6899622450007423,0.8884923458099365,0.20337146520614624,-2.692306491074721,0.5258151614023351,701.838830828421,0.8697516857876019,0.6932725393117035,7.190239051217436,0.27661295215379217,sehat
0.8582175970077515,0.17633092403411865,-1.285553572363763,0.8567466735839844,0.17774780094623566,-1.2819779010909271,0.8328316807746887,0.1671072095632553,-1.3697799654473852,0.1976672147670655,1161.803669394906,0.713298270238034,0.3114235625788628,18.456504543556353,0.03920804670156282,sehat
0.4267888367176056,0.1914149671792984,0.12389834299562401,0.41637349128723145,0.1966181993484497,0.047450187833386955,0.4118748903274536,0.21104250848293304,0.11364422853975563,0.010400255675051713,837.0669421062511,0.8281660595468034,0.10121236284439906,19.124778325318832,0.00011514976446589699,sehat
0.5447701811790466,0.19289402663707733,-0.9454244948608501,0.640509843826294,0.21210582554340363,-1.115551037107133,0.6201881170272827,0.27163222432136536,-0.2939695420980039,0.03942332872538735,189.07388796143414,0.9671823771577489,0.3301515157381346,6.620472340754507,0.0015918306480290749,sehat
0.5711426138877869,0.2607037127017975,-1.0503033163065667,0.5564895868301392,0.2536305785179138,-1.0285214390689945,0.49837690591812134,0.230573371052742,-0.7624594670627372,0.014333648861164387,736.1971408200994,0.9115340861229574,0.10753427614368262,15.841589063186495,0.00020747818889741204,sehat
0.45499950647354126,0.17826053500175476,0.4259617697333247,0.4803833067417145,0.15859252214431763,0.5937727080238605,0.3921237885951996,0.1871267557144165,0.8263111044196627,0.019305009241880427,178.0028775741487,0.9492683109802664,0.21480814219886757,7.3630105016223375,0.0003851192828241987,sehat
0.7362785339355469,0.17207039892673492,-1.8861414211232286,0.7503606677055359,0.21410734951496124,-1.6708834785968043,0.6633975505828857,0.351184219121933,-0.4638836644397662,0.07345892414280238,401.6188770862778,0.9289264348555518,0.4097930245764765,8.536287771695791,0.00552233974531948,sehat
0.30591440200805664,0.22998785972595215,0.9803170855261913,0.3638054132461548,0.22709260880947113,0.6241647073156767,0.27870699763298035,0.21153266727924347,1.4071484257539966,0.04174955615135941,653.2146045208143,0.8974154539942117,0.15194869622408944,14.439247362589354,0.0017459060437456872,sehat
0.5895941257476807,0.24669532477855682,-0.45879376258293664,0.6236404776573181,0.2611817419528961,-0.6147228291523495,0.37917038798332214,0.36680588126182556,0.45766903785613444,0.07847377478087791,532.2561399780624,0.9404135351428212,0.3213543574738414,10.969699886371359,0.006177000573012135,sehat
0.39152640104293823,0.25885915756225586,0.4704676105304648,0.36635828018188477,0.24346032738685608,0.4104709300186926,0.34153884649276733,0.22533954679965973,0.9420018829806188,0.01925155692198341,356.36722702151457,0.9530827862120232,0.16749326646324045,11.414535624808458,0.0003780022891729425,sehat
0.4292764365673065,0.3114176094532013,0.059468696002654975,0.46585190296173096,0.2794930934906006,0.19023089107798333,0.5081504583358765,0.2973085045814514,0.0004303900692187995,0.015564506844150424,1277.6254230591774,0.8726428143189185,0.1431524183854543,20.111737979313144,0.0002451975499593176,sehat
0.721673846244812,0.20356732606887817,-0.8049551970292617,0.6512892842292786,0.23014166951179504,-0.17583244170336326,0.514052152633667,0.33979660272598267,0.13810411995976216,0.07712083327218515,488.96277711853764,0.9249369629448143,0.22974681011547715,12.234699347491032,0.005960492432944526,sehat
0.3586900532245636,0.2956567704677582,0.4751225517900732,0.4348587393760681,0.29894545674324036,0.2691312071925533,0.26088032126426697,0.26129138469696045,1.1189432634962233,0.01706277692068868,1201.0778677486285,0.8898636299804986,0.12784662279468606,21.104657625740078,0.0002959575157277463,sehat
0.5801411271095276,0.25940361618995667,-0.02707469317527406,0.4996769428253174,0.28382277488708496,0.20539871531571052,0.4338882267475128,0.28677839040756226,0.28559849135304377,0.009582217754485275,872.5361419162122,0.9114840633676052,0.08675642461235272,18.98620896420665,9.400327561873698e-05,sehat
0.5007232427597046,0.28721123933792114,0.04715591606511369,0.43284618854522705,0.29179203510284424,0.4861655465523282,0.36249828338623047,0.2894117832183838,0.9027675359973367,0.023814167814514887,749.2526035216164,0.9296499670559563,0.1817254355745843,14.79313985503992,0.0005731484540213618,sehat
0.5355189442634583,0.20818184316158295,-0.20361993668860756,0.4594147205352783,0.2283078283071518,-0.14876255262799523,0.29436346888542175,0.20369982719421387,0.4350990596863603,0.012693035364827202,337.26675538887156,0.9447165591103414,0.14079150080093686,11.516494974380855,0.00016423410211002332,sehat
0.6493523716926575,0.2682376503944397,-0.642219914517414,0.7056052684783936,0.24954737722873688,-0.8429579469442193,0.6632708311080933,0.3172217905521393,-0.45837581444219416,0.05572849267446603,782.9621598508611,0.9115799319413703,0.3613840663608872,14.473217599936747,0.003146050257227501,sehat
0.5363020896911621,0.2881384789943695,-0.19246120016289966,0.543207049369812,0.24735738337039948,0.004098792796278431,0.5321406126022339,0.2584516406059265,-0.13798169941697822,0.026597535155865704,1090.1964985275429,0.8659027920613022,0.14212609252603217,19.172327035327086,0.0007098221783943237,sehat
0.453271746635437,0.24899818003177643,0.26045550843575566,0.4150323271751404,0.2480831742286682,0.4880762435197819,0.3578585088253021,0.2642962336540222,0.9363911707392673,0.011910183696511383,571.9863743510216,0.9283357567797208,0.13705562620885312,13.503583197688487,0.00014419276143059017,sehat
0.3243558406829834,0.18993490934371948,1.3795371232621225,0.304010272026062,0.17882192134857178,1.2806035515029583,0.25830939412117004,0.15844695270061493,1.0649849855936584,0.018153315212137963,302.6672000571648,0.927212092853278,0.16992971027450535,10.859313603930906,0.0003316754282881955,sehat
0.4034559428691864,0.22124215960502625,1.4950661748251293,0.4018612205982208,0.21903853118419647,1.4954674041355738,0.32693612575531006,0.18009154498577118,1.2407443558387687,0.016916978738014815,434.228872592021,0.9270025313881556,0.15030860013727787,12.923254712467909,0.00028787807384058305,sehat
0.5052405595779419,0.21948553621768951,0.5372577629379519,0.45599985122680664,0.24090833961963654,0.7139239259315225,0.3943091928958893,0.25906726717948914,0.9585681246185285,0.020567645215470564,453.4386696430526,0.9366706909308772,0.16605936655157835,12.693168487033459,0.0004299719217729777,sehat
0.4476236402988434,0.2309732884168625,1.0943305827120733,0.3854767084121704,0.24517497420310974,1.3184151309956973,0.3486751616001129,0.25283539295196533,1.4479217955232178,0.05459582893935214,982.1940300459723,0.8666423334138805,0.13447475282432778,20.13840228957499,0.002988981190605981,sehat
0.600574791431427,0.16572308540344238,0.4597027431670412,0.5424298048019409,0.18641579151153564,0.669624996191128,0.4919869303703308,0.20109668374061584,0.7954840355474833,0.01637912979187624,611.9725973312826,0.8519183882297883,0.13351177450072824,16.287441510380216,0.00027110609635820897,sehat
0.39273861050605774,0.2150973230600357,0.5954877571188468,0.3128874897956848,0.23141729831695557,1.055374474252821,0.3000958561897278,0.2281561642885208,1.1336516315544478,0.05252271036970852,637.3600776456037,0.9010255919010675,0.1871423628362785,14.834063052313807,0.00276617484778149,sehat
0.4404083490371704,0.20149467885494232,0.9639343561182652,0.35608968138694763,0.23072244226932526,1.130929170064517,0.3418259918689728,0.2288096696138382,1.1888669665772458,0.01680787948579596,587.1063640360345,0.9054976532790969,0.1506725487497093,15.542783871103557,0.0002851928591866667,sehat
0.5947074294090271,0.1724601835012436,0.5804914532480593,0.4520323574542999,0.21089057624340057,0.9812369607404815,0.42468997836112976,0.20807412266731262,1.1398552971816485,0.01660991123215533,584.5377503435858,0.8764432183103877,0.13642968355257218,15.882627157722503,0.000278484558164065,sehat
0.4217032790184021,0.20451930165290833,0.8364922975479915,0.33858126401901245,0.23011301457881927,1.1166024838062034,0.32509127259254456,0.2279336005449295,1.1814117173857208,0.0170953964560689,620.0411997547812,0.9000891698899746,0.1542706864745331,15.10014390061074,0.00029582132864980354,sehat
0.19151508808135986,0.18514491617679596,1.3261778595134623,0.14745444059371948,0.19908340275287628,1.5197399777402305,0.1389962136745453,0.19700811803340912,1.5590647246895546,0.04235599107975765,255.21451402431308,0.946859892630989,0.27828048491980656,8.506142275102198,0.0018096930829282958,sehat
0.6653828620910645,0.1627664715051651,-0.19247698923317716,0.6212561726570129,0.1626185029745102,-0.03750950006999527,0.5366650819778442,0.15305308997631073,0.27789831080682265,0.012049623940888751,507.5964592923339,0.8463314523127177,0.10905373394468987,14.736862437661237,0.00014683887854020507,sehat
0.2725261449813843,0.27470505237579346,1.1604861521337315,0.2743675708770752,0.2175043523311615,0.43139508110796704,0.20718853175640106,0.1624240130186081,0.752406690903555,0.1149525470130172,438.73323136606047,0.9324234850237437,0.23623169459927448,11.103560177892563,0.013230770787212276,sehat
0.5147014856338501,0.17314258217811584,-0.24468221524165729,0.5636773109436035,0.1588948518037796,-1.1049667963222947,0.4833779036998749,0.24971015751361847,0.7276622693000658,0.023334510471227674,356.31919317779915,0.8819137890767332,0.1783817582276228,11.596138274355651,0.00055583740706962,sehat
0.5507907867431641,0.15933066606521606,0.0642426918114929,0.5670703053474426,0.16786009073257446,-0.5035346785371803,0.41609764099121094,0.14079095423221588,-0.26058419776243197,0.013075388641706273,371.6194931123018,0.8759628765608819,0.10528531205547309,12.590067688706384,0.00017263527277845852,sehat
0.5043524503707886,0.21977607905864716,-0.015086577327624499,0.46979618072509766,0.21737876534461975,0.11994519407278795,0.3621847927570343,0.21058179438114166,0.9928652586582954,0.011665264204449119,805.9590922011788,0.8634091730786024,0.1051973303685214,18.655430890636396,0.00013857292529531427,sehat
0.3785669803619385,0.2441457062959671,0.4038316806430899,0.2726972699165344,0.17453818023204803,0.6554830717224058,0.17640207707881927,0.11789669841527939,1.4547791843624889,0.016490153836976326,259.0100806822896,0.941895145305068,0.15203266832730536,9.927695417334037,0.00028719593286821916,sehat
0.4889480173587799,0.2119167149066925,-0.2829560203496666,0.5469059944152832,0.21347162127494812,-0.6167127738871184,0.48029616475105286,0.27091163396835327,0.4150183089263163,0.03113729021411972,592.3256536561186,0.8909955848762814,0.2265587780302942,13.15805856021938,0.0009898865680160723,sehat
0.5025796294212341,0.21023957431316376,-0.3610544055745485,0.3975904583930969,0.15707655251026154,-0.07622968528616836,0.33895230293273926,0.16239264607429504,0.47186118574099495,0.016490741086625276,225.3443016587703,0.9390382368538449,0.16178173701409446,8.763159865379672,0.000277322538307333,sehat
0.46736326813697815,0.2667814791202545,0.25664979862465975,0.45330923795700073,0.24603231251239777,0.5075677290532942,0.34841275215148926,0.25207415223121643,1.2149436805989555,0.04457747381889129,656.7924800514417,0.9183651603473569,0.1522978769908774,15.052801087637208,0.0019887506911100087,sehat
0.644173800945282,0.16221775114536285,-1.1303233730936821,0.581291913986206,0.14397889375686646,-1.1366258542076446,0.37843644618988037,0.11393199115991592,-0.33808935451722766,0.015655972599451586,358.99447620943005,0.865343649310776,0.10854656250816604,12.307422893946793,0.00024724435926534613,sehat
0.5495443344116211,0.17560148239135742,-0.18117477367513216,0.5186905264854431,0.16567496955394745,-0.3097707646823711,0.4711201786994934,0.2285100668668747,0.7543842741537345,0.01602585285783337,454.37756714631115,0.8699136972264632,0.15542170470409267,12.871197440971534,0.00026144079994337726,sehat
0.6838035583496094,0.2083958089351654,-0.6487607402862975,0.6497408747673035,0.23673661053180695,-0.6890426462889873,0.6381175518035889,0.3025607168674469,-0.7955917014563401,0.028675272495591167,387.89610346945227,0.9446605194033945,0.3020141361441382,8.885098332704791,0.000843476434776917,sehat
0.40300217270851135,0.2831629514694214,-0.02388877803211809,0.3832457661628723,0.25025320053100586,-0.41985712523638463,0.20274122059345245,0.16783538460731506,0.6325233009780753,0.1972747367823675,291.38299453456887,0.9628054669251512,0.301659071992064,9.511124046899157,0.038955029804393485,sehat
0.5194911956787109,0.17396384477615356,0.015190880032805823,0.5764303803443909,0.17349933087825775,-0.6760603642482361,0.6058880686759949,0.33918777108192444,-0.09432524968690142,0.028542657868129453,570.7345762054118,0.8324478066654873,0.29907889633627266,12.452270198506676,0.0008451244763973566,sehat
0.7019749283790588,0.3280186057090759,-0.7140019414149686,0.6890143752098083,0.30059805512428284,-0.5948173588333859,0.6050271987915039,0.3430502414703369,-0.1894740813614181,0.18138752383763526,719.6741070248373,0.9428799721064421,0.3315886881050095,12.856159422936003,0.03292783900064044,sehat
0.5297003984451294,0.16542163491249084,0.8016015310457278,0.48486053943634033,0.14385603368282318,1.1060772456448433,0.4041603207588196,0.13457487523555756,1.8379634088282562,0.02202669023397584,202.76431461989526,0.9272985023518195,0.18638094986179735,8.238241081744755,0.0004936191106175591,sehat
0.7257273197174072,0.25408124923706055,-0.8447223642037924,0.6206758618354797,0.28080102801322937,-0.0538979183979478,0.5269397497177124,0.31536686420440674,0.46138396423351963,0.1544092324075134,627.8492396102903,0.9344518355758726,0.2800281163444816,12.80771990702896,0.023872223797673366,sehat
0.49150222539901733,0.2508019804954529,0.2461952661790233,0.47564154863357544,0.2398861050605774,0.2507491314732382,0.42516380548477173,0.20858778059482574,0.4963108591192928,0.015036377291952894,586.1874452860421,0.920361742973066,0.15213777425552025,13.367735330214385,0.00022995884756911154,sehat
0.5657299160957336,0.13891279697418213,-0.23751327298604993,0.4720642566680908,0.14464306831359863,-0.1489390144234055,0.2964531481266022,0.12940970063209534,0.4497725980574721,0.013781154986808125,630.261499904397,0.7411659900476679,0.11311117315115483,15.764836438382396,0.00019410956647903385,sehat
0.7169945240020752,0.19688092172145844,-0.759598391037564,0.5852574110031128,0.1945694535970688,-0.6536190356790922,0.37906283140182495,0.15542519092559814,-0.19963453542081905,0.02877118798292669,242.44089307356694,0.9461274001078607,0.24500467170147266,8.464752330126371,0.0008453406527336645,sehat
0.4048757553100586,0.21868856251239777,1.0884742824628257,0.40791887044906616,0.21095998585224152,0.8333505954392859,0.27487918734550476,0.22792738676071167,1.4112832050121802,0.0184752404832846,276.5611295986847,0.9526168585912845,0.17020544654883585,9.278967982153652,0.00034517592026437087,sehat
0.5476421117782593,0.12735190987586975,0.1945804212180639,0.5865819454193115,0.13102391362190247,-0.519458704574957,0.4013984203338623,0.11157512664794922,0.10807928398357566,0.015119491436661775,320.7713246024271,0.8291223334961194,0.11477003914453134,11.996181973847074,0.00023087558051593747,sehat
0.6485979557037354,0.15620547533035278,-0.21569415010956478,0.7018753886222839,0.15648220479488373,-1.2874614956748462,0.5926034450531006,0.284112811088562,-0.04224666536408045,0.03766254290412701,300.13888985273104,0.9008811922791916,0.2864082097859437,9.363854179897903,0.0014422918523879086,sehat
0.7860961556434631,0.2690112888813019,-0.807085326741576,0.7374680638313293,0.31376054883003235,-0.5432974155788093,0.6972996592521667,0.3515467345714569,-0.4137384859314507,0.434207256415896,554.1514168340792,0.9538653457881011,0.5461670192942158,8.448197883460494,0.18857213449456064,sehat
0.6314253807067871,0.1481500118970871,-0.016873503861057515,0.6290966272354126,0.16855821013450623,-0.45723980810523346,0.38257506489753723,0.16903667151927948,1.076232547623528,0.014000125828483118,359.0961297989206,0.8719234151539842,0.11472235834253891,12.231748882646146,0.00019831459610387863,sehat
0.6973325610160828,0.282080739736557,-1.015279490234337,0.5919632911682129,0.26400622725486755,-0.7431088283405889,0.4221068322658539,0.23566284775733948,0.07807465807148721,0.01623124522363279,505.365117493646,0.9434193852353356,0.17442979527846944,12.367082399916592,0.00027008766468007115,sehat
0.6468445658683777,0.2787761092185974,0.07026269027050439,0.657974123954773,0.247529074549675,0.17230271351373774,0.6179342269897461,0.3117600679397583,-0.1274416951272304,0.21665257175337235,270.26684104771175,0.968333861577391,0.44251696610311386,6.473013976365151,0.04703796423044751,sehat
0.5294981002807617,0.2522117495536804,0.11988027857339034,0.5770050287246704,0.26004743576049805,-0.025966735917505767,0.47431111335754395,0.23533906042575836,0.48498429025609185,0.02260486710986978,863.3936503476367,0.8955198567690733,0.11892976166397741,17.85831194546533,0.0005135485425127239,sehat
0.7471851706504822,0.13057564198970795,-1.4555674455442715,0.5793589353561401,0.15864381194114685,-0.8393183748540112,0.3843975365161896,0.1383833885192871,-0.31951201528831275,0.021782243884406593,228.95638990715062,0.9161767126881069,0.1416385238251296,9.654282844970558,0.0004783094455791041,sehat
0.4362216889858246,0.26512110233306885,0.10726184708160223,0.4097508490085602,0.24061737954616547,0.2530145050085667,0.37130412459373474,0.2259918749332428,0.5217352756531876,0.02207905647657037,307.27005077360974,0.9608147191591015,0.22774930232036117,9.041379775244822,0.0004956362870332023,sehat
0.6301353573799133,0.22450992465019226,-0.7818590009673897,0.4954831600189209,0.21887366473674774,0.021005513398813073,0.43387457728385925,0.24147388339042664,0.31720538495011763,0.028018733103607623,322.5259796111396,0.9476184152397408,0.19104331077755385,10.138543388476624,0.0007896659482633242,sehat
0.5575582981109619,0.3814827799797058,-0.22128008709954408,0.5210090279579163,0.3459222912788391,0.08000024279480593,0.47228243947029114,0.3497706949710846,0.39527425104639263,0.16256170009443585,917.9274387068353,0.9436706047063835,0.3169501022329913,14.386800783012108,0.02647467885178149,sehat
0.7363792657852173,0.16861900687217712,-1.1170883330817978,0.6571364402770996,0.1766655296087265,-1.3770900058955269,0.5743712186813354,0.2580435276031494,0.1438613278515952,0.05011023518289095,520.7400001225468,0.8472602989633904,0.2680282099147454,11.87575412012736,0.002536957107655106,sehat
0.5435521006584167,0.16920624673366547,0.05556819304927231,0.5276616215705872,0.16769945621490479,-0.3804742960644578,0.3699193596839905,0.14809994399547577,0.3225504265362665,0.012638064747124804,494.1642628803591,0.8574431495290001,0.1008611574691789,14.654870653078683,0.0001614254262810239,sehat
0.6411415338516235,0.21937648952007294,-0.3824954445566997,0.5846425294876099,0.2672930955886841,-0.12256438902572984,0.5468458533287048,0.312272846698761,0.02675413852277183,0.046839061868383235,147.11557066328893,0.9828391078787423,0.4265097759874163,4.858571779114501,0.0022327249443522073,sehat
0.6238738298416138,0.2942090928554535,0.10044198689892612,0.5847376585006714,0.27177363634109497,0.11460796435942412,0.45977964997291565,0.33815905451774597,0.3650235798691149,0.0411900117921157,489.78932374009815,0.9524686681504534,0.28883338647336526,10.976898460119775,0.0017143556975146863,sehat
0.5290664434432983,0.22806042432785034,0.02621227125091712,0.5373089909553528,0.16892854869365692,-0.46110653230725557,0.41222482919692993,0.1921728253364563,0.054124077942183414,0.012264321682246613,325.3857467603678,0.9259034853924654,0.11399064976486313,11.976155926199715,0.00015288961525535338,sehat
0.6802972555160522,0.26673462986946106,-0.488842355070314,0.5665428042411804,0.2780071198940277,0.01050629368864693,0.48780637979507446,0.30090662837028503,0.18362724200208688,0.13349941616962638,459.94229799083365,0.9523393623208172,0.2352903657437194,12.42769105647213,0.017827030802836975,sehat
0.6992239356040955,0.20112192630767822,-0.28031693588970397,0.7079466581344604,0.22226284444332123,-0.1817328260848616,0.5153471231460571,0.33009427785873413,0.49805519554567756,0.08788490691709061,431.57774900824194,0.930215846281948,0.2942214072918911,11.70144009867648,0.007747708406425764,sehat
0.5153483748435974,0.24399155378341675,-0.4214193833402624,0.4174576699733734,0.21814364194869995,-0.15843557310082784,0.3013865053653717,0.17222540080547333,0.2523653448845356,0.013841393938793287,305.07989287189145,0.9501310339389143,0.13019870849930765,10.777394021043365,0.00019519201145045043,sehat
0.5665238499641418,0.21799200773239136,0.26081550486372296,0.5225955247879028,0.1455891728401184,-0.08038048355671411,0.26969918608665466,0.13565967977046967,1.3992915258544734,0.013274830636491347,405.185891356899,0.8764102282933289,0.1113731092123469,12.906455782076184,0.00017798816451472616,sehat
0.5028590559959412,0.1810445338487625,0.19891112836619054,0.42352184653282166,0.18810206651687622,0.7029518478848045,0.36165139079093933,0.22000828385353088,0.987310107685367,0.015158327070314004,353.27965993524913,0.9221073340737874,0.163459520701763,10.775830851197462,0.00023455973014044608,sehat
0.39179563522338867,0.23756170272827148,0.34040640274060574,0.3799400329589844,0.18655765056610107,1.0988306242355268,0.2157878279685974,0.2138683795928955,1.785664547930178,0.012788718250662466,685.3624115004008,0.8599371552281113,0.11046727760028424,15.15024728635546,0.00016590399219958843,sehat
0.5453566312789917,0.17584829032421112,-0.03257075520552407,0.48062750697135925,0.24867770075798035,0.22831084641643215,0.4066717028617859,0.3044346272945404,0.7247109717691709,0.014980722187604505,462.19086683762816,0.9261640698893809,0.15286491240638997,12.887505047611137,0.00022906692983564865,sehat
0.43015697598457336,0.2630898654460907,-0.014908596527889022,0.4312068521976471,0.2397451549768448,-0.3053045631349834,0.308687686920166,0.2133106291294098,0.6270625878861991,0.06509724366869639,675.3063844536982,0.9083206535046736,0.19371769661802374,14.103322806335271,0.004283885335250804,sehat
0.3257288932800293,0.24710357189178467,0.67358753691541,0.24810171127319336,0.13731901347637177,0.9575697993873379,0.16615065932273865,0.1051655039191246,1.8909492896059312,0.018069454829691085,518.9374623344313,0.8423351310203793,0.11672111136770331,14.243853949589885,0.0003318833062048111,sehat
0.5808268785476685,0.13360987603664398,-0.10326842020166065,0.518317699432373,0.1635366529226303,-0.22853542947478003,0.34441810846328735,0.12554748356342316,0.21817409594468418,0.015912095841766574,246.000841108446,0.9053252488110726,0.14130727569246468,9.852071795639537,0.00026017646859407276,sehat
0.5401195287704468,0.19835959374904633,-0.2894034361156509,0.4583355188369751,0.1866854727268219,-0.14351120417160293,0.34943297505378723,0.18384091556072235,0.3806418016780058,0.013520798985230884,297.9729931426911,0.9343211604419978,0.14497112720110397,10.392600897086227,0.00018567274244842805,sehat
0.5815208554267883,0.1631256341934204,0.08451823337883753,0.4455108642578125,0.19830599427223206,0.27017950273218727,0.3227524757385254,0.19494174420833588,0.48536129628592856,0.01653736789022111,265.0956127410205,0.9388301955385336,0.16082288337469344,9.790437814194645,0.00027822304269227986,sehat
0.583295464515686,0.24782030284404755,-0.36228072207216283,0.49889278411865234,0.23734579980373383,-0.0010504834577458005,0.44940027594566345,0.2234184890985489,0.34201922940188995,0.01315157274886355,582.3062653649775,0.919343123054997,0.15978875000050585,13.59736990652078,0.00017763767090160987,sehat
0.49304714798927307,0.18328599631786346,1.0449193549337912,0.5003073811531067,0.15366311371326447,-0.15719654666850374,0.27299636602401733,0.10010336339473724,1.8012751411723584,0.014727564628209573,404.3084988745665,0.8438384610621963,0.11780942615387195,12.831798673593964,0.00021983342698170665,sehat
0.5003488659858704,0.20848220586776733,0.19347206715358622,0.47664502263069153,0.18621475994586945,-0.12090113663855968,0.36078527569770813,0.2077060341835022,0.647414073463203,0.0192531831808755,664.6057454097938,0.8569067128266384,0.18520097408889094,14.135331782990546,0.00037651326619840146,sehat
0.5368225574493408,0.264400839805603,0.2379191701833971,0.5270357131958008,0.26544514298439026,0.33809790885449,0.44808638095855713,0.2932136356830597,0.6515532982349668,0.039903569609731994,684.4790944243068,0.9225303472223908,0.1759779364602131,14.579274601579913,0.00162358144587109,sehat
0.4916302263736725,0.1528908610343933,0.32243732194589697,0.443269819021225,0.1661096066236496,-0.3953805049021844,0.3578794002532959,0.15275949239730835,0.4763643687293367,0.020107190572791773,345.46096010382786,0.8894575200694828,0.14600725599490433,11.541439048062722,0.00040866070550315566,sehat
0.5124214887619019,0.21644805371761322,-0.3566126878877976,0.525904655456543,0.2017175406217575,0.06560767402066973,0.43457093834877014,0.28192847967147827,0.8432508933967449,0.020136179324306253,265.45393043735055,0.9503167124114293,0.19898168825918383,9.372622280128242,0.00041234403754992094,sehat
0.6937456130981445,0.1954544633626938,-0.8589609996296164,0.5876845121383667,0.1787058562040329,-0.7470329958844683,0.44110941886901855,0.14267180860042572,-0.5517691817058833,0.017007064536600947,276.7942486389339,0.9340102934277263,0.1479994460543422,10.046593339202056,0.0002929407637327483,sehat
0.4994094967842102,0.18174892663955688,0.37560194441702216,0.43365272879600525,0.1535363346338272,-0.0855716170933322,0.19117774069309235,0.11718916893005371,2.396724422343615,0.035435578790314,235.88280934107436,0.9121816055866687,0.27093609081915454,8.291960446928082,0.001281878607431161,sehat
0.5791520476341248,0.18663690984249115,-0.3928760065919,0.527096688747406,0.17676927149295807,-1.0054393435226683,0.3355376124382019,0.13202862441539764,-0.2927652663368686,0.017330564114149564,364.45834332915547,0.8998828901457142,0.14851698501251753,12.016834439185786,0.00030554862097013864,sehat
0.38553470373153687,0.23490941524505615,1.0329273804969075,0.3743669390678406,0.2273242473602295,1.067466375798561,0.365383118391037,0.21885445713996887,1.2446397935497806,0.022503213425813393,251.14061872207347,0.9624160809079658,0.22068714392158295,8.221933925700528,0.0005150082291512911,sehat
0.5633698105812073,0.2856476604938507,-0.2512347187345244,0.5282325744628906,0.24362997710704803,-0.1520097634752256,0.3543708026409149,0.20988363027572632,0.4926858416495782,0.01606496481137146,511.8781733794579,0.9347154107789866,0.16389328430150468,12.49038050176611,0.00026212775578667605,sehat
0.6148742437362671,0.19666548073291779,-0.8033287920793091,0.5177966952323914,0.18153376877307892,-0.05290613394944877,0.4016381502151489,0.20044797658920288,0.7977393914695052,0.028379058766106,510.9062687064223,0.8771766298541593,0.1613668445204138,14.016903850280379,0.0008138489418988626,sehat
0.6977682113647461,0.26707977056503296,-0.21842256553178943,0.6669139266014099,0.24874310195446014,0.16066293224250552,0.4925004839897156,0.34913069009780884,0.592175222284017,0.2555740063334539,389.1514167838521,0.9554810523391627,0.3499015465780136,10.16582628556988,0.0653533711178832,sehat
0.4952467381954193,0.2345588654279709,-0.19594780375025556,0.44455787539482117,0.23685118556022644,0.08583377425576588,0.38928472995758057,0.23249340057373047,0.4014415734347309,0.010264707894671859,643.1437420533279,0.9084882671150804,0.0964039116454276,16.105664783920375,0.00010660805056066303,sehat
0.5895296931266785,0.23552517592906952,-0.08937678765717916,0.5219107270240784,0.22501251101493835,-0.14399337133722098,0.3515262007713318,0.20748984813690186,0.42790279615661975,0.013498045472327531,534.6059142690243,0.916194291508813,0.16049434416572697,12.94416249814553,0.00018720826272075098,sehat
0.52436763048172,0.2375732660293579,-0.20424428516746101,0.49931132793426514,0.24696938693523407,-0.2616476749671297,0.3474838435649872,0.31689125299453735,0.5918921403786535,0.015053030680170115,858.5426279567431,0.8900747155169008,0.1475806427314867,16.46636677703786,0.00023139640738411096,sehat
0.6573595404624939,0.25114208459854126,0.022501852038942362,0.5732821822166443,0.2674820125102997,0.45906013389899397,0.40183067321777344,0.3603985011577606,0.6130672698784165,0.14540577881958774,442.75959602403856,0.9526444457329241,0.25507453564160726,11.40930277991464,0.02115071784064332,sehat
0.5990402698516846,0.20536549389362335,-0.6960136868870911,0.45964518189430237,0.20178088545799255,-0.022053104660808218,0.3326140344142914,0.21707987785339355,0.9193468053926761,0.019674147915431647,329.3524027854043,0.9302199306660599,0.18834526550685574,10.470738338260036,0.00039274498363454246,sehat
0.5562455654144287,0.3187825679779053,-0.10017220046985302,0.49634143710136414,0.240998774766922,-0.1786918216059297,0.3492589592933655,0.21759718656539917,0.7356843669071809,0.012002016350755524,733.4000212198754,0.9124675325715838,0.12116828116311056,15.337384813895602,0.00014643977889556775,sehat
0.6284893751144409,0.168084979057312,-0.6496849903974186,0.5780291557312012,0.1735316812992096,-0.25277710008077076,0.5394763946533203,0.19082294404506683,0.17736532457501936,0.015976441418560708,305.6227423595245,0.9204694677797557,0.16314845814039333,10.10715019398639,0.0002597377922971162,sehat
0.48416998982429504,0.2136254906654358,0.410635725086533,0.4938807189464569,0.1645069718360901,-0.21434444522738447,0.25049468874931335,0.1791977435350418,0.9951766143586644,0.015332987836726169,294.581158938937,0.9257164001194388,0.14019078712326397,10.162482738758436,0.00023792200642398556,sehat
0.581520140171051,0.19128577411174774,0.08273094647461726,0.5992287993431091,0.15574896335601807,-0.6400274782189622,0.37336641550064087,0.14624398946762085,0.38774935182661463,0.01387994479239249,373.6798506150132,0.8716738669575673,0.11764000457627943,12.316254424816764,0.00019531065886355855,sehat
0.606744647026062,0.23371006548404694,-0.26255656102121067,0.6000808477401733,0.284030944108963,-0.21003839294922616,0.4769146144390106,0.3373847007751465,0.45241545599802235,0.019384907492961838,739.2154698663325,0.9195231558071252,0.2124205014850595,14.16671539780495,0.0003833640566828992,sehat
0.5916845798492432,0.1412988007068634,-0.3181086408256741,0.5849195122718811,0.16266962885856628,-0.17633498204933082,0.47461938858032227,0.13634133338928223,-0.2923050892562836,0.018874877932908218,188.61404009005852,0.9341609868054475,0.2077802933269602,7.487484494993153,0.00036540331550077854,sehat
0.5791483521461487,0.23051811754703522,-0.35919259029401757,0.6110343337059021,0.29054391384124756,-0.4128136916727845,0.6324485540390015,0.3689379394054413,-0.35097757529065043,0.04615886236699388,534.41587039016,0.9454453226492916,0.4027048804380519,9.950275166528282,0.0021473258100180143,sehat
0.2738201916217804,0.28185003995895386,0.7630008975017529,0.27323681116104126,0.2801027297973633,0.7551035715058048,0.26655131578445435,0.2804291546344757,0.8902491966618281,0.17591937962042783,315.54088682004436,0.9689566834352829,0.44334463239161304,7.6839743717485725,0.030976505014682954,sehat
0.3084453046321869,0.2688016891479492,0.5671040811118783,0.3100261092185974,0.2671835124492645,0.5379979178594858,0.29960983991622925,0.2689394950866699,0.7173285875561533,0.15128093316348634,239.0340645419141,0.9742098329301521,0.3982964894020073,7.447631626563322,0.022906669635493593,sehat
0.5762047171592712,0.18340086936950684,-0.31512419077720344,0.6258916854858398,0.2207041233778,-0.590918082831636,0.5309864282608032,0.3497005105018616,0.1846164606060871,0.029849411719755522,277.2802686524241,0.9520197399413655,0.3372260056618501,8.311628798063046,0.0009062719844598723,sehat
0.5442032814025879,0.25319206714630127,-0.478808899476867,0.5394984483718872,0.25133180618286133,-0.5255069680281547,0.5007508993148804,0.34091877937316895,0.05448442892667436,0.01926722125500178,446.12340348632694,0.9480111058165274,0.21297158747863854,11.336488272547818,0.0003779281703304288,sehat
0.5234009623527527,0.2779090702533722,-0.40653583470298554,0.5386831760406494,0.3247627913951874,-0.22607070432729962,0.5446910858154297,0.387452632188797,-0.03691091217606023,0.07457052402689972,734.8482759096099,0.9410401505388615,0.39845729345755004,11.301526049665698,0.005575017462180286,sehat
0.5704871416091919,0.24035309255123138,-0.4147824402671906,0.5942901968955994,0.2967890501022339,-0.3664297275550497,0.6089036464691162,0.3711867928504944,-0.25457789112838053,0.04318895775668161,661.4807047496537,0.9347698465708182,0.3872885897334462,10.94374625628604,0.001881158613822533,sehat
0.4363255500793457,0.29132509231567383,0.13651261815014984,0.41172051429748535,0.2856202721595764,0.21070012023204926,0.3409862518310547,0.29933568835258484,0.7270313701091135,0.08362698709632022,578.8273062533088,0.9451494115792869,0.23416254982858029,12.032513660859854,0.0070045777564381245,sehat
0.49267667531967163,0.27206847071647644,-0.006000818676626793,0.47477155923843384,0.27285104990005493,0.026962841102977853,0.407166063785553,0.3111979067325592,0.42725388637414097,0.016489495300168827,491.4033196295413,0.9489805020662674,0.1873920681005662,11.829689451309982,0.00027975390715277156,sehat
0.5430341958999634,0.2933143973350525,-0.44963330625558934,0.6004804372787476,0.32241836190223694,-0.722766104924184,0.5315883755683899,0.43903404474258423,-0.0765699298882611,0.08281249443270754,828.9616221045653,0.9349069738461079,0.3378472345100692,12.869748899647886,0.0068727163759942115,sehat
0.5290973782539368,0.30192476511001587,-0.40114417928914775,0.5806726217269897,0.33255696296691895,-0.6275851495388309,0.5182275176048279,0.4366024434566498,-0.02397347294775187,0.10067156513988774,814.8946486565237,0.9394064627595964,0.3489630978921136,12.725806737079386,0.010149849104218659,sehat
0.5931184887886047,0.23144736886024475,-0.150034578674922,0.6804330945014954,0.2397344559431076,-0.9457848220792493,0.5980784296989441,0.43035459518432617,-0.3488464617622015,0.025061991522726267,633.6516413505148,0.9174502426923273,0.28544230965569356,12.47625876785203,0.000643989384207166,sehat
0.676691472530365,0.16728700697422028,-0.6521060157116451,0.6087853312492371,0.19215495884418488,-0.19800417715803678,0.5514333248138428,0.225160613656044,0.28149781529700085,0.025266525745615793,246.9115302046423,0.9443897877810373,0.18578021707966472,9.48339538825748,0.0006428608773324246,sehat
0.6486412882804871,0.2142251580953598,-1.2567087312781842,0.5778183341026306,0.22460225224494934,-0.5693749927313444,0.5234458446502686,0.24644872546195984,0.030515404011614695,0.036877018608439054,464.89530531232367,0.9241820486286486,0.2111807797458143,10.282066787857495,0.0013688627004291235,sehat
0.587933361530304,0.27711430191993713,-1.0607892760402085,0.5266479849815369,0.27105003595352173,-0.6244222927678235,0.47666239738464355,0.27732986211776733,-0.09721031341670362,0.10782036009547359,508.4389957765522,0.9455478017499735,0.2672896979770924,10.048814832396028,0.011638943644671905,sehat
0.4712657332420349,0.30594682693481445,-0.23005401221109578,0.46337318420410156,0.3014373481273651,-0.2547333063200869,0.4442768096923828,0.3507293164730072,0.20155037363404976,0.07900539699803838,600.5742521414725,0.949648332043465,0.2895828713617676,10.845011627818986,0.006256448260913161,sehat
0.5047363042831421,0.28119614720344543,-0.40997157530067974,0.49894487857818604,0.27839064598083496,-0.44100101187096036,0.4644777178764343,0.34724974632263184,0.16144943022411867,0.04008860811137769,624.0744693441962,0.9388446785576378,0.2472138661958138,11.696138318565685,0.0016189003240204445,sehat
0.5649382472038269,0.21954862773418427,-0.6841834121779724,0.5831781029701233,0.2712688148021698,-0.43104122910751075,0.5886693596839905,0.3742798864841461,-0.15806562168179242,0.04368149546033868,297.1755814590036,0.9655555747766481,0.3738329575824566,7.950343616218258,0.0019448630135010271,sehat
0.4540550708770752,0.243111252784729,-0.20848284489842628,0.45491182804107666,0.2581233084201813,-0.12959742325744344,0.3829836845397949,0.29828107357025146,0.709622091377956,0.02776085485204452,419.94439276027873,0.9449032745097646,0.24046151903239318,10.080317061478059,0.0007787692951213096,sehat
0.4493510127067566,0.2510964274406433,-0.14824328146523236,0.4477267563343048,0.2622266113758087,-0.06895005833980791,0.40469133853912354,0.30380886793136597,0.5522878290144545,0.03687867155477533,335.84372045194317,0.9580490293512635,0.26363342549986113,8.935328414854505,0.0013684626484538219,sehat
0.4650447368621826,0.2316395789384842,-0.16787860093986665,0.48178330063819885,0.2409176230430603,-0.15279999156699076,0.4133880138397217,0.29837241768836975,0.603839843587411,0.016478454582361492,330.91113079101734,0.9500220776239064,0.2226384053069241,9.610792077501186,0.000275732716853679,sehat
0.5134716033935547,0.28187209367752075,-0.43615638814518526,0.5553805828094482,0.29128414392471313,-0.4490104380376933,0.4295172691345215,0.31201574206352234,0.4143217373086273,0.09322446586877821,745.1972996786675,0.9220789296627879,0.28500797854677434,14.101909857890275,0.008701915322114399,sehat
0.5897210240364075,0.23190563917160034,-0.5658620930743379,0.6384423971176147,0.23901811242103577,-0.4357259486872812,0.5152555108070374,0.30066850781440735,0.29948269720369763,0.15856102311172957,535.5235473261463,0.9177845737939653,0.3367246960067467,12.393079953694055,0.025150809902235966,sehat
0.5338636636734009,0.266274094581604,-0.5312858839519966,0.576551616191864,0.2767903208732605,-0.49646997605124693,0.44995588064193726,0.300117164850235,0.3742624057837363,0.14525208555837837,673.039666913697,0.9209612765568508,0.3318597328542346,13.141430357686522,0.021107179577680893,sehat
0.5046688318252563,0.2683451473712921,-0.20799868022737883,0.42886075377464294,0.2577136158943176,-0.0555165021585306,0.3688841462135315,0.2827053964138031,0.07545026614838016,0.04683928094919453,304.5199276729051,0.9655776563573387,0.24273782360957838,7.876921111328332,0.0022023877575004774,sehat
0.4808395802974701,0.2867586016654968,-0.16709292878527626,0.4089715778827667,0.2723228931427002,0.00023894787659489266,0.35354429483413696,0.2904692590236664,0.14085516364120662,0.08209837561099527,295.582095141235,0.9701415114881865,0.27538739135378765,7.578610455355036,0.006751952543868757,sehat
0.5295429229736328,0.247549369931221,-0.06937829951890369,0.4529803395271301,0.251668244600296,-0.007462537584400829,0.3839332163333893,0.2858903408050537,0.03553030338617818,0.01696302858935632,189.08848046515436,0.9772445358004124,0.20805600351428233,7.344017359235328,0.00029159460437333355,sehat
0.5420562624931335,0.21820585429668427,0.16261028241851355,0.45715463161468506,0.26841822266578674,0.19335682527538875,0.318278431892395,0.3338475823402405,1.1164675228186098,0.01272274425470421,827.2059250220551,0.8828620072244936,0.143686267673071,17.44095487549473,0.00016599740108483017,sehat
0.49310070276260376,0.27238142490386963,-0.2209814998482016,0.36334624886512756,0.28349569439888,0.52906295803367,0.22334368526935577,0.26741763949394226,1.738366150812257,0.08575739138794887,786.990763274534,0.9096465740488755,0.2027278740926349,15.859490481715463,0.00736311036578266,sehat
0.4982975721359253,0.27409282326698303,-0.21879991423811646,0.3836073875427246,0.2887931764125824,0.4050481049963288,0.2379264384508133,0.28215426206588745,1.6105045276699954,0.076457088333357,924.7947310205121,0.8971398538801708,0.19487249684416563,16.963996814599856,0.005855787699219648,sehat
0.5152674913406372,0.2030361443758011,0.09992249864609941,0.4363200068473816,0.2064094990491867,0.3202000171394083,0.32775449752807617,0.23254957795143127,0.9836342612182306,0.012386632797734257,379.55622258631297,0.9258527384874401,0.12288128267339422,12.540445523226525,0.0001560274725868681,sehat
0.4896036684513092,0.2559012770652771,-0.27927244296185,0.4028501510620117,0.24534183740615845,0.2026989022802953,0.3162381649017334,0.2596593499183655,0.827049508824672,0.06460726738116905,383.3526339596527,0.9488845319538585,0.19991042988114274,10.888120202307826,0.004183676017146475,sehat
0.4619764983654022,0.24849240481853485,-0.19476471989688007,0.3951617479324341,0.23976914584636688,0.1237832356379404,0.30452853441238403,0.24815058708190918,0.8555061295341156,0.07454953789482156,398.70299966071343,0.9440501330109227,0.2023583040488366,11.393676675567924,0.005568314498480558,sehat
0.5124427080154419,0.2626376152038574,-0.2765259553029986,0.46817782521247864,0.27048423886299133,0.0132063969509793,0.39698395133018494,0.2655995786190033,0.3217785103054502,0.02846933125135968,418.4627266329979,0.954562645688136,0.23134741393030853,10.919921460181037,0.0008173390789944754,sehat
0.4209398627281189,0.29866090416908264,0.23387801592284402,0.40341079235076904,0.2789306640625,0.7177747430579523,0.39405566453933716,0.3647940158843994,0.4998752399034303,0.03768776300428862,545.0832231405562,0.9436334137375489,0.2159193379302298,12.65381230386717,0.0014328724151728416,sehat
0.4077983498573303,0.31042203307151794,0.2298441881704767,0.3800687789916992,0.2908177971839905,0.7120773209121243,0.373039573431015,0.3642088770866394,0.6038042653183835,0.08569783083958993,547.6487476698127,0.948254318461134,0.25968162006857975,12.148777028835836,0.007355327263032539,sehat
0.41700536012649536,0.297107458114624,0.2926420795269858,0.4173015058040619,0.2656421363353729,0.8357719577858832,0.41676580905914307,0.361375629901886,0.3787278263418155,0.01760260576074512,513.410255040389,0.9424404225144057,0.18918104811321854,12.969073531974088,0.00031595402226047793,sehat
0.4414162039756775,0.25960221886634827,-0.10027726698346685,0.38046950101852417,0.23999817669391632,0.013454958630933404,0.31132006645202637,0.23364059627056122,0.3505030042751991,0.04487408328960418,302.92923086034574,0.9600824797343103,0.23368714731130447,9.599867111794417,0.002024601106354704,sehat
0.43481940031051636,0.24059316515922546,0.1290309941097125,0.380266934633255,0.2250278890132904,0.1040967739197974,0.29321974515914917,0.22887173295021057,0.5182567870611752,0.02334442271008035,258.08789173848567,0.9615156338420389,0.22688777350898603,9.159557934386452,0.0005583072256334613,sehat
0.42432940006256104,0.27694693207740784,-0.08419903749389385,0.3596726357936859,0.2542707324028015,0.09055603524597045,0.3027274012565613,0.24076062440872192,0.34920964010946476,0.0791940477399365,292.70053712338705,0.9659436733606702,0.2497241024421856,9.31922370592437,0.006287949294749996,sehat
0.2632468044757843,0.25650259852409363,0.8355924873700782,0.369833767414093,0.29092156887054443,0.46890519552711146,0.18034566938877106,0.19060012698173523,1.4863477867614339,0.09512494454936576,536.022118120084,0.938979386755869,0.30177132946925056,10.461476242153564,0.009062839455083016,sehat
0.2954545021057129,0.2565097510814667,0.685592321124578,0.41781890392303467,0.2808283567428589,0.37657945032495577,0.20050133764743805,0.1898137331008911,1.463705227345413,0.02944239041996893,525.97036711132,0.9369674495875834,0.23591700689865283,11.165253352122486,0.0008813588253451784,sehat
0.2529509663581848,0.2546899914741516,0.9376146307959633,0.35692456364631653,0.28440552949905396,0.5974405882520218,0.1800534874200821,0.1862815022468567,1.5724380044683048,0.07574971756754109,437.87003483088444,0.9481901675429109,0.29331538364637794,9.770537329152559,0.005752201629800585,sehat
0.5830869674682617,0.22218917310237885,-0.20819731278323966,0.5254116654396057,0.21900682151317596,-0.1340693292780694,0.37384214997291565,0.2275117188692093,0.4150908615349424,0.011003983645699785,474.59691889343895,0.9217271472036467,0.11178411759285552,13.87150459253396,0.00012416567729458245,sehat
0.5167716145515442,0.2844402492046356,-0.39778659471502725,0.466120183467865,0.2712900638580322,-0.25975592858882407,0.338052362203598,0.2505044937133789,0.38493392357113504,0.09113605429014306,549.9007393209187,0.9407264494667756,0.20380047555600347,12.92353732159664,0.008316419965118756,sehat
0.5292240977287292,0.27762463688850403,-0.4519636995408427,0.47348904609680176,0.2658461928367615,-0.2766005214690312,0.3390013575553894,0.24600866436958313,0.42170962378856963,0.07311697013871114,564.9255826379407,0.9361140344428982,0.18539762872517315,13.47788514847742,0.005355398742925729,sehat
0.7493557929992676,0.28710776567459106,-0.6179817948140665,0.6845133900642395,0.3463926911354065,-0.3630914682739776,0.6318007707595825,0.3940941393375397,-0.22752408283034695,0.48078379454672276,374.32613956671815,0.9740719496526317,0.544515113531021,8.032973163286796,0.23116091155468357,sehat
0.5487443208694458,0.2707574665546417,-0.4327501518196903,0.5168561339378357,0.30021849274635315,-0.24132172717420128,0.3679087162017822,0.287813663482666,0.9064528826681238,0.06528441521142685,723.4397274920448,0.9296458167806533,0.24254440637450295,12.076025455445787,0.004278040518656019,sehat
0.5987538695335388,0.22092482447624207,-0.16461390345507002,0.5722218751907349,0.2649863362312317,-0.3030576802949483,0.40247824788093567,0.27928000688552856,0.9865245178049312,0.02543511240563157,463.18275519879415,0.9407464379560483,0.19068222979267188,11.602270920997077,0.0006577464447614149,sehat
0.49518704414367676,0.27748799324035645,-0.3219742558936038,0.44258004426956177,0.2934494912624359,-0.020220766194151498,0.30914443731307983,0.25721266865730286,0.9758819889082546,0.09669352134460808,628.1202498508795,0.9365114242502375,0.2488214564176824,11.972558937058254,0.009359660342818083,sehat
0.41227987408638,0.25204896926879883,0.20709522974394917,0.4769946336746216,0.255331426858902,-0.10090850708045405,0.23479771614074707,0.23642568290233612,1.502610694063243,0.01051000792295722,767.3196260997411,0.9004738265594598,0.09180850353834964,17.196561957312962,0.00011143765611064697,sehat
0.4981009364128113,0.27269256114959717,0.06325345443895906,0.4184738099575043,0.2907760739326477,0.4602812065993346,0.3818042278289795,0.30677905678749084,0.6338861847633331,0.02559744689109521,433.3737355954188,0.958283575181567,0.17833564538356095,12.170413586445818,0.0006592318382964217,sehat
0.42252129316329956,0.2837027907371521,0.12046449773472684,0.34674957394599915,0.27705851197242737,0.525316065820446,0.31313028931617737,0.27883243560791016,0.7448555483817705,0.07024801206027118,510.8348275660237,0.9475079469722858,0.21129497058904465,12.274958616230533,0.004945050455034606,sehat
0.42659249901771545,0.2923242747783661,0.11251218925772986,0.35448628664016724,0.28793561458587646,0.5285391615977129,0.321819543838501,0.2920437753200531,0.7483100368624317,0.09105660425130335,624.1049986669475,0.94094017204369,0.23212969281193982,12.613937515288846,0.008302453910512058,sehat
0.36192288994789124,0.25159209966659546,-0.1499388564949409,0.42645007371902466,0.2709219753742218,-0.2973075384068565,0.4125388264656067,0.3169527053833008,0.6143722782144401,0.06520338197449194,626.705095704637,0.9266988969391954,0.20351188243313245,13.180503925288535,0.0042685301637693015,sehat
0.33332574367523193,0.2601061463356018,-0.005229010527760045,0.3932988941669464,0.28375595808029175,-0.1476989157357314,0.3835667073726654,0.32457512617111206,0.6609245799422433,0.12724478144504944,610.481681330982,0.9350002366867826,0.25539028823704024,12.575424318768794,0.01621329521512393,sehat
0.3969190716743469,0.2306365966796875,-0.36839829798230384,0.4762189984321594,0.24720606207847595,-0.5665144916089805,0.46286025643348694,0.31051450967788696,0.47516682958265377,0.0265517855631951,565.0472082803389,0.9213797870489514,0.1626464871220341,13.43703054603075,0.0007086998272990041,sehat
0.3392240107059479,0.3119085431098938,0.7789554872833492,0.39730802178382874,0.3184911608695984,0.48901174977900375,0.37396901845932007,0.322326123714447,0.7010685980082668,0.09511410947775857,614.5560714542903,0.9518826274201335,0.2748364561416053,12.306402218481013,0.009059535855605948,sehat
0.36413663625717163,0.3026781380176544,0.7497631980822794,0.437576562166214,0.30122464895248413,0.4475950779166885,0.4070965647697449,0.3133658468723297,0.6765219552198126,0.043838967973928646,651.4802232507326,0.9443190025145506,0.19949685644277346,13.315135943620042,0.001925836049175615,sehat
0.34321826696395874,0.32282763719558716,0.7453130946993366,0.3881435692310333,0.32797300815582275,0.5512800318690723,0.3761882781982422,0.3287118077278137,0.6727945532232917,0.10814515845432564,610.300180027245,0.9553090256927733,0.29862784394545994,11.852139660397045,0.011709650407431563,sehat
0.47329631447792053,0.21820470690727234,0.2576444355667164,0.5382844805717468,0.21255138516426086,0.07263585637002341,0.3808380663394928,0.3266838490962982,0.6430838918459375,0.015294268273215561,558.6398626276367,0.9114799860166384,0.1389253603004463,15.348165917430078,0.00023707012437545346,sehat
0.41646528244018555,0.23860423266887665,0.1036817425670511,0.46670499444007874,0.2418263703584671,-0.25063217973170415,0.31190741062164307,0.29287707805633545,0.8612495531691223,0.07022733244767176,611.624375176419,0.9166658693459464,0.17823249305104194,14.219228497619284,0.00494330729499087,sehat
0.45358648896217346,0.23985588550567627,-0.02176765783590943,0.5066739916801453,0.24397724866867065,-0.318482371364115,0.36296385526657104,0.32013243436813354,0.6454438562249047,0.0520281517584636,514.501999960624,0.932520956856175,0.1820898813644545,13.8662368217852,0.0027154546478112447,sehat
0.5131901502609253,0.26732712984085083,-0.30592465448182865,0.4752108156681061,0.26281365752220154,-0.03975512954390538,0.4684537649154663,0.27397286891937256,0.026811571647283945,0.021592099356967945,1084.8032036172656,0.8772433736798989,0.16950809801159125,18.109747995154684,0.0004742495225986254,sehat
0.5101990103721619,0.2593120336532593,-0.1796086893705837,0.4799994230270386,0.2586618661880493,0.04594940746573395,0.4698908030986786,0.2763555943965912,0.12762544203128112,0.0122833211388429,1040.646861465362,0.8789790919046826,0.147396114678699,18.894315328188686,0.00015330978469522307,sehat
0.5109933614730835,0.2625272870063782,-0.25573521471059246,0.475139856338501,0.25913602113723755,-0.008742344862470535,0.46792611479759216,0.2721756100654602,0.05837694275850396,0.014592129680747622,958.1424380635718,0.8884316978761669,0.1565214665875128,17.934479519494772,0.00021683401775044353,sehat
0.5941351056098938,0.25349465012550354,-0.05118509605186592,0.5335323214530945,0.28072497248649597,0.19100276098492316,0.4710053503513336,0.31008806824684143,0.39613122949277907,0.038391283230016865,710.2101529023989,0.9267307678809202,0.17323883294757067,14.491810575227396,0.0014788407750504775,sehat
0.43752536177635193,0.2650618553161621,0.1134143895627532,0.39454665780067444,0.2450249195098877,0.3124743861359472,0.3146609663963318,0.24899296462535858,0.9335973804887999,0.08756079401858813,521.0863148410018,0.9327316784459926,0.22233389695275327,11.634585477592347,0.007680012496489277,sehat
0.4274078607559204,0.28131943941116333,0.15963250535009013,0.3889823257923126,0.26334601640701294,0.3662615532796196,0.310992956161499,0.2661353051662445,0.966466132605066,0.11529293576878308,576.3109007460412,0.9357383068320848,0.2550653499225673,11.503771263943479,0.013307237575244211,sehat
0.48385679721832275,0.25012534856796265,0.4143540333413931,0.44342711567878723,0.2423173040151596,0.6966604387410572,0.35979294776916504,0.2678844928741455,1.0423898303899577,0.015213040832398446,357.92727552515163,0.9522290773838318,0.16460247568298578,11.417291906948135,0.00023595299985757368,sehat
0.5199474096298218,0.24884532392024994,0.020097824044488188,0.3906325101852417,0.24881818890571594,0.7447481506778167,0.26861268281936646,0.24593786895275116,1.2227471312108775,0.014171640484500495,328.28996899265013,0.9576369163756681,0.16111096806782696,11.055975077217395,0.0002041771407675138,sehat
0.4998742640018463,0.2864491939544678,-0.13777687810421418,0.37121474742889404,0.26868322491645813,0.6478297997771768,0.2512090504169464,0.2497788667678833,1.219118067166799,0.07707748549559697,416.8362908339779,0.955007623061687,0.22417854031985227,10.45329735680109,0.005950972190667893,sehat
0.49726513028144836,0.28418415784835815,-0.11855735541802091,0.3673669099807739,0.2660888731479645,0.6713401517722649,0.24656859040260315,0.2468787431716919,1.2537307237563144,0.07052713560489814,434.98718604229254,0.9521020454026576,0.2188147898975568,10.638189314376312,0.0049848353521485195,sehat
0.5032806992530823,0.3392455279827118,-0.1733742539390705,0.5377929210662842,0.3007166385650635,-0.3369526473294333,0.4833829402923584,0.34438660740852356,0.09694975314764491,0.09706884893367346,958.4370885388926,0.9140010645245225,0.2600711607927176,16.24705375079424,0.009432673956545306,sehat
0.48834413290023804,0.340025395154953,-0.10396366401012871,0.5153465270996094,0.3122476041316986,-0.24013374249307068,0.4657938480377197,0.35156387090682983,0.1608971232399261,0.1211612876094529,784.4499832546982,0.9345024358288314,0.283383003570645,14.804401536891028,0.0146915114247012,sehat
0.5527161359786987,0.3214828372001648,-0.2799341537526113,0.601122260093689,0.25433382391929626,-0.18338110726432583,0.5450794696807861,0.32458919286727905,-0.024930973252388168,0.069254243132458,867.7657606386944,0.8962873978996894,0.21084634869951904,17.318620491854304,0.004798006976636402,sehat
0.49870526790618896,0.24084223806858063,-0.5664189595387537,0.5510027408599854,0.27782782912254333,-0.6117210926258414,0.6567302942276001,0.37654706835746765,-0.5464721787121588,0.031964331919008264,417.01360179781153,0.9541710928697568,0.39239760000256135,8.843485145474975,0.001036441451653538,sehat
0.6540048122406006,0.41067081689834595,-0.5346051902884572,0.6581725478172302,0.4021580219268799,-0.5370082210626853,0.6642608642578125,0.3951248526573181,-0.5658416484808493,0.4281952192564391,1164.5689572819927,0.944411836399606,0.5889739142260715,10.668061583639906,0.18336724330724363,sehat
0.7535521984100342,0.3541324734687805,-0.941267116363812,0.7531856298446655,0.34947362542152405,-0.9026800132637683,0.758264422416687,0.34077632427215576,-0.9153068778708058,0.5416482498539259,720.2940759136724,0.954686867835505,0.6164051135032551,8.57807560014335,0.2933949065591112,sehat
0.710875928401947,0.38419046998023987,-0.7807330936155318,0.7130536437034607,0.37674763798713684,-0.767078839365624,0.7183850407600403,0.36896494030952454,-0.789785136700171,0.4846354508205984,1112.776364504598,0.9391669975945449,0.6044741618836542,10.305059818157511,0.23488450851214324,sehat
0.5140975713729858,0.30331072211265564,-0.19055845568593732,0.4647683799266815,0.2814619243144989,-0.01629262117234008,0.4110419452190399,0.27397462725639343,0.46974491284439834,0.0632427611127282,1094.9035385701702,0.8935450077016939,0.19084891608554513,19.160396838095423,0.004009012023148965,sehat
0.5336089730262756,0.29811733961105347,-0.21286221441791317,0.4885192811489105,0.282378226518631,-0.026691514935904975,0.4417407214641571,0.2810669541358948,0.401715906915454,0.041276726743276544,1101.6197957780544,0.8926247262822004,0.1796714468259315,19.288534179866414,0.0017124507204056485,sehat
0.6104834079742432,0.26841074228286743,-0.3870003488335243,0.5607652068138123,0.2627212703227997,-0.10349789118043828,0.5066313147544861,0.27946797013282776,0.3789761186736269,0.019668386553646652,1048.8360165462184,0.8818773439168798,0.16372693945137087,20.00123989688652,0.00039586009433710616,sehat
0.4739304482936859,0.2904949486255646,0.27557879158918674,0.42596885561943054,0.25985631346702576,0.23530388494738488,0.2913377583026886,0.2554202973842621,1.1711526185323948,0.05184385682268125,248.32170700564234,0.972288619505942,0.2774430055735879,7.758916447394203,0.002704650503380583,sehat
0.4844082295894623,0.2738966643810272,0.32780629832287533,0.44004812836647034,0.2445371448993683,0.23082510768081455,0.29092976450920105,0.24600064754486084,1.25873470359222,0.03192552129489224,229.3384633065243,0.9712361811494697,0.25722400117486727,7.651359139731941,0.0010322205121173075,sehat
0.4975576102733612,0.2433563470840454,0.576974774153892,0.46152105927467346,0.21502870321273804,0.35758167095604176,0.2899579405784607,0.22953703999519348,1.4604394737648696,0.020266926206989267,156.26370844989586,0.9752669779233312,0.23984621828548056,7.047874917414339,0.0004242045573893827,sehat
0.42025598883628845,0.28731080889701843,0.38201564185254827,0.4130421578884125,0.2957989275455475,0.45885863462003645,0.37959447503089905,0.3058740496635437,0.5985454417476761,0.027039724053695133,1652.3483755809686,0.8505373024864925,0.16429335689453944,21.527514192659524,0.0007386126136268944,sehat
0.3828716576099396,0.29475051164627075,0.45610545930060326,0.3754100501537323,0.30080148577690125,0.5498998339587382,0.34205323457717896,0.3050050437450409,0.7234738095817586,0.09126052601723145,1668.2284566171995,0.8547409728007181,0.2185356602054612,21.014068950000183,0.008341340774356762,sehat
0.43915078043937683,0.28562131524086,0.4054768267517665,0.4347965121269226,0.29515576362609863,0.46333440879640525,0.4012601673603058,0.30916088819503784,0.5640687230048157,0.016373759410282324,1908.4952407307194,0.8274895894504591,0.13991302162330166,23.480312514402243,0.0002710501228080829,sehat
0.5298175811767578,0.2374754399061203,-0.6200770389499098,0.4460519850254059,0.22569194436073303,-0.23958440013174623,0.4146021604537964,0.22575576603412628,0.09816000700765504,0.028328531021152705,365.4107691014558,0.9442389236442886,0.19955336393420106,10.100260212004168,0.000810191556751245,sehat
0.5098262429237366,0.26534804701805115,-0.6375978709562619,0.43189722299575806,0.24676170945167542,-0.2929078679470256,0.4062594473361969,0.244553804397583,-0.023881648009808562,0.082372068395164,368.90478903295406,0.9538988632587828,0.24386793631729023,9.56771361813983,0.006796591052056474,sehat
0.5484787225723267,0.21295808255672455,-0.42982358816274224,0.46143805980682373,0.2102189064025879,-0.09453306822146879,0.4280451238155365,0.21318328380584717,0.24503093404778387,0.014148325598873851,287.1220824985519,0.9493417839664531,0.1723096028165604,9.769635645745579,0.00020494671401162932,sehat
0.3541502058506012,0.23029905557632446,0.7734102233219387,0.38981905579566956,0.20362511277198792,-0.008898033383327727,0.3638404607772827,0.28771260380744934,0.5655908731113031,0.023003790117713984,852.0011805838827,0.8412211831383201,0.17743713334426423,17.371467258087414,0.0005367011395019468,sehat
0.4056268334388733,0.2839435636997223,0.5479640926831588,0.393091082572937,0.28415921330451965,0.6073612048468183,0.36563900113105774,0.290841668844223,0.8044988636931184,0.09174748835588414,754.6943695839536,0.926901176411527,0.21440190511763238,16.0904289766674,0.008428489971894645,sehat
0.4183557331562042,0.2751242518424988,0.5021155687118206,0.41308462619781494,0.27904969453811646,0.5091636640335649,0.3972453474998474,0.29593533277511597,0.6358818582162633,0.06948513328644919,813.3977362039187,0.9179432410821463,0.18995901968883475,16.53621500872267,0.004838641887492434,sehat
0.46293485164642334,0.25117576122283936,0.6436680172957284,0.45443618297576904,0.25708574056625366,0.6176354222069669,0.43174469470977783,0.27995723485946655,0.6784538265356764,0.032415384798735215,866.2707506880303,0.897336388560095,0.11886791813885293,19.00739255769756,0.0010529918376314042,sehat
0.4456436336040497,0.3027612566947937,-0.1623882271096116,0.44754502177238464,0.30062419176101685,-0.1445089353563473,0.4382311701774597,0.28790855407714844,-0.1385928368319422,0.07695669272844281,543.5502866099076,0.9527653888417614,0.294240464016807,10.16994905948007,0.005932274835986455,sehat
0.4405539333820343,0.2979927062988281,-0.11878919768235228,0.44385725259780884,0.29566481709480286,-0.11099159103369365,0.4388253092765808,0.28450608253479004,-0.1338752702544225,0.06436191832637998,523.0758306392637,0.9529693327098974,0.28343411653902323,10.39424556394526,0.004153847218309948,sehat
0.4776093363761902,0.2756907641887665,-0.19614662461536966,0.48272016644477844,0.272760272026062,-0.18830336919910734,0.48468390107154846,0.2665039300918579,-0.2092547699982312,0.021944269496176907,492.38943116861833,0.9483545200858529,0.21805059731090012,11.29851396015627,0.00048761686125170793,sehat
0.43900710344314575,0.19490370154380798,0.5277817109565492,0.32578518986701965,0.15799829363822937,0.9105074698610045,0.22417408227920532,0.1282450556755066,1.9292369933021964,0.012856270858465621,531.2241721110188,0.846041722601726,0.09565563233680142,15.505516356214203,0.0001660901976910002,sehat
0.406291127204895,0.22551634907722473,0.16825606150792483,0.30167946219444275,0.17702725529670715,0.542266738872885,0.2064831405878067,0.1391843557357788,1.5595805971141914,0.07024461281027632,423.35906972805714,0.9035166121323713,0.17574059582598822,12.74241086036647,0.004944364649755658,sehat
0.42150065302848816,0.21957242488861084,0.22847350406488542,0.3127298355102539,0.1735522747039795,0.6279078339530274,0.21403512358665466,0.13757109642028809,1.658768172046676,0.04284149786852432,436.32075940022673,0.8960590508942369,0.14830180728509199,13.248968143166985,0.0018416283622086445,sehat
0.45382508635520935,0.28875455260276794,-0.16291519892324333,0.45934826135635376,0.28402918577194214,-0.23837289825723326,0.474743127822876,0.2865142226219177,-0.3414301183648585,0.10631783129924877,505.16523520864195,0.9516058627224617,0.38981771155261846,8.200132570188222,0.011321509232301156,sehat
0.45025214552879333,0.284409761428833,-0.11043729937102227,0.45382624864578247,0.2815295457839966,-0.1806499391778896,0.4673178195953369,0.28565332293510437,-0.28418915387420457,0.0826798626060974,490.8572747354636,0.9520243508293476,0.36682310290435516,8.427255622551561,0.006851200100674786,sehat
0.5144045352935791,0.24796739220619202,-0.21224344325102057,0.5178791284561157,0.24407733976840973,-0.32261420756523307,0.532594621181488,0.24654126167297363,-0.49196057172632995,0.024918333622311387,420.77833719072896,0.9458204589114049,0.3220208751585553,8.066376110089895,0.0006360002844844219,sehat
0.4542675316333771,0.29738304018974304,0.6424371830217828,0.40934330224990845,0.3489570617675781,0.6420628897033761,0.41699203848838806,0.2821243107318878,0.849980936909056,0.15946292340366067,587.3333212601023,0.9569668923206036,0.2894689906195959,12.43461976852088,0.025439175532621938,sehat
0.4560704827308655,0.2296515554189682,0.6621467021350509,0.4089895188808441,0.22593460977077484,0.717819174299024,0.38192975521087646,0.23129481077194214,0.6377560454476852,0.015134150607005915,330.6530402258564,0.9497715370777441,0.16482281151296432,10.612417881829781,0.00023346430292285795,sehat
0.4220941960811615,0.2525169253349304,0.32645114514201967,0.42406150698661804,0.2448265105485916,0.05304498313526391,0.2844054698944092,0.2512064576148987,1.1727001498323915,0.04432490649001117,363.84483517644463,0.9507448907499763,0.22910190270274447,9.85489041554388,0.0019737168107119758,sehat
0.42191898822784424,0.23486824333667755,0.5276495085848002,0.4243420362472534,0.22940891981124878,0.20702046028097595,0.2768777012825012,0.23864692449569702,1.3504010699982327,0.024054435155699605,331.51479337940907,0.9488705719917755,0.1933909543605109,9.984759827024861,0.0005845509340739476,sehat
0.39796337485313416,0.2595062255859375,0.3519247234798711,0.39688482880592346,0.25284212827682495,0.13804269717878326,0.2662404179573059,0.24921414256095886,1.2409293584273524,0.06613916408425351,341.5332121144661,0.9566050116057577,0.24396959287173012,9.616617328872898,0.004385802322374745,sehat
0.42419689893722534,0.2966199815273285,0.47142008539314767,0.45330119132995605,0.28699594736099243,0.18707966429097425,0.33754032850265503,0.3131405711174011,0.9787807918825167,0.11771154355279738,268.19485779588524,0.9753830489976089,0.323920767112816,6.649991819698422,0.013869232953692903,sehat
0.43420010805130005,0.29459133744239807,0.42856057016692123,0.46109408140182495,0.2844826281070709,0.16917262684080267,0.3480250835418701,0.31188687682151794,0.9294777410214301,0.10156640358693204,274.65718789516774,0.9743260821823573,0.30826212798242153,6.925994202332125,0.010329907226930288,sehat
0.46961286664009094,0.25152331590652466,0.8472810929872648,0.5060164928436279,0.22955596446990967,0.6914511451448266,0.3657962679862976,0.2911839783191681,1.101725605299889,0.02256722669548848,187.5709349215812,0.9751640157627243,0.22922399343094355,6.62905661987067,0.0005229066555557487,sehat
0.7069911956787109,0.14591743052005768,-0.30273342078894366,0.708162784576416,0.1513555347919464,-0.8409882759023628,0.708098828792572,0.242560014128685,-0.5110325033433072,0.026979572594780333,183.65029289027652,0.9355872368132477,0.2933836913004379,6.8056919977298955,0.0007408529221161034,sehat
0.5709226727485657,0.31287476420402527,-0.5664507036078292,0.5906904935836792,0.3356981575489044,-0.49809842664878196,0.5824065208435059,0.3926253318786621,-0.2170732516711099,0.09818237700033339,667.148814738984,0.9520703219852504,0.39432986112280827,11.197546607682511,0.009656663789974769,sehat
0.6019093990325928,0.29423531889915466,-0.710935484430718,0.6256963610649109,0.3185344636440277,-0.6515536697149344,0.623318612575531,0.382698118686676,-0.37683728137641187,0.07149946512442899,771.958700505062,0.9383279096623179,0.39079651007309013,11.4021215028934,0.005127963971728802,sehat
0.682553768157959,0.23123009502887726,-0.7285464661226628,0.7120769619941711,0.25608718395233154,-0.82145589733085,0.6944133043289185,0.3408660888671875,-0.57313529727423,0.03856310075891612,483.3217962125729,0.9406876226748885,0.3691687207285818,10.559852775538866,0.001506613861557693,sehat
0.3093450963497162,0.32220545411109924,0.8051551448089294,0.324727863073349,0.31237927079200745,0.7181622289802473,0.32836946845054626,0.31323525309562683,0.6722180229767013,0.05571646163896268,498.66930125903036,0.9605461984534344,0.295367053524665,10.294512085866282,0.0031289913546898233,sehat
0.3198220133781433,0.32564878463745117,0.7194826870510166,0.3301696181297302,0.315930038690567,0.6646030150522907,0.3292718231678009,0.31374049186706543,0.6488872527442325,0.07561246804244103,511.4064838580612,0.9604842240728374,0.3047653345018235,10.478882361480839,0.005737107834675452,sehat
0.3097633421421051,0.3173697590827942,0.853546388251353,0.32964760065078735,0.3059003949165344,0.7579755681255419,0.3372698128223419,0.3071613609790802,0.6827814720593288,0.032723800709027924,527.9176896370956,0.956468740108437,0.25879136068271613,10.933279172358013,0.0010940038708498845,sehat
0.5346745252609253,0.24854683876037598,0.08377915533195238,0.5359994769096375,0.2229386568069458,-0.06553849268086867,0.41430068016052246,0.3488667607307434,0.23161938597679693,0.011885191406779868,488.4475586824835,0.9278549519679572,0.12604099304488617,13.286838897957734,0.00014241283436382493,sehat
0.3165515065193176,0.3090660870075226,0.8233068256618239,0.3278830647468567,0.2969445586204529,0.7847605511238835,0.33097201585769653,0.2950517237186432,0.741051936028698,0.07500926411051588,453.1211041170424,0.9605206264410427,0.30745814219510287,9.59751704776527,0.005644289853129346,sehat
0.33391088247299194,0.3159310221672058,0.686982098374486,0.34339237213134766,0.303369402885437,0.650634484745413,0.34463801980018616,0.30153128504753113,0.6125637270385195,0.10748621093918687,477.30760628634977,0.9601248436419526,0.31503609374553004,9.859409308974962,0.011567785026488244,sehat
0.325175940990448,0.3059465289115906,0.8828062847364904,0.3452180027961731,0.29187437891960144,0.8225874492846127,0.35482126474380493,0.29238203167915344,0.7340312304359896,0.03308003056476126,495.79851470511085,0.9552803416315853,0.26195769209216585,10.223295694100678,0.0011148204231347268,sehat
0.3728518486022949,0.27113229036331177,0.36207363872444487,0.3717634081840515,0.2686011493206024,0.5037242784933101,0.260929137468338,0.2665899991989136,1.212819866265672,0.040233613845873276,456.57333049252316,0.9476822057715882,0.2049398775275075,10.74502774769517,0.00162903095990996,sehat
0.3918240964412689,0.2668153941631317,0.3991664067671972,0.39184942841529846,0.2652505338191986,0.5577388995416672,0.27630212903022766,0.2730412483215332,1.2237648974838937,0.01529598635202433,395.7084034441268,0.9536885530986657,0.16866826879611577,10.921299839251413,0.000237831465871046,sehat
0.37751099467277527,0.2767956256866455,0.20716936434919167,0.3680136203765869,0.27425965666770935,0.36331442703110167,0.26184579730033875,0.2698814272880554,1.0305858213322905,0.11058199603562648,402.33966411936876,0.9561112586512807,0.2564435247499388,10.076985145659636,0.012240075529181278,sehat
0.4376588463783264,0.19643844664096832,0.11145686485248399,0.4869667887687683,0.21782352030277252,-0.15975069968514224,0.5085673928260803,0.34118133783340454,0.4353337084281739,0.023582149142372614,581.2435865288684,0.9063693672643085,0.22174218524328526,13.817206445487143,0.0005815124641754904,sehat
0.5568705201148987,0.17603541910648346,0.2537954651539107,0.5697219371795654,0.15446899831295013,-0.2654633972790867,0.4950137138366699,0.2870446443557739,-0.0023694231281481738,0.018763341237036133,573.4931228040269,0.8260075235213756,0.19390589924690185,14.769515093875874,0.00036044676231767204,sehat
0.5973302125930786,0.23492930829524994,-0.8267019977270615,0.6283649206161499,0.2617315351963043,-0.7664314809073278,0.5427365899085999,0.35578879714012146,0.03942719627051725,0.030279503353982037,671.1520506901264,0.9198177759384873,0.1918896609035007,13.594669323080064,0.0009250906153078723,sehat
0.6368579864501953,0.211162269115448,-0.35409262266549985,0.533052921295166,0.2188350111246109,0.07042824416126796,0.4307403862476349,0.21148566901683807,0.525950414299162,0.011990949627398316,385.3732552455044,0.9346752956893782,0.12851820032953895,12.025620657508279,0.000147012824348222,sehat
0.5926111340522766,0.2109743058681488,-0.5819102127279635,0.5825603008270264,0.2216821163892746,-0.6609216060145517,0.48105183243751526,0.3167802095413208,0.4641497080360383,0.02670260265594858,722.6621179336724,0.8721295383390403,0.2032782207928835,14.33380269148874,0.0007230448410804601,sehat
0.5601937174797058,0.26221343874931335,-0.672428372818421,0.5369121432304382,0.2658417224884033,-0.585768077634632,0.42551589012145996,0.3375934362411499,0.567857179208295,0.07530796280188708,761.8194885159261,0.9079094040843657,0.25133960465201044,13.856372161769173,0.005684217988497438,sehat
0.575027585029602,0.19716200232505798,-0.2105333721438855,0.5351517200469971,0.20439419150352478,0.027201091509407166,0.46986815333366394,0.2349959760904312,0.43576100373837917,0.03255493908432637,403.1153395854172,0.924825566815156,0.17071804021196182,12.485016372291277,0.001064329740329085,sehat
0.5619121789932251,0.3417448103427887,-0.2760760425936707,0.5339258313179016,0.33514514565467834,-0.1602260464219062,0.41172322630882263,0.3527435064315796,0.6247622526341703,0.04163527826485645,889.1093934933864,0.9386415179888393,0.21624476589018451,16.066805409775313,0.0017414547909623483,sehat
0.6030521988868713,0.2560005486011505,-1.0497425387711428,0.4734439253807068,0.216842383146286,-0.852557057440461,0.36892789602279663,0.18275214731693268,-0.6330205175254774,0.032085652145198755,984.613583202648,0.8459659400806884,0.1690420725942464,16.45970127415728,0.0010380920479870872,sehat
0.49836021661758423,0.14906764030456543,0.7612591756114196,0.4924373924732208,0.1911984235048294,-0.3533639520393229,0.32735443115234375,0.19887061417102814,1.3244631582321473,0.014378119345841456,502.37012754470857,0.8727562683448132,0.11152978647830387,14.998765040961324,0.0002085857709949769,sehat
0.557968258857727,0.19624066352844238,0.13028451174787234,0.46670961380004883,0.22268474102020264,0.09904411205346333,0.3739736080169678,0.21840305626392365,0.2681018717503189,0.01187880199830262,740.8082114804683,0.8704484277096528,0.11684543855672659,17.339573334326648,0.00014367977869018822,sehat
0.614795982837677,0.3092852830886841,-0.8562764591858221,0.49572718143463135,0.2793997824192047,-0.5330987978870119,0.3277243375778198,0.3062535524368286,0.8756019662229678,0.08178235057795376,627.1031447632248,0.9345345472903187,0.28728810675938854,11.309542666186397,0.00670304323305112,sehat
0.4540283679962158,0.17948435246944427,-0.6581441919003854,0.41838982701301575,0.17306660115718842,-0.5898323742881534,0.375236451625824,0.1670617312192917,-0.41349848536912076,0.013136201200671443,723.8579724201791,0.811243246318483,0.09225972989037522,17.604712787080757,0.00017471229422999125,sehat
0.49883994460105896,0.26172322034835815,-0.0364741298607051,0.4576180577278137,0.25837522745132446,0.19576259272420055,0.4050002992153168,0.2563021183013916,0.5688529238521957,0.01070606438670245,1438.8825955087175,0.8333071586705891,0.08981814065281268,23.88220263332987,0.00011553529623745617,sehat
0.5295208096504211,0.1911381334066391,-0.197892302667727,0.47726869583129883,0.1859923005104065,0.002536574963600905,0.4233601689338684,0.1830865740776062,0.35581185949673566,0.012145423397551716,813.3256352054965,0.8155139552593696,0.11270270208977841,17.369127954790937,0.0001500021676756718,sehat
0.502022385597229,0.2410702407360077,-0.6366642543038987,0.48825982213020325,0.2547154426574707,-0.289555533087187,0.45127201080322266,0.29687750339508057,0.3313954474823121,0.03836498931420197,921.2028765394799,0.8856432562315057,0.2165261547972881,17.72383356495014,0.001490720113744845,sehat
0.4561178684234619,0.2681259214878082,-0.4472269318792107,0.44425368309020996,0.2784532606601715,-0.17758537440801178,0.41103437542915344,0.30842649936676025,0.38745346103016387,0.061429737785525275,730.5989031349526,0.9242641288458318,0.26450806367580926,14.670547765451145,0.0037891676076458446,sehat
0.4190845489501953,0.28015220165252686,-0.25123304435894317,0.40652722120285034,0.28679221868515015,-0.02129673400304699,0.372789204120636,0.30536553263664246,0.4884244379845573,0.11521050905241757,718.3793847254107,0.9303469749341243,0.2969433205601448,14.195653513381279,0.013288894217328255,sehat
0.581355094909668,0.3344830274581909,-0.5417795118573773,0.5668073892593384,0.3282693922519684,-0.4843941394982594,0.539365291595459,0.3272773027420044,-0.3649658047094236,0.09021319377696756,722.2536648173078,0.9490446595520087,0.22914717749544303,13.901782756114793,0.008145744583280948,sehat
0.314917653799057,0.25535106658935547,0.9591086390250247,0.2988188564777374,0.2538661062717438,1.0256975086480487,0.2992367744445801,0.24950198829174042,0.9969553198199439,0.02851208367968042,369.0473878230523,0.9554610570828648,0.22874293082657296,9.71867633657716,0.0008237728637990006,sehat
0.20970191061496735,0.210545152425766,1.6462894397931387,0.20207121968269348,0.20237641036510468,1.6170355059014938,0.1810975968837738,0.1216108649969101,0.8894308149540578,0.04847101670709525,179.75901289322874,0.9628431760377257,0.3507078097306527,5.774453213357995,0.002394856648070895,sehat
0.46255457401275635,0.24371914565563202,-0.4037120408703398,0.3613625466823578,0.24436667561531067,0.4117544701922814,0.30543646216392517,0.2866995632648468,1.0731934738977973,0.013080258962746276,588.5805516134174,0.9203186429293592,0.12687344368765568,15.602977775400264,0.0001753233429634389,sehat
0.4956105053424835,0.22256384789943695,0.3774026197379926,0.4192737340927124,0.23661774396896362,0.5794457540047774,0.36210882663726807,0.24872972071170807,0.7944701895118235,0.01154167511073237,733.5407158631598,0.8956063369938173,0.11940931303810055,16.32867988172607,0.0001351646527964254,sehat
0.44705134630203247,0.2534835636615753,0.042819061321879834,0.37757158279418945,0.2529606819152832,0.4284535273207392,0.3242639899253845,0.2543024718761444,0.7758106428195601,0.05588386878388082,601.8153404337077,0.9263594600931225,0.18529358366888127,14.026833335065646,0.003131185410737841,sehat
0.43374747037887573,0.272691935300827,0.4838132491830278,0.38798636198043823,0.2529502213001251,0.5000686836564601,0.33412525057792664,0.208840474486351,0.4168032513137806,0.022316329379579655,206.9914195758039,0.9751168150232502,0.22146307282017486,7.502719291421958,0.0005079565579983553,sehat
0.5082544684410095,0.2898613512516022,-0.48656091612886815,0.43908455967903137,0.26280704140663147,-0.27320728521902626,0.34931817650794983,0.23415285348892212,0.240236096756966,0.06287639200177418,821.052505878038,0.9093260400272712,0.2198029574031057,14.580205660753867,0.003961092454844378,sehat
0.39067140221595764,0.20906129479408264,-0.25436888619191816,0.46035394072532654,0.24820785224437714,-0.47511886138187864,0.4496711194515228,0.3208509683609009,0.16160170431713405,0.05147256713976339,623.623779356567,0.9092772509933137,0.2728314818998892,13.509991343674676,0.0026775740908417125,sehat
0.600868821144104,0.24773915112018585,-0.7589472927519185,0.6120462417602539,0.27460822463035583,-0.5499354383762455,0.5859300494194031,0.30507194995880127,-0.13932916052905056,0.026465983340348,1589.3069761590004,0.8243248195692886,0.19748737957086263,23.867630661906293,0.000712919235858667,sehat
0.36993440985679626,0.28614065051078796,0.2038979906707431,0.3582993745803833,0.27683526277542114,0.30692813587660056,0.3471483588218689,0.27123692631721497,0.5780704915946913,0.016937734554478192,1954.495983673717,0.8036615184853558,0.0980802264813057,26.795091235283092,0.00029408461904801734,sehat
0.38129645586013794,0.30994758009910583,0.3586266382131148,0.3393997251987457,0.2688758969306946,0.3834716902436468,0.2788027226924896,0.22581924498081207,0.6990217417187583,0.07407769232551976,507.7029821795741,0.9476937001366875,0.2401071856611711,10.93278420735996,0.005504121549785908,sehat
0.4341197609901428,0.2962932586669922,0.11820147667935144,0.39363205432891846,0.264986127614975,0.1791744592293082,0.3363398611545563,0.23261596262454987,0.4647232598527264,0.016587969345104193,412.60417469063304,0.9560979046300749,0.17698336192118835,11.28768583010942,0.00028078274631148796,sehat
0.45191490650177,0.26929134130477905,0.1194201243323725,0.4326857924461365,0.2689875364303589,0.33594836882279105,0.40083247423171997,0.2619664669036865,0.49445208438246435,0.025227993642457525,318.4282482069384,0.9654715164254828,0.27456368474587267,8.319596184924357,0.0006573917306711436,sehat
0.746105432510376,0.2498929500579834,-1.4981193330498335,0.6040283441543579,0.2496183067560196,-0.7677156377964903,0.42885491251945496,0.2875819504261017,0.6094256646883031,0.023157276565919437,938.3288224706498,0.8714003147524892,0.17283283724997345,17.043724317606923,0.000545580281771919,sehat
0.5086073875427246,0.2565508484840393,-0.1498889898012344,0.5325779914855957,0.2593415081501007,-0.4668041694696537,0.5114672183990479,0.29609954357147217,-0.20301249701880875,0.024201439891566704,1118.7358175366985,0.868987110376505,0.2128580464242716,17.450439861482074,0.0005957535210806046,sehat
0.46764838695526123,0.29155781865119934,-0.15138785502087526,0.48718246817588806,0.2962762713432312,-0.35915535787566155,0.4639347195625305,0.32280537486076355,-0.07030587444677032,0.11580179137696822,1134.2641053293967,0.8981138220207333,0.281581658077404,16.63721281391955,0.013420748402691205,sehat
0.2825767397880554,0.2591021955013275,1.2339115495345991,0.23950044810771942,0.23843877017498016,1.7241637727740735,0.21050076186656952,0.2340322732925415,1.9576791820687582,0.02930900401520424,559.6359578969856,0.9265143118439411,0.2985096907285973,9.619585624899488,0.0008727099412291555,sehat
0.5478668212890625,0.26259347796440125,-0.4682384493132014,0.3948604464530945,0.2157014161348343,0.17934496291886215,0.337380051612854,0.19901257753372192,0.6205840918963256,0.013557753845063816,571.0135565835975,0.9081588247652613,0.15479491942999687,13.397914666353282,0.0001887213287750523,sehat
0.4082430601119995,0.2066129595041275,0.10132979270521807,0.5119931697845459,0.2318575531244278,-0.6975292617050981,0.5567822456359863,0.333417147397995,-0.41772439536756695,0.029803148970013696,816.091531322723,0.8761808422532784,0.29896924072514214,12.797219021907702,0.0009134002312468202,sehat
0.5495904684066772,0.2909702658653259,0.2223904254333384,0.504334568977356,0.22055606544017792,0.29936757789510665,0.4661098122596741,0.1992691457271576,-0.7211827089974259,0.0320854581513385,499.041485473487,0.9261148841665786,0.25662929511687116,12.521544936018833,0.0010430594642386107,sehat
0.49057021737098694,0.24991123378276825,0.10023376444935815,0.23802796006202698,0.21948012709617615,1.5025619821705678,0.13854916393756866,0.1510995626449585,1.649146758826727,0.022730103806922572,255.30819306727093,0.957107539939412,0.21052253386739436,8.492122459442854,0.0005281596849347477,sehat
0.2155742049217224,0.24036072194576263,1.3248996074082706,0.3895878493785858,0.18662932515144348,0.3275509212127206,0.5465924739837646,0.3000999689102173,-0.36216111035826304,0.03171898456120133,545.9547938765032,0.8625519693335787,0.27701957639673896,11.567881170090098,0.001026353281904244,sehat
0.4601796865463257,0.1921120136976242,0.4425793296892011,0.4660394489765167,0.18613703548908234,0.35094653062331094,0.40284013748168945,0.25226807594299316,0.3477020932298065,0.013034232756128085,502.051032821385,0.8913718950681274,0.1331457326321519,14.536922394927112,0.00017183079240798115,sehat
0.6627683639526367,0.1677747368812561,-0.7460859932241152,0.5766510963439941,0.20590901374816895,-0.1261153764194607,0.4539363980293274,0.2807658314704895,0.5807861069462824,0.05531606360786481,429.12878868827494,0.9166977799886952,0.26277267125129616,13.118318325399727,0.0030837765176586203,sehat
0.4231905937194824,0.270004004240036,0.6402305889533687,0.4992430806159973,0.25267061591148376,0.10711315240241052,0.31655406951904297,0.3201157748699188,1.0671644640300844,0.02594815448722163,806.7866905610834,0.9075224419860106,0.16918652905414674,15.650500397646356,0.0006806910131618185,sehat
0.42433077096939087,0.24406249821186066,0.022054181724412345,0.39739829301834106,0.23394133150577545,0.11453018375245506,0.35098472237586975,0.23200038075447083,0.36390441989624844,0.046023416563035414,849.4830378751253,0.8808648363150962,0.12295661551354879,18.744029984844733,0.0021240725510454656,sehat
0.5024240016937256,0.2457054704427719,0.2914479932912437,0.4970695376396179,0.2715669274330139,0.055058376016240224,0.4231785833835602,0.39462175965309143,0.2915011639350617,0.01797446724326061,378.14812734062644,0.9596718093848952,0.21480069903331958,10.47080095956858,0.0003333947759417074,sehat
0.5668667554855347,0.2870081961154938,-0.19511662946564598,0.44509291648864746,0.29762035608291626,0.15441891353324577,0.3824217617511749,0.32205629348754883,0.4837567256500894,0.013424391601691288,906.5446643149779,0.9172756014039561,0.1647842055969453,16.875774593381205,0.0001832452816301081,sehat
0.46611344814300537,0.297336608171463,-0.2883411013465374,0.5583136677742004,0.35406824946403503,-0.5789535253535252,0.6289193034172058,0.4070322513580322,-0.4860844310449673,0.09334200729400727,706.731926002146,0.951682843547898,0.43076237290822134,9.136246046427841,0.008743888831122914,sehat
0.36842772364616394,0.23499161005020142,-0.24825279978521744,0.3481954336166382,0.25050458312034607,0.17493743677363482,0.29656746983528137,0.1896117627620697,-0.10746395858163635,0.042685237326711055,431.6026160147421,0.9400020070608512,0.19767204196413315,11.624622477937132,0.0018308613693416881,sehat
0.6426650881767273,0.18813902139663696,-0.27814307210386924,0.58090740442276,0.19075225293636322,-0.22231648788232936,0.477873831987381,0.25205352902412415,0.1081951235248485,0.011186098375260392,745.0466954169862,0.8481273382397934,0.10599818224307274,17.003725541210233,0.00012703536436206968,sehat
0.3774656653404236,0.2026790976524353,1.2174205497440314,0.5362226963043213,0.20640847086906433,-0.6265064661542655,0.5256443619728088,0.32282504439353943,-0.011637415228310626,0.029284669027609515,544.715726360837,0.8957913837313202,0.31971772271155685,10.97733381704087,0.0008782431405897025,sehat
0.43321388959884644,0.3033654987812042,0.32993429038107736,0.4169822633266449,0.30387574434280396,0.41206461620555124,0.3919105529785156,0.3125539720058441,0.45508966358244823,0.015224261576199966,1046.8977995731811,0.9122342894356953,0.13299148910452277,16.539788271839516,0.0002357186965200443,sehat
0.3702612519264221,0.26041823625564575,0.5753392413771017,0.309940904378891,0.2373981922864914,0.8587368837336656,0.2444135695695877,0.21366773545742035,1.3451595024074756,0.011433817172016343,1157.3809699780534,0.844906376817219,0.09198185823683702,20.30856073859268,0.0001325182423868103,sehat
0.5348307490348816,0.3165290057659149,-0.04476479783061871,0.47622713446617126,0.30996623635292053,0.2161751655898604,0.4453016519546509,0.309215784072876,0.3857121780225104,0.03178639554667,486.6328008362054,0.9609150260542073,0.20968842513150723,12.327098125281525,0.0010161763763295599,sehat
0.4262082576751709,0.19175954163074493,0.6816008710703404,0.4447582960128784,0.1752452254295349,0.0020242703929882065,0.2663155198097229,0.13688604533672333,1.3174783074154137,0.011698483319985145,682.5111431487265,0.8248107969027282,0.07678558069719836,17.752775189049988,0.00013772463733243396,sehat
0.5383206009864807,0.25111061334609985,-0.709632402723802,0.5870994925498962,0.26943323016166687,-0.468867715700501,0.5493655204772949,0.28141698241233826,0.22394606491266905,0.025602883882369875,614.562285217387,0.931339655607136,0.20272116507706137,14.781036073963358,0.0006758516738408554,sehat
0.42827948927879333,0.18058937788009644,1.3805550748679847,0.7357689738273621,0.17627716064453125,-3.196302298885141,0.5763302445411682,0.16084228456020355,-1.2700519406161959,0.7947995374926377,496.27130734201086,0.8628063088279122,0.8716075129779273,3.974816642544359,0.6317137981870568,sehat
0.8711806535720825,0.2615469694137573,-1.8890630213746535,0.8606544733047485,0.2747335433959961,-1.8614827105329443,0.8502379059791565,0.28158944845199585,-1.8629002187051942,0.5143591320583243,808.564118064567,0.9162709386103915,0.6074373294998746,9.977096026193106,0.26459994924573293,sehat
0.3552090525627136,0.2608138620853424,0.5585478710026761,0.3686125576496124,0.2653116285800934,0.5384146612400811,0.30900663137435913,0.23664012551307678,0.6876682565248484,0.00849931049453969,2021.1203943230703,0.7675687837335706,0.058747847427700756,30.15366774041863,7.391532322282032e-05,sehat
0.4943322241306305,0.2528662383556366,-0.06542775191279872,0.4224480390548706,0.27955079078674316,0.24131112972542196,0.3200443685054779,0.34453365206718445,0.7006464871634743,0.014025815188199495,467.53965080332915,0.9520338375781651,0.15118381284484153,12.817522468733314,0.00020165841321488363,sehat
0.5242238640785217,0.2301158457994461,-0.6050285359040802,0.5607485771179199,0.26115715503692627,-0.3736263887806347,0.5272126197814941,0.2883315980434418,0.4120729767969144,0.040532166301809607,621.4065503883539,0.9240688045185097,0.2279256238782812,14.762945131782848,0.0016546110693421478,sehat
0.6220862865447998,0.21047858893871307,-0.1346274656346629,0.45413488149642944,0.2720795273780823,0.37009467290303383,0.3543523848056793,0.2940831780433655,0.7004539326353728,0.012646703643347213,600.1165022425402,0.9270178408012913,0.14580254495582615,13.177934538083834,0.00016274285804002597,sehat
0.7234029173851013,0.29014551639556885,-0.8029738056644793,0.6423919796943665,0.346438467502594,-0.3906705426470925,0.5981625318527222,0.3834044635295868,-0.21943226347098999,0.16045180218315178,559.6427472203372,0.9607324356126427,0.3896164725301719,11.428832761895153,0.025819504469318393,sehat
0.47138094902038574,0.24507680535316467,0.3303885288257395,0.4806012511253357,0.23431093990802765,-0.004025860581608368,0.35651877522468567,0.24144987761974335,0.9731460817528641,0.010163382165906993,1054.7557701495716,0.8498310785474946,0.09483821454844678,19.57472501818572,0.00010409628535571813,sehat
0.37641698122024536,0.2728925347328186,0.449570679196024,0.3772360682487488,0.2698057293891907,0.6495103812629953,0.2294679582118988,0.17209145426750183,0.610171385064666,0.01638551552558387,448.2625609671259,0.9478397684997643,0.1322537625187392,12.747255378336211,0.00027266438537936773,sehat
0.4154307246208191,0.3151888847351074,0.4012143673923554,0.3909766972064972,0.30265307426452637,0.43606379078199603,0.29328224062919617,0.21694892644882202,0.5308810632643648,0.014828896520162406,641.1480718587248,0.9431738918490793,0.1404743030720723,14.160071941208365,0.0002260179831370386,sehat
0.41620826721191406,0.22057288885116577,0.04356372017105104,0.41044265031814575,0.23880983889102936,0.06578574789216328,0.3024577498435974,0.20696775615215302,1.0482442700548522,0.008964171837604966,1298.6437461260791,0.803381021460276,0.07199325720833886,24.50158917455325,8.107180196885558e-05,sehat
0.5361297130584717,0.23315760493278503,-0.4936690266617792,0.48555833101272583,0.23211847245693207,-0.282075407456141,0.44596225023269653,0.2249692678451538,-0.1487995311425231,0.011183568636622019,537.622689499469,0.9221103026590342,0.10631670026339556,14.640124569570027,0.00012641432938769102,sehat
0.3819667100906372,0.2846640348434448,0.2816752800340929,0.356401264667511,0.22677871584892273,0.3218697339933875,0.30496954917907715,0.23149177432060242,0.4539866720300815,0.07484617859138361,354.5122535806452,0.9544632371318911,0.3133515008641768,8.501146279202345,0.005646628196703358,sehat
0.4189149737358093,0.2713991403579712,0.3117378097469049,0.39955660700798035,0.27320486307144165,0.3711208998429259,0.36823025345802307,0.2488028109073639,0.46080402935417486,0.013925837457073492,814.2149040614692,0.9130778779007822,0.1328006325409035,16.378477041119524,0.00019652688359255636,sehat
0.5981309413909912,0.25169312953948975,-0.418997701978267,0.634366512298584,0.27499625086784363,-0.5773233018004615,0.5973214507102966,0.37819570302963257,-0.2153592909387851,0.027453303406778304,649.1420498797843,0.9304864514058986,0.3047273069055877,13.107533877117946,0.0007657338811903588,sehat
0.415084570646286,0.23772507905960083,0.4063181537191348,0.5304459929466248,0.1796276569366455,0.026659229765053135,0.3484647572040558,0.2566787302494049,0.62587540591155,0.010369613946931004,604.8962875918193,0.8812200362968534,0.08789850445247212,16.288595066185216,0.00010860254149239983,sehat
0.45186081528663635,0.2911132872104645,0.48707705798908607,0.3481295704841614,0.32033607363700867,0.9819702105362924,0.28125765919685364,0.3291422426700592,1.2256359717872054,0.07980147675412515,991.8231174572702,0.9196973203561774,0.19188430891313235,18.914610113593216,0.006377545553450169,sehat
0.3779652416706085,0.2677476704120636,0.24070784295387118,0.35929906368255615,0.26513874530792236,0.37497034264019496,0.3542744517326355,0.26598823070526123,0.40470938209827256,0.01915296795934517,902.230230475013,0.901588975864284,0.12491606393235706,17.915250872705446,0.0003710203906718765,sehat
0.4205106794834137,0.25792941451072693,0.8398635821220578,0.3384424149990082,0.20687030255794525,0.6129202962964365,0.263702392578125,0.15775226056575775,0.4713694610604703,0.018529120607159888,339.49694063281333,0.9430612859386759,0.1958162650763331,10.238877864897525,0.0003524639504181658,sehat
0.8096500635147095,0.2059500515460968,-0.9353548559223399,0.6648803353309631,0.33748766779899597,-0.4959007075919956,0.5850170850753784,0.37200942635536194,-0.3055439979359504,0.08909272209368853,878.3286864240673,0.9226690970123298,0.2417356501634881,15.69332871814325,0.007962814883559549,sehat
0.35867422819137573,0.20857703685760498,0.4919458724495496,0.35935524106025696,0.2078561782836914,0.44157163073162803,0.32010418176651,0.20618538558483124,0.8968486479777573,0.0166122816225073,626.3620594401165,0.8860234345413341,0.13246546037520546,14.27108900400174,0.00028149908624602475,sehat
0.362204372882843,0.22078588604927063,0.5780105350462443,0.371151328086853,0.20451650023460388,0.22644039306471084,0.1981240212917328,0.17541716992855072,1.3184646797261783,0.009248081424610968,944.080820603279,0.8116151945147368,0.07079453205281398,21.305628847481163,8.626182429656737e-05,sehat
0.555476188659668,0.17812226712703705,0.2254085518962886,0.46388065814971924,0.1948712170124054,0.41597657428194534,0.41111499071121216,0.21643252670764923,0.5212275752305935,0.010899078527282004,740.4869141094881,0.8405656637191115,0.08944719547311353,16.816645985596583,0.00012032456288713874,sehat
0.5176475048065186,0.2729346454143524,-0.2555117131838715,0.5097007155418396,0.25961655378341675,-0.2310979046784195,0.4094559848308563,0.2504607141017914,0.3206081376581203,0.012256321424390551,565.3208176313786,0.9350136910444115,0.1120103848671199,15.092243475581357,0.00015160900853336196,sehat
0.44393202662467957,0.19657211005687714,-0.018218227116589755,0.3603249192237854,0.19064772129058838,0.27431157215195956,0.23921696841716766,0.13456155359745026,0.8936609661419983,0.015462092778388866,324.2767012904175,0.9256499329907921,0.15831075617990695,10.147861213906273,0.00024586337707574576,sehat
0.5868440866470337,0.2554778456687927,-0.36809295589191154,0.5674914717674255,0.282876580953598,-0.26360855435757424,0.5173255205154419,0.33360737562179565,0.009719731282156049,0.017647348509992326,413.0081564021162,0.9583109082339477,0.22577108003724253,10.745385173538311,0.00031534003320573786,sehat
0.46969330310821533,0.2350936084985733,-0.23248401958831122,0.4736955761909485,0.24080798029899597,-0.1733933405059847,0.4654415249824524,0.25081226229667664,0.1081283839171075,0.06133171471868487,779.5987357931164,0.8931341486165753,0.15704990327337034,16.43715596988091,0.003768180048250911,sehat
0.6387776136398315,0.18272031843662262,-0.15538111467542381,0.6759819388389587,0.21075184643268585,-0.4267813121385447,0.5834071636199951,0.3466523289680481,-0.02838465700204952,0.01784780425362992,553.5860678588887,0.9028892023512404,0.16921003544202584,13.453703249843466,0.0003243219496043636,sehat
0.5954114198684692,0.2431003600358963,-1.4969999949529218,0.5443556308746338,0.22946341335773468,-1.3202250722966353,0.4971257150173187,0.21838943660259247,-1.0806463627579779,0.08398056879373322,440.5907600803649,0.9340867842168281,0.21996752180890075,10.072993742403687,0.007063709674832645,sehat
0.8195168972015381,0.24047991633415222,-0.992861801958322,0.730216383934021,0.34014394879341125,-0.6173199071420464,0.6970418691635132,0.37298673391342163,-0.5693960971014924,0.4234737797118704,497.01646495505446,0.9609616837365054,0.5596150280845013,7.602249955843392,0.17936659627405568,sehat
0.6135949492454529,0.23417183756828308,0.5555910842611695,0.4747527837753296,0.32434409856796265,0.5248323834381797,0.30288758873939514,0.3913330137729645,1.0944300685833162,0.10601349927381337,373.5257905314617,0.9676170565294918,0.2539652771222231,10.842600056564308,0.01125387408193171,sehat
0.5593892931938171,0.2352430522441864,-0.17137106797319165,0.4940231144428253,0.24746116995811462,-0.03322827555353143,0.46309894323349,0.22784174978733063,0.012852281632365428,0.014709733931558675,521.8904271350015,0.9298404751165007,0.1503697825883621,12.135142512988999,0.00021902150663385113,sehat
0.7431878447532654,0.27883827686309814,-0.9158734211681525,0.5329452753067017,0.3477904796600342,-0.3173931366681434,0.3828296959400177,0.3192426562309265,0.5647545177683128,0.06537416751914477,758.9997856729487,0.9420514024775555,0.19228453915749052,15.742042837388782,0.004283292465845138,sehat
0.6195418238639832,0.17271381616592407,-0.15027959483414838,0.579410195350647,0.14918933808803558,-0.15908071541051907,0.426555335521698,0.18794205784797668,1.1156663437997154,0.015024865592435183,385.8370594419942,0.8692207462495988,0.12266230228985886,12.189560806465112,0.00022837175251198217,sehat
0.5778509378433228,0.23706093430519104,-0.7105657908342683,0.5024424195289612,0.27412286400794983,0.03113315741100962,0.2755292057991028,0.18594923615455627,0.6960360703688891,0.011549378833827261,520.3140766446804,0.9287846559499443,0.11391875545007306,13.943116945150456,0.00013524747642549778,sehat
0.5611951351165771,0.21813058853149414,-0.3005215907945416,0.47838419675827026,0.20647917687892914,0.11523633793711477,0.41285133361816406,0.19042129814624786,0.08381017940401549,0.010544358224932285,741.196476118908,0.8629591543298095,0.09248713556787119,17.402489782224063,0.00011272561672998674,sehat
0.6204758286476135,0.3208252489566803,-0.13942990469029623,0.6575248837471008,0.3114634156227112,-0.3483798749422482,0.5476158261299133,0.340190052986145,0.2889607567803699,0.2627235980221666,451.6572753352907,0.9642826059865257,0.36362627952505194,11.323270718871905,0.0690643442824807,sehat
0.5362810492515564,0.27664700150489807,-0.0887932927487234,0.5593120455741882,0.27392521500587463,-0.06473780708550393,0.3466225564479828,0.2767721116542816,1.241132977892077,0.0850730940529692,404.6721812158425,0.9558827456238642,0.19430349335338523,11.951421523519338,0.007244954466769118,sehat
0.4399898052215576,0.2426929622888565,0.19366244242035124,0.41159406304359436,0.27398425340652466,0.6127514928335812,0.39139530062675476,0.2820116877555847,0.7175909876660795,0.13043414105277965,721.4185138007246,0.9178407920639691,0.2357657347647297,14.014271973433852,0.01702107821520402,sehat
0.5420649647712708,0.23797079920768738,0.36832019398712823,0.5488566160202026,0.22249597311019897,0.08999663877978674,0.44062525033950806,0.29066887497901917,0.3019043204533944,0.030825318522938138,678.8225783374463,0.8957317760268703,0.2303811398395512,14.29861277003043,0.0009585392476090091,sehat
0.5831563472747803,0.13344155251979828,-0.599158143922812,0.5483462810516357,0.18717201054096222,-0.37186236140254664,0.4592920243740082,0.2905251681804657,0.7171004630350254,0.027942505907568655,282.7538376745837,0.9164524993970288,0.22805174470266976,8.902322072544512,0.0007988165677447389,sehat
0.39142170548439026,0.2855524718761444,0.7925974184079637,0.37282949686050415,0.2844553589820862,0.9135310441989423,0.379717618227005,0.28345000743865967,0.8278281313514774,0.01460035309503606,835.7754562072519,0.9192829146451844,0.1255444262376452,15.953265799515377,0.00021519670492377798,sehat
0.5316988229751587,0.1842225193977356,-0.8202035286021064,0.47561949491500854,0.20085178315639496,-0.23185526100270476,0.30810460448265076,0.2222834974527359,1.6753755412300286,0.012275293201070197,596.7654384370169,0.8648823672779713,0.11062475211652906,15.942813558015521,0.00015207567258373734,sehat
0.4678213596343994,0.18183964490890503,-0.20402826289768916,0.4370049238204956,0.19555553793907166,-0.4925447605607313,0.28813356161117554,0.1393086314201355,-0.14110686199984032,0.011782002989570635,523.9590205346785,0.8768607754176889,0.10265922931542988,15.149913586648113,0.00014068839771556822,sehat
0.5867718458175659,0.2279561311006546,-0.39505892728829484,0.5378406047821045,0.24270863831043243,-0.17227178450948272,0.39542776346206665,0.3122546672821045,0.7095384415102114,0.026522064477092724,557.1667533926117,0.9251807668767258,0.180361926843031,14.278454327940254,0.0007176201555138075,sehat
0.8156826496124268,0.22000324726104736,-0.7465323662593101,0.7170120477676392,0.31403109431266785,-0.33344356951490783,0.7214633226394653,0.3053724467754364,-0.2742447709554979,0.4043944861778206,405.244234936061,0.9611937092752214,0.5354888245013808,7.076772346774515,0.16357240385369162,sehat
0.7043153047561646,0.18170469999313354,-1.1072346872006735,0.6506500244140625,0.24615071713924408,-0.792505479942577,0.5022695064544678,0.27864089608192444,0.44830723485035295,0.05888244025181343,406.855661598052,0.9389315123373244,0.25517863268680807,11.540364236378844,0.0034894537388408583,sehat
0.6249051094055176,0.19090574979782104,-0.5742611090126566,0.5304223895072937,0.26491644978523254,-0.1290678256737705,0.4216441512107849,0.21357382833957672,-0.17051747650854465,0.013587407927259286,439.55671658290606,0.9384824015427936,0.12391783551780572,12.05024283585815,0.00018667148272895825,sehat
0.42507484555244446,0.15892814099788666,0.25654410049152804,0.42916274070739746,0.1728750318288803,0.059222009074593,0.3355903923511505,0.13786473870277405,0.2803257984672927,0.013655467366863424,304.55401266841756,0.9079003155417812,0.11149222100718152,11.163952219540326,0.00018870736188005208,sehat
0.5944117307662964,0.2351008802652359,-0.38888679523854114,0.5251649618148804,0.24620871245861053,-0.3112707157936043,0.35242950916290283,0.23157085478305817,1.1852900347530184,0.019630019663730954,548.4043763080605,0.92233993137207,0.1566988227103343,14.711198452969995,0.00038965259219094834,sehat
0.3783698081970215,0.14413505792617798,0.0687259993938243,0.4344460368156433,0.22646617889404297,-0.26448428914662947,0.2668274939060211,0.14274927973747253,0.5035710945556893,0.01507306065517474,300.30457938795786,0.9291319960718635,0.151633573480127,10.281695355334026,0.00023010984464524,sehat
0.56995689868927,0.2848353087902069,-0.11772939964345608,0.5175220370292664,0.295744389295578,0.16763277793057968,0.4428575336933136,0.2578907907009125,0.09835554303194245,0.012899150233543391,486.69249236186675,0.9541452746849179,0.1347977289360527,12.355993436598675,0.00016920485796415778,sehat
0.6822042465209961,0.19243676960468292,-0.9392767487467315,0.5383841395378113,0.22866250574588776,0.20272806641896252,0.5247721076011658,0.24264933168888092,0.17900936002956672,0.020092155969528912,529.5123164522507,0.9059912115067924,0.15193754484720753,13.864208494035346,0.000406951590454201,sehat
0.4071958661079407,0.3201185464859009,0.1153564653042789,0.3280327022075653,0.1987418681383133,0.7416701644044726,0.13766683638095856,0.18497785925865173,1.3238375436374679,0.41119163341390025,146.1083285886621,0.978463507635094,0.5384712674775083,4.694740143937832,0.1691021698809739,sehat
0.5640608668327332,0.29825082421302795,-0.3134789140285796,0.5500368475914001,0.21187755465507507,-0.04008539959060544,0.3537345826625824,0.21838846802711487,1.2662448889041422,0.0235096823513344,484.94172806505793,0.927593463646442,0.11848091186795702,14.505260121344817,0.0005574667420611968,sehat
0.8174005746841431,0.21758370101451874,-0.8849934983651729,0.760432243347168,0.28340426087379456,-0.7367419892162425,0.7071623206138611,0.34715336561203003,-0.6814837434477714,0.3971183160149409,288.9495396939363,0.969585646909915,0.5022895920282655,7.161119150889378,0.15772433391334553,sehat
0.4590277671813965,0.2632947266101837,0.712587229808535,0.5392671823501587,0.23308749496936798,0.35758333967046235,0.35081779956817627,0.3270147740840912,0.9560201625574155,0.019149915482238017,866.2944070125546,0.8922185397405352,0.14138340146568773,17.13347609171705,0.000370452835681049,sehat
0.6263015866279602,0.2131386399269104,-0.474942447766306,0.47512316703796387,0.23903155326843262,0.27541528579634605,0.3425464928150177,0.2391909956932068,0.958464568866656,0.013514821620307661,820.2315960293231,0.8700426916780876,0.1406630242903806,16.33398119405963,0.00018501900229345817,sehat
0.7391412258148193,0.16992926597595215,0.22372023718592274,0.7421588897705078,0.17353565990924835,-0.3326396380788079,0.5075886249542236,0.2916944622993469,0.49060172821603765,0.05919048874136785,258.97834328289173,0.9362961119995149,0.29094211860276203,8.579847299694583,0.003524013950671645,sehat
0.6886729001998901,0.23936422169208527,-0.3379585235578077,0.6506316065788269,0.2573196291923523,-0.04229656059284198,0.609747588634491,0.282736212015152,0.005248661263946762,0.2115837667479458,459.11419271336007,0.9435661671089567,0.29798297045034244,11.829828019227476,0.04480189060594968,sehat
0.5839627981185913,0.21342431008815765,-0.4397277297440735,0.5476044416427612,0.2111247479915619,-1.1546116613764381,0.3719139099121094,0.17287972569465637,-0.33292601617947887,0.014138354242764483,262.9770957242979,0.9503357018327055,0.13569586500279301,9.785484427596758,0.0002035678888907722,sehat
0.510430634021759,0.21314911544322968,0.23814206884252992,0.4881850779056549,0.16333800554275513,0.4946219454283966,0.4274235665798187,0.15378575026988983,0.9768708167411403,0.012043302375222761,444.8929022641216,0.8831118647242042,0.11151670297391748,13.464208561658163,0.00014677336364547644,sehat
0.6255775094032288,0.22013233602046967,-0.620606786904523,0.5208816528320312,0.16082043945789337,-0.969088741714803,0.2998015880584717,0.18439406156539917,1.1172506953090753,0.014133840055963269,576.6162296890219,0.8419656508689473,0.10683420644731388,15.837113569990256,0.00020191311839422516,sehat
0.5623478889465332,0.17886900901794434,-0.7258774073262657,0.5507045984268188,0.2266390472650528,-0.28323435096325866,0.4013719856739044,0.24901822209358215,1.0760126334734657,0.030844667317417935,326.8150957946097,0.9409743158473879,0.20913390850830646,9.940623850493948,0.0009623267487394177,sehat
0.5422491431236267,0.17701086401939392,0.6190424118235878,0.5817139148712158,0.1426168531179428,0.5363608889661192,0.4116817116737366,0.18788644671440125,0.9552905888686913,0.02027949057892071,218.11508126459577,0.932163440279802,0.14765477252088163,9.03203358772459,0.0004151890957650133,sehat
0.6604606509208679,0.2665153741836548,-0.4550562272853725,0.5385754108428955,0.3509379029273987,-0.04411297940028166,0.46585527062416077,0.3939064145088196,0.28318632189043164,0.040893326758261926,253.71485255935332,0.9817455109193632,0.2990357843079173,7.374817728931645,0.0016964468437708658,sehat
0.41106534004211426,0.18453450500965118,0.5134107706146194,0.5034759640693665,0.20543916523456573,-0.5930217607158831,0.48540690541267395,0.3113020360469818,0.14967452786481245,0.028235836240239117,542.6029280783124,0.8893388990317613,0.2414277438189947,13.84472719624536,0.0008211810258524312,sehat
0.4578617513179779,0.22312216460704803,0.40653222013512597,0.3960016965866089,0.2398959994316101,0.4343699336458767,0.35107409954071045,0.23782485723495483,0.6083576715877463,0.028626017800968226,211.41107921224568,0.9700486918542427,0.26792799320656785,7.7288457366565195,0.0008552022846954718,sehat
0.5001923441886902,0.19261229038238525,0.20088804601106555,0.4035673141479492,0.20409780740737915,0.44355121786506907,0.3294542133808136,0.208226278424263,0.5149403921219045,0.015478046989904466,377.0980925843616,0.9253235448074358,0.16415021613366168,10.583674056249933,0.0002450579797960872,sehat
0.6212352514266968,0.14214429259300232,-0.2835150492219673,0.5681525468826294,0.15726172924041748,-0.26501078489873986,0.46158814430236816,0.260725200176239,0.9454330610937879,0.023932263911741487,253.01996863477765,0.8979828949579733,0.20822690597794538,8.9564815303259,0.0005837702789751513,sehat
0.4506772458553314,0.17243364453315735,0.5076750874167885,0.4700356125831604,0.17933908104896545,-0.6226264927803786,0.2608683407306671,0.3152909278869629,0.9977781333724433,0.05594992086894519,290.4445528698081,0.9169996551389836,0.27591953067520264,10.026111899196078,0.0031478993009065783,sehat
0.6500635743141174,0.23312179744243622,-0.4451033458222854,0.6240135431289673,0.28897038102149963,-0.42727489349865283,0.49467113614082336,0.32193708419799805,0.28870714168022216,0.041771630043413256,506.08833817049936,0.9474680471694192,0.22262141906008123,11.318033340801264,0.0017581077611995499,sehat
0.6486425995826721,0.2677309215068817,-0.5233958543161137,0.5869318246841431,0.3190914988517761,-0.3061557883185946,0.5451515913009644,0.3543885052204132,-0.09697929785713706,0.05719654369987256,307.5355410796555,0.9747565344591816,0.3645594931080513,6.597168609696523,0.0033005902820172294,sehat
0.5267313122749329,0.20511184632778168,0.17234242152981954,0.49857380986213684,0.20808371901512146,0.17528009721969448,0.38968703150749207,0.25848615169525146,0.7198078668014072,0.013759162530865496,555.5745066065673,0.8960226690042746,0.1553986631597847,13.268519615229927,0.00019224375557532508,sehat
0.7231614589691162,0.2956477999687195,-0.5459174784679482,0.6467418074607849,0.3569231629371643,-0.22856215515075154,0.6189835667610168,0.3807142674922943,-0.18716187142052396,0.24534237188608835,331.0854897103997,0.9779344481490964,0.44612733572731766,6.303050732877334,0.06024186779418431,sehat
0.50126051902771,0.19864779710769653,-0.34217771747350245,0.4329141080379486,0.1744546741247177,-0.22837546345020546,0.24802587926387787,0.12953422963619232,1.8918302508825746,0.012557080448518396,658.9283084234834,0.8251717949428733,0.09853437678138376,16.645150743725434,0.00015994370124384406,sehat
0.35031184554100037,0.13206888735294342,-0.28057216855782885,0.3434043228626251,0.1481262892484665,0.32569447885607145,0.29412224888801575,0.22606298327445984,1.2089369388735565,0.06941083240254285,265.5568516220987,0.8972050984346582,0.2726888812201112,9.33928465711022,0.00483454898113623,sehat
0.6106194257736206,0.22620682418346405,-0.06677584369813035,0.4809132218360901,0.25317224860191345,0.7344515057534506,0.456050843000412,0.2619461119174957,0.8856380776682483,0.028235689839171258,212.8588744756602,0.972049707236016,0.2087668221393846,8.041469260086116,0.0008044846214122432,sehat
0.593791127204895,0.22044073045253754,0.002791457994342531,0.5822212100028992,0.24733881652355194,-0.40135447017488324,0.3493953347206116,0.23662027716636658,1.333612680357425,0.03334191495737083,528.9950007780601,0.9231757455656336,0.14693890773514845,14.405121187850446,0.0011203887562939905,sehat
0.6126851439476013,0.22794829308986664,-0.6906787690266022,0.3920638859272003,0.2142035812139511,0.2696859935653538,0.2703297436237335,0.19736085832118988,1.0225855120839222,0.012560817380968111,494.8814254814136,0.9093538552603242,0.13901352995893693,13.3428811028876,0.0001595849241228277,sehat
0.5341672897338867,0.1962762027978897,0.03964671440747475,0.5145202875137329,0.2056073248386383,0.15720952080031414,0.4042966961860657,0.2882632911205292,0.6569575245238956,0.020209776656075474,483.52798829515973,0.9103189498827754,0.19430653606402115,11.057144703050257,0.000417810724832206,sehat
0.604827344417572,0.28069284558296204,-0.47258305425444164,0.580379843711853,0.2303444743156433,-0.49996204646442377,0.3658791184425354,0.21879012882709503,1.2204960197208823,0.02424318757821789,399.4526708564028,0.9431648741390135,0.1339810397757471,12.893814544860726,0.0005927007435277249,sehat
0.4827529788017273,0.18339625000953674,0.6568844970478209,0.48343154788017273,0.20495739579200745,0.00109892568238107,0.3197472393512726,0.1892419457435608,1.3122867109087037,0.01500194788710531,190.62159889569332,0.959893708384167,0.16475925706086011,8.41036084745263,0.00022919999373007907,sehat
0.6434440612792969,0.19404689967632294,-0.7801661340786872,0.5518515110015869,0.20692108571529388,-0.7956134687865245,0.3929290175437927,0.16791804134845734,-0.316911029757623,0.012908553575565656,480.5235089806494,0.9044209355853238,0.10634966411559188,14.609669991462106,0.00016829699638698642,sehat
0.2880995273590088,0.14923664927482605,1.4279269108501542,0.26210880279541016,0.15208372473716736,1.7033947865872525,0.23616395890712738,0.14850644767284393,1.770951360587768,0.03026699485691371,264.1230386699951,0.9084150831638503,0.24387447203387166,7.954756546452031,0.0009304311573634524,sehat
0.4034143090248108,0.14259031414985657,0.41149973729909867,0.39414653182029724,0.14360706508159637,0.625926603056852,0.3790395259857178,0.1423594057559967,0.6221886779668613,0.0197997856309133,258.4333226254089,0.9001177171570279,0.1824237508306068,9.369748637797224,0.000398006069616741,sehat
0.3096221387386322,0.18997874855995178,0.5564236089435962,0.30331331491470337,0.2001551240682602,0.599954981129345,0.30495646595954895,0.2015487104654312,0.5805635281790001,0.016771086509208902,539.5981203904852,0.8918947637949063,0.14588438961469172,14.134370246738742,0.000285606059230414,sehat
0.40262115001678467,0.26149827241897583,0.7441305093755709,0.4078068435192108,0.2607661187648773,0.7545670379429712,0.41168150305747986,0.25304093956947327,0.7600498084228154,0.03456066519523876,587.6164460382564,0.932837918787934,0.1854908479278462,14.242559491832024,0.001197548464733141,sehat
0.5585662722587585,0.1617145538330078,-0.4725950901014616,0.49808362126350403,0.16239547729492188,-0.22988076279887787,0.46242085099220276,0.16924414038658142,-0.13580003125402845,0.01857188367544912,214.46213397401232,0.9366383506313358,0.1932506666918314,8.19548340430528,0.00035061632008339376,sehat
0.460959792137146,0.17811524868011475,-0.1946266541735438,0.4013954997062683,0.17288869619369507,0.01729470665955783,0.36297550797462463,0.1807146519422531,0.2431252397094505,0.017712649106758228,186.96488955999095,0.9526040721893388,0.20759808317246864,7.70732734976454,0.0003180855920323365,sehat
0.3900943696498871,0.15735384821891785,0.06134457510671818,0.33592307567596436,0.15691524744033813,0.3413656467572702,0.2925187051296234,0.15564388036727905,0.4139652372305058,0.019581846471425926,244.57599329650745,0.9205043700781759,0.18797694073339669,9.493676689612425,0.00039210325151944024,sehat
0.6051787734031677,0.19675777852535248,-0.4270981847309986,0.5768272876739502,0.18751174211502075,-0.3515023917336063,0.5540748834609985,0.18951210379600525,-0.22791570876471098,0.014565449053699315,369.8933105179653,0.9189234781456292,0.15869879404089368,11.774929987291928,0.00021654936480734708,sehat
0.6452871561050415,0.2616048753261566,-0.7049452937860947,0.5814623832702637,0.2642431855201721,-0.42836171924209576,0.553242027759552,0.27104243636131287,-0.3124143014548681,0.016938162468260475,219.27171933638252,0.9753943416405514,0.190562782727876,8.579478102299388,0.00029097829667795966,sehat
0.6160199046134949,0.2357185333967209,-0.5240181090368641,0.5554963946342468,0.23601558804512024,-0.2585718564237753,0.5385144352912903,0.24069730937480927,-0.19426532242842295,0.013058432917828275,292.09651585809695,0.959109845909214,0.15340302827171215,10.06059686118719,0.0001728931670176103,sehat
0.34980863332748413,0.24159298837184906,1.1121008109677113,0.3208714425563812,0.23972675204277039,1.3642621416279133,0.2907116413116455,0.2329465001821518,1.5995040437213135,0.01993023460810724,364.40296519043517,0.9503790422370426,0.18824722184331763,10.296752252440482,0.0004032623375432223,sehat
0.34263288974761963,0.21690353751182556,0.8502860224304346,0.3100176155567169,0.22638587653636932,1.2979045966840486,0.2876587510108948,0.23707003891468048,1.6458456396623018,0.019294746111668173,274.17957051353784,0.957310327390548,0.19728358774514979,8.857332926788152,0.0003773957114325442,sehat
0.5473406314849854,0.1884593516588211,-0.5658947872681507,0.4929123520851135,0.21494171023368835,-0.13565848809431166,0.4745303690433502,0.23169617354869843,0.01319339411244183,0.016507014409112383,201.08136013969474,0.9637697889918111,0.18480644771346388,8.285631348457455,0.0002760239987885218,sehat
0.6057893633842468,0.23666469752788544,-0.7207933511591085,0.5533912777900696,0.23986582458019257,-0.26297575722100747,0.5315896272659302,0.25076162815093994,0.038508696749956,0.024675225990958293,182.5225294095353,0.9749245357160126,0.2727826962145579,6.318265696132645,0.000616029068146007,sehat
0.4287338852882385,0.2334764450788498,-0.30029626530497633,0.3834455609321594,0.22824633121490479,-0.039326844237274255,0.3589637875556946,0.22026386857032776,0.08122923230365779,0.012998439926806736,512.4493519001377,0.9237156035553203,0.12814209647295766,13.998966802684615,0.00017135826057923848,sehat
0.43029117584228516,0.21229301393032074,0.012655563041175395,0.3876650631427765,0.21212555468082428,0.2505284339534209,0.3661123514175415,0.20095638930797577,0.37988139316967623,0.013265483314748805,431.19692875706386,0.9244113414467416,0.14504854122392605,12.130378350490068,0.00017870839020136796,sehat
0.341403067111969,0.1774492859840393,0.8228437082792794,0.313551127910614,0.17010699212551117,0.8358008697659659,0.2902131974697113,0.15825225412845612,0.8716364425705525,0.018150321758509915,211.88604007842545,0.9431735368625055,0.1966762676301539,8.655269152255178,0.00033718291707811684,sehat
0.4307525157928467,0.19061030447483063,0.32426003801592296,0.36931702494621277,0.1733209788799286,0.3929662836427736,0.31447187066078186,0.1519012302160263,0.5873093839794069,0.014429558637729678,316.68851477182176,0.9192558607359681,0.15419011972142652,10.848258002015053,0.0002125890044331151,sehat
0.5679369568824768,0.30334389209747314,0.11854424277774302,0.551010012626648,0.3082350492477417,0.14947760651857,0.5360627770423889,0.30342185497283936,0.17527716012571415,0.03729974003847955,554.1001960066882,0.9541840904818785,0.22665775550850975,12.294054505147278,0.001403968771658952,sehat
0.39098289608955383,0.24566595256328583,1.02574499879884,0.3867475688457489,0.24941304326057434,0.9650467058176624,0.3869137763977051,0.2460946887731552,0.9201334827933584,0.016964906024313504,448.1045516716101,0.9433683755386375,0.16489401092694445,12.163940830074687,0.00029195697900909483,sehat
0.47156140208244324,0.2431962639093399,0.15222284902363906,0.4043273329734802,0.2441742718219757,0.309620033288801,0.36098551750183105,0.25470247864723206,0.5101694005777033,0.011561515928969328,492.4845082246502,0.9365557441211482,0.12415507713621397,13.88054617999925,0.00013546928480302634,sehat
0.47527849674224854,0.2466856986284256,0.03539859639518194,0.40320220589637756,0.2537745535373688,0.2993206010769464,0.35775309801101685,0.26175054907798767,0.5092333734834295,0.01738112164789824,515.3299716199449,0.9371728178007229,0.14155930826669869,13.83795332939045,0.0003035369795899664,sehat
0.4524778425693512,0.20333249866962433,0.49529828629331973,0.42546871304512024,0.19372983276844025,0.6525437411332687,0.37315458059310913,0.18497954308986664,0.8342514190019749,0.012367550019298455,677.0015104869811,0.8605474335551304,0.10046497514915133,16.713869102044374,0.00015528387894161582,sehat
0.45032066106796265,0.19451773166656494,0.6114313022416347,0.4258100092411041,0.1907440572977066,0.7863287529919794,0.38006162643432617,0.18677739799022675,0.9473687821633712,0.014235610686594936,579.9364342717191,0.8760825217027928,0.11409100084307584,15.25553074756318,0.00020600931988189652,sehat
0.46676263213157654,0.18941321969032288,0.19980142016933666,0.49155157804489136,0.18454989790916443,0.18491982178959313,0.5096204280853271,0.1771426945924759,0.23381326114753956,0.010594875877764273,751.2806628277135,0.8285083065896123,0.09097537478561829,18.03275392831978,0.00011314217699229733,sehat
0.44664499163627625,0.19051459431648254,0.34715404107773146,0.44694241881370544,0.18600250780582428,0.48171431489197175,0.42405691742897034,0.18363840878009796,0.5226477114096291,0.01196057508463127,583.8027072354248,0.8682371626696473,0.1111139310611302,15.295295329199925,0.00014508834868154038,sehat
0.36227256059646606,0.14388255774974823,0.4886270282748737,0.3742275834083557,0.14772143959999084,0.624417180169946,0.3813599944114685,0.15244919061660767,0.5167237259263053,0.01455310055591287,432.0585434490977,0.8418132079533559,0.12938785461534594,12.968344945157412,0.00021624322157481692,sehat
0.4878840446472168,0.22681578993797302,0.3954139338594309,0.4940956234931946,0.22445142269134521,0.31015695816702255,0.4906398057937622,0.22914651036262512,0.16849381088087637,0.011785033160166233,572.8930369413681,0.9115353514921014,0.1371385637756228,14.743178266796752,0.0001414519700905881,sehat
0.5153766870498657,0.2202627956867218,-0.06967327575351229,0.48386597633361816,0.22456006705760956,0.04846118459755526,0.4521815776824951,0.2248273640871048,0.11689225403005579,0.011407329210952022,540.1946562839768,0.9159993165212362,0.1168031856261264,14.62662679791984,0.0001315213077299133,sehat
0.5072385668754578,0.22115454077720642,0.03461436954624655,0.4892999827861786,0.2278941124677658,0.09820997264204727,0.4666134715080261,0.23463141918182373,0.14168706564941236,0.01083558773077539,430.2985389560442,0.9346114431719128,0.12022527946885671,13.096735248846215,0.00011888747590940679,sehat
0.4264768362045288,0.20556823909282684,0.2967559153635146,0.4071539044380188,0.2170233428478241,0.35795251856902666,0.38474008440971375,0.2100583165884018,0.417208231638109,0.015727487648399343,358.90420802782063,0.9383918281241218,0.1435221581098137,11.42148835379183,0.00025098936075276015,sehat
0.4493587613105774,0.24476951360702515,0.30340905171588267,0.4261488914489746,0.24491803348064423,0.3711529102349231,0.39300277829170227,0.23736731708049774,0.5509619594428085,0.009577542770332017,1249.4667094846338,0.8348766780573084,0.08906252250840928,22.322545647028075,9.259397116538859e-05,sehat
0.6197681427001953,0.2204420417547226,-0.16342754858665956,0.5593344569206238,0.2304120808839798,-0.12947193804741958,0.5148799419403076,0.23814183473587036,-0.06930813666155625,0.011114548938971217,618.712120181534,0.9071313160375033,0.11935226637506512,15.635129712051722,0.0001248194888480573,sehat
0.5902383327484131,0.23781991004943848,-0.1505954202264255,0.5354036092758179,0.2349616289138794,-0.0823683039542733,0.49052512645721436,0.2414490133523941,0.0675245216579611,0.009909392885091526,731.7957273686815,0.898165642499933,0.10140754872408432,17.337596947383414,9.944813743346438e-05,sehat
0.4348238408565521,0.23045478761196136,0.27503673513108395,0.42206189036369324,0.21667541563510895,0.27092475467487953,0.40993791818618774,0.20736511051654816,0.18548178769252016,0.01634759404696844,364.0318990593624,0.940815692454044,0.13296314011929264,12.34603049060491,0.00027414474428796837,sehat
0.5087875127792358,0.2155873328447342,0.6930679719938976,0.47714829444885254,0.22757205367088318,0.6651401399439688,0.4392619729042053,0.23350642621517181,0.5429786918657522,0.016085761891221805,331.42956860210126,0.9486508698723406,0.1580937403300195,11.139513609223599,0.00026213264067450096,sehat
0.5270344018936157,0.24516814947128296,0.3702369326053068,0.48594045639038086,0.2401064932346344,0.4497375629106729,0.43924766778945923,0.2333763837814331,0.49939663635756515,0.012466752231719898,481.90253342614,0.9354517712694584,0.12333407190064327,13.664314546613184,0.00015750872479884626,sehat
0.5498403906822205,0.2577468454837799,0.04597557121247865,0.5292142033576965,0.2605384588241577,0.12472742085448325,0.5039987564086914,0.2592596411705017,0.1645382660673423,0.01253213366211921,446.29032983657567,0.9487553195416379,0.1303879833477427,13.058701421587598,0.00015947261925540988,sehat
0.2681974768638611,0.20344124734401703,1.7313439314881465,0.2611861824989319,0.20047436654567719,1.820277020418916,0.2592467963695526,0.1934387981891632,1.894040841428838,0.020749166440132822,450.07260757918925,0.9120319962461054,0.1949576610285839,10.916065111056312,0.00043485623962879533,sehat
0.28940969705581665,0.15890899300575256,1.2439436137410549,0.2821168899536133,0.15180416405200958,1.4210178563912625,0.27137285470962524,0.14841090142726898,1.5439147447907906,0.019800515730731078,472.63242420372467,0.8430757174891254,0.16072137504774966,12.279288173251794,0.0003968472269211718,sehat
0.5521813631057739,0.18166862428188324,-0.49067961167982194,0.5110095143318176,0.2067374885082245,-0.2865591840477046,0.47074776887893677,0.2121114432811737,-0.11863082258323703,0.01483649314968654,301.8141195390519,0.9407671009374199,0.17032731116064226,10.087129113027018,0.00022446079918144897,sehat
0.6387926936149597,0.1734546720981598,-0.7435822942564402,0.5957567691802979,0.18302233517169952,-0.6144424348462666,0.562901496887207,0.19892843067646027,-0.2635097039777879,0.017916973761271392,245.19677017362153,0.9418724909397929,0.19815098741854995,9.147927218873484,0.0003276122469668892,sehat
0.2535580098628998,0.13493549823760986,0.6562501924601448,0.24300479888916016,0.12800145149230957,0.8254495491184631,0.23318374156951904,0.11764359474182129,1.125836177010132,0.02028349674638809,297.06808712321754,0.8605987689982529,0.18471569610396024,9.63226030568108,0.0004178162809873696,sehat
0.37189245223999023,0.15525172650814056,0.5051478635127652,0.3555468022823334,0.15036392211914062,0.773062938683442,0.3488784730434418,0.1446731686592102,1.0644375355309048,0.014437556947607587,494.0567634264835,0.8310038666559593,0.11964205936003859,13.368832993924185,0.0002113474005317472,sehat
0.3550483286380768,0.19629573822021484,0.6986777334048265,0.35571882128715515,0.19407682120800018,0.7834230776586872,0.3735627233982086,0.18711422383785248,0.7838879819484846,0.012760984061480733,634.5185191571758,0.8683574643773911,0.12443167322440597,14.622302512693876,0.00016465426025507872,sehat
0.34536513686180115,0.17630548775196075,0.6243894572456488,0.33937379717826843,0.17186106741428375,0.7522236272788104,0.3447740375995636,0.16690734028816223,0.775258188541373,0.013353266124808473,572.2943317792458,0.8487131368310808,0.12333472123266935,14.131912221286408,0.00018090996042940217,sehat
0.36185169219970703,0.21992333233356476,1.0387659656866362,0.3634021282196045,0.23765255510807037,1.0627051325362276,0.33902162313461304,0.23174351453781128,1.0060838187776335,0.017456907197780598,586.5069785804823,0.9138052010902177,0.11948594264716195,15.276566356499297,0.00030731475594823206,sehat
0.3803803026676178,0.20786769688129425,0.6499667537468097,0.3690343201160431,0.21021920442581177,0.7866953757723771,0.3465273976325989,0.22190169990062714,0.8167543392707375,0.013280407842802414,776.6339969217751,0.8625890140443367,0.12772532897123354,17.250741718771735,0.00017799008757423472,sehat
0.4414210617542267,0.20101246237754822,-0.03992423095154703,0.3974277377128601,0.19602954387664795,0.07769118009862278,0.36554211378097534,0.19430027902126312,0.15726883299217234,0.015425924523577328,213.0608483968115,0.9575352727838817,0.18598940149641788,8.741638562471286,0.0002428820184400017,sehat
0.40459805727005005,0.20817844569683075,0.20631485038510994,0.34734827280044556,0.19941796362400055,0.3141337258560767,0.2994643747806549,0.19419962167739868,0.49479396973820694,0.014808148182816663,405.04643695334903,0.9229463579177098,0.1614484329580569,12.248767727338853,0.00022216155927916794,sehat
0.3312890827655792,0.24990825355052948,1.4035353176605292,0.3119216859340668,0.2519378960132599,1.6195365911962794,0.28964677453041077,0.24908791482448578,1.7954552584445218,0.022459591511053142,521.7470132717672,0.9351849786781651,0.1927661730500826,11.737152343497343,0.0005110492254062617,sehat
0.28078386187553406,0.2305905520915985,1.5776160273295121,0.2590881884098053,0.24057705700397491,1.7487289441222094,0.23283304274082184,0.24420563876628876,1.9320985523365475,0.025244699526630467,358.46773112963893,0.9504676144979721,0.19658585388698138,9.770052344672068,0.0006457318092305715,sehat
0.3200094401836395,0.2337317168712616,0.973751841408965,0.3058094382286072,0.2456595003604889,1.1621643540712479,0.2953862249851227,0.25604572892189026,1.312375791736824,0.019985985058148817,617.6422888408483,0.9188657427221484,0.18054282676841996,12.275803539962011,0.00040423462230323456,sehat
0.35511937737464905,0.25567686557769775,0.21269309648194115,0.3442745506763458,0.24504008889198303,0.29821935466224453,0.3318766951560974,0.22705915570259094,0.42328141035886496,0.015014218290580361,511.9408398032249,0.9346515746080368,0.14572874008756057,12.893646206057646,0.0002283721826712529,sehat
0.3457064926624298,0.22813574969768524,1.3347834029877128,0.32169219851493835,0.23251493275165558,1.5165224096388288,0.29132595658302307,0.21881568431854248,1.713696383050535,0.024964515931689135,355.5665235230038,0.9475165753415661,0.23356272820029486,9.35518004770917,0.0006298765659625997,sehat
0.2512551248073578,0.16813425719738007,1.3808476227349016,0.22754134237766266,0.16887061297893524,1.7922346185690121,0.20520427823066711,0.16390657424926758,2.3190199038546213,0.030170707645836733,383.81221303028263,0.8932313658148937,0.2550572004158012,8.585304876224232,0.0009185122711724264,sehat
0.3991040885448456,0.20447076857089996,0.6021477346286893,0.4050191044807434,0.20211449265480042,0.5932697172566485,0.39064306020736694,0.20055784285068512,0.5843242370809679,0.01363364912920515,354.06179574274967,0.9328868657863062,0.15477288958260596,11.180510618536617,0.00018958816730251256,sehat
0.23700770735740662,0.1816735416650772,1.8419357171735236,0.24598975479602814,0.1880664825439453,1.8903026663540379,0.24240830540657043,0.1950928270816803,1.906097778456449,0.030639505216522516,364.0932275982281,0.9184512062974363,0.2454365252398191,9.282790784457898,0.0009490121064953859,sehat
0.49329718947410583,0.17081603407859802,0.08242188571663947,0.4690649211406708,0.18634234368801117,0.25927021859229127,0.4316730201244354,0.19372086226940155,0.44694151374686913,0.01456024964432339,374.2214271136488,0.911708656679835,0.16286673909469188,11.478661570576797,0.00021556615355575857,sehat
0.44002217054367065,0.16098126769065857,0.4329921620410451,0.41133639216423035,0.1718851625919342,0.6955820074751953,0.3752596378326416,0.17464004456996918,0.8525583889544094,0.01490316407633053,509.17611729162337,0.8595955205191445,0.15752466821659933,12.762184112627532,0.00022643777039984156,sehat
0.46038591861724854,0.2946633994579315,0.6616065378180909,0.41346079111099243,0.28505340218544006,0.6864707305427703,0.36827778816223145,0.26422062516212463,0.7707860757931496,0.021970951719395032,573.1573294768453,0.9455793700113792,0.15916875773426434,14.11325593147553,0.00048552258591709696,sehat
0.5478276610374451,0.22089090943336487,0.14377186937584627,0.4993308186531067,0.20835363864898682,0.16026908369967724,0.4500448703765869,0.18074849247932434,0.19804075813203123,0.010347218513212629,771.162698481442,0.8626566535563512,0.09893070390993307,18.007224149277835,0.00010770676848751766,sehat
0.5109849572181702,0.250251829624176,0.4983250772983863,0.5029591917991638,0.24906811118125916,0.5670151674184691,0.47087159752845764,0.25313329696655273,0.7017624158950172,0.057125008825295163,561.7500187596028,0.9299646379207154,0.19183128600707644,12.887281991264112,0.003266947359232244,sehat
0.521938681602478,0.1765744686126709,-0.36755989067275435,0.5163415670394897,0.1809626966714859,0.06282540686425984,0.5153665542602539,0.1910146176815033,0.2589128315127819,0.013716846058434049,375.28885654801314,0.9100012916230155,0.12954613384382713,12.231896399518156,0.00018924329468677286,sehat
0.5223959684371948,0.22711282968521118,-0.18688687347366462,0.4764394164085388,0.22272807359695435,0.06718878818270543,0.4246862232685089,0.21515938639640808,0.47844425688838094,0.011955486282855051,962.8122046792611,0.8494584735041526,0.12154394700205344,19.173804308266718,0.0001440536188018021,sehat
